"seq","origin_filename","source_id","filename","dataset_kind","provider","source_url","license","rights_url","sha256","origin_sha256","width","height","content_type","color_mode","quality_label","split","source_path"
"0001","cma_151356_Alexandre_Dumas_père_(1802–1870).tif","cma_151356","0001.png","real_damaged","Cleveland Museum of Art","https://clevelandart.org/art/1983.198","CC0","https://www.clevelandart.org/open-access","610cbc16f20b1d9890c1fa91697766eb2b3575b459605971b13776e1cbb347b4","016186122c9600e9b209a92e0865bea0e49642dd7d9f0c6bb132b2a6ef1661db","1909","2560","single_portrait","RGB","existing_damage","train","images/0001.png"
"0002","cma_151948_Rue_de_la_Ferronnerie.tif","cma_151948","0002.png","real_damaged","Cleveland Museum of Art","https://clevelandart.org/art/1984.24","CC0","https://www.clevelandart.org/open-access","4813c37c61b56caa6be3bd828a7e7a931892ebac526ec66231b4e0a4f63008e3","224d6622ac2adf7c7662d37ac038fc9382247b09526e12cd9c5cf74e777822d3","1982","2048","architecture","RGB","existing_damage","validation","images/0002.png"
"0003","cma_153597_The_Bridge_of_Palalda_(near_Amelieles-Bains).tif","cma_153597","0003.png","real_damaged","Cleveland Museum of Art","https://clevelandart.org/art/1987.130","CC0","https://www.clevelandart.org/open-access","46110be6961290d98b76b5a1fd22152153da81cf99f7404ce3c6a0b08969f3ef","364ab37ce2e793c448a800dbeec4cc859fff373a31999414f8e8afbec0a81050","2560","1870","outdoor_scene","RGB","existing_damage","train","images/0003.png"
"0004","cma_155859_Untitled_(Farm_Animals).tif","cma_155859","0004.png","real_damaged","Cleveland Museum of Art","https://clevelandart.org/art/1991.162","CC0","https://www.clevelandart.org/open-access","663dbca6a79a9cf11027ea064972fca0303676634c5c16a330ca13cb355a91fb","1baaedc161475c1ef5b6cefd343fb10e8bcab939e795bd1e1e28d2cf495c5a4f","3200","2152","outdoor_scene","RGB","existing_damage","validation","images/0004.png"
"0005","cma_156101_Notre-Dame,_Paris.tif","cma_156101","0005.png","real_damaged","Cleveland Museum of Art","https://clevelandart.org/art/1991.35","CC0","https://www.clevelandart.org/open-access","48442cb74f6a1f7b4e66b6832ee70b0eab3bf58ca467fb8f5979deb5734bdc09","19072127f63eeec241281d0b17988d7223716bc44475edaba9ad8f080ffdb201","2560","1700","architecture","RGB","existing_damage","train","images/0005.png"
"0006","met_291408_untitled.jpg","met_291408","0006.png","real_damaged","The Metropolitan Museum of Art","https://www.metmuseum.org/art/collection/search/291408","Public Domain","https://www.metmuseum.org/about-the-met/policies-and-documents/open-access","205d365fc8746e6b190323a75458121c12d48a267aca8f961142d2fb9acad601","f4d479cb6aa5f453ab3318646f4ae42a612209bd5c4e734425ac4ce95292b62f","3200","2547","outdoor_scene","RGB","existing_damage","test","images/0006.png"
"0007","met_291412_untitled.jpg","met_291412","0007.png","real_damaged","The Metropolitan Museum of Art","https://www.metmuseum.org/art/collection/search/291412","Public Domain","https://www.metmuseum.org/about-the-met/policies-and-documents/open-access","270e048268c7ef90f4aaca088a92170bf5b216046a5c82b5f449d1031b316db8","85c12c44def41e174df9241c7f855e3615c67637d6bfa0f922ebce93a3697b8e","2560","2068","architecture","RGB","existing_damage","test","images/0007.png"
"0008","met_291413_untitled.jpg","met_291413","0008.png","real_damaged","The Metropolitan Museum of Art","https://www.metmuseum.org/art/collection/search/291413","Public Domain","https://www.metmuseum.org/about-the-met/policies-and-documents/open-access","df31550a10317107480a91893d0b3c5379b9febcfeefb1925590b027275d4e6a","09935e88b601f820ceaa70c2fd0970685f412636b9ece4651c77625bfd6a45e8","2560","2081","architecture","RGB","existing_damage","train","images/0008.png"
"0009","met_291421_untitled.jpg","met_291421","0009.png","real_damaged","The Metropolitan Museum of Art","https://www.metmuseum.org/art/collection/search/291421","Public Domain","https://www.metmuseum.org/about-the-met/policies-and-documents/open-access","79f90df3ecd8ba61fa24f5de67485210c1c8b886579873ef25eccb88757df32e","62aa8d757764bf2c4d0349a3e08ec147205f960353af4ed3e7ca026ba946e1ed","2560","2047","architecture","RGB","existing_damage","train","images/0009.png"
"0010","met_291426_untitled.jpg","met_291426","0010.png","real_damaged","The Metropolitan Museum of Art","https://www.metmuseum.org/art/collection/search/291426","Public Domain","https://www.metmuseum.org/about-the-met/policies-and-documents/open-access","3e7662f1bc6445d6efb9354ab49fd93a2517db63e2ed0af59b34dcee19e12109","b0805e9263051271ccceac83e8781ff8bc993c0271d2c0df5afdb4ae2aba5f4a","2560","2025","architecture","RGB","existing_damage","train","images/0010.png"
"0012","wikimedia_126834742_Historical_photograph_of_Takht_Keshgarh_Sahib.jpg.jpg","commons_126834742","0012.png","real_damaged","Wikimedia Commons","https://commons.wikimedia.org/wiki/File:Historical_photograph_of_Takht_Keshgarh_Sahib.jpg","Public domain","","bfc72244506012f201772fa23d4d5c570d85f711449ebb7139310d13d2a646b5","29d2a0570be4a762f6752d5491f8ab1fa9b49e2a1a6ffabd56db2e1d4d58844d","2086","3200","architecture","RGB","existing_damage","train","images/0012.png"
"0013","wikimedia_126847690_Historical_photograph_of_Fatehgarh_Sahib.jpg.jpg","commons_126847690","0013.png","real_damaged","Wikimedia Commons","https://commons.wikimedia.org/wiki/File:Historical_photograph_of_Fatehgarh_Sahib.jpg","Public domain","","3d65243c5596c35b4a9468f94d1acebba89c9700365bfa2bb7404b7c357b042c","9663a03c6cb84314927d67187582bbf7d9277b5fad65f309b789b5ce585fcca2","2048","1394","architecture","RGB","existing_damage","train","images/0013.png"
"0014","wikimedia_126847691_Historical_photograph_of_Darbar_Sahib,_Mukhtsar.jpg.jpg","commons_126847691","0014.png","real_damaged","Wikimedia Commons","https://commons.wikimedia.org/wiki/File:Historical_photograph_of_Darbar_Sahib,_Mukhtsar.jpg","Public domain","","b51757adc090baf3db4a4ab12cc0e61ce0486096f279d9dcc0cad8b47ded16b7","977b386e8be13b002963bcb3db306a0fa9c61b34fa6d7edfdd1782231d811cac","2048","1412","architecture","RGB","existing_damage","train","images/0014.png"
"0015","wikimedia_135995157_Historical_photographs_of_port_of_Antwerp.jpg.jpg","commons_135995157","0015.png","real_damaged","Wikimedia Commons","https://commons.wikimedia.org/wiki/File:Historical_photographs_of_port_of_Antwerp.jpg","CC BY-SA 4.0","https://creativecommons.org/licenses/by-sa/4.0","b084062b483c6932efd7a6172d53d3ebe1b97c3ef8d5247e1005a5cb0f73b5fd","8207bead0d6c7e76a74c57020febf788ae0ce73ddbf92c4280b026ac80cf041d","2048","1977","outdoor_scene","RGB","existing_damage","train","images/0015.png"
"0016","wikimedia_136194241_Historical_photographs_of_Oxford.jpg.jpg","commons_136194241","0016.png","real_damaged","Wikimedia Commons","https://commons.wikimedia.org/wiki/File:Historical_photographs_of_Oxford.jpg","CC BY-SA 4.0","https://creativecommons.org/licenses/by-sa/4.0","6e8e91020d92f1a52caeb0722c216982e6d591e1e8e60ed052719980fe690516","d426c6239af41e7b431455b4fb4c4c84299e2b898df020b8ef72011976509445","1795","2048","outdoor_scene","RGB","existing_damage","test","images/0016.png"
"0017","wikimedia_136464210_Historical_photograph_of_Fisherman's_Bastion.jpg.jpg","commons_136464210","0017.png","real_damaged","Wikimedia Commons","https://commons.wikimedia.org/wiki/File:Historical_photograph_of_Fisherman%27s_Bastion.jpg","CC BY-SA 4.0","https://creativecommons.org/licenses/by-sa/4.0","8d55d02b431dbac579414e580c575fbfe2fb62b2ac04fd1fe36a62314fc755ff","6f8986f221662ab0c4a06251cf7c62b694f01aadc797ba8115abe6bb39816819","2560","2375","outdoor_scene","RGB","existing_damage","train","images/0017.png"
"0018","wikimedia_15963624_The_Nine_Sovereigns_at_Windsor_for_the_funeral_of_King_Edward_VII.jpg.jpg","commons_15963624","0018.png","real_damaged","Wikimedia Commons","https://commons.wikimedia.org/wiki/File:The_Nine_Sovereigns_at_Windsor_for_the_funeral_of_King_Edward_VII.jpg","Public domain","","aa6c14057e4a8e9afc1ad445e2d9650d5d02c067376968fd0afc3aa5e7e61167","7b5b46486a11a0ce35d1e2fbb431c6991aee930398354e3def43579607451af7","2000","1452","group_portrait","RGB","existing_damage","test","images/0018.png"
"0020","wikimedia_24718776_Louis_Désiré_Blanquart-Evrard_1869_photograph_BNF_Gallica.jpg.jpg","commons_24718776","0020.png","real_damaged","Wikimedia Commons","https://commons.wikimedia.org/wiki/File:Louis_D%C3%A9sir%C3%A9_Blanquart-Evrard_1869_photograph_BNF_Gallica.jpg","Public domain","","eb6d8d2ffab91abe6f6086771c9c549126d799d53a8848c88ecd7f4187fad54c","7dc49cb4b07a63121392daae37ccae90b8d1eddaab3796f047368df22a72d248","2505","3200","single_portrait","RGB","existing_damage","validation","images/0020.png"
"0021","wikimedia_2780533_Ida_Husted_Harper_photograph_by_Aime_Dupont.jpg.jpg","commons_2780533","0021.png","real_damaged","Wikimedia Commons","https://commons.wikimedia.org/wiki/File:Ida_Husted_Harper_photograph_by_Aime_Dupont.jpg","Public domain","","2ac621feceb9ce3bc9d8b5cf6d6fac0aaee746025c17fdc0014c10ade4f86b03","34998bdb83ea4d5f85305ef76dba040f07873bdec7a5b9aeb455ed90ee7b7c9f","2186","2935","single_portrait","RGB","existing_damage","test","images/0021.png"
"0026","wikimedia_91475514_Gilbert_Studios_photograph_of_Harriet_Jacobs.jpg.jpg","commons_91475514","0026.png","real_damaged","Wikimedia Commons","https://commons.wikimedia.org/wiki/File:Gilbert_Studios_photograph_of_Harriet_Jacobs.jpg","Public domain","","e72e23c70cf389fe3f1dcb629caf9befd79b0bd870a42f7b22b3bba6db3b29e0","b00b3a09b0ec6ceffb2c072c13278d8a276bfbaeee2574a20614a89123ee70a1","2091","3200","single_portrait","RGB","existing_damage","train","images/0026.png"
"0027","cma_150113_Rue_du_Regard.tif","cma_150113","0027.png","real_damaged","Cleveland Museum of Art","https://clevelandart.org/art/1980.35","CC0","https://www.clevelandart.org/open-access","599ebfc41ed5a2f1075c3e13caac840c939ace3c2bd335c5573cfdde4cc86b46","0d613e3d5c1ecb9e31ce0e08f42a8e39bdf4ee1dba7e9e075e56b043f0b2718d","2131","2560","outdoor_scene","RGB","existing_damage","train","images/0027.png"
"0028","cma_152229_Rue_de_la_Montagne-Sainte-Geneviève.tif","cma_152229","0028.png","real_damaged","Cleveland Museum of Art","https://clevelandart.org/art/1985.115","CC0","https://www.clevelandart.org/open-access","2f8ea1fa02833213c47ea72110c1c0e806c5e33017e2f74cb06cff30cba94c58","2f18e6834cfac9270e171e0ccf24cb96639bb85e5acdf42fd787622041c813c8","2003","2560","outdoor_scene","RGB","existing_damage","train","images/0028.png"
"0029","cma_152264_Trophy_of_the_Hunt.tif","cma_152264","0029.png","real_damaged","Cleveland Museum of Art","https://clevelandart.org/art/1985.144","CC0","https://www.clevelandart.org/open-access","154bdfe5ee4650162634862c4530261622a21f16dee749f4f77a67601c5fb3a6","cbaf3ec37903290e79367c237e91b893c5add401a62f55ea40c2ca4cebe66034","1961","2560","other","RGB","existing_damage","train","images/0029.png"
"0030","cma_152349_Untitled.tif","cma_152349","0030.png","real_damaged","Cleveland Museum of Art","https://clevelandart.org/art/1985.203","CC0","https://www.clevelandart.org/open-access","853dd8150d9162505e0e9acb62e6a51b510f763c636f16362f9ea48f90d9928b","b4531bf52fd84e834c296103f5cea62bed27e5c84ddea3d787deec2932e8a244","1622","2048","single_portrait","RGB","existing_damage","test","images/0030.png"
"0031","cma_152859_Mount_Maudit,_Savoy.tif","cma_152859","0031.png","real_damaged","Cleveland Museum of Art","https://clevelandart.org/art/1985.94","CC0","https://www.clevelandart.org/open-access","45ef6a5c03eb0e1636987e0255125f5378f03faef513b6c5b16d053394140bce","143cbbb6413e4f27f910bf9d669ecff06966e0ad8793b5afe98662b5f35125e2","2560","1515","outdoor_scene","RGB","existing_damage","train","images/0031.png"
"0032","cma_153706_Great_Pagoda,_Great_Bull,_Front_View,_Tanjore,_India_(Rajarajeshvara_Temple),_pl.tif","cma_153706","0032.png","real_damaged","Cleveland Museum of Art","https://clevelandart.org/art/1987.218","CC0","https://www.clevelandart.org/open-access","10e4f11872eee0046cbd251f2d0526a4c92b2e72a5723b92e382388d26a01fce","f66c0901fec4e4dc7897633bf304fdffd4031d8eaa98293d2c30ea14c390318d","2560","1802","architecture","RGB","existing_damage","validation","images/0032.png"
"0033","cma_154075_Sky_Study,_Paris.tif","cma_154075","0033.png","real_damaged","Cleveland Museum of Art","https://clevelandart.org/art/1988.191","CC0","https://www.clevelandart.org/open-access","e62119aa485ca98b101e561faceee7a21d8117a249b405ac25d304f7ce23ed32","cbf323b05b8e80fa20185d576a4c06d8211ac277a1810a4b7c90860725717a89","2560","1833","outdoor_scene","RGB","existing_damage","train","images/0033.png"
"0034","cma_155006_Notre_Dame_de_Paris.tif","cma_155006","0034.png","real_damaged","Cleveland Museum of Art","https://clevelandart.org/art/1989.56","CC0","https://www.clevelandart.org/open-access","29cdf2d77229956b528a8010d546773c538f598c4435809602d61b8a60632464","b52b9d9008a36b278884a34a226bf4743170f8a398523c9b03e5b6fd965bc6c8","2017","2560","architecture","RGB","existing_damage","train","images/0034.png"
"0035","cma_155857_Pavilion_Richelieu,_Louvre,_Paris.tif","cma_155857","0035.png","real_damaged","Cleveland Museum of Art","https://clevelandart.org/art/1991.160","CC0","https://www.clevelandart.org/open-access","b2f2129977fda4d6633dd3dfec71fc954af43c15ea7a3decc74d609b9fbe0c3a","ff3782d509e53434df140bbb740f67c1ab3b24e69eacc310cbc9586d95f3c30e","1973","2560","architecture","RGB","existing_damage","train","images/0035.png"
"0036","cma_156283_Bridal_Veil,_Yosemite.tif","cma_156283","0036.png","real_damaged","Cleveland Museum of Art","https://clevelandart.org/art/1992.12","CC0","https://www.clevelandart.org/open-access","1de081d8d5851f7ebe75d7aa97f2fd022e9bf4b1425452aa7b54ff1f20a31ea4","2d7a028d50fe35a7d3f7df63bc15b868ba6d3c687f0ed255a1a5f2641241c85a","2560","2062","outdoor_scene","RGB","existing_damage","train","images/0036.png"
"0037","cma_156525_Fallen_Statue_at_the_Ramesseum,_Thebes.tif","cma_156525","0037.png","real_damaged","Cleveland Museum of Art","https://clevelandart.org/art/1992.236","CC0","https://www.clevelandart.org/open-access","89600aa9414b5ba2df75d8dbe27baf8bd7f59f6253b480edebf22f76489783d0","86d222942e7d1319d7444756d74e29034482fe0bc2d435ed676a7dff88db0133","2560","2038","architecture","RGB","existing_damage","train","images/0037.png"
"0038","cma_157339_The_Tiber,_Tuileries_Garden,_Paris.tif","cma_157339","0038.png","real_damaged","Cleveland Museum of Art","https://clevelandart.org/art/1994.201","CC0","https://www.clevelandart.org/open-access","7ff9bd504e44939bd95051dbffe4261e63f200aa0fa9c96697a8d981b423c562","0a3289ad62de1579137e6b5b5c7625fb1e8052df256ac0f482e0355a44dfc999","2560","2009","other","RGB","existing_damage","train","images/0038.png"
"0039","cma_157680_Monsieur_Merlen.tif","cma_157680","0039.png","real_damaged","Cleveland Museum of Art","https://clevelandart.org/art/1995.179","CC0","https://www.clevelandart.org/open-access","719084c1af38c4855f6726beef26a0289ad92f2d28b86e6e2c018ee06be92d7b","f497b110dd127cf02b55bbe443f03d97564b677605a8dfaa2b1087bb4a7d8605","2560","2206","single_portrait","RGB","existing_damage","train","images/0039.png"
"0040","cma_159071_Gorge_at_Eaux_Chaudes,_Pyrenees.tif","cma_159071","0040.png","real_damaged","Cleveland Museum of Art","https://clevelandart.org/art/1995.27","CC0","https://www.clevelandart.org/open-access","837e428cedf39d135cb945e56f1a1b9c44ea1742c9095301482cb210fc77914d","2dcb86026807d7e2aee9598afbf3049c306ce3c8ecfa0203baaf9ec9fed32f27","1855","2560","outdoor_scene","RGB","existing_damage","validation","images/0040.png"
"0041","cma_159467_Pont-de-Buis,_on_the_Doufine,_France.tif","cma_159467","0041.png","real_damaged","Cleveland Museum of Art","https://clevelandart.org/art/1996.242","CC0","https://www.clevelandart.org/open-access","7187bd4dd3566b768c2e4c6ab1eecfec11652bef8fe56c03965b23b95e823cde","9ee874d39969ad59fdea92360dda7e9fe71cfb7984b378d1ae8e32efd44187e6","1901","2560","outdoor_scene","RGB","existing_damage","train","images/0041.png"
"0042","cma_159470_Sarah_Bernhardt_in__Zaire__by_Voltaire.tif","cma_159470","0042.png","real_damaged","Cleveland Museum of Art","https://clevelandart.org/art/1996.245","CC0","https://www.clevelandart.org/open-access","8b6a6a99fb284835e199bc3e16bd3d725722eaabfca8dcb08a44e859457e5dbe","d562d07d72f9d6bdd8ea6de1c79230d90b7468355f29c45626a8a2128a90762c","2008","2560","single_portrait","RGB","existing_damage","train","images/0042.png"
"0043","cma_160087_Self-Portrait_in_Painting_Studio.tif","cma_160087","0043.png","real_damaged","Cleveland Museum of Art","https://clevelandart.org/art/1997.56","CC0","https://www.clevelandart.org/open-access","51254711848e3dcb99c4aa69c7fbc48d58c9398ace0c8a55738a7e36a10013c7","6f32777aecdbcc09f2993cb8bef2ac5cc664c1c3ff9ea41c7de3f68c7441b84b","1949","2560","single_portrait","RGB","existing_damage","train","images/0043.png"
"0044","cma_160778_Woman_in_Lorraine_Dress.tif","cma_160778","0044.png","real_damaged","Cleveland Museum of Art","https://clevelandart.org/art/1999.109","CC0","https://www.clevelandart.org/open-access","30ee891aa80a52e81657e742138017bf2f8c1fbf7857a8c3b248bed2dc760d6d","ccb514659ccdb1ec66825273aa030741b4616dd64ef5c2bf23d19f38ec3441a1","1837","2560","single_portrait","RGB","existing_damage","train","images/0044.png"
"0045","cma_163453_Behind_the_Troglodyte_Farm.tif","cma_163453","0045.png","real_damaged","Cleveland Museum of Art","https://clevelandart.org/art/2004.32","CC0","https://www.clevelandart.org/open-access","2173c743c97d2bd140a6cab9a9c01bbf8093c7da46d44504c502d945204eb6b3","bf6e5ec03f25fa2b8bffa8235a319550e1cc0fae885e42a3fc04dd2f8aa9ce45","1925","2560","architecture","RGB","existing_damage","train","images/0045.png"
"0046","cma_680650_Maharaja_Ranbir_Singh_of_Jammu_and_Kashmir_with_Sons_and_Courtiers.tif","cma_680650","0046.png","real_damaged","Cleveland Museum of Art","https://clevelandart.org/art/2024.80","CC0","https://www.clevelandart.org/open-access","c157b75f9bfdf52c4dacfb7a326e60ad0034beebc4df7d090a59433fc6b903d2","5bdc42e9a6c4f17095ea69f98bebfb0c694a568a2c6def1ecaaf1ffb74d5f0cc","2560","1955","group_portrait","RGB","existing_damage","train","images/0046.png"
"0047","digitaltmuseum_S-UM_ED05974_Valö_kyrka,_Uppland.webp","digitaltmuseum_S-UM_ED05974","0047.png","real_damaged","DigitaltMuseum","https://digitaltmuseum.org/S-UM/ED05974","Public Domain","https://creativecommons.org/publicdomain/mark/1.0/","85d4f5d4da1ce005ee9fb3be0cff0233a4e9b87df7f39e96981da15c35b0b510","c5ddec24737e164a4f591776dc256da3e5e505dc0f9a2d15e2d5d82fd54266f4","1601","2048","indoor_scene","RGB","existing_damage","train","images/0047.png"
"0048","digitaltmuseum_S-TEK_TEKA0013113_Bild_tillhörande_samling_glasnegativ_med_motiv_från_AB_de_Lavals_Ångturbin.webp","digitaltmuseum_S-TEK_TEKA0013113","0048.png","real_damaged","DigitaltMuseum","https://digitaltmuseum.org/S-TEK/TEKA0013113","Public Domain","https://creativecommons.org/publicdomain/mark/1.0/","8c5d95c5cbe37df72cca4a63e0d6a11c60875f22d6cafc3d80fc591811a99e9e","46f910caadecef07fc6aea0068961390b0f7c2baf85f2fedd3b2ada59fa5c264","2048","1537","other","RGB","existing_damage","train","images/0048.png"
"0049","digitaltmuseum_S-TEK_TEKA0013114_Bild_tillhörande_samling_glasnegativ_med_motiv_från_AB_de_Lavals_Ångturbin.webp","digitaltmuseum_S-TEK_TEKA0013114","0049.png","real_damaged","DigitaltMuseum","https://digitaltmuseum.org/S-TEK/TEKA0013114","Public Domain","https://creativecommons.org/publicdomain/mark/1.0/","e8cdc90c8b7ecfcce72f249af2aed81e5ad07b4a08342622c112a4a0e61543c0","3abc41e6eda41278ae9076a72904fba78c129c59c335701f95edab1a21bcbf66","2048","1545","other","RGB","existing_damage","train","images/0049.png"
"0050","digitaltmuseum_S-TEK_TEKA0013115_Bild_tillhörande_samling_glasnegativ_med_motiv_från_AB_de_Lavals_Ångturbin.webp","digitaltmuseum_S-TEK_TEKA0013115","0050.png","real_damaged","DigitaltMuseum","https://digitaltmuseum.org/S-TEK/TEKA0013115","Public Domain","https://creativecommons.org/publicdomain/mark/1.0/","4d742b7908a7881034ee47ccd879a94b91c4aad96e7e08b804ff41708084cb44","36640cb1d5a1de475c73193520ea4528b3de676075457e86870df14592d7d96a","2048","1549","other","RGB","existing_damage","train","images/0050.png"
"0051","digitaltmuseum_S-TEK_TEKA0013116_Bild_tillhörande_samling_glasnegativ_med_motiv_från_AB_de_Lavals_Ångturbin.webp","digitaltmuseum_S-TEK_TEKA0013116","0051.png","real_damaged","DigitaltMuseum","https://digitaltmuseum.org/S-TEK/TEKA0013116","Public Domain","https://creativecommons.org/publicdomain/mark/1.0/","1ba3d3288f12fd0e897cc8242e116082b0be2f47849504dbc0e59b7301576213","0987142b62cc9915d48542845a99db04271f11819ae592e0fee060d13f72d25f","2048","1540","other","RGB","existing_damage","train","images/0051.png"
"0052","digitaltmuseum_S-TEK_TEKA0013137_Bild_tillhörande_samling_glasnegativ_med_motiv_från_AB_de_Lavals_Ångturbin.webp","digitaltmuseum_S-TEK_TEKA0013137","0052.png","real_damaged","DigitaltMuseum","https://digitaltmuseum.org/S-TEK/TEKA0013137","Public Domain","https://creativecommons.org/publicdomain/mark/1.0/","52e18598fe85b00933d4e8249678a27e8772d1fb45f99987a26a8c336706386a","e05d3644d241b2eeaef81d72a18bb57e2558169e56d3511728a0b9bb3db76277","2048","1550","other","RGB","existing_damage","train","images/0052.png"
"0053","digitaltmuseum_S-TEK_TEKA0013138_Bild_tillhörande_samling_glasnegativ_med_motiv_från_AB_de_Lavals_Ångturbin.webp","digitaltmuseum_S-TEK_TEKA0013138","0053.png","real_damaged","DigitaltMuseum","https://digitaltmuseum.org/S-TEK/TEKA0013138","Public Domain","https://creativecommons.org/publicdomain/mark/1.0/","6cfa2dc379ede0d192d33f18808b35755800074110359ca31ee11fbdb558dd7e","01af8b862b9744ef56d8bde993fcf2f3ebe92365e775295335ddaf95c9d6966c","2048","1551","other","RGB","existing_damage","validation","images/0053.png"
"0054","digitaltmuseum_S-TEK_TEKA0013140_Bild_tillhörande_samling_glasnegativ_med_motiv_från_AB_de_Lavals_Ångturbin._FM_2.webp","digitaltmuseum_S-TEK_TEKA0013140","0054.png","real_damaged","DigitaltMuseum","https://digitaltmuseum.org/S-TEK/TEKA0013140","Public Domain","https://creativecommons.org/publicdomain/mark/1.0/","91a9b1ee5d76d1daf4250f7c754a813e7275393ad6303d7279f1227baaa16f8f","1ff05f5b949aacdeb1bcea881023f64e5f1b2f61cc263231a9aabf731aa4d7ad","2048","1542","other","RGB","existing_damage","train","images/0054.png"
"0055","digitaltmuseum_S-TEK_TEKA0013141_Bild_tillhörande_samling_glasnegativ_med_motiv_från_AB_de_Lavals_Ångturbin._FM_2.webp","digitaltmuseum_S-TEK_TEKA0013141","0055.png","real_damaged","DigitaltMuseum","https://digitaltmuseum.org/S-TEK/TEKA0013141","Public Domain","https://creativecommons.org/publicdomain/mark/1.0/","0d70e8ff7ba826c05537b421f9dbaf58be5d9f3245e84f1b01994a6a38cef5df","6c50c0b0e5de56988a8d05e41fef2a85c3ef11332f0df2ede2d4ca2335835fc1","1543","2048","other","RGB","existing_damage","train","images/0055.png"
"0056","digitaltmuseum_S-TEK_TEKA0013142_Bild_tillhörande_samling_glasnegativ_med_motiv_från_AB_de_Lavals_Ångturbin.webp","digitaltmuseum_S-TEK_TEKA0013142","0056.png","real_damaged","DigitaltMuseum","https://digitaltmuseum.org/S-TEK/TEKA0013142","Public Domain","https://creativecommons.org/publicdomain/mark/1.0/","e8de32222059fb30101ed90cd2c2d22e1bdef09d3480891a8dc2f62a13096059","c6f7e61d54e1941ff0e3b4535dce09c11c49c305bfec0dc3efd8ce4180c1c0ea","2048","1509","other","RGB","existing_damage","train","images/0056.png"
"0057","digitaltmuseum_S-TEK_TEKA0013146_Bild_tillhörande_samling_glasnegativ_med_motiv_från_AB_de_Lavals_Ångturbin.webp","digitaltmuseum_S-TEK_TEKA0013146","0057.png","real_damaged","DigitaltMuseum","https://digitaltmuseum.org/S-TEK/TEKA0013146","Public Domain","https://creativecommons.org/publicdomain/mark/1.0/","36049fa92dcfd8abb836ecac5e07a1b62de293c8f5962ab8c9ce1018b609fe39","b8f9b9a3669d3a7e7eb821aeae40e42edf82330c4ee3ba62d62b59c63f5cef82","1540","2048","other","RGB","existing_damage","test","images/0057.png"
"0058","digitaltmuseum_S-TEK_TEKA0013196_Bild_tillhörande_samling_glasnegativ_med_motiv_från_AB_de_Lavals_Ångturbin.webp","digitaltmuseum_S-TEK_TEKA0013196","0058.png","real_damaged","DigitaltMuseum","https://digitaltmuseum.org/S-TEK/TEKA0013196","Public Domain","https://creativecommons.org/publicdomain/mark/1.0/","a9a939b2d2c9517c579a2d93925415519727a959a43de054876a6606cb2c6662","4c3f7397b536669aedfeace6816b1ea000e9359b47b196ca3fb06435855581a0","2048","1549","other","RGB","existing_damage","test","images/0058.png"
"0059","digitaltmuseum_S-TEK_TEKA0013197_Bild_tillhörande_samling_glasnegativ_med_motiv_från_AB_de_Lavals_Ångturbin.webp","digitaltmuseum_S-TEK_TEKA0013197","0059.png","real_damaged","DigitaltMuseum","https://digitaltmuseum.org/S-TEK/TEKA0013197","Public Domain","https://creativecommons.org/publicdomain/mark/1.0/","82b5aa5562618ce049919d25d5b5108a358b3607b106162f791ec8d21f2cd5f1","3c8b9db6029218cfba19abb2bae456f35c7d5a0d2d4f29294dd98280e5e60a71","2048","1558","other","RGB","existing_damage","validation","images/0059.png"
"0060","digitaltmuseum_S-TEK_TEKA0013198_Bild_tillhörande_samling_glasnegativ_med_motiv_från_AB_de_Lavals_Ångturbin.webp","digitaltmuseum_S-TEK_TEKA0013198","0060.png","real_damaged","DigitaltMuseum","https://digitaltmuseum.org/S-TEK/TEKA0013198","Public Domain","https://creativecommons.org/publicdomain/mark/1.0/","987da0c05a197a1ca5622ea71848229ae7a9a64bd408503befed036c261bbeab","3d88c28b68e0db00b818ad104dbcb0c0a3786a97fa5c2fe5fb2916dde94f1f83","2048","1538","other","RGB","existing_damage","train","images/0060.png"
"0061","digitaltmuseum_S-TEK_TEKA0013199_Bild_tillhörande_samling_glasnegativ_med_motiv_från_AB_de_Lavals_Ångturbin._Ångt.webp","digitaltmuseum_S-TEK_TEKA0013199","0061.png","real_damaged","DigitaltMuseum","https://digitaltmuseum.org/S-TEK/TEKA0013199","Public Domain","https://creativecommons.org/publicdomain/mark/1.0/","bc212fd8e4d33c9cb91de1c97037a24c0f4fddd9facb571039138a5a3984f54d","bcb3c2da994d5f56bd223aad52158ba52c3e644ef4f71af8b134d1deee3513f2","2048","1545","other","RGB","existing_damage","train","images/0061.png"
"0062","digitaltmuseum_S-TEK_TEKA0016200_Hantverkets_propagandautställning__Rumsinteriör_(Tennföremål)._Anordnare_Stockho.webp","digitaltmuseum_S-TEK_TEKA0016200","0062.png","real_damaged","DigitaltMuseum","https://digitaltmuseum.org/S-TEK/TEKA0016200","Public Domain","https://creativecommons.org/publicdomain/mark/1.0/","76c4ab330cb0168817baf3a38f118efc289139dcbd5de2be525502388621dc3e","b6448f983fc4c38d6c4ec5b58136c2718d88cf6a8e85a38ceb9f399b55eca120","2048","1568","indoor_scene","RGB","existing_damage","train","images/0062.png"
"0063","digitaltmuseum_S-TEK_TEKA0114212_Glasnegativ,_mikrofotografi_med_medicinskt_motiv.webp","digitaltmuseum_S-TEK_TEKA0114212","0063.png","real_damaged","DigitaltMuseum","https://digitaltmuseum.org/S-TEK/TEKA0114212","Public Domain","https://creativecommons.org/publicdomain/mark/1.0/","34293cd379288fc01702ec96c5e90b5f4b8226c7863b6a1b5f95241d59ff586b","325031a3f1dba55b324164a7180fc6edba6b9c572cadcd723a2d59ab4e7ca25f","1471","2048","other","RGB","existing_damage","train","images/0063.png"
"0064","digitaltmuseum_S-TEK_TEKA0114213_Glasnegativ,_mikrofotografi_med_medicinskt_motiv.webp","digitaltmuseum_S-TEK_TEKA0114213","0064.png","real_damaged","DigitaltMuseum","https://digitaltmuseum.org/S-TEK/TEKA0114213","Public Domain","https://creativecommons.org/publicdomain/mark/1.0/","b8066c7fbcab7560a0ddcd48cddd9778064533b7d85946289d65aeb886459e29","de832d95ee63168123a91aa8eb7594a44db01fa9680bde7fb9f8ffce7c2b71bc","1501","2048","other","RGB","existing_damage","train","images/0064.png"
"0065","digitaltmuseum_S-TEK_TEKA0114254_Glasnegativ.webp","digitaltmuseum_S-TEK_TEKA0114254","0065.png","real_damaged","DigitaltMuseum","https://digitaltmuseum.org/S-TEK/TEKA0114254","Public Domain","https://creativecommons.org/publicdomain/mark/1.0/","691f30400b2bb9b435074f9316a930cebfcb0d2f77785ca35ec2b7c565a929bf","621392a95b9e483db68a7c05d9109567207896934b37c96c0a3dacdcc05f4d02","1568","2048","other","RGB","existing_damage","train","images/0065.png"
"0066","digitaltmuseum_S-TEK_TEKA0114272_Glasnegativ,_porträtt_av_ung_flicka._Filmblock_och_framkallade_filmer_för__Amaco.webp","digitaltmuseum_S-TEK_TEKA0114272","0066.png","real_damaged","DigitaltMuseum","https://digitaltmuseum.org/S-TEK/TEKA0114272","Public Domain","https://creativecommons.org/publicdomain/mark/1.0/","fa63403a7b3d1d69ea708fb7d140ff6c429abdd6c4868c093130ab25ac510e73","7f649189a6e6c420d30055bf3b02f0e219853cea56d031c152a96da7582112ee","1558","2048","single_portrait","RGB","existing_damage","train","images/0066.png"
"0067","digitaltmuseum_S-TEK_TEKA0114273_Glasnegativ,_porträtt_av_man,_orskarpt._Filmblock_och_framkallade_filmer_för__Am.webp","digitaltmuseum_S-TEK_TEKA0114273","0067.png","real_damaged","DigitaltMuseum","https://digitaltmuseum.org/S-TEK/TEKA0114273","Public Domain","https://creativecommons.org/publicdomain/mark/1.0/","e095614f2dabe5d6526d00c4ce832b48b4682055a826150e5f37eb28b046dc3e","1bedb7c98911c2b9850505351f0f407813bace5f19352cbb60fb46c3e51ce8f8","1504","2048","single_portrait","RGB","existing_damage","train","images/0067.png"
"0068","digitaltmuseum_S-TEK_TEKA0114274_Glasnegativ,_porträtt_av_ung_kvinna._Filmblock_och_framkallade_filmer_för__Amaco.webp","digitaltmuseum_S-TEK_TEKA0114274","0068.png","real_damaged","DigitaltMuseum","https://digitaltmuseum.org/S-TEK/TEKA0114274","Public Domain","https://creativecommons.org/publicdomain/mark/1.0/","353cdf4804f2547715ea5b4cef779119de3e8b6477ca45600d2daa8bac804eff","d428b71e049e8efa4ff82751716868356c55df40d1952619376765252ec441bc","1531","2048","single_portrait","RGB","existing_damage","train","images/0068.png"
"0069","digitaltmuseum_S-TEK_TEKA0114275_Glasnegativ,_porträtt_av_ung_pojke_i_sjömansskjorta._Filmblock_och_framkallade_f.webp","digitaltmuseum_S-TEK_TEKA0114275","0069.png","real_damaged","DigitaltMuseum","https://digitaltmuseum.org/S-TEK/TEKA0114275","Public Domain","https://creativecommons.org/publicdomain/mark/1.0/","688d7fba503cec2e9d37318031a8cb3ef3fd927d3f3aa8e52ef9f545a162b093","3ce52fbe74940a1dd4af83b07a127916302ccf5bbe51062221742bc7c0905170","1518","2048","single_portrait","RGB","existing_damage","train","images/0069.png"
"0070","digitaltmuseum_S-TEK_TEKA0114625_Bild_tillhörande_samling_av_större_glasnegativ_med_motiv_främst_från_verkstadsmi.webp","digitaltmuseum_S-TEK_TEKA0114625","0070.png","real_damaged","DigitaltMuseum","https://digitaltmuseum.org/S-TEK/TEKA0114625","Public Domain","https://creativecommons.org/publicdomain/mark/1.0/","017e11458f875a3622116b830ef0c5491b1330b5709c67d4334b668a03d7618c","142556a55e7027b3ca1a90e5aa68182f62d473953d8d567d53f34f88097f21e3","2048","1642","indoor_scene","RGB","existing_damage","train","images/0070.png"
"0071","digitaltmuseum_S-TEK_TEKA0123982_Skioptikonbild._Okänd_skulptur.webp","digitaltmuseum_S-TEK_TEKA0123982","0071.png","real_damaged","DigitaltMuseum","https://digitaltmuseum.org/S-TEK/TEKA0123982","Public Domain","https://creativecommons.org/publicdomain/mark/1.0/","2d746a24114f5c5a568d7a8644b77e4d2fa8eb3d27ae59d7ab1222da42f77c51","4f517b6bd1de6c4cbd12eae1ba37a3af85386f5247f524f64425fb4871123625","1662","2048","other","RGB","existing_damage","train","images/0071.png"
"0072","digitaltmuseum_S-TEK_TEKA0123985_Skioptikonbild._Trykt_bild._Kvinna_i_kök.webp","digitaltmuseum_S-TEK_TEKA0123985","0072.png","real_damaged","DigitaltMuseum","https://digitaltmuseum.org/S-TEK/TEKA0123985","Public Domain","https://creativecommons.org/publicdomain/mark/1.0/","bc0ff4c771fb4aa0a44f509de56cbaebf0eed25775a10651068877dd09582136","98f00ddc76c7f242acec6cad83ef8a96abc294a4394d6cb7831fe21c1dd73138","2048","1754","indoor_scene","RGB","existing_damage","train","images/0072.png"
"0073","digitaltmuseum_S-TEK_TEKA0123986_Skioptikonbild._Religiöst_motiv.webp","digitaltmuseum_S-TEK_TEKA0123986","0073.png","real_damaged","DigitaltMuseum","https://digitaltmuseum.org/S-TEK/TEKA0123986","Public Domain","https://creativecommons.org/publicdomain/mark/1.0/","da8b87666b26fea60c9d60b0526c6912ffcb7d008c54c279a2d775eea9aec3ef","1846ebc44699f8c458dc27808e3479412f9e06b5ea40016e0723858db3f2dfa7","2048","935","other","RGB","existing_damage","validation","images/0073.png"
"0074","digitaltmuseum_S-TEK_TEKA0123987_Skioptikonbild._Religiös_bild._Jesus_välsignar_brödet.webp","digitaltmuseum_S-TEK_TEKA0123987","0074.png","real_damaged","DigitaltMuseum","https://digitaltmuseum.org/S-TEK/TEKA0123987","Public Domain","https://creativecommons.org/publicdomain/mark/1.0/","fa189ae7f820a942e905acb52a2ff1ddefd8d3e2f525d361517d50250981d056","366133a64992b239fe5c7e5350b2439527a43e9836b083524e4598c6fc852c5e","2048","921","other","RGB","existing_damage","train","images/0074.png"
"0075","digitaltmuseum_S-TEK_TEKA0123989_Skioptikonbild._Fotografi_av_konstverk._Religiös_bild._Nedtagning_från_korset.webp","digitaltmuseum_S-TEK_TEKA0123989","0075.png","real_damaged","DigitaltMuseum","https://digitaltmuseum.org/S-TEK/TEKA0123989","Public Domain","https://creativecommons.org/publicdomain/mark/1.0/","98ddff1d88b819f73eac5931f1f545f6cf62a99020ecf5f651fa9e369fc2dc1c","a240f47c6f1b4035dc393239d8768e849b6ca184884cbc3d01e31cd14256d61f","1653","2048","other","RGB","existing_damage","train","images/0075.png"
"0076","digitaltmuseum_S-TEK_TEKA0123991_Skioptikonbild._Fotografi_av_konstverk._Religiös_bild.webp","digitaltmuseum_S-TEK_TEKA0123991","0076.png","real_damaged","DigitaltMuseum","https://digitaltmuseum.org/S-TEK/TEKA0123991","Public Domain","https://creativecommons.org/publicdomain/mark/1.0/","5dde3b7c0f5b01172a0d5c7d6ed51b54fd9f0257dd6db4f8b445760ab81382a4","57e0a2ea32ec48dea583168f4dcdb899bf250a93a2a919d492f3908cb918bd69","2048","1486","other","RGB","existing_damage","validation","images/0076.png"
"0077","digitaltmuseum_S-TEK_TEKA0123997_Skioptikonbild_med_motiv_av_vedhuggande_män_på_landsbygden.webp","digitaltmuseum_S-TEK_TEKA0123997","0077.png","real_damaged","DigitaltMuseum","https://digitaltmuseum.org/S-TEK/TEKA0123997","Public Domain","https://creativecommons.org/publicdomain/mark/1.0/","eb948caf07e35824c57ff57c0dfe79326e4a77a36f96c375ad497d98f2853542","d576b54360bc4a2d9cded2056973c4a038da9dac5f0b84391d4a4575eb29cf6a","2048","1765","outdoor_scene","RGB","existing_damage","train","images/0077.png"
"0078","digitaltmuseum_S-TEK_TEKA0123998_Skioptikonbild_med_motiv_av_het_underjordisk_källa,_möjligen_i_Yellowstone_Natio.webp","digitaltmuseum_S-TEK_TEKA0123998","0078.png","real_damaged","DigitaltMuseum","https://digitaltmuseum.org/S-TEK/TEKA0123998","Public Domain","https://creativecommons.org/publicdomain/mark/1.0/","8fda621b92f801e29867c8b22a50c7e094212a7db29dfa09252d37b26641c6e3","91e0f0bec87ef6f41ca596e96d66091a0e42071377131c70bd94d6b699faa155","2048","1888","outdoor_scene","RGB","existing_damage","train","images/0078.png"
"0079","digitaltmuseum_S-TEK_TEKA0227914_Fartyg_i_snölandskap.webp","digitaltmuseum_S-TEK_TEKA0227914","0079.png","real_damaged","DigitaltMuseum","https://digitaltmuseum.org/S-TEK/TEKA0227914","Public Domain","https://creativecommons.org/publicdomain/mark/1.0/","9db1770c45f2e37ba5c5c6abcaa5faef9fdc58c1b12e6894d973d640e5968cd6","ea608cafe357860d0c292d5fd1aeb77a7aaa9d8d64fe87d0efba0d7b932fbd4e","2048","1452","outdoor_scene","RGB","existing_damage","train","images/0079.png"
"0080","digitaltmuseum_S-TEK_TEKA0227925_Vindhastighetsmätare.webp","digitaltmuseum_S-TEK_TEKA0227925","0080.png","real_damaged","DigitaltMuseum","https://digitaltmuseum.org/S-TEK/TEKA0227925","Public Domain","https://creativecommons.org/publicdomain/mark/1.0/","5ce8e92658a40a87a5c36369c13927045f5cc077a95520189acc8c08d67eea34","d6bb7fea5b14dc1a2d5b9c656e1885a46163a0c79beffdb0f18107c196f5b29a","1977","2048","other","RGB","existing_damage","validation","images/0080.png"
"0081","digitaltmuseum_S-TEK_TEKA0227927_Mätsticka.webp","digitaltmuseum_S-TEK_TEKA0227927","0081.png","real_damaged","DigitaltMuseum","https://digitaltmuseum.org/S-TEK/TEKA0227927","Public Domain","https://creativecommons.org/publicdomain/mark/1.0/","bf6be94fee9090f40945c7e3f604ad56b6a9ac88f961332769a890d43363b21c","193b807782467b1a95c39d81add978d6ed884b01fe77a1a21091ed2702877ca8","2048","1334","other","RGB","existing_damage","test","images/0081.png"
"0082","digitaltmuseum_S-TEK_TEKA0227935_Karta_över_Kjörevei.webp","digitaltmuseum_S-TEK_TEKA0227935","0082.png","real_damaged","DigitaltMuseum","https://digitaltmuseum.org/S-TEK/TEKA0227935","Public Domain","https://creativecommons.org/publicdomain/mark/1.0/","16bd30574573a5b3440c3900adb95e3762ba8ed475d69fd5c65aba59546967c8","e55db9fd60a5e56da65fbd8a1ab55fef8c766a14ef180b480ba007c3999d2dbf","1588","2048","document","RGB","existing_damage","train","images/0082.png"
"0083","digitaltmuseum_S-TEK_TEKA0227941_Karta.webp","digitaltmuseum_S-TEK_TEKA0227941","0083.png","real_damaged","DigitaltMuseum","https://digitaltmuseum.org/S-TEK/TEKA0227941","Public Domain","https://creativecommons.org/publicdomain/mark/1.0/","fb186ff7087a772a10e5d85aaf1e8baa422980c278bf4ab93a76cea27487aece","5e6b34f40144f6ac8941fc5484c7dfeac1041d22bb56de33e9c1214567e7ee06","1440","2048","document","RGB","existing_damage","test","images/0083.png"
"0084","digitaltmuseum_S-TEK_TEKA0227993_Karta_över_Japan.webp","digitaltmuseum_S-TEK_TEKA0227993","0084.png","real_damaged","DigitaltMuseum","https://digitaltmuseum.org/S-TEK/TEKA0227993","Public Domain","https://creativecommons.org/publicdomain/mark/1.0/","a13d51df1b986825ca1a2cc610bdbc257f27c73be754540ed5755aeae4dbd43a","497d2042eed7131bacec9db8e2b1d43deaa16ff6ffac82274ef412055720dca7","1264","2048","document","RGB","existing_damage","train","images/0084.png"
"0085","digitaltmuseum_S-TEK_TEKA0227994_Karta_över_Nordamerika.webp","digitaltmuseum_S-TEK_TEKA0227994","0085.png","real_damaged","DigitaltMuseum","https://digitaltmuseum.org/S-TEK/TEKA0227994","Public Domain","https://creativecommons.org/publicdomain/mark/1.0/","10c45e786ceea3401aecac40aff42cc1ffde4e73e7372c00e69b0f70a29b74b9","565df8b804ad0914d4dcf2017eb742977615a3dc3a3332dc0c6bca935d0abd6b","2048","1352","document","RGB","existing_damage","train","images/0085.png"
"0086","digitaltmuseum_S-TEK_TEKA0228012_Vy_över_dalgång_och_berg.webp","digitaltmuseum_S-TEK_TEKA0228012","0086.png","real_damaged","DigitaltMuseum","https://digitaltmuseum.org/S-TEK/TEKA0228012","Public Domain","https://creativecommons.org/publicdomain/mark/1.0/","235befd5c57774ad151924f92108f9952d24c933bfe5ebec29117b50322c93b3","3b6196baf433746a6eaeee53508ae0858cbe96fe3e6249f5282893c22c047fae","2048","1752","outdoor_scene","RGB","existing_damage","train","images/0086.png"
"0087","digitaltmuseum_S-TEK_TEKA0228033_Grönlandsexpedition._Landskapsbild.webp","digitaltmuseum_S-TEK_TEKA0228033","0087.png","real_damaged","DigitaltMuseum","https://digitaltmuseum.org/S-TEK/TEKA0228033","Public Domain","https://creativecommons.org/publicdomain/mark/1.0/","6acb74c4ad4651cb107e6d61ea3d0cbb68f05a7b1faf500e33f7bab87e40ceab","75596d990633ccc139d029cd4c77b9220cc3e5488ba768e888d8a0563418040a","2048","1466","outdoor_scene","RGB","existing_damage","test","images/0087.png"
"0088","digitaltmuseum_S-UM_ED02069_Kvinna_vid_bord_med_blommor,_Östhammar,_Uppland.webp","digitaltmuseum_S-UM_ED02069","0088.png","real_damaged","DigitaltMuseum","https://digitaltmuseum.org/S-UM/ED02069","Public Domain","https://creativecommons.org/publicdomain/mark/1.0/","3d5490b69a57b228522f6d67a45dba2e6fdac006f17c4696747f66752ba20c7b","298a36e0e4ee8cb2c423312496c3b5bd37b925d0e4129f0911de14bcd02b5672","2048","1457","indoor_scene","RGB","existing_damage","train","images/0088.png"
"0089","digitaltmuseum_S-UM_ED06026_Reprofotografi_-_Karl_Landberg_från_Norrskedika,_Uppland.webp","digitaltmuseum_S-UM_ED06026","0089.png","real_damaged","DigitaltMuseum","https://digitaltmuseum.org/S-UM/ED06026","Public Domain","https://creativecommons.org/publicdomain/mark/1.0/","de1a868ee71e5e32177dc5a38ba0ba17fd8d35f95133d1d6d25bdb2579b09db3","770f51687d39f344f281ad56c90abb7745f4f0575b34672d4c95ef42caa37499","1418","2048","single_portrait","RGB","existing_damage","train","images/0089.png"
"0090","digitaltmuseum_S-UM_ED06622_Josef_Edhlunds_vardagsrum,_Engelbrektsgatan,_Östhammar,_Uppland.webp","digitaltmuseum_S-UM_ED06622","0090.png","real_damaged","DigitaltMuseum","https://digitaltmuseum.org/S-UM/ED06622","Public Domain","https://creativecommons.org/publicdomain/mark/1.0/","c22fefd5db5c76c60b9956e26655a7759ae20ac42fb2cbc7a0f45118394f8741","17be76a09516239de3a3cdcf00d6bd43b6f88a94c2824e13c4a034d5874e1564","2048","1554","single_portrait","RGB","existing_damage","train","images/0090.png"
"0091","digitaltmuseum_S-UM_ED07321_Kärleksallén,_Östhammar_Uppland.webp","digitaltmuseum_S-UM_ED07321","0091.png","real_damaged","DigitaltMuseum","https://digitaltmuseum.org/S-UM/ED07321","Public Domain","https://creativecommons.org/publicdomain/mark/1.0/","3c9046b70928e4d58b8a321e52195dbafc6e0750ab4b16f177b7b90bcda0884f","32c2c65677bb222a450a324b1548ab22c1baa1688f6527defd270573625b7043","2048","1565","outdoor_scene","RGB","existing_damage","test","images/0091.png"
"0092","digitaltmuseum_S-UM_ED08702_Bostadshus,_Östhammar,_Uppland.webp","digitaltmuseum_S-UM_ED08702","0092.png","real_damaged","DigitaltMuseum","https://digitaltmuseum.org/S-UM/ED08702","Public Domain","https://creativecommons.org/publicdomain/mark/1.0/","180c1e1e675165992715410cbcba59d838539199f24b80a9907fb5dea5739f6d","11aa815766987ad3ef988d7933ae00ec5ad8ba4d67f20702640214fc5632560f","2048","1553","architecture","RGB","existing_damage","train","images/0092.png"
"0093","digitaltmuseum_S-UM_ED20753_Reprofotografi_-_ung_man,_Östhammar,_Uppland.webp","digitaltmuseum_S-UM_ED20753","0093.png","real_damaged","DigitaltMuseum","https://digitaltmuseum.org/S-UM/ED20753","Public Domain","https://creativecommons.org/publicdomain/mark/1.0/","7afd3d36a925c3a4a322c352567453e5dc77948d42cec3daa7643aa8b8d7d1a5","f47ab3d789d59a2914311fd416e523a15a49631ebc80a66d210d2c4e0238a94d","2048","1372","single_portrait","RGB","existing_damage","validation","images/0093.png"
"0094","digitaltmuseum_S-UM_ED20760_Reprofotografi_-_kvinna,_Östhammar,_Uppland.webp","digitaltmuseum_S-UM_ED20760","0094.png","real_damaged","DigitaltMuseum","https://digitaltmuseum.org/S-UM/ED20760","Public Domain","https://creativecommons.org/publicdomain/mark/1.0/","4449975df7a6202c384db6cba6e8e26b49512f4081afccd824c7d8b1486ad641","d1f8738a46c7fe969cbc9d09e77a04b34b4ce9e81f19bddd301afb6d31ab0d99","2048","1574","single_portrait","RGB","existing_damage","train","images/0094.png"
"0095","digitaltmuseum_S-UM_ED20789_Josef_Edhlund,_Östhammar,_Uppland.webp","digitaltmuseum_S-UM_ED20789","0095.png","real_damaged","DigitaltMuseum","https://digitaltmuseum.org/S-UM/ED20789","Public Domain","https://creativecommons.org/publicdomain/mark/1.0/","4bd4382c86bf09158fc6fa53d6f9b7029878d2f0cc0a7a20ffaf65041d9030e1","443ebf082b2198030c68c190923cb90eb14f35dde6d9d030a53e046c7d616725","1504","2048","single_portrait","RGB","existing_damage","train","images/0095.png"
"0096","digitaltmuseum_S-UM_UP6457_Shell,_Uppsala_1948.webp","digitaltmuseum_S-UM_UP6457","0096.png","real_damaged","DigitaltMuseum","https://digitaltmuseum.org/S-UM/UP6457","Public Domain","https://creativecommons.org/publicdomain/mark/1.0/","45959217cb582bf7a42550a9c8c4349de3fe2d3fba6a0b36cb1cfe328d2d4fe1","0d32de2272e49d441102bdad07e4e91ebf4bf7bc35a5ab69b7fb8ee80adc8594","2048","1510","outdoor_scene","RGB","existing_damage","train","images/0096.png"
"0097","digitaltmuseum_S-UM_UP6489_Man_i_hemmiljö_omgiven_av_blommor,_Uppland_1950.webp","digitaltmuseum_S-UM_UP6489","0097.png","real_damaged","DigitaltMuseum","https://digitaltmuseum.org/S-UM/UP6489","Public Domain","https://creativecommons.org/publicdomain/mark/1.0/","b09960321a9a29d7a0a7c738d7f441324bbeabea915670c292939461239c414a","922dfe77932b119cdfe42b3e5cb20a05052ae116803f16ca477d5a2412535303","2048","1531","indoor_scene","RGB","existing_damage","train","images/0097.png"
"0098","digitaltmuseum_S-UVLM_Vlm-A_3571_Flyttning_av_runsten,_Isby,_Simtuna.webp","digitaltmuseum_S-UVLM_Vlm-A 3571","0098.png","real_damaged","DigitaltMuseum","https://digitaltmuseum.org/S-UVLM/Vlm-A 3571","Public Domain","https://creativecommons.org/publicdomain/mark/1.0/","ad433eaea46c46682af292fcd3f497ef526bdbf2c79ea7e59f7a1921abd1f3ff","48d3e6c3afc36950ab0b752713532fde69be5e1765524c8d95e77e530f1086b5","2048","1391","outdoor_scene","RGB","existing_damage","train","images/0098.png"
"0099","digitaltmuseum_S-UVLM_Vlm-A_3579_Guldkalk,_Västerås_Domkyrka.webp","digitaltmuseum_S-UVLM_Vlm-A 3579","0099.png","real_damaged","DigitaltMuseum","https://digitaltmuseum.org/S-UVLM/Vlm-A 3579","Public Domain","https://creativecommons.org/publicdomain/mark/1.0/","44cd579df5169c5c39782f1fdc59c5f644b2c483e1fea7570208fdee6f8fa593","8d687b0a371312a65611d89d2f8d6851696e86efb7121ea6d01752c0ddddab35","1508","2048","other","RGB","existing_damage","train","images/0099.png"
"0100","digitaltmuseum_S-UVLM_Vlm-A_3580_Guldkalk,_Västerås_Domkyrka.webp","digitaltmuseum_S-UVLM_Vlm-A 3580","0100.png","real_damaged","DigitaltMuseum","https://digitaltmuseum.org/S-UVLM/Vlm-A 3580","Public Domain","https://creativecommons.org/publicdomain/mark/1.0/","510f46dcc0b13181e312719995ce3eb3ebbb86bece76608907868fe67899fb75","d915384015bbe2dbeadf9736ac199ac3a234ef3be4566b4679b6390709e3e28b","1498","2048","other","RGB","existing_damage","train","images/0100.png"
"0101","digitaltmuseum_S-UVLM_Vlm-A_3581_Guldkalk,_Västerås_Domkyrka,_detalj.webp","digitaltmuseum_S-UVLM_Vlm-A 3581","0101.png","real_damaged","DigitaltMuseum","https://digitaltmuseum.org/S-UVLM/Vlm-A 3581","Public Domain","https://creativecommons.org/publicdomain/mark/1.0/","3151374a5c45d755c5e7d9268f591a73589aa59913712c3663022806ea99d174","08e28530243214df56f69a2fb2d4c0f543dfce7849c939481c44c0044c5ba5e7","1509","2048","other","RGB","existing_damage","train","images/0101.png"
"0102","digitaltmuseum_S-UVLM_Vlm-A_3585_Intendent_Sven_Drakenberg,_Länsmuseet,_Västerås.webp","digitaltmuseum_S-UVLM_Vlm-A 3585","0102.png","real_damaged","DigitaltMuseum","https://digitaltmuseum.org/S-UVLM/Vlm-A 3585","Public Domain","https://creativecommons.org/publicdomain/mark/1.0/","530162f84b634d1ee861a9a36d9bd2bb618bdafdbd4286a8e48d25ef534860ae","0d015f54ae2015bd0528bf907db1137fb5d9bf88364b11aef799812383ee8735","1501","2048","single_portrait","RGB","existing_damage","train","images/0102.png"
"0103","digitaltmuseum_S-UVLM_Vlm-_hm_06917-A_Kvinnoporträtt._Alice_Andersson,_Kolbäck._Ur_Gustaf_Åhmans_samling.webp","digitaltmuseum_S-UVLM_Vlm-Åhm 06917-A","0103.png","real_damaged","DigitaltMuseum","https://digitaltmuseum.org/S-UVLM/Vlm-Åhm 06917-A","Public Domain","https://creativecommons.org/publicdomain/mark/1.0/","2892bcf1f7f7fb0398aeeb64b8d7e95066972adf7ff74f6c730674fdeef24549","a1ad3db6720380bfe8c81b057d7980159cc0793f957b5dd81087713eddeb08d7","2048","1481","single_portrait","RGB","existing_damage","train","images/0103.png"
"0104","digitaltmuseum_S-UVLM_Vlm-_hm_12716_Barnporträtt._Lars-Åke._Fru_Elsa_Flodström,_Folkparken,_Kolbäck._Ur_Gustaf_Åhman.webp","digitaltmuseum_S-UVLM_Vlm-Åhm 12716","0104.png","real_damaged","DigitaltMuseum","https://digitaltmuseum.org/S-UVLM/Vlm-Åhm 12716","Public Domain","https://creativecommons.org/publicdomain/mark/1.0/","2b70578a36167dfd2c92b456f8b3d5d896d9855a21735cef460b2daa4ff142b9","911eab4a5b49066d1e34ed51b16548e87820db12a4ea1a3a43d083f37c44c5bd","2048","1484","single_portrait","RGB","existing_damage","train","images/0104.png"
"0105","digitaltmuseum_S-UVLM_Vlm-_hm_18263_Porträtt,_Bertil_Finskas,_Stationsgatan_6_B,_Kolbäck._Ur_Gustaf_Åhmans_samling.webp","digitaltmuseum_S-UVLM_Vlm-Åhm 18263","0105.png","real_damaged","DigitaltMuseum","https://digitaltmuseum.org/S-UVLM/Vlm-Åhm 18263","Public Domain","https://creativecommons.org/publicdomain/mark/1.0/","100e94a37d1b22615a8270def52d0006eb1d8e64ee8ca00f5f628219d4e0ff60","0f5a3fdff9e4da392c80ef05b97d6a69835ce34aa4a843e70432622203c2faac","1479","2048","single_portrait","RGB","existing_damage","train","images/0105.png"
"0106","digitaltmuseum_S-UVLM_Vlm-_hm_18265_Kvinnoporträtt,_pass_och_körfoto,_Fru_Hahn,_Hagvägen_14_A,_Kolbäck._Ur_Gustaf_Åh.webp","digitaltmuseum_S-UVLM_Vlm-Åhm 18265","0106.png","real_damaged","DigitaltMuseum","https://digitaltmuseum.org/S-UVLM/Vlm-Åhm 18265","Public Domain","https://creativecommons.org/publicdomain/mark/1.0/","eac80a0577e2fd2b7397381defc62dfa2b64aff9f88414eccb4c8befeb09d2c5","6a4e21d1f3fda83cb43e717137a7d1ce16785ec46d6f1e0c8e62eb18971318ea","2048","1509","single_portrait","RGB","existing_damage","validation","images/0106.png"
"0107","digitaltmuseum_S-UVLM_Vlm-_hm_18267_Porträtt,_pass,_Mariane_Werner,_Fältvägen_7,_Kolbäck._Ur_Gustaf_Åhmans_samling.webp","digitaltmuseum_S-UVLM_Vlm-Åhm 18267","0107.png","real_damaged","DigitaltMuseum","https://digitaltmuseum.org/S-UVLM/Vlm-Åhm 18267","Public Domain","https://creativecommons.org/publicdomain/mark/1.0/","273430fa48a3f04d96a0eadb7d30e5ef4c968d0c251f1d80d9bcf4bf72e82908","f6254f0b68775695c2bf8f946e98e6dfd39d36b0b05b90185dbd0900d8dd9e10","2048","1509","single_portrait","RGB","existing_damage","train","images/0107.png"
"0108","digitaltmuseum_S-UVLM_Vlm-_hm_18269_Mansporträtt,_pass,_Ingenjör_Hahne,_Skomakarevägen_2_B,_Kolbäck._Ur_Gustaf_Åhman.webp","digitaltmuseum_S-UVLM_Vlm-Åhm 18269","0108.png","real_damaged","DigitaltMuseum","https://digitaltmuseum.org/S-UVLM/Vlm-Åhm 18269","Public Domain","https://creativecommons.org/publicdomain/mark/1.0/","7c8ed36c5e09595cbe91c3229f31db2c2033f8b9e755a3b18691785f477016e0","3df27eb09733052bbf999254b400803ac0d75d6c065a108dd567d0453dc451a3","2048","1509","single_portrait","RGB","existing_damage","test","images/0108.png"
"0109","digitaltmuseum_S-UVLM_Vlm-_hm_18273_Porträtt,_Konfirmation,_Ulf_Svensson,_Stationsgatan_6_B,_Kolbäck._Ur_Gustaf_Åhma.webp","digitaltmuseum_S-UVLM_Vlm-Åhm 18273","0109.png","real_damaged","DigitaltMuseum","https://digitaltmuseum.org/S-UVLM/Vlm-Åhm 18273","Public Domain","https://creativecommons.org/publicdomain/mark/1.0/","cede2be126ebba711c669797bf2ed1bab0f2a859a6972f8fa902e91087d86a8e","17e74d330b334e5178a941583fd2345539120b96594a86a817fa44ed48f5cfd2","1481","2048","single_portrait","RGB","existing_damage","train","images/0109.png"
"0110","digitaltmuseum_S-UVLM_Vlm-_hm_18275_Porträtt,_Konfirmation,_Inger_Palmestål,_Strömsholm._Ur_Gustaf_Åhmans_samling.webp","digitaltmuseum_S-UVLM_Vlm-Åhm 18275","0110.png","real_damaged","DigitaltMuseum","https://digitaltmuseum.org/S-UVLM/Vlm-Åhm 18275","Public Domain","https://creativecommons.org/publicdomain/mark/1.0/","4efca2d1b8e75b471b4ae25fa841bdeda6528d34ee4cc4ca48ba6bb325aa550b","e4848a91bcfe4e357f7968bbc76c02964845fa6f65fb1bcad9763d5cf9bab64e","1471","2048","single_portrait","RGB","existing_damage","train","images/0110.png"
"0111","digitaltmuseum_S-UVLM_Vlm-_hm_18277_Porträtt,_Konfirmation,_Irene_Kvist,_Strömsholm._Ur_Gustaf_Åhmans_samling.webp","digitaltmuseum_S-UVLM_Vlm-Åhm 18277","0111.png","real_damaged","DigitaltMuseum","https://digitaltmuseum.org/S-UVLM/Vlm-Åhm 18277","Public Domain","https://creativecommons.org/publicdomain/mark/1.0/","dddbecbc8b6cf7c468c3abad7032a0254717ef2ca4d21187fdc4ca34bc4c487d","a0c13411b4aaa4defdb94f1e09582ec6cec8cb7ff50e87f91e4f3d3975d350f4","1476","2048","single_portrait","RGB","existing_damage","test","images/0111.png"
"0112","digitaltmuseum_S-UVLM_Vlm-_hm_18279_Porträtt,_Konfirmation,_Ove_Andersson,_Herrskogen,_Strömsholm._Ur_Gustaf_Åhmans_.webp","digitaltmuseum_S-UVLM_Vlm-Åhm 18279","0112.png","real_damaged","DigitaltMuseum","https://digitaltmuseum.org/S-UVLM/Vlm-Åhm 18279","Public Domain","https://creativecommons.org/publicdomain/mark/1.0/","64bb372cc015da942fa6ad77e9794d28e7fbe87855f584c8d8ebbe2269fa1440","f9e104bc968668586fcde1e8dfc050c70d084f058870c5fbea0c048634084958","1491","2048","single_portrait","RGB","existing_damage","test","images/0112.png"
"0113","digitaltmuseum_S-UVLM_Vlm-_hm_18281_Porträtt,_Konfirmation,_Margareta_Andersson,_Gästis,_Kolbäck._Ur_Gustaf_Åhmans_s.webp","digitaltmuseum_S-UVLM_Vlm-Åhm 18281","0113.png","real_damaged","DigitaltMuseum","https://digitaltmuseum.org/S-UVLM/Vlm-Åhm 18281","Public Domain","https://creativecommons.org/publicdomain/mark/1.0/","e96ef53696955a2fbb05173affa3de62ffa803351c9ade41641562b6ef888d5c","837dba9893a15757686a035ddae66642b42869d794d1f017322d704beeda8fda","1491","2048","single_portrait","RGB","existing_damage","test","images/0113.png"
"0114","digitaltmuseum_S-UVLM_Vlm-_hm_18283_Kvinnoporträtt,_pass,_Fru_Inga_Tiderman,_Vallbygatan_8,_Kolbäck._Ur_Gustaf_Åhman.webp","digitaltmuseum_S-UVLM_Vlm-Åhm 18283","0114.png","real_damaged","DigitaltMuseum","https://digitaltmuseum.org/S-UVLM/Vlm-Åhm 18283","Public Domain","https://creativecommons.org/publicdomain/mark/1.0/","1e8da2b79f6357022dca7cd1e93b42df810dfa8261b83f6a9b164b2188a7b80c","3704885b7926a268490b9d2e94c3e3b448734a17c98e7d01a95054b5c86e5f4b","2048","1491","single_portrait","RGB","existing_damage","train","images/0114.png"
"0115","digitaltmuseum_S-UVLM_Vlm-_hm_18285_Mansporträtt,_körfoto,_Martti_Korhonen,_Stationsgatan_22,_Kolbäck._Ur_Gustaf_Åhm.webp","digitaltmuseum_S-UVLM_Vlm-Åhm 18285","0115.png","real_damaged","DigitaltMuseum","https://digitaltmuseum.org/S-UVLM/Vlm-Åhm 18285","Public Domain","https://creativecommons.org/publicdomain/mark/1.0/","d59725a8862f7c5e19975f4d73e13a7146da633536ca5f43f7aca94d1dd4de4e","1dc104239b876a9a0f7243354c26a8245fed34d12f951876a249f2d49b355536","2048","1505","single_portrait","RGB","existing_damage","train","images/0115.png"
"0116","digitaltmuseum_S-VM_VMO09828_Julfirande.webp","digitaltmuseum_S-VM_VMO09828","0116.png","real_damaged","DigitaltMuseum","https://digitaltmuseum.org/S-VM/VMO09828","Public Domain","https://creativecommons.org/publicdomain/mark/1.0/","77c45fd0ecfb19d7faf14779f613a5540034142f981b250bcd315b11b6312ebc","cbcb57384d27712ed0ff64385bd337aebaf27da4ffaac56251b243125f453c52","2048","1500","group_portrait","RGB","existing_damage","train","images/0116.png"
"0117","digitaltmuseum_S-AM_AMA.0025475_Frivillig_befälsutbildning_(FBU)._FBU-läger_på_Gottskär._Skadad_förs_i_ambulans.webp","digitaltmuseum_S-AM_AMA.0025475","0117.png","real_damaged","DigitaltMuseum","https://digitaltmuseum.org/S-AM/AMA.0025475","Public Domain","https://creativecommons.org/publicdomain/mark/1.0/","103500bea4c8069eebadf5d82f5465e614dc5faeaa1bd1535cc352756f5d1531","b6e55a056e7519b8c6bc3f836b479f422d7b13d8a2e74f9c370bee30bcda6d0d","2048","1540","outdoor_scene","RGB","existing_damage","test","images/0117.png"
"0118","digitaltmuseum_S-ARK_ARKM.1968-102-142_Postsparkasse_Interiör.webp","digitaltmuseum_S-ARK_ARKM.1968-102-142","0118.png","real_damaged","DigitaltMuseum","https://digitaltmuseum.org/S-ARK/ARKM.1968-102-142","Public Domain","https://creativecommons.org/publicdomain/mark/1.0/","ff065f2c725d57130d40f13a3894a89a0387641fa0f02b3943a899f1590a61d1","500da88398169b581a0e15bc715aa3324e5c649976ef6a6be270958b9769acb5","2048","1612","indoor_scene","RGB","existing_damage","train","images/0118.png"
"0119","digitaltmuseum_S-ARK_ARKM.1968-102-144_Bostadshus_Interiör,_trapphus.webp","digitaltmuseum_S-ARK_ARKM.1968-102-144","0119.png","real_damaged","DigitaltMuseum","https://digitaltmuseum.org/S-ARK/ARKM.1968-102-144","Public Domain","https://creativecommons.org/publicdomain/mark/1.0/","1840d46258ce174d9d3b33dc782c220c3859d88fdc98f822172a6c6d7f53b676","1c44e89bd519f46d5de3fde0c55879f3e81e53adbd33434443e32a9bbce6405b","1393","2048","indoor_scene","RGB","existing_damage","train","images/0119.png"
"0120","digitaltmuseum_S-ARK_ARKM.1968-102-145_Palais_Stoclet_Exteriör.webp","digitaltmuseum_S-ARK_ARKM.1968-102-145","0120.png","real_damaged","DigitaltMuseum","https://digitaltmuseum.org/S-ARK/ARKM.1968-102-145","Public Domain","https://creativecommons.org/publicdomain/mark/1.0/","91955c08e3bff4cd00d8967fa719c50def755877fb7a45ae6dc923c038a3d7a5","e0cfe60deeb9593dbc991a74f3e61e062b92ed356e7811242a5f267a48f05961","2048","1241","architecture","RGB","existing_damage","train","images/0120.png"
"0121","digitaltmuseum_S-ARK_ARKM.1968-102-148_Miethausblock,_loging_house_Perspektiv_ritning.webp","digitaltmuseum_S-ARK_ARKM.1968-102-148","0121.png","real_damaged","DigitaltMuseum","https://digitaltmuseum.org/S-ARK/ARKM.1968-102-148","Public Domain","https://creativecommons.org/publicdomain/mark/1.0/","3015999dd3ed3e40e95347edb4ada5dcd0c19085e415a35c691486f9f1cfcb66","3f80701c7cd9bd093f3d3cccbdfb3e0d44ed7cd639b8587745ccbf92ca0d4c86","2048","1613","document","RGB","existing_damage","train","images/0121.png"
"0122","digitaltmuseum_S-ARK_ARKM.1968-102-149_Bauhausschachspiel_Del_av_spel_i_trä.webp","digitaltmuseum_S-ARK_ARKM.1968-102-149","0122.png","real_damaged","DigitaltMuseum","https://digitaltmuseum.org/S-ARK/ARKM.1968-102-149","Public Domain","https://creativecommons.org/publicdomain/mark/1.0/","c696ced6dbfb1f4945244ee45985aa2c78d19c9c4488c07b30281bb15a51a78b","8f42e44aad3ef1ad218071329c90a6f834f84b9e087459d471758f3cca5bd4ae","2048","1420","other","RGB","existing_damage","train","images/0122.png"
"0123","digitaltmuseum_S-FBM_2M16-G-00026_Hällristningar_Flyhov_(skadad_bild).webp","digitaltmuseum_S-FBM_2M16-G-00026","0123.png","real_damaged","DigitaltMuseum","https://digitaltmuseum.org/S-FBM/2M16-G-00026","Public Domain","https://creativecommons.org/publicdomain/mark/1.0/","7a8905db511ded283ca04bb2ccda0c82eb0d83bc4e9722180ed0a24e0a371743","a6c78c950e0bd6af4e52345d0d8543dc76b734065876f55104f927446e02f714","2048","1345","outdoor_scene","RGB","existing_damage","train","images/0123.png"
"0124","digitaltmuseum_S-FBM_2M16-S-0094-137-12_(uppgifter_saknas)_(bilden_skadad).webp","digitaltmuseum_S-FBM_2M16-S-0094-137-12","0124.png","real_damaged","DigitaltMuseum","https://digitaltmuseum.org/S-FBM/2M16-S-0094-137-12","Public Domain","https://creativecommons.org/publicdomain/mark/1.0/","9637a4bfcce55e1786cf5b92bd2acb4c1d8bd56d24ded125bba909edd744141f","db3aab8520b0ebefb314d3d52cc3fa3c4cc90ace0295f91a6e3bc0483c919ee0","2048","1482","other","RGB","existing_damage","train","images/0124.png"
"0125","digitaltmuseum_S-FBM_2M16-S-0096-71-80_Grav_34._Skelett_i_grav,_mellanpilarna_skadad_brandgrav.webp","digitaltmuseum_S-FBM_2M16-S-0096-71-80","0125.png","real_damaged","DigitaltMuseum","https://digitaltmuseum.org/S-FBM/2M16-S-0096-71-80","Public Domain","https://creativecommons.org/publicdomain/mark/1.0/","34ab0159661457e5a0ca96a1df9684045115d8466e740213079d70ebf9d2486b","fc4a0b13ee3792ac1e9a19e4e4f98d61ed88a14c625cd3b5c9ae8c3db4c9866e","800","1173","outdoor_scene","RGB","existing_damage","train","images/0125.png"
"0126","digitaltmuseum_S-GMS_GMSF.007986_Skjutsar_en_skadad.webp","digitaltmuseum_S-GMS_GMSF.007986","0126.png","real_damaged","DigitaltMuseum","https://digitaltmuseum.org/S-GMS/GMSF.007986","Public Domain","https://creativecommons.org/publicdomain/mark/1.0/","56a510b6652b169e6ceafaf578dc3db6240c7030f1d8d7d0a18c7f60c6b63225","b83aaf709623451b055fbe6ab0295d5664b28553d4bdaa85edd15e541f73182a","2048","1494","outdoor_scene","RGB","existing_damage","train","images/0126.png"
"0127","digitaltmuseum_S-GMS_GMSF.021550_Personal_från_Blå_stjärnan_vårdar_en_skadad_pojke.webp","digitaltmuseum_S-GMS_GMSF.021550","0127.png","real_damaged","DigitaltMuseum","https://digitaltmuseum.org/S-GMS/GMSF.021550","Public Domain","https://creativecommons.org/publicdomain/mark/1.0/","eb2e78dec99e6b3e5a48771589e81e2e3d0bff131dc8831469cab2f98ae6f6e7","22018c359a03ea5db68e22c9d47cb1a24540c531f873c1b2400c856b33af8e98","2048","1487","outdoor_scene","RGB","existing_damage","train","images/0127.png"
"0128","digitaltmuseum_S-GMS_GMSF.027105_Övning_med_bår,_skadad_och_gasmask.webp","digitaltmuseum_S-GMS_GMSF.027105","0128.png","real_damaged","DigitaltMuseum","https://digitaltmuseum.org/S-GMS/GMSF.027105","Public Domain","https://creativecommons.org/publicdomain/mark/1.0/","8b9e68e75c32206f451e5d117c600634236bc7f113fc22db54cbe17871608850","98b3e386144372b1e3261e8d6b12b9fae4ca53d74e724ebaf5cce31f9b6bf97b","1640","1098","outdoor_scene","RGB","existing_damage","train","images/0128.png"
"0129","digitaltmuseum_S-JVM_JvmKAFR01053_Kvänum_station.webp","digitaltmuseum_S-JVM_JvmKAFR01053","0129.png","real_damaged","DigitaltMuseum","https://digitaltmuseum.org/S-JVM/JvmKAFR01053","Public Domain","https://creativecommons.org/publicdomain/mark/1.0/","4e1ce5a06878f1cc905df48ee5a43fb8ea20e68b17a524d747ce6d38280bf7ec","8f99ec95afa871d0133f7354c77697607d39cdbaaec3a3d23127a851f08ffcaa","2048","1481","architecture","RGB","existing_damage","train","images/0129.png"
"0130","digitaltmuseum_S-JVM_JvmKAGB00320_Skadad_axeltapp,_trasig_lagerbox.webp","digitaltmuseum_S-JVM_JvmKAGB00320","0130.png","real_damaged","DigitaltMuseum","https://digitaltmuseum.org/S-JVM/JvmKAGB00320","Public Domain","https://creativecommons.org/publicdomain/mark/1.0/","025994d7fa1bdff3e86bdbd89e4d3023386a5dd9ead58e2007d92fc6ef0180a4","42d9e52e1b544f083a867e6512cc9cd4007f7e103cc20928c4a845c8f65763ab","1532","2048","other","RGB","existing_damage","train","images/0130.png"
"0131","digitaltmuseum_S-JVM_JvmKAGC00172_BJ_B_11._Ånglok_på_vändskiva_med_svankig_rygg._Bilden_är_skadad._Loket_tillverka.webp","digitaltmuseum_S-JVM_JvmKAGC00172","0131.png","real_damaged","DigitaltMuseum","https://digitaltmuseum.org/S-JVM/JvmKAGC00172","Public Domain","https://creativecommons.org/publicdomain/mark/1.0/","844f0979598c44f97eef80eb51e73af8d0b5ecefac6009d6b6a7d0676267c026","727069541d21bd569113202f994503dbb2314922ec86fefa8512ac31975b34a5","2048","1509","other","RGB","existing_damage","train","images/0131.png"
"0132","digitaltmuseum_S-JVM_JvmKAGC00478_BJ_B_11._Ånglok_med_svankig_rygg._Bilden_är_skadad._Loket_tillverkades_1886_av_B.webp","digitaltmuseum_S-JVM_JvmKAGC00478","0132.png","real_damaged","DigitaltMuseum","https://digitaltmuseum.org/S-JVM/JvmKAGC00478","Public Domain","https://creativecommons.org/publicdomain/mark/1.0/","5f9a8a2b39b2c90ba67dcf23ddaba74318472ed01e779dfaa5c5d4f2326b3009","f12549cfa97d0cbcac204b3ffc758532326d09526a747bde5ad7f3b28e94fea4","2048","1521","other","RGB","existing_damage","test","images/0132.png"
"0133","digitaltmuseum_S-JVM_JvmKAGD00161_Bergslagernas_Järnvägar,_BJ_Ds_206_med_skadad_lejdare_Elloket_tillverkades_1939.webp","digitaltmuseum_S-JVM_JvmKAGD00161","0133.png","real_damaged","DigitaltMuseum","https://digitaltmuseum.org/S-JVM/JvmKAGD00161","Public Domain","https://creativecommons.org/publicdomain/mark/1.0/","3cd747a5ae3edde32dd1b9311902c258d0a69050cfaf7c80d7d9449f09475332","e5f1e92023c4ea6f2ca7c8a0ff1680a247156a14571634bb7fee103f78936f9a","2048","1542","other","RGB","existing_damage","train","images/0133.png"
"0134","digitaltmuseum_S-JVM_JvmKAGF00696_Hjul_med_skadad_hjulring.webp","digitaltmuseum_S-JVM_JvmKAGF00696","0134.png","real_damaged","DigitaltMuseum","https://digitaltmuseum.org/S-JVM/JvmKAGF00696","Public Domain","https://creativecommons.org/publicdomain/mark/1.0/","db10355d5aa616aaf565aa7af85d6e4ad348562739b5ece3f6f9366246420952","7daa7eb619f80a9e3f7697dbaee1b5545a2113aea034eb08a9fb8f9f73e86ed4","1521","2048","other","RGB","existing_damage","train","images/0134.png"
"0135","digitaltmuseum_S-JVM_JvmKAGF00697_Hjul_med_skadad_hjulring.webp","digitaltmuseum_S-JVM_JvmKAGF00697","0135.png","real_damaged","DigitaltMuseum","https://digitaltmuseum.org/S-JVM/JvmKAGF00697","Public Domain","https://creativecommons.org/publicdomain/mark/1.0/","3220c972207a9456d551cfd300c325ab83310c1f27f534da5c7457171cae79d7","eb8b0e6af30d5444e1b5f74a28bf562db1a3612e5c28f7ff06b3d78301244b69","1521","2048","other","RGB","existing_damage","validation","images/0135.png"
"0136","digitaltmuseum_S-JVM_JvmKAJA00384_Skadad_hejare_30_11_i_smedjan_efter_hopsvetsning.webp","digitaltmuseum_S-JVM_JvmKAJA00384","0136.png","real_damaged","DigitaltMuseum","https://digitaltmuseum.org/S-JVM/JvmKAJA00384","Public Domain","https://creativecommons.org/publicdomain/mark/1.0/","18043f586183310e0eb31a7dc3f5d3472a6ef52df93b1a675137cc6cba6b9a22","de217ee77e853e235cbfe756640389587ed500f671acec0c90db26afdd5d7d0f","1376","2048","indoor_scene","RGB","existing_damage","train","images/0136.png"
"0137","digitaltmuseum_S-JVM_JvmKAJA00640_Plåt_lastad_på_vagn,_skadad_under_transport.__Norsholm_-_Västervik_-_Hultsfreds_.webp","digitaltmuseum_S-JVM_JvmKAJA00640","0137.png","real_damaged","DigitaltMuseum","https://digitaltmuseum.org/S-JVM/JvmKAJA00640","Public Domain","https://creativecommons.org/publicdomain/mark/1.0/","1cc7317cdcddb19c4f65f5dd9e06dedfe7732558647ca0e5840e34fc169e94be","2d27d3a40f5b0b9be58912787e652ecb30015b8610b0ad5ddf891819984ad401","2048","1403","other","RGB","existing_damage","train","images/0137.png"
"0138","digitaltmuseum_S-JVM_JvmKAJA00641_Plåt_lastad_på_vagn,_skadad_under_transport._Norsholm_-_Västervik_-_Hultsfreds_J.webp","digitaltmuseum_S-JVM_JvmKAJA00641","0138.png","real_damaged","DigitaltMuseum","https://digitaltmuseum.org/S-JVM/JvmKAJA00641","Public Domain","https://creativecommons.org/publicdomain/mark/1.0/","5ccf4790d9b384bc7f3439aefbed65d85620e3ec821c0bb34205b21feee418de","68ae147ab19d9ce10002cd21fd7151f7721357968f3036442103239e0bc2fe82","2048","1403","other","RGB","existing_damage","train","images/0138.png"
"0139","digitaltmuseum_S-JVM_JvmKAJA00642_Plåt_lastad_på_vagn,_skadad_under_transport._Norsholm_-_Västervik_-_Hultsfreds_J.webp","digitaltmuseum_S-JVM_JvmKAJA00642","0139.png","real_damaged","DigitaltMuseum","https://digitaltmuseum.org/S-JVM/JvmKAJA00642","Public Domain","https://creativecommons.org/publicdomain/mark/1.0/","718155131a7f31a2ed43cd8e5f7271c907dd0253c630e9d34e71fd4c437385c4","eb6821c72e8d7527939f93ad7df4ea43851e9f2285e07f6baedd331c20b113d9","2048","1403","other","RGB","existing_damage","test","images/0139.png"
"0140","digitaltmuseum_S-JVM_JvmKBBA01403_Statens_Järnvägar,_SJ_sovvagn_ACo4_2960_Skadad_vid_bombning_i_Narvik.webp","digitaltmuseum_S-JVM_JvmKBBA01403","0140.png","real_damaged","DigitaltMuseum","https://digitaltmuseum.org/S-JVM/JvmKBBA01403","Public Domain","https://creativecommons.org/publicdomain/mark/1.0/","474829a0e2e6f1c9d1932246666d9767d1ed837a81f68af1e2a22fb80a82e560","3e73e5a9320c541046d5c5aae942a00f17cd8ee3a4dd9f927eed5a23bd311e45","2048","1385","outdoor_scene","RGB","existing_damage","test","images/0140.png"
"0141","digitaltmuseum_S-JVM_JvmKBBA01404_Statens_Järnvägar,_SJ_sovvagn_ACo4_2960_Skadad_vid_bombning_i_Narvik.webp","digitaltmuseum_S-JVM_JvmKBBA01404","0141.png","real_damaged","DigitaltMuseum","https://digitaltmuseum.org/S-JVM/JvmKBBA01404","Public Domain","https://creativecommons.org/publicdomain/mark/1.0/","2636fd5b0a9013afcf014e6f2419a4613ab7f59d71271b8c4d98eafd898e6631","a769bb0f7bf7c87c8dd1330f12c6c5e19c1aa39c9f0236621b02c3d89b579145","2048","1385","outdoor_scene","RGB","existing_damage","validation","images/0141.png"
"0142","digitaltmuseum_S-JVM_JvmKBBA01405_Statens_Järnvägar,_SJ_sovvagn_ACo4_2960_Skadad_vid_bombning_i_Narvik.webp","digitaltmuseum_S-JVM_JvmKBBA01405","0142.png","real_damaged","DigitaltMuseum","https://digitaltmuseum.org/S-JVM/JvmKBBA01405","Public Domain","https://creativecommons.org/publicdomain/mark/1.0/","26f77e87d047c20b01726422521f784eb9d8c7932be86ccc13884bdef6d6664a","1285b8117ba4b7c8560e2a8f1f9134e43af1c43b11d5ebb6eca18411cbdec1e2","2048","1359","outdoor_scene","RGB","existing_damage","validation","images/0142.png"
"0143","digitaltmuseum_S-JVM_JvmKBDM02904_Museijärnväg_Östra_Södermanlands_Järnväg,_ÖSlJ._Skadad_personvagn_på_spåret_vid_.webp","digitaltmuseum_S-JVM_JvmKBDM02904","0143.png","real_damaged","DigitaltMuseum","https://digitaltmuseum.org/S-JVM/JvmKBDM02904","Public Domain","https://creativecommons.org/publicdomain/mark/1.0/","7514926acbee9ba7d05331ab2c0ebcb4ab38aa41cfa453900d05994cd0ce600c","69009bef11af8480cc100551ff815d2d95697335e872c7565f415ebccc3567a0","2048","2019","other","RGB","existing_damage","train","images/0143.png"
"0144","digitaltmuseum_S-JVM_JvmKBDM03268_Järnvägsolycka_vid_Rosendala_med_tre_personvagnar_tillhörande_Jönköping_-_Gripen.webp","digitaltmuseum_S-JVM_JvmKBDM03268","0144.png","real_damaged","DigitaltMuseum","https://digitaltmuseum.org/S-JVM/JvmKBDM03268","Public Domain","https://creativecommons.org/publicdomain/mark/1.0/","85cf1258ddeb48e544f8f3c0bc0ecf1b388987ddd593bb81139c3c1860b62b19","3490f07588a27347fa15242e2fe6d2dd6aecb1864bd9741922dc7d7373706d34","2048","1532","outdoor_scene","RGB","existing_damage","train","images/0144.png"
"0145","digitaltmuseum_S-JVM_JvmKCAC02199_Vy_över_Dorotea_från_kyrkan.webp","digitaltmuseum_S-JVM_JvmKCAC02199","0145.png","real_damaged","DigitaltMuseum","https://digitaltmuseum.org/S-JVM/JvmKCAC02199","Public Domain","https://creativecommons.org/publicdomain/mark/1.0/","67bd6c5f00b3959b50e7ae91ddbe26f5d6dbb3151a5e6140fe6f1991cee5483c","b3be7a36866511ff36dcd87b1fb619862e3d007800dfe09339c49953fc3c07ae","2048","1297","outdoor_scene","RGB","existing_damage","train","images/0145.png"
"0146","digitaltmuseum_S-JVM_JvmKCAC15489_Järnvägsbron_över_Säveån_vid_Jonsered.webp","digitaltmuseum_S-JVM_JvmKCAC15489","0146.png","real_damaged","DigitaltMuseum","https://digitaltmuseum.org/S-JVM/JvmKCAC15489","Public Domain","https://creativecommons.org/publicdomain/mark/1.0/","4f7431d08459a7f5331c665ad1daadcde38330e8ecf71f73492b6bbf79cb281e","e2253b66851201f83339c70a896162e9f727164679b714b72178d7ec99ef0c50","2048","1342","architecture","RGB","existing_damage","train","images/0146.png"
"0147","digitaltmuseum_S-JVM_JvmKDAA12337_Statens_Järnvägar,_SJ_godsvagn_13228.__13_maj_spårar_ett_godståg_ur_mellan_Näsvi.webp","digitaltmuseum_S-JVM_JvmKDAA12337","0147.png","real_damaged","DigitaltMuseum","https://digitaltmuseum.org/S-JVM/JvmKDAA12337","Public Domain","https://creativecommons.org/publicdomain/mark/1.0/","b76a9d8976f4fc86d981922c908cec949c47666074d494cde446c0f89bdd1c60","5b86364d34cbad87306aa32f64132da9fa94571b2e18e7e826c14c25a2888a9b","2048","1434","outdoor_scene","RGB","existing_damage","validation","images/0147.png"
"0148","digitaltmuseum_S-JVM_JvmKDAE04306_Spricka_i_godsmagasin_byggnad.webp","digitaltmuseum_S-JVM_JvmKDAE04306","0148.png","real_damaged","DigitaltMuseum","https://digitaltmuseum.org/S-JVM/JvmKDAE04306","Public Domain","https://creativecommons.org/publicdomain/mark/1.0/","99d0fb6cb18466d57612f806df3595b16d3e827fa88522dbeaca679c4d70651b","b0a9d8a4b210acdfcfb3a5bc472949ba1c9c7f240bcf55e4e2c5201c8eeaaeae","1460","2048","architecture","RGB","existing_damage","train","images/0148.png"
"0149","digitaltmuseum_S-JVM_JvmKDAE04307_Spricka_i_godsmagasin_byggnad.webp","digitaltmuseum_S-JVM_JvmKDAE04307","0149.png","real_damaged","DigitaltMuseum","https://digitaltmuseum.org/S-JVM/JvmKDAE04307","Public Domain","https://creativecommons.org/publicdomain/mark/1.0/","9fb50eaf27277c54d1790c300721c6574fcef932498003e0cefb26fb32322ec8","91f3dc3eaaae21c9c643796f32f1aed6e8818642fa46c70c63718d155dd2e69f","1454","2048","architecture","RGB","existing_damage","train","images/0149.png"
"0150","digitaltmuseum_S-JVM_JvmKDAE04308_Spricka_i_godsmagasin_byggnad.webp","digitaltmuseum_S-JVM_JvmKDAE04308","0150.png","real_damaged","DigitaltMuseum","https://digitaltmuseum.org/S-JVM/JvmKDAE04308","Public Domain","https://creativecommons.org/publicdomain/mark/1.0/","0ba1d793eceea3231fe3aeb565e07203e82351e171d514027ab848c3f58bc76c","fa233f3f2e987fec216c0014c01a674f04d63c0ffc1b27d2bcbf6c3dc617f557","1482","2048","architecture","RGB","existing_damage","train","images/0150.png"
"0151","digitaltmuseum_S-JVM_JvmKDAE04309_Spricka_i_godsmagasin_byggnad.webp","digitaltmuseum_S-JVM_JvmKDAE04309","0151.png","real_damaged","DigitaltMuseum","https://digitaltmuseum.org/S-JVM/JvmKDAE04309","Public Domain","https://creativecommons.org/publicdomain/mark/1.0/","3218bddca0fd1e538f63b7e84fa8a04befdc6202cbbc06a7ce52da1d3eed3fde","3d56be747bca345948bd5155bd8ddb04f619345a21138c314e75e292042df360","1480","2048","architecture","RGB","existing_damage","train","images/0151.png"
"0152","digitaltmuseum_S-JVM_JvmKDAE04310_Spricka_i_godsmagasin_byggnad.webp","digitaltmuseum_S-JVM_JvmKDAE04310","0152.png","real_damaged","DigitaltMuseum","https://digitaltmuseum.org/S-JVM/JvmKDAE04310","Public Domain","https://creativecommons.org/publicdomain/mark/1.0/","570f905bfee7a96668d57c88ead0fba7d03221b2a48214b25b321fb046ec1f07","f2b5e5412fd18283c3395f7b62bc62cffefcc03fe987f8acf8deb9563dc41339","1669","2048","architecture","RGB","existing_damage","train","images/0152.png"
"0153","digitaltmuseum_S-JVM_JvmKDAE05164_Gamla_muren_på_östra_gaveln.webp","digitaltmuseum_S-JVM_JvmKDAE05164","0153.png","real_damaged","DigitaltMuseum","https://digitaltmuseum.org/S-JVM/JvmKDAE05164","Public Domain","https://creativecommons.org/publicdomain/mark/1.0/","167710357946f67175c5bc33fa071a420bc9c19f12beb69f57a31fedbaa4cd33","9f785db1fcb913b059856a3da0e24d19a9faaed852a8fcc8dd40a1537dde5808","1402","2048","architecture","RGB","existing_damage","train","images/0153.png"
"0154","digitaltmuseum_S-JVM_JvmKDAE11457_Markområde_i_anslutning_till_Statens_Järnvägars_slipersfabrik_i_Piteå.webp","digitaltmuseum_S-JVM_JvmKDAE11457","0154.png","real_damaged","DigitaltMuseum","https://digitaltmuseum.org/S-JVM/JvmKDAE11457","Public Domain","https://creativecommons.org/publicdomain/mark/1.0/","453aaed03f09e2e08a9e88127b80d881314731eb9f23a96c7968f1552873a439","977efc29137de90bf5f60a31a114df52d09469ba272037b01297d0b182ced1df","2048","1363","outdoor_scene","RGB","existing_damage","train","images/0154.png"
"0155","digitaltmuseum_S-JVM_JvmKDAE12019_Spricka_i_en_vänsterhalva.webp","digitaltmuseum_S-JVM_JvmKDAE12019","0155.png","real_damaged","DigitaltMuseum","https://digitaltmuseum.org/S-JVM/JvmKDAE12019","Public Domain","https://creativecommons.org/publicdomain/mark/1.0/","7490f468daed673ff3ccec237e54b3dce7130b46b1975536871d17c30a08322e","9ba42921285ef8d5a55db4963b8ca429dd19e9eca66f36803088c37b0b12d6ed","2048","2011","other","RGB","existing_damage","train","images/0155.png"
"0156","digitaltmuseum_S-JVM_JvmKDAE13336_Skadad_godsvagn_efter_urspårning.webp","digitaltmuseum_S-JVM_JvmKDAE13336","0156.png","real_damaged","DigitaltMuseum","https://digitaltmuseum.org/S-JVM/JvmKDAE13336","Public Domain","https://creativecommons.org/publicdomain/mark/1.0/","76d4fc0ae353840f6c330dc7e7a489ab96b4de3f16ec7c9bc00759fd2e70d54e","f653c15399c7432490607aaaa9e77e1cc2444a8d57c899f787eab6602f1f9b58","2048","1467","outdoor_scene","RGB","existing_damage","train","images/0156.png"
"0157","digitaltmuseum_S-JVM_JvmKDAE13373_Snö,_is_och_skadad_telefonstolpe_efter_översvämning_i_Tornedalen.webp","digitaltmuseum_S-JVM_JvmKDAE13373","0157.png","real_damaged","DigitaltMuseum","https://digitaltmuseum.org/S-JVM/JvmKDAE13373","Public Domain","https://creativecommons.org/publicdomain/mark/1.0/","87372926c59a8eb26cf0d0ca4bad8f3006a4b384377defaa4d546f2eb4e4916d","ed892b9882b59d44afd92c168acf629202bdeb4092544e09fbbf1d3f5e64bdd5","1347","2048","outdoor_scene","RGB","existing_damage","train","images/0157.png"
"0158","digitaltmuseum_S-JVM_JvmKDAE13374_Snö,_is_och_skadad_telefonstolpe_efter_översvämning_i_Tornedalen.webp","digitaltmuseum_S-JVM_JvmKDAE13374","0158.png","real_damaged","DigitaltMuseum","https://digitaltmuseum.org/S-JVM/JvmKDAE13374","Public Domain","https://creativecommons.org/publicdomain/mark/1.0/","ab26acb160941752312af3ba70e211ceccc2d1c3b324d78deca4fcadd02933e0","bf6105e5144cac1aff5314c70f9d1bd3f3bebd0da0dea6dac56228d81c9086e6","1532","2048","outdoor_scene","RGB","existing_damage","train","images/0158.png"
"0159","digitaltmuseum_S-JVM_JvmKDAE13470_Skadad_personvagn_Norges_Statsbaner,_NSB_efter_olycka_i_Pålsboda_1951.webp","digitaltmuseum_S-JVM_JvmKDAE13470","0159.png","real_damaged","DigitaltMuseum","https://digitaltmuseum.org/S-JVM/JvmKDAE13470","Public Domain","https://creativecommons.org/publicdomain/mark/1.0/","96f8b529615853180343c695107e7841ba70c903de9d0731d08247a1ed17040d","03ae4bfeae0d955838ec619cdfb748b894a0f6d9f2a6f419c28a17c94626df0a","2048","1396","outdoor_scene","RGB","existing_damage","train","images/0159.png"
"0160","digitaltmuseum_S-JVM_JvmKDAE13531_Skadad_riktningsväxel_från_Statens_Järnvägar,_SJ_T2_83_augusti_1959.webp","digitaltmuseum_S-JVM_JvmKDAE13531","0160.png","real_damaged","DigitaltMuseum","https://digitaltmuseum.org/S-JVM/JvmKDAE13531","Public Domain","https://creativecommons.org/publicdomain/mark/1.0/","86173d5954c00d872bf24310d71c8d434f6c4d06be240080613d9b09793bd04b","ad73a68677917765c9cfe6db4487cfe5eed60944fba12e6ceb677bb7c6d5525c","2048","1409","other","RGB","existing_damage","train","images/0160.png"
"0161","digitaltmuseum_S-JVM_JvmKDAE13532_Skadad_riktningsväxel_från_Statens_Järnvägar,_SJ_T2_83_augusti_1959.webp","digitaltmuseum_S-JVM_JvmKDAE13532","0161.png","real_damaged","DigitaltMuseum","https://digitaltmuseum.org/S-JVM/JvmKDAE13532","Public Domain","https://creativecommons.org/publicdomain/mark/1.0/","d265483bdb4c4cf6bf862f37cadced2ebd945a57585540a172442829f0291155","a7adcc5233850d3c8152ffb9198f2fbdf51d8f544f4569069a7dce41dabb83c1","2048","2027","other","RGB","existing_damage","train","images/0161.png"
"0163","digitaltmuseum_S-JVM_JvmKDAE13534_Skadad_riktningsväxel_från_Statens_Järnvägar,_SJ_T2_83_augusti_1959.webp","digitaltmuseum_S-JVM_JvmKDAE13534","0163.png","real_damaged","DigitaltMuseum","https://digitaltmuseum.org/S-JVM/JvmKDAE13534","Public Domain","https://creativecommons.org/publicdomain/mark/1.0/","c624173bf5985c9c06a4ed47562f9cace454924bf168b4e67dc6efe30a315693","452a1247c02da9d52e2b9a6deeecddba093fe83285e65da91df951cfca2b864a","2029","2048","other","RGB","existing_damage","train","images/0163.png"
"0164","digitaltmuseum_S-JVM_JvmKDAE13535_Skadad_riktningsväxel_från_Statens_Järnvägar,_SJ_T2_83_augusti_1959.webp","digitaltmuseum_S-JVM_JvmKDAE13535","0164.png","real_damaged","DigitaltMuseum","https://digitaltmuseum.org/S-JVM/JvmKDAE13535","Public Domain","https://creativecommons.org/publicdomain/mark/1.0/","5fe82cee99921268b45f5cccbd4128775a157d6102bad97317c3d46b78fae5a7","d538dd160dda64db13387fca5504a23b9fd8293956096927e44834265cf3e2e5","2048","2043","other","RGB","existing_damage","validation","images/0164.png"
"0165","digitaltmuseum_S-JVM_JvmKDAE13745_Vy_på_bangård_efter_tågolycka_med_skadad_kontaktledningsstolpe.webp","digitaltmuseum_S-JVM_JvmKDAE13745","0165.png","real_damaged","DigitaltMuseum","https://digitaltmuseum.org/S-JVM/JvmKDAE13745","Public Domain","https://creativecommons.org/publicdomain/mark/1.0/","84c1fa2617f8a96583ea6b2fa31855c930ee65f4d35de95ff86fead398201868","9b2325df4e34218721b09833fc4363421e9e9c9e6fad4ffc1cfb208c724a1b77","2041","2048","outdoor_scene","RGB","existing_damage","test","images/0165.png"
"0166","digitaltmuseum_S-JVM_JvmKDAE13760_Närbild_på_skadad_vagn_efter_tågolycka.webp","digitaltmuseum_S-JVM_JvmKDAE13760","0166.png","real_damaged","DigitaltMuseum","https://digitaltmuseum.org/S-JVM/JvmKDAE13760","Public Domain","https://creativecommons.org/publicdomain/mark/1.0/","ad36584fc84e782ebf166770d9a9c2f57c061d56b0a51b4cb9b51c18afec1963","22ff2e9a579334e9089cb852f7ee35bfc0611aa893f9e6edcb834b36daf17c57","2048","1378","outdoor_scene","RGB","existing_damage","validation","images/0166.png"
"0167","digitaltmuseum_S-JVM_JvmKDAE13761_Statens_Järnvägar,_SJ_BCo7_2472._Skadad_personvagn_efter_tågolycka.webp","digitaltmuseum_S-JVM_JvmKDAE13761","0167.png","real_damaged","DigitaltMuseum","https://digitaltmuseum.org/S-JVM/JvmKDAE13761","Public Domain","https://creativecommons.org/publicdomain/mark/1.0/","09ee7f0ecf328d3d407d069f8fa46b123826d4169f8034b3ee5170be3c09492d","5e74193836a5d61140d81dc2bcd3ae9d8afdbbf8f0d915efeba5b87eee2f5626","2048","1392","outdoor_scene","RGB","existing_damage","train","images/0167.png"
"0168","digitaltmuseum_S-JVM_JvmKDAE13874_Undersökning_av_skadad_rälsbuss_efter_olycka_vid_Hinsnorets_station_mars_1957.webp","digitaltmuseum_S-JVM_JvmKDAE13874","0168.png","real_damaged","DigitaltMuseum","https://digitaltmuseum.org/S-JVM/JvmKDAE13874","Public Domain","https://creativecommons.org/publicdomain/mark/1.0/","b1d6b7ba4592206e087e2e6d62cc221344f713176859995d14085fe0961ff268","8f3bb952f8629c47636fcaa10e00d3deaafb4d70f13def1db062055e62f7185d","1375","2048","outdoor_scene","RGB","existing_damage","train","images/0168.png"
"0169","digitaltmuseum_S-JVM_JvmKDAE13988_Statens_Järnvägar,_SJ_ACo4_2960_som_blev_skadad_efter_bombning_i_Narvik.webp","digitaltmuseum_S-JVM_JvmKDAE13988","0169.png","real_damaged","DigitaltMuseum","https://digitaltmuseum.org/S-JVM/JvmKDAE13988","Public Domain","https://creativecommons.org/publicdomain/mark/1.0/","cf902aaea680ffe44a7b5b253e3800c56211b4baeddad5acfd1e0ea40a8c1cc3","73f81a0ddfcf87cbdf53a006a23180582a9676e02f7687a6aee40330d71eefe7","2048","1320","outdoor_scene","RGB","existing_damage","train","images/0169.png"
"0170","digitaltmuseum_S-JVM_JvmKDAE13991_Statens_Järnvägar,_SJ_ACo4_2960_som_blev_skadad_efter_bombning_i_Narvik.webp","digitaltmuseum_S-JVM_JvmKDAE13991","0170.png","real_damaged","DigitaltMuseum","https://digitaltmuseum.org/S-JVM/JvmKDAE13991","Public Domain","https://creativecommons.org/publicdomain/mark/1.0/","01edaabe803c47ccd2d956a78af68330396c60bea5f63a5b670f67fd906f8b01","6c259ba7efa04a1a7058b09fb0cd5248eda44d97f627755ea3caf116367d89c4","2048","1315","outdoor_scene","RGB","existing_damage","train","images/0170.png"
"0171","digitaltmuseum_S-JVM_JvmKDAF06501_Skadad_Volvo_B657x3._Statens_Järnvägar,_SJ.webp","digitaltmuseum_S-JVM_JvmKDAF06501","0171.png","real_damaged","DigitaltMuseum","https://digitaltmuseum.org/S-JVM/JvmKDAF06501","Public Domain","https://creativecommons.org/publicdomain/mark/1.0/","8e8ac1bfd01088fba174945728d99ecfb3a5de5bae9bfd825b041266263d5d84","814b39ea15629d55a20bd76c1af28e735208c3a33aa1341603f088e66c0c3c58","2048","2036","other","RGB","existing_damage","train","images/0171.png"
"0172","digitaltmuseum_S-JVM_JvmKDAF08009_Skadad_buss.webp","digitaltmuseum_S-JVM_JvmKDAF08009","0172.png","real_damaged","DigitaltMuseum","https://digitaltmuseum.org/S-JVM/JvmKDAF08009","Public Domain","https://creativecommons.org/publicdomain/mark/1.0/","32e18ea5f377897a6521b6547cc243868a2b88d583ac2982a8851e5a8e6f03ad","2a08fd96a240e3971f8f5f478b3e3bd1c4ca4c5ec49cdd2a6ad330b62e7e74f5","2048","1368","other","RGB","existing_damage","train","images/0172.png"
"0173","digitaltmuseum_S-JVM_JvmKDAJ00349_Omlastningsskjul_i_Åtvidaberg_rasar_när_en_godsvagn_välter_mot_det._En_överförin.webp","digitaltmuseum_S-JVM_JvmKDAJ00349","0173.png","real_damaged","DigitaltMuseum","https://digitaltmuseum.org/S-JVM/JvmKDAJ00349","Public Domain","https://creativecommons.org/publicdomain/mark/1.0/","cbf227c4ae1908a5f9f8f8231f22ecf96cb10fc1c2c16baa853d7214a12d26de","654e79e3ad7801f4d7f6b6edc247fe9169de0216224c0140bd9d56ac6b90d5b6","2048","1453","outdoor_scene","RGB","existing_damage","train","images/0173.png"
"0174","digitaltmuseum_S-JVM_JvmKDAK01787_Stationsskrivare_B._Gustaf_W._Ramsay.webp","digitaltmuseum_S-JVM_JvmKDAK01787","0174.png","real_damaged","DigitaltMuseum","https://digitaltmuseum.org/S-JVM/JvmKDAK01787","Public Domain","https://creativecommons.org/publicdomain/mark/1.0/","9415bf3b296599cf43da4c2bcbb6b236ccb38acb839fffc738c91b7b48a1fe45","9dc1821452dedbe2500c173e0b9c52e598b16280b968ca0019bbbd301fbc9216","2048","1518","single_portrait","RGB","existing_damage","train","images/0174.png"
"0175","digitaltmuseum_S-JVM_JvmKDAK02111_Maskindirektör_K._O._Sundkuist_vid_sin_pensionering.webp","digitaltmuseum_S-JVM_JvmKDAK02111","0175.png","real_damaged","DigitaltMuseum","https://digitaltmuseum.org/S-JVM/JvmKDAK02111","Public Domain","https://creativecommons.org/publicdomain/mark/1.0/","95db00b8b25596ec9709fc22cde22f8463d4acbf0a0283e6979074fa33c9ae5f","c3fd920e4bd478585cea00f552bac0fed713b1217d0971255ea120f22ef90a8a","2048","1391","single_portrait","RGB","existing_damage","train","images/0175.png"
"0176","digitaltmuseum_S-KA_KLMF.43967-32_Hyreshus_på_Proviantgatan._I_fonden_syns_det_som_senare_kallats_Tullhamnen._Svår.webp","digitaltmuseum_S-KA_KLMF.43967-32","0176.png","real_damaged","DigitaltMuseum","https://digitaltmuseum.org/S-KA/KLMF.43967-32","Public Domain","https://creativecommons.org/publicdomain/mark/1.0/","1b40baa92c07c2a966f68a5249ac801726b19f2d4329ff0db4a058b80eb9030c","294b5d3e81766c703c9e1ac7bd8744fa96d24019f0b06f469c813976ece497fe","2048","1547","architecture","RGB","existing_damage","train","images/0176.png"
"0177","digitaltmuseum_S-KA_KLMF.A15199_Trompe_l'œil-målning_i_Gyllene_salen_på_Kalmar_slott._Spricka_i_fogen_mellan_Kun.webp","digitaltmuseum_S-KA_KLMF.A15199","0177.png","real_damaged","DigitaltMuseum","https://digitaltmuseum.org/S-KA/KLMF.A15199","Public Domain","https://creativecommons.org/publicdomain/mark/1.0/","e79916e3de4f7f5ecf5883949505c736520479d19bf2288a0c57c25e6fa8b51d","b35b65f01c104f9dd03feda0ceb7a11f374b9a694bd002e3bf7df081441f4457","920","914","other","RGB","existing_damage","train","images/0177.png"
"0178","digitaltmuseum_S-KA_KLMF.C00378a_Godtemplarnas_Musikkår,_omkring_1900._Bilden_skadad_av_hålslag._Nummer_två_repro.webp","digitaltmuseum_S-KA_KLMF.C00378a","0178.png","real_damaged","DigitaltMuseum","https://digitaltmuseum.org/S-KA/KLMF.C00378a","Public Domain","https://creativecommons.org/publicdomain/mark/1.0/","f959406f15beb4fd73ad20294397fff72e006524101146d51b48248a2b681e4c","c2c4682e42a89be83eaebcafcf3bfac9e8f8235bb7c257bba91c9baae14fda72","1487","1181","group_portrait","RGB","existing_damage","train","images/0178.png"
"0179","digitaltmuseum_S-KA_KLMF.H_gsby00440_En_av_våra_äldsta_bilder_från_Högsby._Kopian_är_skadad_i_kanterna.webp","digitaltmuseum_S-KA_KLMF.Högsby00440","0179.png","real_damaged","DigitaltMuseum","https://digitaltmuseum.org/S-KA/KLMF.Högsby00440","Public Domain","https://creativecommons.org/publicdomain/mark/1.0/","146e0ee4078082f4fabc61ec10dd48faa8c6a2c380d0a958c1fb14f2b51d4750","74108027bbac1daad5ff4fd753c1d127af8ce2610502810cc013a05d66544ddd","1181","854","other","RGB","existing_damage","train","images/0179.png"
"0180","digitaltmuseum_S-KA_KLMF.L_ngl_t00098_A2._Rektangulär_skadad_i_östra_delen._I_centrum_syns_en_liggande_kalkstensflisa.webp","digitaltmuseum_S-KA_KLMF.Långlöt00098","0180.png","real_damaged","DigitaltMuseum","https://digitaltmuseum.org/S-KA/KLMF.Långlöt00098","Public Domain","https://creativecommons.org/publicdomain/mark/1.0/","9b1136b19fbf2c5615a41ed5ffd01a85b7496de48a28e23f48dc3260237ed59d","34c712518513af1800f816170640d28afb78ebb23db54554d1f0e0eb5dfb9959","2048","1472","outdoor_scene","RGB","existing_damage","train","images/0180.png"
"0188","digitaltmuseum_S-OLM_OLM-2008-5-21_Vertikalt_spricksystem._Stenkullaberget.webp","digitaltmuseum_S-OLM_OLM-2008-5-21","0188.png","real_damaged","DigitaltMuseum","https://digitaltmuseum.org/S-OLM/OLM-2008-5-21","Public Domain","https://creativecommons.org/publicdomain/mark/1.0/","cbc1d2ae04b4d6cdd5120070a37fbc844603d1af3e3bc163fef5864c5174fece","7a63bc92130667e2c4a36c7baf52a0db5e948944497634f4f6ccd7e1e311cef5","1215","800","outdoor_scene","RGB","existing_damage","train","images/0188.png"
"0191","digitaltmuseum_S-PM_POST.004860_Postverkets_Industrier,_Ranhammarsvägen_16,_Ulvsunda._1947.__Bilverkstaden._En_s.webp","digitaltmuseum_S-PM_POST.004860","0191.png","real_damaged","DigitaltMuseum","https://digitaltmuseum.org/S-PM/POST.004860","Public Domain","https://creativecommons.org/publicdomain/mark/1.0/","187d8524f96013eae448df3a8a1b8080aa7fbf99ad067cd9d1b3f48fb07931e7","ff7197f7f8bec8a46ddde449e365c55b86f7ebc1cad406f61b9a4ba8498bd3cd","2048","1514","indoor_scene","RGB","existing_damage","train","images/0191.png"
"0192","digitaltmuseum_S-SMM-MM_I1074_Untitled_photograph.webp","digitaltmuseum_S-SMM-MM_I1074","0192.png","real_damaged","DigitaltMuseum","https://digitaltmuseum.org/S-SMM-MM/I1074","Public Domain","https://creativecommons.org/publicdomain/mark/1.0/","8a7aac0ffe0bcab5fd95924f679c973e20357a70a249d950e2458b074ad55d37","b9646150ab7337820ac777ed8ae275dd7832b1caec9453c2e1ec4f6c865cb130","2048","1704","other","RGB","existing_damage","train","images/0192.png"
"0193","digitaltmuseum_S-SMM-MM_I1968_Untitled_photograph.webp","digitaltmuseum_S-SMM-MM_I1968","0193.png","real_damaged","DigitaltMuseum","https://digitaltmuseum.org/S-SMM-MM/I1968","Public Domain","https://creativecommons.org/publicdomain/mark/1.0/","012c5f99ddada00b1ebcc8ee0fbdfef51cfdff3d477865ebb02157cf81f73743","ff68fb814325ef34c9ee35ad3bd47bed0b200250d7b2c08bf413059e9a7e667f","2048","1528","other","RGB","existing_damage","test","images/0193.png"
"0194","digitaltmuseum_S-SMM-MM_II59_Untitled_photograph.webp","digitaltmuseum_S-SMM-MM_II59","0194.png","real_damaged","DigitaltMuseum","https://digitaltmuseum.org/S-SMM-MM/II59","Public Domain","https://creativecommons.org/publicdomain/mark/1.0/","312e4a517ff7b4024f4bb92ba69130a4fef43a42934ddba6a04355e2b9a7917f","496714d5db3e3c6d44a21bb5f4f86ca585c7da315f562dfb37b4f5522c0795a4","1261","2048","other","RGB","existing_damage","train","images/0194.png"
"0195","digitaltmuseum_S-SMM-MM_III37_Spricka_i_lager_till_barbord_turbin_å_Drottning_Victoria.webp","digitaltmuseum_S-SMM-MM_III37","0195.png","real_damaged","DigitaltMuseum","https://digitaltmuseum.org/S-SMM-MM/III37","Public Domain","https://creativecommons.org/publicdomain/mark/1.0/","e89f0545053d2e0e5ace477926823dbfaf2f429dc8a08b34680b93e7af8050bb","e3663d366eca4f297c76b9624c84497681d9f4595665cb2b699fdf674b043bed","2048","1388","other","RGB","existing_damage","train","images/0195.png"
"0196","digitaltmuseum_S-SMM-MM_III38_Spricka_i_laget_till_barbord_turbin_å_Drottning_Victoria.webp","digitaltmuseum_S-SMM-MM_III38","0196.png","real_damaged","DigitaltMuseum","https://digitaltmuseum.org/S-SMM-MM/III38","Public Domain","https://creativecommons.org/publicdomain/mark/1.0/","2b349c649c8656452116690bdbac97963930c54ad482e966f01fc7c97b54766a","524d37b923fefbf983be79e070a116d4ca53df3288872896fd39cf4cfec54acf","2048","1374","other","RGB","existing_damage","train","images/0196.png"
"0197","digitaltmuseum_S-SMM-MM_IV1036_Skadad_ångkokgryta_tillhörande_minsveparen_Sandön._Grytan_har_deformerats_på_gru.webp","digitaltmuseum_S-SMM-MM_IV1036","0197.png","real_damaged","DigitaltMuseum","https://digitaltmuseum.org/S-SMM-MM/IV1036","Public Domain","https://creativecommons.org/publicdomain/mark/1.0/","0cf43f5cb6c709333b75801463ccddd83fc56b63fdf6f2d81b6b906a154aa62a","646ff089671353371664c05e99c9b43b54f8a61acab74369ebf4da97c094d6a3","2048","1739","other","RGB","existing_damage","train","images/0197.png"
"0198","digitaltmuseum_S-SMM-MM_IV1037_Skadad_ångkokgryta_tillhörande_minsveparen_Sandön_Grytan_har_deformerats_på_grun.webp","digitaltmuseum_S-SMM-MM_IV1037","0198.png","real_damaged","DigitaltMuseum","https://digitaltmuseum.org/S-SMM-MM/IV1037","Public Domain","https://creativecommons.org/publicdomain/mark/1.0/","fa18f7672ca70f347f7ecb1714aed680e94bdac55868b8d8f0c3650a02823425","aa6654f974d40ce528ef2a3a1ea94ea09d71ca44b8d10e2a2d541492d24e5bc8","1693","1883","other","RGB","existing_damage","train","images/0198.png"
"0199","digitaltmuseum_S-SMM-MM_IV389_Untitled_photograph.webp","digitaltmuseum_S-SMM-MM_IV389","0199.png","real_damaged","DigitaltMuseum","https://digitaltmuseum.org/S-SMM-MM/IV389","Public Domain","https://creativecommons.org/publicdomain/mark/1.0/","8f4e7061ea218f5906a6371998a3572fe978fa1f30ac8d46dbc9471a9efad7c9","bac64bce844d77f7dc8b5396112252d79dfc35d5942766773b3e70a722566b04","2048","1522","other","RGB","existing_damage","train","images/0199.png"
"0200","digitaltmuseum_S-SMM-MM_IV507_Skadad_del_af_C_Rapp.webp","digitaltmuseum_S-SMM-MM_IV507","0200.png","real_damaged","DigitaltMuseum","https://digitaltmuseum.org/S-SMM-MM/IV507","Public Domain","https://creativecommons.org/publicdomain/mark/1.0/","c6bc6b6756e1f0f1d898d59c61939c4ed9d15cfb46559bb03138160be609823d","c5f19708be25449f7d6e508eb1272f5331e088c8786ebdf0260544557c73b728","2048","1221","other","RGB","existing_damage","train","images/0200.png"
"0201","digitaltmuseum_S-SMM-MM_IV710_Untitled_photograph.webp","digitaltmuseum_S-SMM-MM_IV710","0201.png","real_damaged","DigitaltMuseum","https://digitaltmuseum.org/S-SMM-MM/IV710","Public Domain","https://creativecommons.org/publicdomain/mark/1.0/","253bd720bb73dcaeb8e6d45a193ad56c3303222459604707698ae7971edf54ba","db7f7c5415eab93e2e465793d933074fbb5376b4aeac1503a300b4975692357e","1378","2048","other","RGB","existing_damage","train","images/0201.png"
"0202","digitaltmuseum_S-SMM-MM_IV977_Untitled_photograph.webp","digitaltmuseum_S-SMM-MM_IV977","0202.png","real_damaged","DigitaltMuseum","https://digitaltmuseum.org/S-SMM-MM/IV977","Public Domain","https://creativecommons.org/publicdomain/mark/1.0/","f5fa0e3e6d03caead992064910209885c540f99e8c4c3f835635287edc59904a","914a58fba77f352cfe0eddb578cf7ec6658c1e3714f4a8d98e3b57362aa0ef65","1890","1168","other","RGB","existing_damage","train","images/0202.png"
"0203","digitaltmuseum_S-SMM-MM_IV978_Untitled_photograph.webp","digitaltmuseum_S-SMM-MM_IV978","0203.png","real_damaged","DigitaltMuseum","https://digitaltmuseum.org/S-SMM-MM/IV978","Public Domain","https://creativecommons.org/publicdomain/mark/1.0/","734787811a2bd3b3280b6f672b9fd88c33e1f3422480902e20da1a952ac04555","ae7c6bbe6ce2f0d5117fe24905f1329f6649383e47636afbb181ad66b6a0dac0","1936","1233","other","RGB","existing_damage","train","images/0203.png"
"0204","digitaltmuseum_S-SMM-MM_V14028_Untitled_photograph.webp","digitaltmuseum_S-SMM-MM_V14028","0204.png","real_damaged","DigitaltMuseum","https://digitaltmuseum.org/S-SMM-MM/V14028","Public Domain","https://creativecommons.org/publicdomain/mark/1.0/","0783425f2985ec11fc4e52ad34b4d99f593b917fa4784617ad6f42c175713332","f1e120338b94596b514ddb821c6e2008b447aed45acaf72aa67ed832233186f9","2019","2048","other","RGB","existing_damage","train","images/0204.png"
"0205","digitaltmuseum_S-SMM-MM_V14029_Untitled_photograph.webp","digitaltmuseum_S-SMM-MM_V14029","0205.png","real_damaged","DigitaltMuseum","https://digitaltmuseum.org/S-SMM-MM/V14029","Public Domain","https://creativecommons.org/publicdomain/mark/1.0/","06eb984164994ba6614c128a81cc12ad64fff83bbd0b624fe3842d1336b7a8c0","c4f527ec3216a3497a3f2e159a0fe2031c996a532386f0926eae8c1d8f4d9558","2020","2048","other","RGB","existing_damage","train","images/0205.png"
"0206","digitaltmuseum_S-SMM-MM_V14030_Untitled_photograph.webp","digitaltmuseum_S-SMM-MM_V14030","0206.png","real_damaged","DigitaltMuseum","https://digitaltmuseum.org/S-SMM-MM/V14030","Public Domain","https://creativecommons.org/publicdomain/mark/1.0/","8fb496acc5a81d16ddef6f6088b37e558c0bfbf85b0fe2085ae835fa27318885","4656669c4a44a0a9a4abadf9a33c662f246995cceaf9feb075218a11519f1a67","2020","2048","other","RGB","existing_damage","train","images/0206.png"
"0207","digitaltmuseum_S-SMM-MM_V14031_Untitled_photograph.webp","digitaltmuseum_S-SMM-MM_V14031","0207.png","real_damaged","DigitaltMuseum","https://digitaltmuseum.org/S-SMM-MM/V14031","Public Domain","https://creativecommons.org/publicdomain/mark/1.0/","bb0312eef51e1cec22b4a275a24a6f34fceef821d9481f5f27f4e42b15e51c94","a89c0597c10e31dbe9ed0e9d7b242f841a82383e1dd8f2cc36570e4981db104a","2043","2048","other","RGB","existing_damage","validation","images/0207.png"
"0208","digitaltmuseum_S-SMM-MM_V14032_Untitled_photograph.webp","digitaltmuseum_S-SMM-MM_V14032","0208.png","real_damaged","DigitaltMuseum","https://digitaltmuseum.org/S-SMM-MM/V14032","Public Domain","https://creativecommons.org/publicdomain/mark/1.0/","f1fa55d6e30f9aa291f03214b36ab63da0fcfbfc599a1cdbf483d2d73e80a121","8ad69bb6e898781fbb93d9643344272ea805ce5b3bb803aa6b10d721d633b464","1994","2048","other","RGB","existing_damage","train","images/0208.png"
"0209","digitaltmuseum_S-SMM-MM_V14033_Untitled_photograph.webp","digitaltmuseum_S-SMM-MM_V14033","0209.png","real_damaged","DigitaltMuseum","https://digitaltmuseum.org/S-SMM-MM/V14033","Public Domain","https://creativecommons.org/publicdomain/mark/1.0/","36ebbb370d6ab91feb8f5a712fb41224089b1f812a7cf6380ac09694774ca80e","164e5359cc6216b8f2d9a1a4e905df56c0321ba740bf3444ee28bbdcae6905e3","2017","2048","other","RGB","existing_damage","train","images/0209.png"
"0210","digitaltmuseum_S-SMM-MM_V14034_Untitled_photograph.webp","digitaltmuseum_S-SMM-MM_V14034","0210.png","real_damaged","DigitaltMuseum","https://digitaltmuseum.org/S-SMM-MM/V14034","Public Domain","https://creativecommons.org/publicdomain/mark/1.0/","b3d567e03dc0abd5dd827acd4feba8320d8ac80f2ed9de5727ae6de70200b46c","77bd7b1d4620b02ab4f5e132aa72ba1baf3395b563e406809be93fe48b5d6466","2048","2008","other","RGB","existing_damage","train","images/0210.png"
"0211","digitaltmuseum_S-SMM-MM_V14039_Untitled_photograph.webp","digitaltmuseum_S-SMM-MM_V14039","0211.png","real_damaged","DigitaltMuseum","https://digitaltmuseum.org/S-SMM-MM/V14039","Public Domain","https://creativecommons.org/publicdomain/mark/1.0/","c368deb565d5b4254d3ea13393a52cfd5490a6a0a9303a9240179121d4bb945a","54d4f961d0ecfe35c20996a68189ca98abc430f4f8fd7458d61f900e2aab9a76","2013","2048","other","RGB","existing_damage","train","images/0211.png"
"0212","digitaltmuseum_S-SMM-MM_V19135_Untitled_photograph.webp","digitaltmuseum_S-SMM-MM_V19135","0212.png","real_damaged","DigitaltMuseum","https://digitaltmuseum.org/S-SMM-MM/V19135","Public Domain","https://creativecommons.org/publicdomain/mark/1.0/","d70b11debe8d526855ce75aa4a8883b52732205632de8473578b072518c9cc10","8954928cb94e06c88f7445bf7af526848cc170b29c29085dc1e07c45d22f5098","2028","2048","other","RGB","existing_damage","train","images/0212.png"
"0213","digitaltmuseum_S-SMM-MM_V19136_Untitled_photograph.webp","digitaltmuseum_S-SMM-MM_V19136","0213.png","real_damaged","DigitaltMuseum","https://digitaltmuseum.org/S-SMM-MM/V19136","Public Domain","https://creativecommons.org/publicdomain/mark/1.0/","5a78013e3922225b3801baa0964638adc9d4b9b78975f52fd6c5f1e40d3724e0","382d1b0f8068725050210e2df5dc4433ae3f6cc015b7c738ee3c90ddcc33062a","2044","2048","other","RGB","existing_damage","test","images/0213.png"
"0214","digitaltmuseum_S-SMM-MM_V19139_Untitled_photograph.webp","digitaltmuseum_S-SMM-MM_V19139","0214.png","real_damaged","DigitaltMuseum","https://digitaltmuseum.org/S-SMM-MM/V19139","Public Domain","https://creativecommons.org/publicdomain/mark/1.0/","ba8e7a43306200d36ca4c3209e2b833f59f6d0ec0047d8cf4f27ea00b8d040fe","efd41fdabaacb3185d0a493a58daddcce16fbe97e0be98a966b1c6abb51f0446","2040","2048","other","RGB","existing_damage","train","images/0214.png"
"0215","digitaltmuseum_S-SMM-MM_V19140_Untitled_photograph.webp","digitaltmuseum_S-SMM-MM_V19140","0215.png","real_damaged","DigitaltMuseum","https://digitaltmuseum.org/S-SMM-MM/V19140","Public Domain","https://creativecommons.org/publicdomain/mark/1.0/","e2bf9c7fd350eb2232c21cff4919496a3618213595855a6d9a5634b0d6898765","fca6bc08b694fce691f07934591fa4e491144876683c12d9cda38324165dd9e6","2048","2036","other","RGB","existing_damage","train","images/0215.png"
"0216","digitaltmuseum_S-SMM-MM_V19593_Avd._12_ritkontoret_repor_av_pråmar_m.m.webp","digitaltmuseum_S-SMM-MM_V19593","0216.png","real_damaged","DigitaltMuseum","https://digitaltmuseum.org/S-SMM-MM/V19593","Public Domain","https://creativecommons.org/publicdomain/mark/1.0/","a86c25f1b294051bd4da980c082f1d5279c2951bfcfe3ae3366072f8cce1e103","d0a6e346d3069d787343c4bc90c2410ddd40620b1a289664e298d082fa4dd615","2027","2048","other","RGB","existing_damage","train","images/0216.png"
"0217","digitaltmuseum_S-SMM-MM_V22471_Minsvepare_Galten_skadad_propelleraxel.webp","digitaltmuseum_S-SMM-MM_V22471","0217.png","real_damaged","DigitaltMuseum","https://digitaltmuseum.org/S-SMM-MM/V22471","Public Domain","https://creativecommons.org/publicdomain/mark/1.0/","f1ea1701de022102e44b338058e38e37dd3894be6f5120c68d915bebe01e010f","c435144d4c0111fef4f8962d10a8da4a091dc51f9c1f926df947bb670f4980f8","2048","2045","other","RGB","existing_damage","train","images/0217.png"
"0218","digitaltmuseum_S-SMM-MM_V25658_Skadad_dykdalb.webp","digitaltmuseum_S-SMM-MM_V25658","0218.png","real_damaged","DigitaltMuseum","https://digitaltmuseum.org/S-SMM-MM/V25658","Public Domain","https://creativecommons.org/publicdomain/mark/1.0/","78da6cc412af387191c4565e4baf62eb46d6357278c767a622c61766c6b0a99c","37078b84376e1a35d1f4aee4b2974fd670ae90f03a88d1d9b458d8ab6b775e97","2032","2048","other","RGB","existing_damage","train","images/0218.png"
"0219","digitaltmuseum_S-SMM-MM_V25659_Skadad_dykdalb.webp","digitaltmuseum_S-SMM-MM_V25659","0219.png","real_damaged","DigitaltMuseum","https://digitaltmuseum.org/S-SMM-MM/V25659","Public Domain","https://creativecommons.org/publicdomain/mark/1.0/","7199985e89cfaa725261d068b0cda3745f31906cb5b2b384946dab379350f86f","c7effa502747b0eab6b80df452d563978727aff39ba89115102ae1723960db7f","2025","2048","other","RGB","existing_damage","train","images/0219.png"
"0220","digitaltmuseum_S-SMM-MM_V25681_Spricka_i_fjäder.webp","digitaltmuseum_S-SMM-MM_V25681","0220.png","real_damaged","DigitaltMuseum","https://digitaltmuseum.org/S-SMM-MM/V25681","Public Domain","https://creativecommons.org/publicdomain/mark/1.0/","5a2b2b6ee1803fc332e3bcba57fbd42696749b7150223560b2b4030dc141e9ec","ce08e03e8f8a8f470977ce7c98e90e7cf1d508ddb9f88aca046e4ec328ad020f","2048","2040","other","RGB","existing_damage","train","images/0220.png"
"0221","digitaltmuseum_S-SMM-MM_V25734_Skadad_järnvägsvagn.webp","digitaltmuseum_S-SMM-MM_V25734","0221.png","real_damaged","DigitaltMuseum","https://digitaltmuseum.org/S-SMM-MM/V25734","Public Domain","https://creativecommons.org/publicdomain/mark/1.0/","eb698f0a03a2b4f2a4e114bc72ed5b763e9f2f5f4bd62a6ea22426e7a2f2dacc","9ccb0fdfe8414a207dc019dcb74d8a34d1cab294ddb7718009bf935437f71a65","2011","2048","other","RGB","existing_damage","train","images/0221.png"
"0222","digitaltmuseum_S-SMM-MM_V25735_Skadad_järnvägsvagn.webp","digitaltmuseum_S-SMM-MM_V25735","0222.png","real_damaged","DigitaltMuseum","https://digitaltmuseum.org/S-SMM-MM/V25735","Public Domain","https://creativecommons.org/publicdomain/mark/1.0/","d13b1c18beb4efcea821c915d9966663a9b84f928bcb6647acfa950d7674ad46","77e3c02a83552a687e51b790f1874c6a31c637eccc900bfb4ec4110d8e10a99d","2032","2048","other","RGB","existing_damage","train","images/0222.png"
"0223","digitaltmuseum_S-SMM-MM_V25736_Skadad_järnvägsvagn.webp","digitaltmuseum_S-SMM-MM_V25736","0223.png","real_damaged","DigitaltMuseum","https://digitaltmuseum.org/S-SMM-MM/V25736","Public Domain","https://creativecommons.org/publicdomain/mark/1.0/","814e3d5154dfe2279a3cae742907176d667bcb470643dc93427ed00ebfaa11f5","34771f2b90765c7be97195a52f0ab4e862f93405ea3c3c474add14ba7615e540","2027","2048","other","RGB","existing_damage","train","images/0223.png"
"0225","digitaltmuseum_S-SMM-MM_V7151_Gotland_skada_i_tank.webp","digitaltmuseum_S-SMM-MM_V7151","0225.png","real_damaged","DigitaltMuseum","https://digitaltmuseum.org/S-SMM-MM/V7151","Public Domain","https://creativecommons.org/publicdomain/mark/1.0/","d7c08874637b99abf28598e037599630f8db2e869096b29cae8325d9bfc4caef","fade89c9e8824a9fd55f4aec150ac1d49def04ebc339c72ccc0a3fcdeb4bf373","2048","2044","other","RGB","existing_damage","train","images/0225.png"
"0226","digitaltmuseum_S-SMM-MM_V7251_Thule_stereobild_på_propeller.webp","digitaltmuseum_S-SMM-MM_V7251","0226.png","real_damaged","DigitaltMuseum","https://digitaltmuseum.org/S-SMM-MM/V7251","Public Domain","https://creativecommons.org/publicdomain/mark/1.0/","6c13c4a7aa0acfa506a4d1cba60119afe1a9f0634d6ffe51c93be07186a1d826","4dda20cbe52d0a1c0f16ccaa827be8072066e1167a8307e1a402356652f58bcc","2040","2048","other","RGB","existing_damage","train","images/0226.png"
"0227","digitaltmuseum_S-SMM-MM_V7813_Ullön_skadad_panna_2.webp","digitaltmuseum_S-SMM-MM_V7813","0227.png","real_damaged","DigitaltMuseum","https://digitaltmuseum.org/S-SMM-MM/V7813","Public Domain","https://creativecommons.org/publicdomain/mark/1.0/","c1fd36c091f7d336788473194e7e433724c05417f527498e5b0270c3bc197100","5b117e0eb8ba2630e1040e13241258074c7439512b79bdd2d63a595d53cd4fd5","2048","2014","other","RGB","existing_damage","train","images/0227.png"
"0228","digitaltmuseum_S-SMM-MM_V7815_Ullvön_skadad_panna2.webp","digitaltmuseum_S-SMM-MM_V7815","0228.png","real_damaged","DigitaltMuseum","https://digitaltmuseum.org/S-SMM-MM/V7815","Public Domain","https://creativecommons.org/publicdomain/mark/1.0/","e53db1825fbd4b31fce40ec7f547daf13c85a47e4dfd540c81aaa0ba8468e556","88d7fde70da265fdcc070fb17317bb7a41b251aa7a6bfb8172798ab3e37be55c","2048","2038","other","RGB","existing_damage","train","images/0228.png"
"0229","digitaltmuseum_S-SMM-MM_V7817_Ullövn_skadad_panna2.webp","digitaltmuseum_S-SMM-MM_V7817","0229.png","real_damaged","DigitaltMuseum","https://digitaltmuseum.org/S-SMM-MM/V7817","Public Domain","https://creativecommons.org/publicdomain/mark/1.0/","b5d8c8f7bb68441ae55b155f1a9d04b91de698d8e63340f8d79800b5b571e1bd","240b7aeb8b143fee7209ba5fd278a450a1b1f0d0d64ffd9484d7f7809f6bd9cc","2047","2048","other","RGB","existing_damage","train","images/0229.png"
"0230","digitaltmuseum_S-SMM-MM_V7820_Ullvön_skadad_panna2.webp","digitaltmuseum_S-SMM-MM_V7820","0230.png","real_damaged","DigitaltMuseum","https://digitaltmuseum.org/S-SMM-MM/V7820","Public Domain","https://creativecommons.org/publicdomain/mark/1.0/","3735dcf76741fd48eab61fff684503e047154aeeeec82015edaed836bd71ad3a","f8f4faf0ce470ba0e4e19bc2f440e5e6678d8560f8f6680e5f3df4a86e0c060e","2043","2048","other","RGB","existing_damage","train","images/0230.png"
"0231","digitaltmuseum_S-SMM-MM_V9656_Untitled_photograph.webp","digitaltmuseum_S-SMM-MM_V9656","0231.png","real_damaged","DigitaltMuseum","https://digitaltmuseum.org/S-SMM-MM/V9656","Public Domain","https://creativecommons.org/publicdomain/mark/1.0/","bcc8388e7a9b96f4b60419c5e2e80b0e86778100b94a6f35512bb625456d4722","5ca0a0908cb554f2a145648d3ac0e4b534fbd13f7b30edfa3bb89fd8a62c4186","2048","2045","other","RGB","existing_damage","validation","images/0231.png"
"0232","digitaltmuseum_S-SMM-SM_Fo24327AB_Omläggning_av_skadad_ombord_på_kryssaren_TRE_KRONOR.webp","digitaltmuseum_S-SMM-SM_Fo24327AB","0232.png","real_damaged","DigitaltMuseum","https://digitaltmuseum.org/S-SMM-SM/Fo24327AB","Public Domain","https://creativecommons.org/publicdomain/mark/1.0/","7e8c54f03810d08f1dc6997ef6b2c9da0cd7242cd00e394cd6ac399b2314d3e8","5e308f7f7b87a73dc95d228c96cb17a8ede02cd91997fd7a9513a3657f42f8b4","1389","1977","outdoor_scene","RGB","existing_damage","test","images/0232.png"
"0233","digitaltmuseum_S-SMM-VM_1-182_Untitled_photograph.webp","digitaltmuseum_S-SMM-VM_1-182","0233.png","real_damaged","DigitaltMuseum","https://digitaltmuseum.org/S-SMM-VM/1-182","Public Domain","https://creativecommons.org/publicdomain/mark/1.0/","c260905aea1578d72d86ee466cdaf9af11057742ac2692bef71b291861980d8e","2fc3cb3b183e365120be5527e556bd9a30126512452c10e54c91b5022a3cc37d","1439","2048","other","RGB","existing_damage","train","images/0233.png"
"0234","digitaltmuseum_S-TEK_TEKA0014605_Fotografi_av_spricka_i_turbinhus_L.O._3600.webp","digitaltmuseum_S-TEK_TEKA0014605","0234.png","real_damaged","DigitaltMuseum","https://digitaltmuseum.org/S-TEK/TEKA0014605","Public Domain","https://creativecommons.org/publicdomain/mark/1.0/","cf442071f8aeddaecaaca6102ca1dddad5d9bbd64849b1b5672e069dca2c7f6d","46835ad065e78aed1b92cb3b5519d341260ba9bab16ccc15746fe9bae7d0eec4","2048","1524","architecture","RGB","existing_damage","train","images/0234.png"
"0235","digitaltmuseum_S-TEK_TEKA0019513_Byggherre__Byggnadsaktiebolaget_Contractor._Victoria,_livförsäkringsatiebolags_g.webp","digitaltmuseum_S-TEK_TEKA0019513","0235.png","real_damaged","DigitaltMuseum","https://digitaltmuseum.org/S-TEK/TEKA0019513","Public Domain","https://creativecommons.org/publicdomain/mark/1.0/","911cb80397bba33c1c5ebc02103573fa3468ceff5eb5d16d5ce0152f0460f1a3","f35dbae658bf9c0da71fe2d9e75d6dc71c84f1211dec6eb1da37c567db8eb4e4","2048","1541","architecture","RGB","existing_damage","train","images/0235.png"
"0237","digitaltmuseum_S-TEK_TEKA0150730_Reaktortank.webp","digitaltmuseum_S-TEK_TEKA0150730","0237.png","real_damaged","DigitaltMuseum","https://digitaltmuseum.org/S-TEK/TEKA0150730","Public Domain","https://creativecommons.org/publicdomain/mark/1.0/","b48ae521e26a5113f52247f46da944e9ef96f379dfc292dac02094996ec76f3c","9af7f85130ce1aab50df1cd75a60d909fd7f94a7a85ec3438d5260cf4f2c3801","1766","2048","other","RGB","existing_damage","train","images/0237.png"
"0238","digitaltmuseum_S-TEK_TEKA0162660_Pojke_sittande_i_spricka_i_berget._Laxränna_vid_Döda_fallet,_Indalsälven,_1899.webp","digitaltmuseum_S-TEK_TEKA0162660","0238.png","real_damaged","DigitaltMuseum","https://digitaltmuseum.org/S-TEK/TEKA0162660","Public Domain","https://creativecommons.org/publicdomain/mark/1.0/","24fcefccde82272f421336a4f1efac8402ef775f5284ab6650d6362abdd3d787","df2bcffcce5fdf31347a4cddebb6ae697cb28ba09c0946ad98be0fcd7d68a3fd","1531","2048","outdoor_scene","RGB","existing_damage","train","images/0238.png"
"0240","digitaltmuseum_S-TEK_TEKA0226351_Bernt_Balchen._Skadad_man,_räddningsarbetare_och_Skikorskyhelikopter.webp","digitaltmuseum_S-TEK_TEKA0226351","0240.png","real_damaged","DigitaltMuseum","https://digitaltmuseum.org/S-TEK/TEKA0226351","Public Domain","https://creativecommons.org/publicdomain/mark/1.0/","c5b5febdc311f3de62fde482e8129979a2b48e79ec01c8f02183f3c01bae2696","12fa900d860daeb3f9a189c688af2e69635a75cb8d2b858f0c8bcc3d9f5fe8f4","2048","1643","outdoor_scene","RGB","existing_damage","test","images/0240.png"
"0241","digitaltmuseum_S-TEK_TEKA0226358_Bernt_Balchen._Räddningsarbetare_och_skadad_man_på_bår.webp","digitaltmuseum_S-TEK_TEKA0226358","0241.png","real_damaged","DigitaltMuseum","https://digitaltmuseum.org/S-TEK/TEKA0226358","Public Domain","https://creativecommons.org/publicdomain/mark/1.0/","2fd7667a4e89a8ca71f04a5ddea7def28119f2fab5978f0bbb6de0a612ea03c0","9c10d5f9c14e87404500761887f92f46d8b3be432e57fc3238dc1d814088c1bd","2048","1634","outdoor_scene","RGB","existing_damage","validation","images/0241.png"
"0242","digitaltmuseum_S-TEK_TEKA0228357_Grönlandsexpedition._Skadad_man_i_båt.webp","digitaltmuseum_S-TEK_TEKA0228357","0242.png","real_damaged","DigitaltMuseum","https://digitaltmuseum.org/S-TEK/TEKA0228357","Public Domain","https://creativecommons.org/publicdomain/mark/1.0/","6f55a435673c4944ee59872a252f405a1cbd82d1d2be6edd2258dfcb7adce4b0","cb447bdbbe8f09cfb15bced5ff3cd084a5fbf24334befa2e6afccd4c2f877e48","2048","1350","outdoor_scene","RGB","existing_damage","train","images/0242.png"
"0244","digitaltmuseum_S-TR_TM.BJJ_55_Man,_”1916_E”_på_asken,_metallutfällning_och_repor_vid_huvudet.webp","digitaltmuseum_S-TR_TM.BJJ:55","0244.png","real_damaged","DigitaltMuseum","https://digitaltmuseum.org/S-TR/TM.BJJ:55","Public Domain","https://creativecommons.org/publicdomain/mark/1.0/","a7f25b6919d2230f3f55709128f2a0d5bc4fdb733bcfebcf70dcfe023ca542ae","f266486606b5b761158f1669c08c8a649bc49eb0a20a46a46419e11e959689a0","1190","2000","other","RGB","existing_damage","train","images/0244.png"
"0245","digitaltmuseum_S-UVLM_Vlm-A_2952_Skadad_gravhög,_Medåker,_N._Ryby.webp","digitaltmuseum_S-UVLM_Vlm-A 2952","0245.png","real_damaged","DigitaltMuseum","https://digitaltmuseum.org/S-UVLM/Vlm-A 2952","Public Domain","https://creativecommons.org/publicdomain/mark/1.0/","523dcfef247c6de09063575d70cc1a13ea8c0ac892375906c9be38a10594907e","8a00c156092e58065c3a79104bfbe72f06d9065b218a739b2af2563f97849d7c","2048","1485","outdoor_scene","RGB","existing_damage","train","images/0245.png"
"0246","digitaltmuseum_S-UVLM_Vlm-A_3496_Skadad_forngrav,_Hamre,_Västerås.webp","digitaltmuseum_S-UVLM_Vlm-A 3496","0246.png","real_damaged","DigitaltMuseum","https://digitaltmuseum.org/S-UVLM/Vlm-A 3496","Public Domain","https://creativecommons.org/publicdomain/mark/1.0/","4c63fcbbacc47cef2b3b117c47607a719bb4370b5c5b64a7eb5f706d4f69d953","e8c8597af0e98354c119ca0a4a434ab19b4fbf3349c3355767c6abf8bdb45a1b","2048","1408","outdoor_scene","RGB","existing_damage","train","images/0246.png"
"0247","digitaltmuseum_S-UVLM_Vlm-A_3497_Skadad_forngrav,_Hamre,_Västerås.webp","digitaltmuseum_S-UVLM_Vlm-A 3497","0247.png","real_damaged","DigitaltMuseum","https://digitaltmuseum.org/S-UVLM/Vlm-A 3497","Public Domain","https://creativecommons.org/publicdomain/mark/1.0/","176bb1b9e9fdbe907b2a71516508c82f3808790e74d9ec3272b2fdb188b664c2","b9a15a799af255ba50642c80dfeb38fb331220529af54df9e493ac8427bb520c","2048","1409","outdoor_scene","RGB","existing_damage","train","images/0247.png"
"0248","digitaltmuseum_S-UVLM_Vlm-A_3498_Skadad_forngrav,_Hamre,_Västerås.webp","digitaltmuseum_S-UVLM_Vlm-A 3498","0248.png","real_damaged","DigitaltMuseum","https://digitaltmuseum.org/S-UVLM/Vlm-A 3498","Public Domain","https://creativecommons.org/publicdomain/mark/1.0/","29a6eac12edb839798bf556c2bff6dbd8e2d44c4faa75faf0ad66b4026e92598","19051c39a5ad27d7cd173cb06c577d7d702db7d487d35d9891c604f367919b6d","2048","1398","outdoor_scene","RGB","existing_damage","train","images/0248.png"
"0249","digitaltmuseum_S-UVLM_Vlm-E_6295_Torpa_sn,_Kungsör_kn._Väggmålningar_i_Torpa_kyrka,_1949.webp","digitaltmuseum_S-UVLM_Vlm-E 6295","0249.png","real_damaged","DigitaltMuseum","https://digitaltmuseum.org/S-UVLM/Vlm-E 6295","Public Domain","https://creativecommons.org/publicdomain/mark/1.0/","e1d29b3cfdf7efaa113a333611ba9ac3a5a1b60b4a2c530cdeaf5f96d76bb1ce","3630273d1a17ddf0dbc72ba4013b0ac45350f841d40042aa61f85e4fb086b5f3","1972","2048","other","RGB","existing_damage","train","images/0249.png"
"0250","digitaltmuseum_S-VM_VMO03505_Gunnarsnäs._S_Bäckebol.webp","digitaltmuseum_S-VM_VMO03505","0250.png","real_damaged","DigitaltMuseum","https://digitaltmuseum.org/S-VM/VMO03505","Public Domain","https://creativecommons.org/publicdomain/mark/1.0/","e5ed300e75d5b642d14a0d2cbebebeaebf248cc144f9bc0c74de43451accf92b","6f0689e63a141a60f6e369abc546bf14ca46fca4c92935ddfe98e9340db9d7f0","2048","1545","outdoor_scene","RGB","existing_damage","train","images/0250.png"
"0251","digitaltmuseum_S-XLM_XLM.AL00013_Gruppbild.webp","digitaltmuseum_S-XLM_XLM.AL00013","0251.png","real_damaged","DigitaltMuseum","https://digitaltmuseum.org/S-XLM/XLM.AL00013","Public Domain","https://creativecommons.org/publicdomain/mark/1.0/","d27aafb2c2bf9b47fb40356a08ca419c4058820f781ba97a7c937b30f239706c","cde11e9d0e34dadd125a68c267497b27b3026c5494cb9ac76bccb6cd359e4997","2048","1660","group_portrait","RGB","existing_damage","train","images/0251.png"
"0252","digitaltmuseum_S-XLM_XLM.AL00014_Gruppbild.webp","digitaltmuseum_S-XLM_XLM.AL00014","0252.png","real_damaged","DigitaltMuseum","https://digitaltmuseum.org/S-XLM/XLM.AL00014","Public Domain","https://creativecommons.org/publicdomain/mark/1.0/","3de57643296319629ef9be974cacae65d72c95c0f407495429dff796510d6f90","84b1f64b3811ae7d501d4a361fdc91757c6acefb510a6dfa93519cbe21bcab90","2048","1556","group_portrait","RGB","existing_damage","train","images/0252.png"
"0253","digitaltmuseum_S-XLM_XLM.CL000708_Gävle_Ångväveri_AB._Åkargatan_87._Industribyggnaden_vid_Textilgatan._Gefle_Ångvä.webp","digitaltmuseum_S-XLM_XLM.CL000708","0253.png","real_damaged","DigitaltMuseum","https://digitaltmuseum.org/S-XLM/XLM.CL000708","Public Domain","https://creativecommons.org/publicdomain/mark/1.0/","a1190af7bcb7c939de9bcb2308d2ac77d7a7e9f988bf81f91ac1abee71bac0f9","6621e795c6d1365c3e4964dab3764fe88a5772862dbd5a72f638f7c81d5d0d3e","2048","1682","architecture","RGB","existing_damage","validation","images/0253.png"
"0254","digitaltmuseum_S-XLM_XLM.CL001410_Korsnäs_AB_Den_första_pappersmaskinen_under_uppförande_30_oktober_-_1928.webp","digitaltmuseum_S-XLM_XLM.CL001410","0254.png","real_damaged","DigitaltMuseum","https://digitaltmuseum.org/S-XLM/XLM.CL001410","Public Domain","https://creativecommons.org/publicdomain/mark/1.0/","d5a9f357094162a3d2f54f8e122cb657c991996a166d7bfa8c7408feb980cd58","4ff7beaeee8523a5f974479bb99fd0d1338257c50025ce0da27f107457773ab9","2048","1525","other","RGB","existing_damage","train","images/0254.png"
"0255","digitaltmuseum_S-XLM_XLM.CLP002358_R._Johansson,_Bomhus._Juli_1917.webp","digitaltmuseum_S-XLM_XLM.CLP002358","0255.png","real_damaged","DigitaltMuseum","https://digitaltmuseum.org/S-XLM/XLM.CLP002358","Public Domain","https://creativecommons.org/publicdomain/mark/1.0/","098bcc2f8e24df6fa3038f907b1d38b1450b2096b9cac2ee787a3b0074123b0d","c5614498f01dce93e9b0e1053249670c71ed8d8b13e631ff7fa932760f2b924a","1520","2048","other","RGB","existing_damage","train","images/0255.png"
"0256","digitaltmuseum_S-XLM_XLM.CLP017270_Kvinnoporträtt.webp","digitaltmuseum_S-XLM_XLM.CLP017270","0256.png","real_damaged","DigitaltMuseum","https://digitaltmuseum.org/S-XLM/XLM.CLP017270","Public Domain","https://creativecommons.org/publicdomain/mark/1.0/","f900b6e8bc9dfe73ef60668209a73b1b50b8926b371a166ddb0eda1c8e0011c9","c096a0c09ce3a00af993acac95493b60052f8c21bf968b2f05b3188b8e59439a","1331","2048","single_portrait","RGB","existing_damage","train","images/0256.png"
"0257","europeana_72_S_FBM_photo_2M16_S_0090_31_13A_Torsten_Fält_and_Ingeborg_Söderlund_play_chess._(image_damaged).jpg","/72/S_FBM_photo_2M16_S_0090_31_13A","0257.png","real_damaged","Europeana","https://www.europeana.eu/item/72/S_FBM_photo_2M16_S_0090_31_13A","Public Domain","https://pro.europeana.eu/page/search","ba7ad87a29237e0154ca9af9a011973c03bde5ce12431d8073baa0a386931bfe","58a163cf6e2512211106d8ab19592a9af64809cbd70dfc3eb7f4ede8dabfb96e","861","818","indoor_scene","RGB","existing_damage","train","images/0257.png"
"0258","europeana_916121_S_OLM_photo_OLM_97260129_1_Lindberg’s_Strå-_och_Filth._Hat_manufacturing._214_67_So-called_open_wooden_mold.jpg","/916121/S_OLM_photo_OLM_97260129_1","0258.png","real_damaged","Europeana","https://www.europeana.eu/item/916121/S_OLM_photo_OLM_97260129_1","Public Domain","https://pro.europeana.eu/page/search","852e0929671c01c526416c3523631799da508c49612c0a70607af25ac81bf4d2","e92e19b1e8bf2269b2177dac8eb9f81f1169b1e9a89dec59e57a11c05c2ced7e","1001","1000","other","RGB","existing_damage","train","images/0258.png"
"0259","europeana_916121_S_OLM_photo_OLM_9726087_1_Hat_manufacturing._Figure_1._188_67._Since_the_butt_was_lying_in_the_humidity_ro.jpg","/916121/S_OLM_photo_OLM_9726087_1","0259.png","real_damaged","Europeana","https://www.europeana.eu/item/916121/S_OLM_photo_OLM_9726087_1","Public Domain","https://pro.europeana.eu/page/search","e1453511691f1048bcccfce72516406e32a4e68192e949162f7759f92e4763af","6e3c5b65ea461a1466a6eb10ae6fcdf15a7dfa879e354e2d7f5186186f1b6359","995","1000","other","RGB","existing_damage","train","images/0259.png"
"0261","europeana_91617_upmu_photo_UB050253_01_“The_Stone_Sagittens_Gan_Police_Fourth_Night._Cars_and_houses_damaged,”_Uppsala_.jpg","/91617/upmu_photo_UB050253_01","0261.png","real_damaged","Europeana","https://www.europeana.eu/item/91617/upmu_photo_UB050253_01","CC0","https://pro.europeana.eu/page/search","97019e68c421fb1d85ee10f6527104df30576160b1b5c9a094706c5ebc59be57","1d9ef88233d5994975cad09e8e9cc0d461f1601506968acebf461eb08de7357a","803","1200","outdoor_scene","RGB","existing_damage","validation","images/0261.png"
"0264","wikimedia_126834741_Historical_photograph_of_Chamkaur_Sahib.jpg.jpg","commons_126834741","0264.png","real_damaged","Wikimedia Commons","https://commons.wikimedia.org/wiki/File:Historical_photograph_of_Chamkaur_Sahib.jpg","Public domain","","2f3f4afa0b5e91c557a238066e2b3d8cbe052d17c2d05c6272b31a5b54e7efcf","7f0f8528b9d54f1fc3c09f3c35b64b4829042ddad832d700ea4f82774961205c","1114","1310","architecture","RGB","existing_damage","train","images/0264.png"
"0265","wikimedia_126834746_Historical_photograph_of_Takht_Sri_Patna_Sahib.jpg.jpg","commons_126834746","0265.png","real_damaged","Wikimedia Commons","https://commons.wikimedia.org/wiki/File:Historical_photograph_of_Takht_Sri_Patna_Sahib.jpg","Public domain","","6f35c736f5e6eb383e449a7c2c1cc8702ef8723eed881f1f89af4434b6364105","19473859cb8543ecdd40feedaf92de531937a5747506fccf8391654f744239de","2669","1966","architecture","RGB","existing_damage","validation","images/0265.png"
"0266","wikimedia_126847687_Historical_photograph_of_Gurdwara_Katalgarh_Sahib.jpg.jpg","commons_126847687","0266.png","real_damaged","Wikimedia Commons","https://commons.wikimedia.org/wiki/File:Historical_photograph_of_Gurdwara_Katalgarh_Sahib.jpg","Public domain","","627df9945e4cfb0c62d1bd7000fa469e2579f28f7d2ac629271aae88a09e415f","d31843e3ab2dbbb9b92215b3791a7abff4d64d52b68a0fc13fc0be79273844a0","1218","1378","architecture","RGB","existing_damage","train","images/0266.png"
"0268","wikimedia_158664719_Photograph_of_the_historical_structure_of_Takht_Patna_Sahib.jpg.jpg","commons_158664719","0268.png","real_damaged","Wikimedia Commons","https://commons.wikimedia.org/wiki/File:Photograph_of_the_historical_structure_of_Takht_Patna_Sahib.jpg","Public domain","","bbf2f42de8689e11e407c112a475534b3df44fb4554a0cbdc670768ff75f0ada","702151d588a90a0c893ed20f97b096bf85f92c27825ba31a0afaf698e734e57c","1810","997","architecture","RGB","existing_damage","train","images/0268.png"
"0269","wikimedia_17041108_Photograph_made_from_B-17_Flying_Fortress_of_the_8th_AAF_Bomber_Command_on_31_De.jpg","commons_17041108","0269.png","real_damaged","Wikimedia Commons","https://commons.wikimedia.org/wiki/File:%22Photograph_made_from_B-17_Flying_Fortress_of_the_8th_AAF_Bomber_Command_on_31_Dec._when_they_attacked_the_vital_CAM_bal_-_NARA_-_535712.jpg","Public domain","","edd7d93b48836c700e40662863a3933894dc3efaee28d7f312ccb7ac7e288827","5a85eef4622529a1162859b0f7a0cb89fde8e2538468b31aeafbf387dfd257a8","2048","1649","outdoor_scene","RGB","existing_damage","validation","images/0269.png"
"0271","wikimedia_46742017_Mother_of_the_Forest,_327_feet_high,_26_feet_in_diameter_(NYPL_b11707262-G89F320.jpg","commons_46742017","0271.png","real_damaged","Wikimedia Commons","https://commons.wikimedia.org/wiki/File:Mother_of_the_Forest,_327_feet_high,_26_feet_in_diameter_(NYPL_b11707262-G89F320_004ZF).tiff","Public domain","","c2659d6121bc67ef7a2c99256818c7124ed4e09e4ba646f3e50360798bf682a7","53e6529874d86a314ea0bf74bacee6f74da9831b15005a01e5182a726a488f34","1920","1207","outdoor_scene","RGB","existing_damage","train","images/0271.png"
"0272","wikimedia_46742259_Top_of_the_Mother_of_the_Forest_(NYPL_b11707262-G89F320_005ZF).tiff.jpg","commons_46742259","0272.png","real_damaged","Wikimedia Commons","https://commons.wikimedia.org/wiki/File:Top_of_the_Mother_of_the_Forest_(NYPL_b11707262-G89F320_005ZF).tiff","Public domain","","78da9d205510c2f40c1d2414cfd86d727eb94a78e55950b3a3ba33b380aaa5a8","75426785847e2969c85d0b3da2d851918fadfd67ee7d044247c325752edf70e2","1920","1223","outdoor_scene","RGB","existing_damage","train","images/0272.png"
"0273","wikimedia_46770753_Mother_of_the_Forest,_circum._78_ft.,_over_300_ft._high_-_Calaveras_Co_(NYPL_b11.jpg","commons_46770753","0273.png","real_damaged","Wikimedia Commons","https://commons.wikimedia.org/wiki/File:Mother_of_the_Forest,_circum._78_ft.,_over_300_ft._high_-_Calaveras_Co_(NYPL_b11707266-G89F324_002F).tiff","Public domain","","6a0c893618da800baf5ac2b0e49e2100e4debd6eea6011291091062a94066578","bc8ee267648602b2241a81d37fdebb9782802076c44f34eb33ae5e70f3734a20","1920","1121","outdoor_scene","RGB","existing_damage","train","images/0273.png"
"0274","wikimedia_46770912_Mother_of_the_Forest,_circum._78_ft.,_over_300_ft._high_-_Calaveras_Co_(NYPL_b11.jpg","commons_46770912","0274.png","real_damaged","Wikimedia Commons","https://commons.wikimedia.org/wiki/File:Mother_of_the_Forest,_circum._78_ft.,_over_300_ft._high_-_Calaveras_Co_(NYPL_b11707266-G89F324_003F).tiff","Public domain","","7ef436431a1624429027f23531ff5d716890325ec44d11748cbdd24b16c14641","ae308224d04d77926670aba8710dd7e8d2a5585145827e033977977df3ad8b77","1920","1095","outdoor_scene","RGB","existing_damage","train","images/0274.png"
"0275","wikimedia_46774447_Mother_of_the_Forest,_looking_up_the_tree,_circum._78_ft.,_over_300_ft._high_(NY.jpg","commons_46774447","0275.png","real_damaged","Wikimedia Commons","https://commons.wikimedia.org/wiki/File:Mother_of_the_Forest,_looking_up_the_tree,_circum._78_ft.,_over_300_ft._high_(NYPL_b11707266-G89F324_031F).tiff","Public domain","","39c1a7cd181c5c865e7aa88c84c4fcbf78163c547dbb8864f61260c4faf0a4ea","772c7ce65514f692b392d18ac0c4efa1bb437b44f9e4a9500d69408c2476e0c2","1920","1058","outdoor_scene","RGB","existing_damage","train","images/0275.png"
"0276","wikimedia_46785197_Mother_of_the_Forest,_Calaveras_Grove,_Cal_(NYPL_b11707267-G89F325_002F).tiff.jpg","commons_46785197","0276.png","real_damaged","Wikimedia Commons","https://commons.wikimedia.org/wiki/File:Mother_of_the_Forest,_Calaveras_Grove,_Cal_(NYPL_b11707267-G89F325_002F).tiff","Public domain","","36098d5b54f9d4a2ae51bad1da412b2317bbb03fdf7e18b04f28dc00c4120375","f6d89bf6fcb2b46bc268be0515dd76d80c8f91328e57eb8cf3ce030e128fc3e4","1920","1096","outdoor_scene","RGB","existing_damage","train","images/0276.png"
"0277","wikimedia_54942246_Mother_of_the_Forest_in_London_Crystal_Palace_1859.jpg.jpg","commons_54942246","0277.png","real_damaged","Wikimedia Commons","https://commons.wikimedia.org/wiki/File:Mother_of_the_Forest_in_London_Crystal_Palace_1859.jpg","Public domain","","33a5b6dc296af711df3517aafc0a0179808c685facd595858aae4dc71375f41a","8ec4d437c1da695b3577e999de6e62be4f0e5ea481819f17e34ab2faaba5ec4a","1096","1600","indoor_scene","RGB","existing_damage","train","images/0277.png"
"0278","wikimedia_54942714_The_Mother_of_the_Forest_;_305_feet_high_;_63_feet_circumference_-_near_view,_Ca.png","commons_54942714","0278.png","real_damaged","Wikimedia Commons","https://commons.wikimedia.org/wiki/File:The_Mother_of_the_Forest_;_305_feet_high_;_63_feet_circumference_-_near_view,_Calaveras_County,_by_Lawrence_%26_Houseworth_-_left.png","Public domain","","67c1a93a4ca14d3fa3e58cbd995c8b56ec59961aec1d9b1ba8f745506aa3e5c7","2558272a9dce3a64f586fc40458d637ba38ccfcecbc4c89abae58b22963af875","1104","1147","outdoor_scene","RGB","existing_damage","train","images/0278.png"
"0279","wikimedia_77536056_Marie-Aimée_Roger-Miclos_-_Photograph_A_from_the_Album_Reutlinger_de_portraits_d.jpg","commons_77536056","0279.png","real_damaged","Wikimedia Commons","https://commons.wikimedia.org/wiki/File:Marie-Aim%C3%A9e_Roger-Miclos_-_Photograph_A_from_the_Album_Reutlinger_de_portraits_divers,_vol._21.jpg","Public domain","","4aae3ccc0b77dc3e037fa255a9187e4778a2dc335268980e308628631d5c0129","2a6d33bc7c6f8348efa178b5367c8d2c8a8eac1e78780b72f137a79f0075433e","1582","2249","single_portrait","RGB","existing_damage","test","images/0279.png"
"0280","wikimedia_790082_Wilhelm_Benque_-_Photograph_of_Ambroise_Thomas.jpg.jpg","commons_790082","0280.png","real_damaged","Wikimedia Commons","https://commons.wikimedia.org/wiki/File:Wilhelm_Benque_-_Photograph_of_Ambroise_Thomas.jpg","Public domain","","75d4220abf556c8c96aae4ca31d1367b2664b0ecb1194f8924ec2811220fd430","765ff451c21e25182197091ebe89c81318e2b75ece2024c14f8c5b458b541c72","1810","2560","single_portrait","RGB","existing_damage","train","images/0280.png"
"0281","wikimedia_100237287_Arlington_Journal_(Arlington,_Tex.),_Vol._15,_No._48,_Ed._1_Friday,_December_22,.jpg","commons_100237287","0281.png","real_damaged","Wikimedia Commons","https://commons.wikimedia.org/wiki/File:Arlington_Journal_(Arlington,_Tex.),_Vol._15,_No._48,_Ed._1_Friday,_December_22,_1911_-_DPLA_-_651906ade77b98de8829edcc9a1b8759_(page_1).jpg","Public domain","","113337e37987a9fa302e090bb2c89b22eebc78eb266c409c4ef9c4730f19d624","a60e30e315a688db4d67aea0fcd8e8441e79d7f696e36ad661ea6e8390c3f2d3","1500","2147","document","RGB","existing_damage","train","images/0281.png"
"0282","wikimedia_104928665_The_Delhi_Darbar_Thrones_of_1911.jpg.jpg","commons_104928665","0282.png","real_damaged","Wikimedia Commons","https://commons.wikimedia.org/wiki/File:The_Delhi_Darbar_Thrones_of_1911.jpg","Public domain","","7afd16afffc18bab0bc2632e5d0bb7b2af6fec36fd0cfcb69aa946c17e5e4e75","9747d3f1d2f7208719f9ceb7bb4b09b26a65a8fb9da8663827cc033b803fd6bc","1444","1095","other","RGB","existing_damage","train","images/0282.png"
"0283","wikimedia_111460778_Sonter_family_packing_fruit_Epping_1911.jpg.jpg","commons_111460778","0283.png","real_damaged","Wikimedia Commons","https://commons.wikimedia.org/wiki/File:Sonter_family_packing_fruit_Epping_1911.jpg","Public domain","","7d204ef49ce172427e0caefe0a2d7b5a0ad9942f7dcf2f0fd4244566c02de749","c7ca6bd8e47d2c9388d31a919fd762b5e40d986d51db6184632ee8bdee56887d","2560","1952","outdoor_scene","RGB","existing_damage","train","images/0283.png"
"0284","wikimedia_123209928_COP_RM_1911_11.jpg.jpg","commons_123209928","0284.png","real_damaged","Wikimedia Commons","https://commons.wikimedia.org/wiki/File:COP_RM_1911_11.jpg","CC BY-SA 4.0","https://creativecommons.org/licenses/by-sa/4.0","b751b171730e141853dacf787f21a26e0e92c720db07ae28363ff571619d3abb","61bdb247ca77dd78fcecd72a8dd029d464f2a1c0d3e1a06d21f427537e7d1cb0","1815","2500","document","RGB","existing_damage","train","images/0284.png"
"0285","wikimedia_136777505_John_K._Cowen_(1911).png.png","commons_136777505","0285.png","real_damaged","Wikimedia Commons","https://commons.wikimedia.org/wiki/File:John_K._Cowen_(1911).png","Public domain","","29065cacfc82f8918884b6d57a7ccf884c13075d1c31c7c5c800b024b99b36a8","9dfa42f7de89ef86b5e8d9b2c39061d9e47ada99f4d9041ae00313b9b1c680f3","856","1434","single_portrait","RGB","existing_damage","train","images/0285.png"
"0287","wikimedia_156042092_Portada_Tomochic_Heriberto_Frías_5a_ed_1911_biblioteca_de_Gustavo_Sandoval_López.jpg","commons_156042092","0287.png","real_damaged","Wikimedia Commons","https://commons.wikimedia.org/wiki/File:Portada_Tomochic_Heriberto_Fr%C3%ADas_5a_ed_1911_biblioteca_de_Gustavo_Sandoval_L%C3%B3pez.jpg","CC BY-SA 4.0","https://creativecommons.org/licenses/by-sa/4.0","b81052db09aed9bad3d9899a3d840fe6d3584d303f3984d3873bfafb4a65f54e","e250dad760633776b15b15d8a611bb0b50a009ab99638476f59979da25fdf467","1920","2560","document","RGB","existing_damage","train","images/0287.png"
"0288","wikimedia_157495660_Jodo_temple_in_Honolulu,_1911.jpg.jpg","commons_157495660","0288.png","real_damaged","Wikimedia Commons","https://commons.wikimedia.org/wiki/File:Jodo_temple_in_Honolulu,_1911.jpg","Public domain","","b1f0ee3bd9aaa8a1aff77169160799468c66d213ca0147eaaa6932adcac574d4","775424538489448d101de982b49d7c8f6dfc05a31fade298362dfc53cbdfebac","1701","1256","architecture","RGB","existing_damage","train","images/0288.png"
"0289","wikimedia_157672658_Method_(Metoděj)_Vlach_in_his_biplane_in_Mladá_Boleslav,_1911.png.png","commons_157672658","0289.png","real_damaged","Wikimedia Commons","https://commons.wikimedia.org/wiki/File:Method_(Metod%C4%9Bj)_Vlach_in_his_biplane_in_Mlad%C3%A1_Boleslav,_1911.png","Public domain","","c595cd8913329de3388a020544b09bccb550759074ffe7d2bb089e71d132fb1f","76ca7ec98dab7be9b2eb05ec534e5abb8bd4e38e767f40bada7e34371df10b2c","1872","1081","outdoor_scene","RGB","existing_damage","train","images/0289.png"
"0290","wikimedia_158952585_Tomóchic_novela_histórica_mexicana_Heriberto_Frías_París_México_1911_Librería_de.jpg","commons_158952585","0290.png","real_damaged","Wikimedia Commons","https://commons.wikimedia.org/wiki/File:Tom%C3%B3chic_novela_hist%C3%B3rica_mexicana_Heriberto_Fr%C3%ADas_Par%C3%ADs_M%C3%A9xico_1911_Librer%C3%ADa_de_la_Viuda_de_Charles_Bouret_biblioteca_Gustavo_Sandoval_L%C3%B3pez.jpg","CC BY-SA 4.0","https://creativecommons.org/licenses/by-sa/4.0","8f684c7ffb83ac2702b45887d18a04f354efc031c35b505404e3e56646135166","9b7265ab6dbac3fab62806d8d05f83083485f674b00f5c88f3d353369786d29d","1995","3200","document","RGB","existing_damage","train","images/0290.png"
"0291","wikimedia_158953481_Tomóchic_novela_histórica_mexicana_Heriberto_Frías_México_1911_Librería_de_la_vi.jpg","commons_158953481","0291.png","real_damaged","Wikimedia Commons","https://commons.wikimedia.org/wiki/File:Tom%C3%B3chic_novela_hist%C3%B3rica_mexicana_Heriberto_Fr%C3%ADas_M%C3%A9xico_1911_Librer%C3%ADa_de_la_viuda_de_Charles_Bouret_biblioteca_Gustavo_Sandoval_L%C3%B3pez_02.jpg","CC BY-SA 4.0","https://creativecommons.org/licenses/by-sa/4.0","c862fffc10d13ffe19c7af3029a27ebeeea0931df945d8b63c620da70bfef431","95249a5e7a2efcba59afbcc98f3439b0a47569b298bc326a559cbdd862dde8a2","2178","3447","document","RGB","existing_damage","train","images/0291.png"
"0292","wikimedia_158953482_Tomóchic_novela_histórica_mexicana_Heriberto_Frías_México_1911_Librería_de_la_vi.jpg","commons_158953482","0292.png","real_damaged","Wikimedia Commons","https://commons.wikimedia.org/wiki/File:Tom%C3%B3chic_novela_hist%C3%B3rica_mexicana_Heriberto_Fr%C3%ADas_M%C3%A9xico_1911_Librer%C3%ADa_de_la_viuda_de_Charles_Bouret_biblioteca_Gustavo_Sandoval_L%C3%B3pez_03.jpg","CC BY-SA 4.0","https://creativecommons.org/licenses/by-sa/4.0","fdf01ac96117add8f9b487ae06d3d128fd7a9958169da7158bb2191c1e25c91a","8c1aba671efe6d939ab9129d25a3d8bdd06abc31eaa6e0675bc064b925e7b0f8","2097","3380","document","RGB","existing_damage","train","images/0292.png"
"0293","wikimedia_158953485_Tomóchic_novela_histórica_mexicana_Heriberto_Frías_México_1911_Librería_de_la_vi.jpg","commons_158953485","0293.png","real_damaged","Wikimedia Commons","https://commons.wikimedia.org/wiki/File:Tom%C3%B3chic_novela_hist%C3%B3rica_mexicana_Heriberto_Fr%C3%ADas_M%C3%A9xico_1911_Librer%C3%ADa_de_la_viuda_de_Charles_Bouret_biblioteca_Gustavo_Sandoval_L%C3%B3pez_05.jpg","CC BY-SA 4.0","https://creativecommons.org/licenses/by-sa/4.0","f9ad61dfaeb0dfb3672e683c81da6599883d16f7c2fa5af4d44a7253ba77f47b","e03eeec34a927eba3139c04cf94851efcb1c7f4e8696e3159067507c5f4012aa","1962","3200","document","RGB","existing_damage","train","images/0293.png"
"0294","wikimedia_158953487_Tomóchic_novela_histórica_mexicana_Heriberto_Frías_México_1911_Librería_de_la_vi.jpg","commons_158953487","0294.png","real_damaged","Wikimedia Commons","https://commons.wikimedia.org/wiki/File:Tom%C3%B3chic_novela_hist%C3%B3rica_mexicana_Heriberto_Fr%C3%ADas_M%C3%A9xico_1911_Librer%C3%ADa_de_la_viuda_de_Charles_Bouret_biblioteca_Gustavo_Sandoval_L%C3%B3pez_06.jpg","CC BY-SA 4.0","https://creativecommons.org/licenses/by-sa/4.0","bdc581ab0dfb7614de999b189811c0a9c2d03636a846c29cabf5bc285ba75eea","fefc4830899a8f6cbea5a5bed6256b7a96e995f88d00b1a31f860beaba2cca40","3172","1999","document","RGB","existing_damage","train","images/0294.png"
"0295","wikimedia_163495897_Italian_forces_in_the_harbour_of_Tobruk_(1911).png.png","commons_163495897","0295.png","real_damaged","Wikimedia Commons","https://commons.wikimedia.org/wiki/File:Italian_forces_in_the_harbour_of_Tobruk_(1911).png","Public domain","","7f977a745b238acc2600724094a521be174f76c0f3659d91257e04ab58eb7955","974b1b6b114275f4750d8e291a6981e543474c213a7f7242c4db7b9c4a640ad9","1947","1093","outdoor_scene","RGB","existing_damage","train","images/0295.png"
"0296","wikimedia_177369370_The_Last_Laugh-restored.jpg.jpg","commons_177369370","0296.png","real_damaged","Wikimedia Commons","https://commons.wikimedia.org/wiki/File:The_Last_Laugh-restored.jpg","Public domain","","f14eabb6047e1dcaef05a536f41b76fa0d4fbacbe0b79a40089e6005e4fe7162","36217db02cec8430138563d4e2503fe9a4fd5f25ed33f90f88d2e36fa0bb9674","2010","2993","document","RGB","existing_damage","train","images/0296.png"
"0297","wikimedia_193203250_Caroline_Schutz_O'Fallon_(St._Louis,_the_fourth_city,_1911).png.png","commons_193203250","0297.png","real_damaged","Wikimedia Commons","https://commons.wikimedia.org/wiki/File:Caroline_Schutz_O%27Fallon_(St._Louis,_the_fourth_city,_1911).png","Public domain","","57f97ca31d690267571b4d5baf21f06d29f613a61c7325420f6c614d9fea0905","9d3de6b81b3d0684c0452dcb9fb3bc5737cbda80aeb6e1f4d7560d22de76029d","1026","1214","single_portrait","RGB","existing_damage","validation","images/0297.png"
"0298","wikimedia_193203301_Cora_South_Brown_(St._Louis,_the_fourth_city,_1911).png.png","commons_193203301","0298.png","real_damaged","Wikimedia Commons","https://commons.wikimedia.org/wiki/File:Cora_South_Brown_(St._Louis,_the_fourth_city,_1911).png","Public domain","","8608d569216b9c26bc8df47a3305d96f557596fe17800d77b5706e7aa73444d2","8a5aec57920c51cf5dda56bc278b418660fbf25306c437e1a9b9e9d05e0c91b4","946","1176","single_portrait","RGB","existing_damage","train","images/0298.png"
"0299","wikimedia_193203302_Gladys_Bryant_Smith_(St._Louis,_the_fourth_city,_1911).png.png","commons_193203302","0299.png","real_damaged","Wikimedia Commons","https://commons.wikimedia.org/wiki/File:Gladys_Bryant_Smith_(St._Louis,_the_fourth_city,_1911).png","Public domain","","d12c4204d62125bcfd38f92c525b450ed85236fa71733afdb464a8ffd7f5b985","0c607a5dfcdc62eac1dcf2fb799e3a64fcbf26556dbc961218e7cab5d2962619","930","1170","single_portrait","RGB","existing_damage","train","images/0299.png"
"0300","wikimedia_193203313_Virginia_Elliot_(St._Louis,_the_fourth_city,_1911).png.png","commons_193203313","0300.png","real_damaged","Wikimedia Commons","https://commons.wikimedia.org/wiki/File:Virginia_Elliot_(St._Louis,_the_fourth_city,_1911).png","Public domain","","a638cf4cadfd79252dcda484cd712678d553bea36d9886a928646ee130b374a1","1c4b7bd01c509b12f91221ea1228f138cf012c13945e0a28135033cf55779068","1148","1784","single_portrait","RGB","existing_damage","train","images/0300.png"
"0304","wikimedia_78146377_Mapa_Portoviejo_13.07.1911,_por_Alonso_Gonzalez_Illescas.jpg.jpg","commons_78146377","0304.png","real_damaged","Wikimedia Commons","https://commons.wikimedia.org/wiki/File:Mapa_Portoviejo_13.07.1911,_por_Alonso_Gonzalez_Illescas.jpg","CC BY-SA 4.0","https://creativecommons.org/licenses/by-sa/4.0","5d293d4cef66fa8508b249dbe353b477d7b712107a5c7c763a0789ee0dd0b09f","e0d3477ed19a9ce851d6a083470b25479ae6cdbfd3c7be0957b4827a6871f415","1839","2048","document","RGB","existing_damage","train","images/0304.png"
"0305","wikimedia_89664935_Gracieuse._Geïllustreerde_Aglaja,_1911,_aflevering_9,_pagina_20-2.JPG.jpg","commons_89664935","0305.png","real_damaged","Wikimedia Commons","https://commons.wikimedia.org/wiki/File:Gracieuse._Ge%C3%AFllustreerde_Aglaja,_1911,_aflevering_9,_pagina_20-2.JPG","CC BY-SA 3.0","https://creativecommons.org/licenses/by-sa/3.0","e75a3f261e4dd607d4ff32dee91419721954ade9e026c20f7dbaac3650bd8b0c","fff52985d7b0e3bbbb0af04dc4ec5c1c15c25e1220e8dbecaa8d5b92888ceadb","1500","2050","document","RGB","existing_damage","train","images/0305.png"
"0306","wikimedia_91076449_PXD_156_Wreck_Macquarie_Island_Hurley.jpg.jpg","commons_91076449","0306.png","real_damaged","Wikimedia Commons","https://commons.wikimedia.org/wiki/File:PXD_156_Wreck_Macquarie_Island_Hurley.jpg","Public domain","","911684480935c50e97e19e4ba3931e18553ec774531ec48b13f24a116de0b363","3cb2160fee4287020f1551e8eb62b0bfeb6f0a133f7296ca58f94d5fb53cd04f","2047","1626","outdoor_scene","RGB","existing_damage","train","images/0306.png"
"0307","wikimedia_91522464_1911_Map_for_Book_of_Mormon_Study.jpg.jpg","commons_91522464","0307.png","real_damaged","Wikimedia Commons","https://commons.wikimedia.org/wiki/File:1911_Map_for_Book_of_Mormon_Study.jpg","Public domain","","8cfe334d63f03aecaf722fa47e3f8cd403b3a4ceb5651fae3dc27bff28512b11","39ee0ba59bca04925701b9d5bb621cebe86fbc470c1d2b5b42e250f6d0a4183d","2560","1810","document","RGB","existing_damage","validation","images/0307.png"
"0308","wikimedia_93879491_Harry_Diddams,_Mayor_of_Brisbane,_1911.jpg.jpg","commons_93879491","0308.png","real_damaged","Wikimedia Commons","https://commons.wikimedia.org/wiki/File:Harry_Diddams,_Mayor_of_Brisbane,_1911.jpg","Public domain","","69775ce57280ff3d222db77ee75afb0a8771ca66d67e8c5e3437ebf0712a4a50","1fd5723669cdb67c3f8a3ad5c3f7929b3653ef6f547397636eb34f3c08550d5d","1039","1440","single_portrait","RGB","existing_damage","train","images/0308.png"
"0309","wikimedia_95412210_Les_Folies_amoureuses_au_château_de_Pourtalès_en_1911_(2).jpg.jpg","commons_95412210","0309.png","real_damaged","Wikimedia Commons","https://commons.wikimedia.org/wiki/File:Les_Folies_amoureuses_au_ch%C3%A2teau_de_Pourtal%C3%A8s_en_1911_(2).jpg","Public domain","","0a23dd419de7e3aa847325583695cc504e8929ef971f42c78d9957405a2cfdc0","60b714d9f2d183524d6d6ed51f7537ecfe830127de5de7277e0b26f279ef29a3","785","1140","single_portrait","RGB","existing_damage","train","images/0309.png"
"0310","wikimedia_95412465_Les_Folies_amoureuses_au_château_de_Pourtalès_en_1911_(3).jpg.jpg","commons_95412465","0310.png","real_damaged","Wikimedia Commons","https://commons.wikimedia.org/wiki/File:Les_Folies_amoureuses_au_ch%C3%A2teau_de_Pourtal%C3%A8s_en_1911_(3).jpg","Public domain","","ba94b77084fc2bde3a76b9f8775cf8ea759c4c9222162f1b4db4714ac2bd7aa9","b833137b5cbfb717b4bdd503c4835bada1c2eef0b907c9ec1d47812066791ee4","782","1141","group_portrait","RGB","existing_damage","train","images/0310.png"
"0311","wikimedia_95412738_Les_Folies_amoureuses_au_château_de_Pourtalès_en_1911_(1).jpg.jpg","commons_95412738","0311.png","real_damaged","Wikimedia Commons","https://commons.wikimedia.org/wiki/File:Les_Folies_amoureuses_au_ch%C3%A2teau_de_Pourtal%C3%A8s_en_1911_(1).jpg","Public domain","","81e752d80f848afde43758319201e5a63e7a2466f3f2565161dab2cc4fa0cffa","e64d40af7636f23f8421c4161964c89d5945760a10e5279196ffa68ed9b94ddf","1429","1019","group_portrait","RGB","existing_damage","train","images/0311.png"
"0312","wikimedia_95849647_Strasbourg-Porte_de_l'Hopital_(1911).jpg.jpg","commons_95849647","0312.png","real_damaged","Wikimedia Commons","https://commons.wikimedia.org/wiki/File:Strasbourg-Porte_de_l%27Hopital_(1911).jpg","Public domain","","f1c78cd3993464703b5d3dc67045b6cbf60b0f9bc5fbbb51532e3e4d16f0f987","c10ee11ce70f479790891b3b706b8a788907f9832c2ee862556a625e5b17467b","874","1380","architecture","RGB","existing_damage","train","images/0312.png"
"0313","wikimedia_95966423_Strasbourg-Rue_Finkwiller_(1911).jpg.jpg","commons_95966423","0313.png","real_damaged","Wikimedia Commons","https://commons.wikimedia.org/wiki/File:Strasbourg-Rue_Finkwiller_(1911).jpg","Public domain","","635f161987a4b21ed90df8e4c631358b485a66d348cc3d6bbe5df30a6cffec58","0cd7369b191b5b599f96bd935424dbc93250840c2abefb4e97530098bbd8a538","1536","1010","outdoor_scene","RGB","existing_damage","train","images/0313.png"
"0314","wikimedia_97280099_Strasbourg-Fossé_aux_Tailleurs_(1911).jpg.jpg","commons_97280099","0314.png","real_damaged","Wikimedia Commons","https://commons.wikimedia.org/wiki/File:Strasbourg-Foss%C3%A9_aux_Tailleurs_(1911).jpg","Public domain","","264751d851f9e2184e21fb38efba6db6983845c31853a601c1d91d2f875cc5ed","ba7f3cb49a44e262885e597c4e84d7fe2ab19f7c2d9e87c92d891f016969fb36","894","1405","architecture","RGB","existing_damage","train","images/0314.png"
"0315","photo-0001.png","photo-0001","0315.png","real_damaged","赫达·莫里逊中国相册（Hedda Morrison）","","","","e1937db3fcdcc8b3b0e8c206b6bb99ab8ecf202076340c3f189faff1f644ef57","dbe4290d3e23ab600ead14de07659ccaa0a03ef45d2e908562d8f75f2a0bda82","1569","1573","outdoor_scene","RGB","existing_damage","train","images/0315.png"
"0316","photo-0002.png","photo-0002","0316.png","real_damaged","赫达·莫里逊中国相册（Hedda Morrison）","","","","a81931299859af0fc7571e3e563eef71457c7b0310f6cb1e030a4ac6c05e6729","1fa569fcdb0e714ee45eb7872a013b70c5752dd36bda2154d5f1b023fb04e8e6","1556","1569","outdoor_scene","RGB","existing_damage","train","images/0316.png"
"0317","photo-0003.png","photo-0003","0317.png","real_damaged","赫达·莫里逊中国相册（Hedda Morrison）","","","","fde9255ca848e4e1874074503df5645aa69f9e9d22beef1690d8b91cdd231f19","6a8242c79f389e00d1f8c55f874058a1215d1324bde0837ae196ddaea4f273ad","1590","1594","single_portrait","RGB","existing_damage","train","images/0317.png"
"0318","photo-0004.png","photo-0004","0318.png","real_damaged","赫达·莫里逊中国相册（Hedda Morrison）","","","","e5ccb853e8fa8268b67fd140f82f2384f082deb2c65d91dc53d45bd2680782d5","d720908a8a9a20491ff7c6eb268da47918e328b9d2e9ac04b3517acf4d659d5d","1597","1602","single_portrait","RGB","existing_damage","train","images/0318.png"
"0319","photo-0005.png","photo-0005","0319.png","real_damaged","赫达·莫里逊中国相册（Hedda Morrison）","","","","265a387eb17412f59b804ec931f17d9caa7bdca0212afa23b2b5327da69554d5","15e490d8b07f185329dd6dba7bbaa2d8839705817cf43537d0538992b697cf6f","1552","1652","single_portrait","RGB","existing_damage","train","images/0319.png"
"0320","photo-0006.png","photo-0006","0320.png","real_damaged","赫达·莫里逊中国相册（Hedda Morrison）","","","","830857e5476d57d68d8027bcfe188e7608bc004ed55484d73da3bbf65f3f0879","41b4ca9aac469dbe824d2d23daec59bad98606554a22e2dd969dc9cc005238ed","1560","1564","single_portrait","RGB","existing_damage","train","images/0320.png"
"0321","photo-0007.png","photo-0007","0321.png","real_damaged","赫达·莫里逊中国相册（Hedda Morrison）","","","","fdb4e90690e19c3c2d731d074949968b9989d2fdbe3a4e02b217fad2eefbc9e1","1e7d5a95e23e6d043e8555a4bbb20a64a322c2d161c9887f4632413bc470b9fe","1552","1568","single_portrait","RGB","existing_damage","train","images/0321.png"
"0322","photo-0008.png","photo-0008","0322.png","real_damaged","赫达·莫里逊中国相册（Hedda Morrison）","","","","bd77b271ae451e1969a28bc79d762d384d3b9a261ba206f7f307ef42f48de31a","e2bd3a509a603aba44c06c3477c9cddd7839af9110f3e767a8e5d6cde862b4dc","1564","1548","single_portrait","RGB","existing_damage","train","images/0322.png"
"0323","photo-0009.png","photo-0009","0323.png","real_damaged","赫达·莫里逊中国相册（Hedda Morrison）","","","","2916f662504f3af357c3cbcf9089277b3a616a5b4aec414a8cc1287a1876c538","de623321bc09bc7805fcf85f7f35b551610d6bb73398104854a9b1810a36f924","1551","1573","single_portrait","RGB","existing_damage","validation","images/0323.png"
"0324","photo-0010.png","photo-0010","0324.png","real_damaged","赫达·莫里逊中国相册（Hedda Morrison）","","","","ec47fe8a111133c23679060be37f1545a778ce9a4b5216b6c3c6cfe0cac4c3a0","1f4983d72998cc3a46ecb82f1176aec2ac1e0459bf3cd2c817b894c13185c76a","1564","1381","single_portrait","RGB","existing_damage","train","images/0324.png"
"0325","photo-0011.png","photo-0011","0325.png","real_damaged","赫达·莫里逊中国相册（Hedda Morrison）","","","","6b957146fb7c040482ea34690bcda7dbe3c1b7610b504894766635f2901429c9","9e425274e296a949d03d6439cc2cceb937b7f99e3a7d9936fb959ca1e2ef0bb6","1560","1665","group_portrait","RGB","existing_damage","train","images/0325.png"
"0326","photo-0012.png","photo-0012","0326.png","real_damaged","赫达·莫里逊中国相册（Hedda Morrison）","","","","74fc9b640fda7ea3db90253ce11c8cdb4557702b61c315d8dad8c6b914bafad6","5520d397b3e5fb19121ce1a97b401a33a3cfb754706b2474d3543b4915ada9bc","1585","1585","outdoor_scene","RGB","existing_damage","train","images/0326.png"
"0327","photo-0013.png","photo-0013","0327.png","real_damaged","赫达·莫里逊中国相册（Hedda Morrison）","","","","2049d2b7119a6180dd1ea8d7547abb643f4ede12a3cfcb777db38e46f40636ff","29a2031e15f5b6b56c92dcb579f6a9b1dbf3e0097d862cbd5144bc2543d5bb1b","1636","1581","outdoor_scene","RGB","existing_damage","train","images/0327.png"
"0328","photo-0014.png","photo-0014","0328.png","real_damaged","赫达·莫里逊中国相册（Hedda Morrison）","","","","221d450c917a2116384feb77676962e48913eefc1308171b86bdc78a92a6df38","a231dd18605fdfd99013d09ac11610933d5858c07e6ef6b7b7f4967149153e73","1585","1590","single_portrait","RGB","existing_damage","test","images/0328.png"
"0329","photo-0015.png","photo-0015","0329.png","real_damaged","赫达·莫里逊中国相册（Hedda Morrison）","","","","eb1529508ec2b0e6cab4893fd568183104bcc8e34366e7638c8caf192c5efca1","aabb1f911a0fb956dcefa9fc9370c0292136a25cfba6d2c5a2947d5ae115dbc0","1560","1385","group_portrait","RGB","existing_damage","test","images/0329.png"
"0330","photo-0016.png","photo-0016","0330.png","real_damaged","赫达·莫里逊中国相册（Hedda Morrison）","","","","1edf29fc45a6d4bd5bfefe80a95fb0eb222ddf0155f96647185c5d005b118c52","50ed043ae19c30264830150ffdfa0723caca0f6732345c5d698f58665e548813","1598","1577","single_portrait","RGB","existing_damage","train","images/0330.png"
"0331","photo-0017.png","photo-0017","0331.png","real_damaged","赫达·莫里逊中国相册（Hedda Morrison）","","","","e6d9a770ad63934c245146d39aaf849ebdf4210363bdae48eb37a70c1c40dfb3","0a841a9958fa2de8456f4a27f88dae13deb1fed4e43ce756d8c2574e0543735e","1581","1569","single_portrait","RGB","existing_damage","train","images/0331.png"
"0332","photo-0018.png","photo-0018","0332.png","real_damaged","赫达·莫里逊中国相册（Hedda Morrison）","","","","154c6f6d9d7784ca15cdc2596ddb57e69d3654aff269414fba3dfa5bb23d6dd0","72d7558f5f5f2a844350a8f7f12ad24df798a76ff6fe7dab8349971c13fc6aa8","1594","1594","group_portrait","RGB","existing_damage","train","images/0332.png"
"0333","photo-0019.png","photo-0019","0333.png","real_damaged","赫达·莫里逊中国相册（Hedda Morrison）","","","","ebd2035c34fc4a88470c97e0c280c722f9ed33f389c7596971fbc994b5706e33","96b833f1dea41be71a300dfd3d4706939ad46b04facfdebb3765fc70fd03f257","1548","1565","single_portrait","RGB","existing_damage","train","images/0333.png"
"0334","photo-0020.png","photo-0020","0334.png","real_damaged","赫达·莫里逊中国相册（Hedda Morrison）","","","","e0d22cc3b629262123b37af494ca52f39ec83ae31b9e2dd30dadb6ef5971ca72","62ceb3bf844089db5a1d986f480535172f3554508a2449a46ab4ddbead44fb38","1594","1598","group_portrait","RGB","existing_damage","train","images/0334.png"
"0335","photo-0021.png","photo-0021","0335.png","real_damaged","赫达·莫里逊中国相册（Hedda Morrison）","","","","c08b95a8f99862b2f7173ffbc67c65e306a447bccaad2629ff52adf9b6ebcff3","79d6a836f150ac81c1050642b9cf01795a73fa034f7e043ddbbf345ac7bab6dd","1590","1561","single_portrait","RGB","existing_damage","train","images/0335.png"
"0336","photo-0022.png","photo-0022","0336.png","real_damaged","赫达·莫里逊中国相册（Hedda Morrison）","","","","c5ae45ea5d8cd71180925acde125b1f4bf783bafe3c68a2712692405335dd0fc","41e16495aef63dcbd42531c3c65e7809a82dce6e7d909dc5f3879f4105ebbceb","1598","1594","single_portrait","RGB","existing_damage","train","images/0336.png"
"0337","photo-0023.png","photo-0023","0337.png","real_damaged","赫达·莫里逊中国相册（Hedda Morrison）","","","","8dd8fb6ab8693be7c176591bb3da7542d7967af14ab367ce8b156df25bd5bd83","38b9455ab3b68a8e35a54f8421ca0b227d558f1475ed4579e78e6005baf37bf8","1577","1573","group_portrait","RGB","existing_damage","validation","images/0337.png"
"0338","photo-0024.png","photo-0024","0338.png","real_damaged","赫达·莫里逊中国相册（Hedda Morrison）","","","","2db63723c0a5a018c5c9dec7b10ed2f1e46439ee008ae5e85ba544cceed5181c","ad342058be5bdc2849c85aeeff7e2c39ba712ba4b3b598b102ed24093fb54620","1577","1577","group_portrait","RGB","existing_damage","train","images/0338.png"
"0339","photo-0025.png","photo-0025","0339.png","real_damaged","赫达·莫里逊中国相册（Hedda Morrison）","","","","e7b4716a6b6ac763dfe3f1573c41eb80b381a152691d85fae57d779a118c4316","d28e32f80d0bdf35d049dc8f846c9855b9f6c882a3707091fea9d5dff0ddbcc7","1577","1602","single_portrait","RGB","existing_damage","train","images/0339.png"
"0340","photo-0026.png","photo-0026","0340.png","real_damaged","赫达·莫里逊中国相册（Hedda Morrison）","","","","1409f4a35553b6b2f038a2052b7f27e03cbc9bc76f3dfefb81c0f83e8d7e359a","dbca1a1be3aa8a1d4e8771a801f8195bc94b200eb3ee28e3499ce9e46cda71ab","1602","1593","single_portrait","RGB","existing_damage","train","images/0340.png"
"0341","photo-0027.png","photo-0027","0341.png","real_damaged","赫达·莫里逊中国相册（Hedda Morrison）","","","","cacd2ee2821d3f099f4d70868e0c880eb73a119fcdc0b2ced3edb75e9cd614cd","13f0e877acb11730a3a25b431235c24192b82d7e079650c4433f69811367bf39","1577","1564","single_portrait","RGB","existing_damage","train","images/0341.png"
"0342","photo-0028.png","photo-0028","0342.png","real_damaged","赫达·莫里逊中国相册（Hedda Morrison）","","","","4790384020386955781df7db9dbbba2c09221c45ecd2a9b4c2dacc3d8efa505b","51c3f468c3308fa7f8d25eccac9ce0a0377058519270b97674d170dece0272ae","1572","1589","single_portrait","RGB","existing_damage","validation","images/0342.png"
"0343","photo-0029.png","photo-0029","0343.png","real_damaged","赫达·莫里逊中国相册（Hedda Morrison）","","","","e5e162de87ec9716d5d9f9fa1b0f6dfeb71225aa89c4e882117b99b21ec694ef","69352eedc26642f2aeb5d1042ad5b9b8367a83e0731743d1580f0a09fbc4aa84","1552","1418","outdoor_scene","RGB","existing_damage","train","images/0343.png"
"0344","photo-0030.png","photo-0030","0344.png","real_damaged","赫达·莫里逊中国相册（Hedda Morrison）","","","","e9cedbeb6b42d37bb2a93f9621fd6a706389504bd9f949ba621868d2e2236b14","9e84916fb30b0092ddde98ebeef46efee91fa02d5a5c7132a25efff44f8fb893","1573","1577","outdoor_scene","RGB","existing_damage","train","images/0344.png"
"0345","photo-0031.png","photo-0031","0345.png","real_damaged","赫达·莫里逊中国相册（Hedda Morrison）","","","","15afbec0c86229beebf02332d3f3144c799027034a6f6f22c4141fbcf60c3918","7d5c7788c20196b2e46574468918645d1e1aa139d6629c7fb2e2d94c966ec129","1569","1577","single_portrait","RGB","existing_damage","validation","images/0345.png"
"0346","photo-0032.png","photo-0032","0346.png","real_damaged","赫达·莫里逊中国相册（Hedda Morrison）","","","","3042d52a928c6697b9bf73153ae2ccb8b78071997da19a5db02119639eb1d27a","751767c6954d57a946ead782430984b34619d8f1f6c34e78390967105c1d9d05","1560","1568","single_portrait","RGB","existing_damage","test","images/0346.png"
"0347","photo-0033.png","photo-0033","0347.png","real_damaged","赫达·莫里逊中国相册（Hedda Morrison）","","","","5afca90fca49009f3884ec495373dfa091a0e24fe6632aa7c53360de4aa6d4f6","f86aab1b877ef61d36333ba4de020d880393aadfe90002e415c13d5a2994ea0c","1552","1569","group_portrait","RGB","existing_damage","train","images/0347.png"
"0348","photo-0034.png","photo-0034","0348.png","real_damaged","赫达·莫里逊中国相册（Hedda Morrison）","","","","0aee70c8e7f0faf04b09778e21b91658aaf47a4ea56b98dc086a2d800c193809","d11f3860c3e006b8eecfbb9e29ce1574de001368567dcba4c54a420ed3520e21","1586","1573","group_portrait","RGB","existing_damage","train","images/0348.png"
"0349","photo-0035.png","photo-0035","0349.png","real_damaged","赫达·莫里逊中国相册（Hedda Morrison）","","","","8c878d48a206e9768c99de5b37e5fc71e64104f99346950b73bb2fad1e2e4806","9ae253b6a70f40eec4033e094821b5ad830739f40d8b38cee04aaf4b91e21d86","1586","1581","single_portrait","RGB","existing_damage","validation","images/0349.png"
"0350","photo-0036.png","photo-0036","0350.png","real_damaged","赫达·莫里逊中国相册（Hedda Morrison）","","","","c41a981e54df57d9f97029b54abeab8bd9fd58ca35c03184352a187730530c94","37a9136549bd9d8f76f717e13996e3b232d85a150ca04ca3bc365b113c4885da","1581","1564","outdoor_scene","RGB","existing_damage","train","images/0350.png"
"0351","photo-0037.png","photo-0037","0351.png","real_damaged","赫达·莫里逊中国相册（Hedda Morrison）","","","","92ed5c86d29ed14f230af3284e2aca873b7c4018ee853e66592046a3acc3ffdb","061330365b174e1c4736d680b3adc410533b34a39f49e7ee5cff90da065e257e","1594","1460","single_portrait","RGB","existing_damage","train","images/0351.png"
"0352","photo-0038.png","photo-0038","0352.png","real_damaged","赫达·莫里逊中国相册（Hedda Morrison）","","","","001f48f53cd767c6a791e1bf04c8b9f03cb6fed387ec4a1443be7755bd3575ee","fc81b6c3aa9874363146457a9db0ad8b4b30fe47eb5625852b9181c76d4c43e3","1590","1598","outdoor_scene","RGB","existing_damage","test","images/0352.png"
"0353","photo-0039.png","photo-0039","0353.png","real_damaged","赫达·莫里逊中国相册（Hedda Morrison）","","","","3720ecaf1b127dce2eeff370e9cc691f167f69edbfc0e299c8b746e14f7d5696","80872dfbf7d36bcb75c26806020b1b1b57e2ba2c52234b47dc1e5b18de46741e","1610","1611","single_portrait","RGB","existing_damage","train","images/0353.png"
"0354","photo-0040.png","photo-0040","0354.png","real_damaged","赫达·莫里逊中国相册（Hedda Morrison）","","","","975f9169fce90855b417fb6838552bb9ce7098c93917878261d21d2a8dd33713","00c9a1f18ee6abfa02438096affb6d3adf1876ee39db7f50717429d3dd4448b2","1594","1593","outdoor_scene","RGB","existing_damage","train","images/0354.png"
"0355","photo-0041.png","photo-0041","0355.png","real_damaged","赫达·莫里逊中国相册（Hedda Morrison）","","","","51947527247994d57336d314dd997f13fd2fde552b171ae86cef25b5f4aa1513","10d7056232f0e059b8a9b07f07232c032525b5c55228092a9303a31248d83da7","1589","1585","single_portrait","RGB","existing_damage","train","images/0355.png"
"0356","photo-0042.png","photo-0042","0356.png","real_damaged","赫达·莫里逊中国相册（Hedda Morrison）","","","","76bbc42a7fbf867ca4ae346b5a0f43b1848602e29bb491dfe823a206a40b1e76","8dbaf6210cfea75353c594c4da8890397b62e7312bb7fa83f0c992afa2b51440","1556","1585","group_portrait","RGB","existing_damage","train","images/0356.png"
"0357","photo-0043.png","photo-0043","0357.png","real_damaged","赫达·莫里逊中国相册（Hedda Morrison）","","","","3fbddb96b4e28b08b6929cce2d6bc8a017a5c81549f462ea71af451f45b4aecd","5b380a731036f7d87c0cba5f80c739ff4d8c267b56cab202c6cedbf9d60a2353","1664","1593","single_portrait","RGB","existing_damage","train","images/0357.png"
"0358","photo-0044.png","photo-0044","0358.png","real_damaged","赫达·莫里逊中国相册（Hedda Morrison）","","","","530336258028877aed5fc16dc61944317c302ae20b6ad46ab0c0db0a026532b8","ababc3bd57267e8b3a08bdfcef8cb8e88c27867269fd7664c0a9d21275e46a79","1569","1598","outdoor_scene","RGB","existing_damage","train","images/0358.png"
"0359","photo-0045.png","photo-0045","0359.png","real_damaged","赫达·莫里逊中国相册（Hedda Morrison）","","","","df1608c7fec2440fc307b8e0a9441fa114e9eab0aeccc08fe65ded2d96a72954","de652f5ed9694d6afada8c44d0d7dfebf68ba1ef56991b4181ba0767d0a13d78","1581","1577","single_portrait","RGB","existing_damage","train","images/0359.png"
"0360","photo-0046.png","photo-0046","0360.png","real_damaged","赫达·莫里逊中国相册（Hedda Morrison）","","","","8d6110f415244d7feb0bdca7fc28711f8c81abc5e44dc8d59a302c58ddcb6527","7a8eee7093a35398806626c0f0a788e11682cdaeec0eba5e9a94487b114d4abd","1568","1560","single_portrait","RGB","existing_damage","train","images/0360.png"
"0361","photo-0047.png","photo-0047","0361.png","real_damaged","赫达·莫里逊中国相册（Hedda Morrison）","","","","691ea484c8e04f8186a1aac34c97ff73eb4c7e53e39e497e6537a65f08682f7b","919ba2ab53d848e8c0717d9873416925aa3c4c7426f141fd04690d60f50ffacf","1561","1572","other","RGB","existing_damage","train","images/0361.png"
"0362","photo-0048.png","photo-0048","0362.png","real_damaged","赫达·莫里逊中国相册（Hedda Morrison）","","","","db6db493ecd064017d28ad7390f7be3ad80d9a1ac2310e3548d12f3c5a8dfdc1","801fe3ef0021a822b273c86ce01643a739450aa249acade0d904021bc2c359a3","1577","1569","outdoor_scene","RGB","existing_damage","train","images/0362.png"
"0363","photo-0049.png","photo-0049","0363.png","real_damaged","赫达·莫里逊中国相册（Hedda Morrison）","","","","596c8fe3d9723b72500aec057bff72fe1384a31f469e7c6d397c278cb3c71f4d","7bcd37bdde0b049a4c5989e3cae881ebd3e328d1be2e201746528a6d690d4d2a","1585","1573","group_portrait","RGB","existing_damage","train","images/0363.png"
"0364","photo-0050.png","photo-0050","0364.png","real_damaged","赫达·莫里逊中国相册（Hedda Morrison）","","","","26cf0b888fc61fbf69a2ae2d15d6c1182e3e29b25131a350e8c98a9ae71bc7c7","e8af3a92a211ff4654a81a97b151b8ba389eedf23808b670fcd7be9e181dc402","1606","1577","outdoor_scene","RGB","existing_damage","train","images/0364.png"
"0365","photo-0051.png","photo-0051","0365.png","real_damaged","赫达·莫里逊中国相册（Hedda Morrison）","","","","22bfaea85bd171422e2f36401c5d4f98e866853878a4b4c37b7997e4324ce88b","9cf50cdf89b6cf5b430c5f4283f5325eef9f36521322f3bd9e914d0562cd5288","1581","1472","outdoor_scene","RGB","existing_damage","train","images/0365.png"
"0366","photo-0052.png","photo-0052","0366.png","real_damaged","赫达·莫里逊中国相册（Hedda Morrison）","","","","e3ce915b1e5fccd730c013a42d86b0b2710f145689ede11f6e7fc8a0fdb23932","587a41d2c6215bb266bb6a1cbd14d6438558f48b522133e3e097b4cc0be769bf","1573","1565","single_portrait","RGB","existing_damage","train","images/0366.png"
"0367","photo-0053.png","photo-0053","0367.png","real_damaged","赫达·莫里逊中国相册（Hedda Morrison）","","","","1ae78977c2ec27d41e16c91381ac4ea5c4806f3db910ed09fadbf411d97ac8bd","3d2e481091488e57e6402783f52a506e14359e2f2ef890cf2d77f9ae972e0518","1581","1568","outdoor_scene","RGB","existing_damage","train","images/0367.png"
"0368","photo-0054.png","photo-0054","0368.png","real_damaged","赫达·莫里逊中国相册（Hedda Morrison）","","","","a0f536127a038f1775293f25f20b7edb016e9825cbb4eff4d5a811dd2e9de1e1","82fe84d21aa5087694623832cde26b707324636863deb6be12ab2a1bea3c2755","1618","1573","outdoor_scene","RGB","existing_damage","validation","images/0368.png"
"0369","photo-0055.png","photo-0055","0369.png","real_damaged","赫达·莫里逊中国相册（Hedda Morrison）","","","","54a0b82570faa303ecd14d8a6441f4132c5382791e7c8eef40492f221b31fcca","c40072d002c13ce1eb4bc9849f82b24538d1d34018979c65b122e7700c89cd7b","1561","1569","outdoor_scene","RGB","existing_damage","train","images/0369.png"
"0370","photo-0056.png","photo-0056","0370.png","real_damaged","赫达·莫里逊中国相册（Hedda Morrison）","","","","6bdc130f9c179d70b8fd977d79b54e5b650465633b731d56773d1a10c5d30990","4252158219b471af1bc407ada4ed340da50eaf9759c447c1675d3e9b0e955c86","1576","1573","outdoor_scene","RGB","existing_damage","test","images/0370.png"
"0371","photo-0057.png","photo-0057","0371.png","real_damaged","赫达·莫里逊中国相册（Hedda Morrison）","","","","0c5dbcfb9007039b245f3c8bf740a384b3a494bf38a2e7fd97ae138909cfffb3","5925540deb409eefa1c476e3e4f7ccf3feb8ebd16b6850516dd1eadee735ae4d","1623","1577","single_portrait","RGB","existing_damage","validation","images/0371.png"
"0372","photo-0058.png","photo-0058","0372.png","real_damaged","赫达·莫里逊中国相册（Hedda Morrison）","","","","1a086b53bfd50492d25d404b2717f01e5e5821692684360bc11a09309d07bc7e","8179d89a26cce70d7374aceff831a7feb8f059e68815a296ec5237ea3e32f50c","1547","1548","single_portrait","RGB","existing_damage","train","images/0372.png"
"0373","photo-0059.png","photo-0059","0373.png","real_damaged","赫达·莫里逊中国相册（Hedda Morrison）","","","","b6f90bf2107570b65471f3c0c6a22cea01ef79e3a66ccc27ef8858dc600d43f6","e1ab9d8ed58b036edf0a82dc63d8e05ca2d3ba3161007866e9fbc89ea149e444","1564","1548","single_portrait","RGB","existing_damage","train","images/0373.png"
"0374","photo-0060.png","photo-0060","0374.png","real_damaged","赫达·莫里逊中国相册（Hedda Morrison）","","","","2fe7b11aa2ac43e70598963aeb50026195e98731b9d6704a926bf14d830bde24","09f7286180972c4fe48baf3a7a9e60ff530ba078ded2f7314799fb90bef86467","1564","1573","single_portrait","RGB","existing_damage","train","images/0374.png"
"0375","photo-0061.png","photo-0061","0375.png","real_damaged","赫达·莫里逊中国相册（Hedda Morrison）","","","","85f5aa8a3d3292ba75ecb668575243fb124b22dbb0a8c3ff1f1ee5ef12b74598","edeb689b41f9370612172ff8871e650677ee7e751cee2f0f6bada9238718466c","1682","1577","outdoor_scene","RGB","existing_damage","validation","images/0375.png"
"0376","photo-0062.png","photo-0062","0376.png","real_damaged","赫达·莫里逊中国相册（Hedda Morrison）","","","","d0b70c224e7d70421023068344e7c369dd2480803c4d9c3b00e3e6acaa08f377","7dde1cf1e59b911b920908fd8851cae2898119a391cdf9e5e2d433a298f6e83b","1573","1560","outdoor_scene","RGB","existing_damage","train","images/0376.png"
"0377","photo-0063.png","photo-0063","0377.png","real_damaged","赫达·莫里逊中国相册（Hedda Morrison）","","","","70e2746f9c7994019d702e1826e99a0eb40b1255b0de97127a11209b3f023bed","cdc88c053ac764697d6e79f4c547745c4e90f1a836649f83e9c8144c9375b7bf","1581","1565","single_portrait","RGB","existing_damage","train","images/0377.png"
"0378","photo-0064.png","photo-0064","0378.png","real_damaged","赫达·莫里逊中国相册（Hedda Morrison）","","","","30ba0596a051d5028984fcb3fa9ea09d87c173f32d75bc023f4e3c8762aebdb6","af5977b6729a1e899f31caf27a94796a7da9b5ac5694a01a976e9a6c2d9b1434","1602","1568","group_portrait","RGB","existing_damage","train","images/0378.png"
"0379","photo-0065.png","photo-0065","0379.png","real_damaged","赫达·莫里逊中国相册（Hedda Morrison）","","","","648101baddfd2563be456ad4924ff90ecf3c6ad1b8e293305ea1c71257d026ee","55c1ef81874497087a60fa36a33ec587f4a1025c5ad9d8721f1f2df8541f51ed","1631","1573","single_portrait","RGB","existing_damage","train","images/0379.png"
"0380","photo-0066.png","photo-0066","0380.png","real_damaged","赫达·莫里逊中国相册（Hedda Morrison）","","","","1d437b423c1a71bf0c0786edb85ba546da3c71e21d771029a8f928f2c1828c39","a8a0c8b9d0126e64822945eb602bb13910df7e20a60f3cc99fa3f7cfa49e1892","1573","1560","single_portrait","RGB","existing_damage","train","images/0380.png"
"0381","photo-0067.png","photo-0067","0381.png","real_damaged","赫达·莫里逊中国相册（Hedda Morrison）","","","","4e00dd1ebd07e83eda1e5e45e6c8bd44c2d6d73950d8ffc85303b35216e0abb2","d461180b1de02770eac13295fa54d0613f00f24f25eec890da9134ba62fe6595","1581","1556","outdoor_scene","RGB","existing_damage","train","images/0381.png"
"0382","photo-0068.png","photo-0068","0382.png","real_damaged","赫达·莫里逊中国相册（Hedda Morrison）","","","","bae4a74cebe1781428758076007c4432d0c7b7688d0fe8f44cb6af4656c4a8ea","957604514b7c8931b8ecdeff400f8441a0b0ed877590ba48b0a6ba6c9834d796","1602","1556","single_portrait","RGB","existing_damage","train","images/0382.png"
"0383","photo-0069.png","photo-0069","0383.png","real_damaged","赫达·莫里逊中国相册（Hedda Morrison）","","","","17a87377de59522f7bac9bd6f3d21c1cf1f23e468d571d4aa696b07cf24e83e6","f1b296f3a8628c38666e18894c9445cf2fe76dafcb2acf4c0e6abcc942910ed3","1576","1615","single_portrait","RGB","existing_damage","train","images/0383.png"
"0384","photo-0070.png","photo-0070","0384.png","real_damaged","赫达·莫里逊中国相册（Hedda Morrison）","","","","f22fee080c9ebe1145296766b832572eed1c817070c1cd86a36ea6c8525330f6","797e5a784fa4e66a9d1b423756ef9611a5b8ace8a8bba5101c1076f6eb99fe26","1652","1573","single_portrait","RGB","existing_damage","train","images/0384.png"
"0385","photo-0071.png","photo-0071","0385.png","real_damaged","赫达·莫里逊中国相册（Hedda Morrison）","","","","7308b39fa37048e79972201a941a4d52f29383f5917ed4b69a72c50b57e1a8ec","6b963499c57b3cc5a84161b6480cbdfd4ca78fe217166918db678e87536547b0","1606","1573","single_portrait","RGB","existing_damage","test","images/0385.png"
"0386","photo-0072.png","photo-0072","0386.png","real_damaged","赫达·莫里逊中国相册（Hedda Morrison）","","","","d9b2a22eb047f6db726330a75b521622d65837822cd457b8bf2fbc93ee6c0e99","8881fb209a3cd032ae16dbf97df99c63466a85095c8f7cbe24604e1374dd130a","1614","1569","single_portrait","RGB","existing_damage","test","images/0386.png"
"0387","photo-0073.png","photo-0073","0387.png","real_damaged","赫达·莫里逊中国相册（Hedda Morrison）","","","","e82200faaec32040d244e03839d2beef5ec49245ab2dbf27b95db3eb8709917c","a196c7f3c3150634c7454896a29a606128a4f83c3cd2179b7814d45e4e88d70f","1565","1572","single_portrait","RGB","existing_damage","train","images/0387.png"
"0388","photo-0074.png","photo-0074","0388.png","real_damaged","赫达·莫里逊中国相册（Hedda Morrison）","","","","4b25d2cef319884a45eab6872d8e83a557309f1938e0e967dd1b7dc165b23097","c02f0051094c13f8dfdf6087ea21a429611d55887fcc7c4b6fd8102f56bef104","1585","1565","single_portrait","RGB","existing_damage","test","images/0388.png"
"0389","photo-0075.png","photo-0075","0389.png","real_damaged","赫达·莫里逊中国相册（Hedda Morrison）","","","","d6f5ec37f1962e4433334e00fbd2cefd3d171e2850f3dcaa7ac8d40c56d8561a","6714087e47dcf298002bdfad472dfa01d2ac83229733de115b2933ccf8b34205","1648","1556","single_portrait","RGB","existing_damage","train","images/0389.png"
"0390","photo-0076.png","photo-0076","0390.png","real_damaged","赫达·莫里逊中国相册（Hedda Morrison）","","","","4b7465d0087df977f77556e5833abaab3799a0872c34b1c31c4bf44eb2dc9751","11aeb582881ce13ac815024825ecb8e5827ddde19fcede7ebf75829ad89943cb","1548","1552","single_portrait","RGB","existing_damage","train","images/0390.png"
"0391","photo-0077.png","photo-0077","0391.png","real_damaged","赫达·莫里逊中国相册（Hedda Morrison）","","","","eb857489bf1e9818405c20dfdc34a39918ce1262f761922a4a6485b2da1f84c1","352693c72607430441dddc68d23d146fbf9794d57fef41360cfe736abc46003d","1594","1544","indoor_scene","RGB","existing_damage","train","images/0391.png"
"0392","photo-0078.png","photo-0078","0392.png","real_damaged","赫达·莫里逊中国相册（Hedda Morrison）","","","","5ee855d37db27497b2646108bb68e4282af28314cc310bce93a6033e92e09bb6","a1dfa32f2ea876fdebefde6d14b551bd070e372c31af6263070076b481252ffb","1581","1460","other","RGB","existing_damage","train","images/0392.png"
"0393","photo-0079.png","photo-0079","0393.png","real_damaged","赫达·莫里逊中国相册（Hedda Morrison）","","","","96abbfe2f857c4afa0333001f2bdbdbfb3cd7127a277e4a6ac830c044e231149","9a244c6bc88a123fc7ae22f0a5bf2e6cbc618707d8c7d6c9f97243085e293986","1581","1548","single_portrait","RGB","existing_damage","validation","images/0393.png"
"0394","photo-0080.png","photo-0080","0394.png","real_damaged","赫达·莫里逊中国相册（Hedda Morrison）","","","","acce593226e2945184eefb971b4310a573617c0b29a44ea67fa3be8e62f054a9","7bfef51620a9ebe8d13758c6739a178f56b52d7e90ad3e5df638a60bd526a25f","1610","1610","single_portrait","RGB","existing_damage","test","images/0394.png"
"0395","photo-0081.png","photo-0081","0395.png","real_damaged","赫达·莫里逊中国相册（Hedda Morrison）","","","","0218398a6c6b1686810cf1ec248e530c9937446024dc4655992839f79603c05f","a517882691edfbcd1c4e84d4cfd2440d60454a34916b72299748a08b71e9acfd","1594","1615","single_portrait","RGB","existing_damage","train","images/0395.png"
"0396","photo-0082.png","photo-0082","0396.png","real_damaged","赫达·莫里逊中国相册（Hedda Morrison）","","","","7045bd8b2e6784939dc228ee6bafbf21786fdfbdc3d4559b810f95d9709f8c9b","dc37970b348eb314e7616fce856408e0a2db89528748d22417f95b95242fe82a","1586","1502","indoor_scene","RGB","existing_damage","test","images/0396.png"
"0397","photo-0083.png","photo-0083","0397.png","real_damaged","赫达·莫里逊中国相册（Hedda Morrison）","","","","f0592d1f1c3fa4026be79d514955d89cf84ab4b6dc79cf37ceb26e327ddb82c6","2494ec57d1301ba81d56a0e9d77af2ff2306362805de3721d28558837d8f01ea","1568","1540","single_portrait","RGB","existing_damage","train","images/0397.png"
"0398","photo-0084.png","photo-0084","0398.png","real_damaged","赫达·莫里逊中国相册（Hedda Morrison）","","","","4aa9044762c51764a397975c6dbdad3b55bd4d87a42c3751aecaf636033a438e","67065bd854cb1a81e11f012de0f977d4d6c38c6884dc64771fef166ec44aa402","1589","1552","single_portrait","RGB","existing_damage","train","images/0398.png"
"0399","photo-0085.png","photo-0085","0399.png","real_damaged","赫达·莫里逊中国相册（Hedda Morrison）","","","","97e763cebc5663cd2763bd78fa8c3440b152690fcb3526103e2111532d9830f1","f2517c741e9c5959501e5fcfc367a00dbf414bf22fdc9dd23d966a7682e02c2b","1593","1552","single_portrait","RGB","existing_damage","train","images/0399.png"
"0400","photo-0086.png","photo-0086","0400.png","real_damaged","赫达·莫里逊中国相册（Hedda Morrison）","","","","ba9bca8ff1ba66f25d9f9818ab34d1b2961f5fa94a7c21c51651acaf51ddd807","1df5c61038f0fa1eff42f9a60f4e79c1e956c5a0936ff16b358c32156e9a6541","1615","1564","single_portrait","RGB","existing_damage","train","images/0400.png"
"0401","photo-0087.png","photo-0087","0401.png","real_damaged","赫达·莫里逊中国相册（Hedda Morrison）","","","","9cd0fe774616ae0c9a725bdc8237abf807c0c8fab541c23ddbada9eb06393561","6a77999f5d3400a57240cb5cd8bf77071652c362726d71780f2f7b01fe218614","1606","1493","single_portrait","RGB","existing_damage","train","images/0401.png"
"0402","photo-0088.png","photo-0088","0402.png","real_damaged","赫达·莫里逊中国相册（Hedda Morrison）","","","","67dee31cafacd74adcff662eb08a6f7d5de6d2267219e24b01b1cd588bb908fa","ce70b2c193b6a8f7e1815880822c3f3a11f7b8c818b94212732ed6e7e5a64215","1594","1506","single_portrait","RGB","existing_damage","train","images/0402.png"
"0403","photo-0089.png","photo-0089","0403.png","real_damaged","赫达·莫里逊中国相册（Hedda Morrison）","","","","3c0ad8dfd4772ba57ded4e1c40a998830155cc5c3b73f6328bf1780b4a23d70c","939deb9192788c8a5f79ac607283aee86a2ad3fdd4b2fb55edbd01eebdffe513","1581","1556","indoor_scene","RGB","existing_damage","test","images/0403.png"
"0404","photo-0090.png","photo-0090","0404.png","real_damaged","赫达·莫里逊中国相册（Hedda Morrison）","","","","40f2cefba1a5d775ddc3d42e29c9818c7774cfb406d8f5f66896141d80edb963","7b92dde10b3b13d11a273f45dc57b55761d6e6532b63b0cf5f8eaee690df3a3d","1610","1564","single_portrait","RGB","existing_damage","train","images/0404.png"
"0405","photo-0091.png","photo-0091","0405.png","real_damaged","赫达·莫里逊中国相册（Hedda Morrison）","","","","3ff5db6e894fb113cf789febf694e942345d1c5488342baee0bf741a3303f7d6","8b5d2c8abfa93075fd3f57854015b1ad5f739c00950aa65c59110906183c2fe5","1656","1556","group_portrait","RGB","existing_damage","train","images/0405.png"
"0406","photo-0092.png","photo-0092","0406.png","real_damaged","赫达·莫里逊中国相册（Hedda Morrison）","","","","ca7d7da780729d07042b7aa8c3946a0fbc9be4972004b7459ab610f838c999f2","8457a492983b2c7e209f302b283d11d6811f728661d112825f1472e8a8bd42ad","1577","1552","group_portrait","RGB","existing_damage","train","images/0406.png"
"0407","photo-0093.png","photo-0093","0407.png","real_damaged","赫达·莫里逊中国相册（Hedda Morrison）","","","","51163d81184586882078311d9634db0934b21a5c990c3bd9187c3c3f0db2b96b","4bf0ee9c66e87c7c60ecebed7762baa24c557d95969f2f2ef082617bdfb13e0c","1573","1552","single_portrait","RGB","existing_damage","train","images/0407.png"
"0408","photo-0094.png","photo-0094","0408.png","real_damaged","赫达·莫里逊中国相册（Hedda Morrison）","","","","a8d12f2ddd21021d5d5ef6b0ae122b2675978facdfbef4a0da86ae8f2e70233c","82d82d811dbc150377c51e0103917d2b71161a5cc3e6f60801f04726d9b2196f","1610","1590","single_portrait","RGB","existing_damage","train","images/0408.png"
"0409","photo-0095.png","photo-0095","0409.png","real_damaged","赫达·莫里逊中国相册（Hedda Morrison）","","","","917d2037cf9693ea7dc2f3c2bae9dbdea7bcaad3f4d3e3a3a33369ccdd8b7c1f","0d65196461bcb1e19a7b0b2f9fb87e33be29a35d324bd64ad90cda4eaf4831a5","1577","1564","single_portrait","RGB","existing_damage","train","images/0409.png"
"0410","photo-0096.png","photo-0096","0410.png","real_damaged","赫达·莫里逊中国相册（Hedda Morrison）","","","","421958f396e7004eda1c5736ac98a9667d22f45c797678be7ceba8f70850f06b","08affb0b3d85d72c8406595ff3046faa422a5f9717d8399af5ae3c3dd256007f","1598","1565","single_portrait","RGB","existing_damage","train","images/0410.png"
"0411","photo-0097.png","photo-0097","0411.png","real_damaged","赫达·莫里逊中国相册（Hedda Morrison）","","","","f77a2f47f77aa941fd19873180842494ee0b9b9e6502de0c300090676c2ccf28","f3e71f685f5267b1cf4a94f24fb081fffebd735af1c7aa4ce1989df4c052d6dd","1589","1577","other","RGB","existing_damage","train","images/0411.png"
"0412","photo-0098.png","photo-0098","0412.png","real_damaged","赫达·莫里逊中国相册（Hedda Morrison）","","","","69584404e5f158ec99d823b7dfbc5cc2cdc9c7d84997ea435ddd67f6220a5a1c","dbfb46f56abe9de9a883995bab617cec8ea9b6c66eb9f7ac12efc88da2b70e40","1581","1569","outdoor_scene","RGB","existing_damage","train","images/0412.png"
"0413","photo-0099.png","photo-0099","0413.png","real_damaged","赫达·莫里逊中国相册（Hedda Morrison）","","","","da38e70c0a23c16c6addcf261ee538e3739b4a60cd3cc66c9a1a6702ec363ae2","a6e4d44b91ca858ad4bdbe1cf5f10b2d2c66d1b2bb9399ef2aaffeedf01bd747","1552","1557","outdoor_scene","RGB","existing_damage","test","images/0413.png"
"0414","photo-0100.png","photo-0100","0414.png","real_damaged","赫达·莫里逊中国相册（Hedda Morrison）","","","","8b24c0dc58cf9d45e584f6d1fc939ed557fe5743ac6085ab52205f77b94f0c7b","b8c84084c8f1e199f9a886e15ebb8c37c74c2adc6e8c43f4a21771c9c96cbc99","1655","2268","single_portrait","RGB","existing_damage","validation","images/0414.png"
"0415","photo-0101.png","photo-0101","0415.png","real_damaged","赫达·莫里逊中国相册（Hedda Morrison）","","","","929094b6f6ad7b434dc080107ec5c35512bbd9c98de7a9b5d17571b7fefcecd2","1d5c79d94deb45b8e3d502e701d2e6071c1f28e502a4e08dbd729122e65b627f","1625","2263","architecture","RGB","existing_damage","validation","images/0415.png"
"0416","photo-0102.png","photo-0102","0416.png","real_damaged","赫达·莫里逊中国相册（Hedda Morrison）","","","","bdc006925fe026d8a9a8d7a772620a4e1a6e000ea7ba4476fee8929d1d437387","a14a36a2baa3425ce19ef91f95001c974e1e50d581c3672cf01fba5d123f1b5e","1641","2208","outdoor_scene","RGB","existing_damage","test","images/0416.png"
"0417","photo-0103.png","photo-0103","0417.png","real_damaged","赫达·莫里逊中国相册（Hedda Morrison）","","","","b36f53fe2370ec0ec065b5a9adcc31d8fd27e751aee473a811a4cf170b615670","030739d95a4625b0d5981821cf8ce555af661e01df7f16a1f19216a8698a7e11","1675","2193","architecture","RGB","existing_damage","train","images/0417.png"
"0418","photo-0104.png","photo-0104","0418.png","real_damaged","赫达·莫里逊中国相册（Hedda Morrison）","","","","b604d2034c71417075ad87ef6c8112abb8aa80b374969f9bc3db38893b442e61","e16c0c3713e02ab5c69d152e20d5b5fe994b4db10ca3ebeaca62ea03563144ab","1589","2263","outdoor_scene","RGB","existing_damage","test","images/0418.png"
"0419","photo-0105.png","photo-0105","0419.png","real_damaged","赫达·莫里逊中国相册（Hedda Morrison）","","","","ae2946d0ef98fa3ef1db074518a565b4af1d4a7f5a4d674cb14c0f43d02fcef3","07938f3d97b9dfbc5cc0f0327dc04a8b21164cf175162b5fea89292beb991130","1590","2081","outdoor_scene","RGB","existing_damage","train","images/0419.png"
"0420","photo-0106.png","photo-0106","0420.png","real_damaged","赫达·莫里逊中国相册（Hedda Morrison）","","","","72c89d9a3d30d5097d4d9abd6713e8cdfafd28c3b5344e65171f1bc3c7445a00","828dcd2f7735bb1bf5b1bba31f6ca52aa152151f97f901ca19e15a1a9a100d02","1590","2167","outdoor_scene","RGB","existing_damage","train","images/0420.png"
"0421","photo-0107.png","photo-0107","0421.png","real_damaged","赫达·莫里逊中国相册（Hedda Morrison）","","","","9f383d2ecc5a8b98e468d9d7ca9cfb77b11593cf6cfc37df0fbfbfb6b3741b14","de136bcafdde691fc6858278203c74043a71d397c6daf41ae59428248855000c","1590","2268","architecture","RGB","existing_damage","train","images/0421.png"
"0422","photo-0108.png","photo-0108","0422.png","real_damaged","赫达·莫里逊中国相册（Hedda Morrison）","","","","83d6e77c8b241121835b581aa8e78f7acceab15c5418332d181e04a09dc993ef","6b0f5a7240735b3c008af71aa58966e6a5da88370b8132b84adfa9c3f9cb7efc","1640","2223","architecture","RGB","existing_damage","train","images/0422.png"
"0423","photo-0109.png","photo-0109","0423.png","real_damaged","赫达·莫里逊中国相册（Hedda Morrison）","","","","29c1d36673c4a10ade0614b9312228b13bc955d0db7333a3dfc66980eca0198b","001a222f3ec05e28bca6f886849bda8abe25597ea9e7ab694199259093e22b34","2217","1600","architecture","RGB","existing_damage","train","images/0423.png"
"0424","photo-0110.png","photo-0110","0424.png","real_damaged","赫达·莫里逊中国相册（Hedda Morrison）","","","","502d5839f6de53f564ab2bad4bbc490854ed522a171c77b26e6505e83cf0fe6e","ebaf3ee42e3c5de63da691941fa024d3e21e13728dedb6426ea14e62fcd965ca","2309","1590","group_portrait","RGB","existing_damage","train","images/0424.png"
"0425","photo-0111.png","photo-0111","0425.png","real_damaged","赫达·莫里逊中国相册（Hedda Morrison）","","","","366a466be4e0651e58696ac7ddb2157e02958631902727b2b86a45f90c4b5536","110053ea18a810b8a4a146286eab149b9e16a4e8f8515aeddd9d855c4ddffe2e","1615","2263","single_portrait","RGB","existing_damage","validation","images/0425.png"
"0426","photo-0112.png","photo-0112","0426.png","real_damaged","赫达·莫里逊中国相册（Hedda Morrison）","","","","17a9b4824e7eb3a6971f6de866ac40671038d141891c36098bcdec26caf1f7de","c517b8c1a423f148bf44e09aae566780325ccf432998cf0430b2cc43d765b85c","2208","1626","group_portrait","RGB","existing_damage","validation","images/0426.png"
"0427","photo-0113.png","photo-0113","0427.png","real_damaged","赫达·莫里逊中国相册（Hedda Morrison）","","","","0954f2251e7f3474768731c4c98a1a217e1d0a87f4a99907d6fb7a3fb78834ce","5ea90668ffa18313b5ee14e5eca1d4dfcd28576267a697e74ec571ef2c826e0e","1585","2258","other","RGB","existing_damage","train","images/0427.png"
"0428","photo-0114.png","photo-0114","0428.png","real_damaged","赫达·莫里逊中国相册（Hedda Morrison）","","","","fd1283bbf8c9948dc2fbc2b7a45d881328bf716101e852652457c602555989eb","893b683ae82c5f735da2e8cf9f71141b0535987f1f1edfa3a61d81d926afa1f0","1651","2208","outdoor_scene","RGB","existing_damage","test","images/0428.png"
"0429","photo-0115.png","photo-0115","0429.png","real_damaged","赫达·莫里逊中国相册（Hedda Morrison）","","","","4cc96d219eb00bc91bc26da50f42d8fb69ab781a7f57187d73aac077c44a2ba6","b568576fa5368528faa7f538b001bd4caeb5617659ed1c3420ae0cd5ca219321","2207","1600","architecture","RGB","existing_damage","train","images/0429.png"
"0430","photo-0116.png","photo-0116","0430.png","real_damaged","赫达·莫里逊中国相册（Hedda Morrison）","","","","e107c53aed81a3c8afab059b2fa89445386c3987e1362713d3dcaa568e7963e1","32ed2808fc6c354373b078f7ecc6873753b6fa96f4582f3cd2687cf42257ef45","1605","2218","outdoor_scene","RGB","existing_damage","train","images/0430.png"
"0431","photo-0117.png","photo-0117","0431.png","real_damaged","赫达·莫里逊中国相册（Hedda Morrison）","","","","bd0334235313b1e86c30b77f18b9ba62c954fc70db1cc62719328b0295f2488c","841881149806fb7291779f19bf14c53f836872e1e5af08c4f130c872bb05f224","1600","2208","outdoor_scene","RGB","existing_damage","train","images/0431.png"
"0432","photo-0118.png","photo-0118","0432.png","real_damaged","赫达·莫里逊中国相册（Hedda Morrison）","","","","354095faf902e4aa21f59672497e2396e16fe6137078460b4c2042182be915e0","8b0beeb0bfabfddab42ecc6be03761ab04585de3b6a049b7db9ab974c6844132","1625","2187","architecture","RGB","existing_damage","train","images/0432.png"
"0433","photo-0119.png","photo-0119","0433.png","real_damaged","赫达·莫里逊中国相册（Hedda Morrison）","","","","5607146a0948d8a05e69b5f5553c39bdeaae38776d4fdddcd079b7a6a4b413b9","96d1d2c270a0144ddfc42836189adaaed6673d5f3262fb48092491e3b7963d0d","1616","2233","outdoor_scene","RGB","existing_damage","train","images/0433.png"
"0434","photo-0120.png","photo-0120","0434.png","real_damaged","赫达·莫里逊中国相册（Hedda Morrison）","","","","9d35a366de89323172b053a786198a1df20a7af9fe580981f9c412148345367d","4650621ade28a8ff9b64baa4e8a34a196c75aa8ee88d9000fe7cd5af26e43050","2207","1600","architecture","RGB","existing_damage","train","images/0434.png"
"0435","photo-0121.png","photo-0121","0435.png","real_damaged","赫达·莫里逊中国相册（Hedda Morrison）","","","","60b14d9c1c20bbcf743e43669627e75a59d657fa35701145d90ad434c3c276ce","283f0bb45b4ca8c3c2abd2137d30068b7a56631400cb94282e9a42b7689469d6","1610","2223","architecture","RGB","existing_damage","train","images/0435.png"
"0436","photo-0122.png","photo-0122","0436.png","real_damaged","赫达·莫里逊中国相册（Hedda Morrison）","","","","df00df58b0cc7c8e15efef7ca6e65114c24eb4f4f644f7dfa919000651d8ada8","54cff1463d2597904df5fbb53f136496b2c4051f91299d23b36ae4b53a82a2eb","2263","1640","outdoor_scene","RGB","existing_damage","train","images/0436.png"
"0437","photo-0123.png","photo-0123","0437.png","real_damaged","赫达·莫里逊中国相册（Hedda Morrison）","","","","b02dd977beb2b11209c7f1a09e46165e6ddc1a6625eb11de6b29946ae8fe7b34","cc6fb264517171ee89e8c1991122cac7884d187f456631e2dc8644272e27f138","1646","2222","other","RGB","existing_damage","train","images/0437.png"
"0438","photo-0124.png","photo-0124","0438.png","real_damaged","赫达·莫里逊中国相册（Hedda Morrison）","","","","2ea296d1b3b2f5ecda11608a0d9a1007f383c631813e61afdbef6ab9a3d551d5","a5a4c58cd607a53247904afaba5fc3aa4010280e00ab1fc0b86834c120ad614f","1616","2207","architecture","RGB","existing_damage","train","images/0438.png"
"0439","photo-0125.png","photo-0125","0439.png","real_damaged","赫达·莫里逊中国相册（Hedda Morrison）","","","","03c8e5a594061e32adbdf98ca30b8118aa26650b39966bf43dbe3b0bc34dbb6c","670c3274cb5483199b82b8164555d914f3c4df2a4d4bc619bf831fc221e4d03e","1620","2212","architecture","RGB","existing_damage","train","images/0439.png"
"0440","photo-0126.png","photo-0126","0440.png","real_damaged","赫达·莫里逊中国相册（Hedda Morrison）","","","","2fd9b8ef7001ced1278ac4ed0d2754f19974136330d8d09ec7e7e9691add9942","05bc0abbbd56af57ff91136328842c32a04773b1c94899a172af0144264a234d","1615","2207","architecture","RGB","existing_damage","train","images/0440.png"
"0441","photo-0127.png","photo-0127","0441.png","real_damaged","赫达·莫里逊中国相册（Hedda Morrison）","","","","7461005d7c2da04a5eccce37c4b4dfefb02a1962dd47db2111da6e454210a556","3c50c577505ce74a7f635600e43b63d6e3aba7bddf0896f67645a0504ec7e78d","1651","2222","architecture","RGB","existing_damage","train","images/0441.png"
"0442","photo-0128.png","photo-0128","0442.png","real_damaged","赫达·莫里逊中国相册（Hedda Morrison）","","","","8329146f3b6a1df64cf3f68082468c0b22b8b2ab02c394cdadb49779d1173967","b7b95880f42947bcf940c29a73cec53405d62d980cd89e04be7a2e160668f81d","1605","2253","architecture","RGB","existing_damage","validation","images/0442.png"
"0443","photo-0129.png","photo-0129","0443.png","real_damaged","赫达·莫里逊中国相册（Hedda Morrison）","","","","fb6c430d3e0a223aa0a7574d62a81e9901de9bd322baae949b5ba8157d102d20","e70d542e24e270b6635a6d0e0266da6b5245f16ad220df75548b8394274d4e35","1615","2258","other","RGB","existing_damage","train","images/0443.png"
"0444","photo-0130.png","photo-0130","0444.png","real_damaged","赫达·莫里逊中国相册（Hedda Morrison）","","","","9cce6c86ad84b5c807cbb540fd7d0ebed8957169ee06499f498f273b1cb04293","0cd971390944b8b6d18994390cf6a3f77eea9595d16c9dd15fd4ac6c823b74fd","1645","1894","other","RGB","existing_damage","test","images/0444.png"
"0445","photo-0131.png","photo-0131","0445.png","real_damaged","赫达·莫里逊中国相册（Hedda Morrison）","","","","15afc58c498ef26f63b2878998c80547a5cbe29843eaa353a414e54ef5ed5600","adcbeab53c77713ba4fb5ddd5662b53bf60b8647604d23458949efc41c122465","1610","2218","other","RGB","existing_damage","train","images/0445.png"
"0446","photo-0132.png","photo-0132","0446.png","real_damaged","赫达·莫里逊中国相册（Hedda Morrison）","","","","dd7672f8c03eccab5e4f1139ce74b180fbda75cc66d1e4e1d4c4be54824dc9b7","e42edbfddec8de8655f61a1b0980cf97df1f8b97ee9b0865f4776a0a64ab32bc","2218","1610","other","RGB","existing_damage","test","images/0446.png"
"0447","photo-0133.png","photo-0133","0447.png","real_damaged","赫达·莫里逊中国相册（Hedda Morrison）","","","","58671e7c60c9ac22a2ac8265c0588fdf8a07091a8a1798e610b33f47f5deacc9","79dd1bcd6d0eae216d911ce64addae2732ddd9a230436991cf7afd69c7cde837","1641","2227","other","RGB","existing_damage","train","images/0447.png"
"0448","photo-0134.png","photo-0134","0448.png","real_damaged","赫达·莫里逊中国相册（Hedda Morrison）","","","","67a6894a352f5675ba9dc37618c178f1c7fcdfcf66645099fbf654ebb2ac5d00","a45f640d53366609e5135cceef850110f833370be203e67efe1d786a50ba2bc8","1615","2223","indoor_scene","RGB","existing_damage","train","images/0448.png"
"0449","photo-0135.png","photo-0135","0449.png","real_damaged","赫达·莫里逊中国相册（Hedda Morrison）","","","","146dab9f07bd3edb74c070d68e091fa7a10c2e8b9a09f4c6e8330059d937d846","f6588649f8934f006977765b6df6c59c054da81c3b618d7f52bd2fb5a3c2e3bd","1600","2248","indoor_scene","RGB","existing_damage","train","images/0449.png"
"0450","photo-0136.png","photo-0136","0450.png","real_damaged","赫达·莫里逊中国相册（Hedda Morrison）","","","","11dd5cf4314159e0229767c1950d23b406239c007f4f8ef33649b2501f908e0d","052ad3997dcba0fc49b0a9b0c00ed00a80bc09b051483ed5955ec26e50326a88","2248","1620","other","RGB","existing_damage","train","images/0450.png"
"0451","photo-0137.png","photo-0137","0451.png","real_damaged","赫达·莫里逊中国相册（Hedda Morrison）","","","","6ef123b06236cac37cb0c0b00263311d420cff00feecd337e04f530b8ad83f8e","224d165aa4885a68abbbfc2b47c75641d61a32e464c5532ba84502da4cc19d1b","1631","2223","indoor_scene","RGB","existing_damage","train","images/0451.png"
"0452","photo-0138.png","photo-0138","0452.png","real_damaged","赫达·莫里逊中国相册（Hedda Morrison）","","","","85a38929f41af1f1e3ef1ea44b324961dd2436f11e69a28eae641ef90e539207","1c7c2ebc8c1641346d227cd15eb9c65026ef1ea7cc2a00bd050d54bfa54e8ad1","1600","2177","architecture","RGB","existing_damage","train","images/0452.png"
"0453","photo-0139.png","photo-0139","0453.png","real_damaged","赫达·莫里逊中国相册（Hedda Morrison）","","","","6aa72bee8cc9421cbd59fa64c079a3e2d0ac4935d34aeb3c5b6dc90ff7254cae","08d83ccca0a3b239ca056e527a9bc6d4f99a2ddb0bb7f7cc347f5925ac6870cb","2228","1615","architecture","RGB","existing_damage","train","images/0453.png"
"0454","photo-0140.png","photo-0140","0454.png","real_damaged","赫达·莫里逊中国相册（Hedda Morrison）","","","","c4db35a191c242fe9dc1ae6ca76ee72baf25ecf6a712a155c2b2038b658cb16f","897841c7cc82614f6f325552e6ce48fe55e61eb296e4cb3340719457473f1af2","1635","2238","architecture","RGB","existing_damage","train","images/0454.png"
"0455","photo-0141.png","photo-0141","0455.png","real_damaged","赫达·莫里逊中国相册（Hedda Morrison）","","","","e350e2d64d5f7558e3d038426bacc6d088146e7a958c8babdfc7fa071a19e595","42e4f318a44af801276c1189daf31b9eb725e459483c9e7962ba977cf675cea1","1625","2233","architecture","RGB","existing_damage","train","images/0455.png"
"0456","photo-0142.png","photo-0142","0456.png","real_damaged","赫达·莫里逊中国相册（Hedda Morrison）","","","","48fa995cab4474f84b440f946647d9cb34262678b9260ef8d6a35a3520f9f2d6","263ea00b5fe3fbcfc3beb8d83e4fda6ff158c4e1e570c8055d81c0531c1305c3","2248","1599","architecture","RGB","existing_damage","test","images/0456.png"
"0457","photo-0143.png","photo-0143","0457.png","real_damaged","赫达·莫里逊中国相册（Hedda Morrison）","","","","cfe493f445bb4bfbd98d3bb0db5321c79bf5384ed9e190cac8986bcdb34975ed","d13f8a635723682ced68665e69874ff781dc977dc674fde74d062cc105b4a336","2268","1640","architecture","RGB","existing_damage","train","images/0457.png"
"0458","photo-0144.png","photo-0144","0458.png","real_damaged","赫达·莫里逊中国相册（Hedda Morrison）","","","","6a106a61550a5c16657203499b58dd2d81622073e0c4884c0df7dec19524f6ff","ffe6852854aa7f893538d8284df77c3e3a683001fe092605253103a11b544aba","1645","2218","architecture","RGB","existing_damage","train","images/0458.png"
"0459","photo-0145.png","photo-0145","0459.png","real_damaged","赫达·莫里逊中国相册（Hedda Morrison）","","","","779b322426998302377240cd4faed4111a828a5586050a9e468e5034a85fe7d9","42f10ded33ef576619616a033bc39393d234397c34219afd65a9a8f06793aeac","1605","2213","architecture","RGB","existing_damage","validation","images/0459.png"
"0460","photo-0146.png","photo-0146","0460.png","real_damaged","赫达·莫里逊中国相册（Hedda Morrison）","","","","3c576640787289800287ff8e69e5032f07722105fa0f3567957606f39c97cef9","377640bf734d4a762cb7f55786e4f5aedc82b54febe46d3f76ef4d1b209f57f5","1636","2227","architecture","RGB","existing_damage","train","images/0460.png"
"0461","photo-0147.png","photo-0147","0461.png","real_damaged","赫达·莫里逊中国相册（Hedda Morrison）","","","","83171e2ef87bf6d874af2af8413abc3c09db47158cea0eae0b5a812118462fe7","f53c88381e9ab309a5628959bb3d0d6efe1d79423ac635ab7f7352988260484c","1625","2228","architecture","RGB","existing_damage","train","images/0461.png"
"0462","photo-0148.png","photo-0148","0462.png","real_damaged","赫达·莫里逊中国相册（Hedda Morrison）","","","","ff29a33ba2989aa05820a63d45f21d53ee25f7504e2d2c352e7be94ac5005b38","77fd95839c9fc67728c8aeb99c26b2a902c5f4727b198f4be0c24cb46890645d","1630","2223","architecture","RGB","existing_damage","train","images/0462.png"
"0463","photo-0149.png","photo-0149","0463.png","real_damaged","赫达·莫里逊中国相册（Hedda Morrison）","","","","9454a463c304d5b04d63ed8744cb0ad0350da8b90e141166bea636652b2ef20f","f27925bf07f2df2647040c27cc06db3862e58be61aea12353b7ef404a717beb6","2228","1620","architecture","RGB","existing_damage","train","images/0463.png"
"0464","photo-0150.png","photo-0150","0464.png","real_damaged","赫达·莫里逊中国相册（Hedda Morrison）","","","","eec0d82ec59ec5054562cd017921d1770493bb9c7106e1641653d14cec5fa246","09c90afde0b5fb22b7e3125b7eb547132fe6e18b4734a0a2fda441a2a743e180","2217","1615","architecture","RGB","existing_damage","train","images/0464.png"
"0465","photo-0151.png","photo-0151","0465.png","real_damaged","赫达·莫里逊中国相册（Hedda Morrison）","","","","105777dd6c538ce45a60ad85593e245ce7c287a58570ef3fdb2bb2234bf0d8eb","f0a993ebb9e7608bf41524ad48db0dce55d206a38bc5a80d290a725335f25d39","2273","1635","indoor_scene","RGB","existing_damage","test","images/0465.png"
"0466","photo-0152.png","photo-0152","0466.png","real_damaged","赫达·莫里逊中国相册（Hedda Morrison）","","","","b248eb91d6261d49c45a6e14b6b703215fe23fdea32694333b09cdf5b1c7a465","a94dfa4c6e880263ef60bd236b7c9332c09d99eabc1d05f94299b80e16ccbde5","2213","1600","architecture","RGB","existing_damage","test","images/0466.png"
"0467","photo-0153.png","photo-0153","0467.png","real_damaged","赫达·莫里逊中国相册（Hedda Morrison）","","","","40466a8d73c4696859c733b7d28a77f4e07885a47b492b55e83da1b46ed53e9f","bc19b23bea56dc0e774e5722719260288d45dd0ab95786de8f6a5145564c9df0","1610","2228","other","RGB","existing_damage","validation","images/0467.png"
"0468","photo-0154.png","photo-0154","0468.png","real_damaged","赫达·莫里逊中国相册（Hedda Morrison）","","","","6997d78c3b76e94a6a5f1edcce6070fe60c29357a3dcc1ce0b8a254cfc98316f","f3de31af9e5d8ee433be92b406bbfe67c99a92a477c24a720041ee683abecf68","1600","2213","architecture","RGB","existing_damage","train","images/0468.png"
"0469","photo-0155.png","photo-0155","0469.png","real_damaged","赫达·莫里逊中国相册（Hedda Morrison）","","","","1266876252914db3ea0f5cee0ed5aa4bca34e2d0e8c4c730e4924d979fa04aac","afb53f83e2ccea07bee638e42273ff54c0f83df70d2f64d4d8c326a4a64d5324","1595","2212","architecture","RGB","existing_damage","train","images/0469.png"
"0470","photo-0156.png","photo-0156","0470.png","real_damaged","赫达·莫里逊中国相册（Hedda Morrison）","","","","2c808ca028b7ddf3ccc9fb47d43590f5019858e729021e70d7b5b06c51757f7c","5c5ced49e1683e9b0b5ede6175f6df47383998915391d27c8aa806cd641a6423","1605","2227","architecture","RGB","existing_damage","validation","images/0470.png"
"0471","photo-0157.png","photo-0157","0471.png","real_damaged","赫达·莫里逊中国相册（Hedda Morrison）","","","","5315a024e949db7299d347ba04f410a01de260fb2645a93e1b25665b71a7b4b7","dd0daccd5036cad80fac47018608f4e1654a4f9c5bb0f5839d95978c73cd4cf4","1650","2197","architecture","RGB","existing_damage","train","images/0471.png"
"0472","photo-0158.png","photo-0158","0472.png","real_damaged","赫达·莫里逊中国相册（Hedda Morrison）","","","","32a6e61ad3940cb8db4b5fa54ed8683d03a29f298e7b7c5e4185f284835b0431","39f8c6fe922a8dadd0b102a8eb29f54fab015ffe4a58b4c8c660016a966a6036","1645","2202","other","RGB","existing_damage","train","images/0472.png"
"0473","photo-0159.png","photo-0159","0473.png","real_damaged","赫达·莫里逊中国相册（Hedda Morrison）","","","","c5f2f73c1d8eb2e0f4c1f38d5f4dbe3211983ac44de79814f398fb20131022f5","7ff8cf778737ddfee9f6c3291a4accced03ea4d346b5e6ae0db329cdef7f1b4f","1641","2217","outdoor_scene","RGB","existing_damage","train","images/0473.png"
"0474","photo-0160.png","photo-0160","0474.png","real_damaged","赫达·莫里逊中国相册（Hedda Morrison）","","","","ef840211a4228d40a66f598f1dbb14e190b6332dcbf738dba8e8195baeb4458b","9fa5e839edcabce91a4c5ad850cf6d9024afeff670221362dcf2d436a13cce30","1656","2202","architecture","RGB","existing_damage","train","images/0474.png"
"0475","photo-0161.png","photo-0161","0475.png","real_damaged","赫达·莫里逊中国相册（Hedda Morrison）","","","","33a97e4d455596f6484f1bf7f30be8f3c321287b279b8e8d9a87cc06b40e3101","0d68b1ed1b4b89fe1b376e3b3a6bf80a5235e57ee1dd73d56cb8c109387f3d63","1625","2217","architecture","RGB","existing_damage","train","images/0475.png"
"0476","photo-0162.png","photo-0162","0476.png","real_damaged","赫达·莫里逊中国相册（Hedda Morrison）","","","","d935e6e0a0b556a34dc5a01e8e4575dc6830f84a86c1e900b55c0ec0f713cbd0","387359c10ff209128a77cc7539a7b11d3e8697a0ff653b4ec8bf01bb0773065b","2268","1620","architecture","RGB","existing_damage","train","images/0476.png"
"0477","photo-0163.png","photo-0163","0477.png","real_damaged","赫达·莫里逊中国相册（Hedda Morrison）","","","","0772af6727bbab24bcb15a5fcc69f4fb9eeb92b495d879adf539ced204f9f209","bee55bebef2ba0436334ec03659640fd7a81deb3defbcea6c097703023242937","2217","1615","outdoor_scene","RGB","existing_damage","test","images/0477.png"
"0478","photo-0164.png","photo-0164","0478.png","real_damaged","赫达·莫里逊中国相册（Hedda Morrison）","","","","e3e7997566f58f3cda4679678ba1807ebe5efc634034f5a7e1a7cb5b0f14c3bd","cdfa22a3fba967d19e3133db8fc9172866b896b0374e661071a248d05e1f9f77","2197","1620","outdoor_scene","RGB","existing_damage","train","images/0478.png"
"0479","photo-0165.png","photo-0165","0479.png","real_damaged","赫达·莫里逊中国相册（Hedda Morrison）","","","","d879322a3801f041cca16b4fde3349802bcaf5b484f8e58197834b483c9c95a9","49549f80a56bbcb2187a1fc98d926e89253c04eab487cf082a8d7ee62e0b70ba","2223","1605","outdoor_scene","RGB","existing_damage","train","images/0479.png"
"0480","photo-0166.png","photo-0166","0480.png","real_damaged","赫达·莫里逊中国相册（Hedda Morrison）","","","","50adf3e215b8ecc991e949f752cdbf5e14bc0ba72a79306ba996f3c57f699fae","6d05fd985d85ea72b5477a55cd4212cbe8d902eaf4d1655bcef2638f31a2ea56","2212","1620","architecture","RGB","existing_damage","train","images/0480.png"
"0481","photo-0167.png","photo-0167","0481.png","real_damaged","赫达·莫里逊中国相册（Hedda Morrison）","","","","b31140f054abe684fd8ea651bac93fab77cd1e838c56781fb416b2f076855baa","e097e63dfeb6ad5a2c6fcc0ce17e39a42652153f502b5a4038856bcbf179a5fc","1599","2182","architecture","RGB","existing_damage","train","images/0481.png"
"0482","photo-0168.png","photo-0168","0482.png","real_damaged","赫达·莫里逊中国相册（Hedda Morrison）","","","","8a5f6c0d97666a68d4bf1a50a2f7f49ead83b03dccc9f360f82a206e8383290f","a0426d56efa6b5c00442fb4161cc89bf350738e86afee86eb46e08801777c355","1610","2192","outdoor_scene","RGB","existing_damage","train","images/0482.png"
"0483","photo-0169.png","photo-0169","0483.png","real_damaged","赫达·莫里逊中国相册（Hedda Morrison）","","","","513bd852094b30cc97d6b0302797e7467e4f8ce1c682c69a4eba2788aed8bc66","db4c905ea1a9f3b9c48577a846a351a959a05909b3adc988b21bb20e5ce24aca","1615","2202","outdoor_scene","RGB","existing_damage","train","images/0483.png"
"0484","photo-0170.png","photo-0170","0484.png","real_damaged","赫达·莫里逊中国相册（Hedda Morrison）","","","","2ecebce2b0752822d033ab519056c5805bbc1c8f188aa317f6700703a0cdb7eb","fda8c214adf921143a2ea4dd0f83b10b7571b95f2076c031bb4f5e1f8c4f022b","1595","2268","architecture","RGB","existing_damage","train","images/0484.png"
"0485","photo-0171.png","photo-0171","0485.png","real_damaged","赫达·莫里逊中国相册（Hedda Morrison）","","","","fda84a4776a8ae9cccdc5e62c862336868c6ab102173d22eaf451a65ef64f2be","1c44be6d5727f3c7d5873e0361408d3bfd810b350bcf25785ba9a5ac078cc7ec","1590","2263","outdoor_scene","RGB","existing_damage","train","images/0485.png"
"0486","photo-0172.png","photo-0172","0486.png","real_damaged","赫达·莫里逊中国相册（Hedda Morrison）","","","","034394caa5470e6f835f188e80045c9a553f13ed8b0043d674cd4dcf431edd5c","4512f68f518e7b24d8e1bea1bdf2bb822ab863b51e7300fbe1fc43f52a20d1fe","1610","2162","outdoor_scene","RGB","existing_damage","train","images/0486.png"
"0487","photo-0173.png","photo-0173","0487.png","real_damaged","赫达·莫里逊中国相册（Hedda Morrison）","","","","b02545e29e5cc5e403c4a827b39b506eef587b9fa0fdb186a7161be0c418127a","f498c5a56c23cb11b376ca3fce782c1bda1961f9130f503f7ffa23f71e34c464","2258","1590","outdoor_scene","RGB","existing_damage","test","images/0487.png"
"0488","photo-0174.png","photo-0174","0488.png","real_damaged","赫达·莫里逊中国相册（Hedda Morrison）","","","","77f21d85b4b1a44e64c3e2bf05406f3731c5ec1ccbf64397c481232485dce2be","d00e4514fc8fb17737a098ebecfc9c8d504a600509a68d6891868e3006fd5067","1595","2218","single_portrait","RGB","existing_damage","train","images/0488.png"
"0489","photo-0175.png","photo-0175","0489.png","real_damaged","赫达·莫里逊中国相册（Hedda Morrison）","","","","488c2db8597e3e7ef08a376dbb00630af378d19b5e7bb669c8c4674fd9beb988","bcc13777af6bf38c4518e97bb6dae423313d7a7bf3e45dd13562b121a5b3bbed","1625","2213","architecture","RGB","existing_damage","validation","images/0489.png"
"0490","photo-0176.png","photo-0176","0490.png","real_damaged","赫达·莫里逊中国相册（Hedda Morrison）","","","","0274c03fb32c861bb25cee160c924abfba4e7809fe5047c2b443557267c90e21","36d97978b661e825c76e590567ab11600032ce8129dfa75749cb1738c3da5b25","1594","2263","outdoor_scene","RGB","existing_damage","train","images/0490.png"
"0491","photo-0177.png","photo-0177","0491.png","real_damaged","赫达·莫里逊中国相册（Hedda Morrison）","","","","c1578374dc650df48002a9d077296e1746a6b27352dfae3eeb79265ec48c1e87","aa757629d110273fa1b929748fa3335f2e47f48c0044cb05de836a826d3ca181","1620","2207","outdoor_scene","RGB","existing_damage","train","images/0491.png"
"0492","photo-0178.png","photo-0178","0492.png","real_damaged","赫达·莫里逊中国相册（Hedda Morrison）","","","","915b82303299f56d3bd330120e59c233181758c4f89951cc40e71e389240d8fd","29a903ee37cd6381308bdd913c2c6199952fdec0df60fee7ef7cbfac6663cc3e","2248","1605","outdoor_scene","RGB","existing_damage","train","images/0492.png"
"0493","photo-0179.png","photo-0179","0493.png","real_damaged","赫达·莫里逊中国相册（Hedda Morrison）","","","","cab8e4661fe44435ce2c21fb2eb0dc0affe2f2d357ac8b840981e3246b46656b","3a2cf1272abf794a6e3b98d49f313e95381fb7214097fafe5b8c79621d758bc8","2243","1620","outdoor_scene","RGB","existing_damage","validation","images/0493.png"
"0494","photo-0180.png","photo-0180","0494.png","real_damaged","赫达·莫里逊中国相册（Hedda Morrison）","","","","c8d863cabd5739be52aedaf9a34b1b95b17a4c330fa84a810798490892f796d2","f16ad20f616636dc20eeb28d2144d28c85d868e82ab2e5bb5b3b015967284277","1651","2202","outdoor_scene","RGB","existing_damage","train","images/0494.png"
"0495","photo-0181.png","photo-0181","0495.png","real_damaged","赫达·莫里逊中国相册（Hedda Morrison）","","","","2d970b29a5ce35b724c7364e0e3f87ef3d1e7304270770f9f5e599a12013283f","31fa192e068a30a6a624d5c52e12f5d18d42ee6345f53852814db020ea546c13","1625","2212","outdoor_scene","RGB","existing_damage","train","images/0495.png"
"0496","photo-0182.png","photo-0182","0496.png","real_damaged","赫达·莫里逊中国相册（Hedda Morrison）","","","","f40b3f8ce873a943a2f6061537c0e929af3718b7645eb77c05de83d69e754b50","f394272f860c3ad5018bd931a5197bcb46553a887b6fa123d716fdd80d49035e","2243","1630","outdoor_scene","RGB","existing_damage","train","images/0496.png"
"0497","photo-0183.png","photo-0183","0497.png","real_damaged","赫达·莫里逊中国相册（Hedda Morrison）","","","","2e1cc9c850497e02d9ecece8449a19c59954e762147d0db41dd54c09d2d62a41","33bcf01f4590a9667220eac130664401e1315483edef3a36615c5ffdd0de9401","2217","1631","outdoor_scene","RGB","existing_damage","train","images/0497.png"
"0498","photo-0184.png","photo-0184","0498.png","real_damaged","赫达·莫里逊中国相册（Hedda Morrison）","","","","e790a156f56a3acf7832891852796316a423ca47643149628a5a4df4c44f4b9f","464031510b6285af1a23b9e92581f3fc72b82023c1f0cfd880dd473e337afd03","2227","1610","outdoor_scene","RGB","existing_damage","train","images/0498.png"
"0499","photo-0185.png","photo-0185","0499.png","real_damaged","赫达·莫里逊中国相册（Hedda Morrison）","","","","7439af23e87e4c0576565e2c05827174f9844270ef90e12ec56b3d5fb7f6cead","c6e0432e50df64ee4ddc46f1a09a4be85238edcb17271c48428a41dc03fb34f0","1630","2182","architecture","RGB","existing_damage","validation","images/0499.png"
"0500","photo-0186.png","photo-0186","0500.png","real_damaged","赫达·莫里逊中国相册（Hedda Morrison）","","","","54c4e261c43a13c499e7d4e6dffd6d80be497f7f467b0c12f16324d2a13807b1","e6c4374d158bd9d0c8df08770e1374e7e7cbeec7c882ba864b448a6197dee85e","1655","2207","architecture","RGB","existing_damage","train","images/0500.png"
"0501","photo-0187.png","photo-0187","0501.png","real_damaged","赫达·莫里逊中国相册（Hedda Morrison）","","","","fd66b2caa7505391f73d539d45df61b2cc5a7d31f21745a3dffaacb8e699587b","5910226563a22955fb9b1f9c15b25b36ca01849da8af045899fefa3c5efd6668","1580","2243","architecture","RGB","existing_damage","train","images/0501.png"
"0502","photo-0188.png","photo-0188","0502.png","real_damaged","赫达·莫里逊中国相册（Hedda Morrison）","","","","ff9954059e22656e1a3ae09b96ec3f9a82566e8afedfee1a708f293ea134847b","5767c931c4d01dc9cb6f238fc8feeb214150bb4a1a0fe035a943185129239a14","1599","2273","architecture","RGB","existing_damage","train","images/0502.png"
"0503","photo-0189.png","photo-0189","0503.png","real_damaged","赫达·莫里逊中国相册（Hedda Morrison）","","","","a7a48eb7c79f7003303762c3715829e579862aa4a46f91845c62f8755e0225fc","2b89a3f4f4da637845cdc94416e5b38cc0fe36eb3a30b5a243790c8a8cb8d4b4","1585","2258","other","RGB","existing_damage","train","images/0503.png"
"0504","photo-0190.png","photo-0190","0504.png","real_damaged","赫达·莫里逊中国相册（Hedda Morrison）","","","","18d33d361343972012ed3c0e0ff7d6ae00e25284e0ea3bda77d237cea3376b09","30dd839665bccc152379d62cf7d4603bce825988fed2a7033acb854a2ff48524","1605","2258","other","RGB","existing_damage","train","images/0504.png"
"0505","photo-0191.png","photo-0191","0505.png","real_damaged","赫达·莫里逊中国相册（Hedda Morrison）","","","","2884a0dc9c90f835e66b37eff7135afb586505ac323caca0d2263d9210010b89","f3adb6dce294153b39254bc3f860271dbe4ba0321e2e7b33a3b8900a71d62cd2","2308","1594","outdoor_scene","RGB","existing_damage","train","images/0505.png"
"0506","photo-0192.png","photo-0192","0506.png","real_damaged","赫达·莫里逊中国相册（Hedda Morrison）","","","","4d3bd0ae5879460178f835d59ce74552dc712b622fa8663b8be61ca6291131a1","865998c13bfeb27f41039dd9ce9b44e4621db1674a186e4a61d2ac91f906ff36","1655","2177","outdoor_scene","RGB","existing_damage","train","images/0506.png"
"0507","photo-0193.png","photo-0193","0507.png","real_damaged","赫达·莫里逊中国相册（Hedda Morrison）","","","","7541834399c7d4e6a75e19355f414c441608ddd8af04ac0691fe948b5a64503a","db8b2ccb20b38cd17cac7be35f17bdc10eeee1ef18314da8fa5eb474a440080b","1625","2177","outdoor_scene","RGB","existing_damage","train","images/0507.png"
"0508","photo-0194.png","photo-0194","0508.png","real_damaged","赫达·莫里逊中国相册（Hedda Morrison）","","","","e6df2b38b8edfb3eab7f4fbb1b7af43fea016ea3f3f64224356bbeb31720ef81","71b053b03dbf58b64b01826df914dbc9da11c2ad8722482d23f022bf3dc7edcb","1620","2208","outdoor_scene","RGB","existing_damage","train","images/0508.png"
"0509","photo-0195.png","photo-0195","0509.png","real_damaged","赫达·莫里逊中国相册（Hedda Morrison）","","","","7aa04d512cdfcf2b729f92f0b0f21ed5d7912095c00b465d1958c2223ee5cd3a","cff57fc8ef4ba359320aeb03119208b2c94e6540c7ed31705ce3e6e1b53936e1","1620","2192","outdoor_scene","RGB","existing_damage","train","images/0509.png"
"0510","photo-0196.png","photo-0196","0510.png","real_damaged","赫达·莫里逊中国相册（Hedda Morrison）","","","","fa6572587103d913da0d65d2a6890d48164f2ea12a77a951a4b5a22dabc5cdaf","6b69011f9ca6c539abf5f3f6b38e6e230b00ecdeb66ec58d743e1848becc200e","1625","2208","outdoor_scene","RGB","existing_damage","train","images/0510.png"
"0511","photo-0197.png","photo-0197","0511.png","real_damaged","赫达·莫里逊中国相册（Hedda Morrison）","","","","856ad6d6c850177d13d2788a4ede1b96d669bad2daaca3fc248f4153a5fe9446","100b8f49400112579c26d4656d7218b487a1d08acd9062a7f135a38b41eea79b","2308","1589","architecture","RGB","existing_damage","test","images/0511.png"
"0512","photo-0198.png","photo-0198","0512.png","real_damaged","赫达·莫里逊中国相册（Hedda Morrison）","","","","c673f1f1610fe5c13b1d044590ba323b6fc0914dcc780e706c5fdeabf3a574ba","9e5086abf3fe2654141db84e816fdd4f1963ab57e2a0f37d3ef218420a28ddc9","1590","2247","outdoor_scene","RGB","existing_damage","test","images/0512.png"
"0513","photo-0199.png","photo-0199","0513.png","real_damaged","赫达·莫里逊中国相册（Hedda Morrison）","","","","869c4cb5df4461aaae26de7ece6f6523cafe6610573f7386f3e18e589a223928","e5625ecb853ba0a0f0e9cc505d3095d9bc8593eb2ae14da58016b3992deb6457","1615","2273","group_portrait","RGB","existing_damage","train","images/0513.png"
"0514","photo-0200.png","photo-0200","0514.png","real_damaged","赫达·莫里逊中国相册（Hedda Morrison）","","","","cc4ca394423f80f53312384fd42068fbebd2dad028a14c2d4efb8d1ad5e40aaa","a5668fdb0a86419102504858f27810126adaaa0361dc5370c7d2b8a314028c09","1620","2253","outdoor_scene","RGB","existing_damage","train","images/0514.png"
"0515","photo-0201.png","photo-0201","0515.png","real_damaged","赫达·莫里逊中国相册（Hedda Morrison）","","","","062021b9fe1abd51f5c9ce266c73898537ebe85235cb142fe4793eec3c888626","86731ffc7b557423932e59b5e2b0a6acbe4d04a3f8be17c05cefe70805f538bb","1584","2258","single_portrait","RGB","existing_damage","train","images/0515.png"
"0516","photo-0202.png","photo-0202","0516.png","real_damaged","赫达·莫里逊中国相册（Hedda Morrison）","","","","8a9b106d8384479801fc489579234f74613235d7944f19afb45fa0a8a6992c11","293a06d87d7bda964268c60af48e7469948b7f76e3142f9a7ac532c727b201b5","1595","2258","outdoor_scene","RGB","existing_damage","train","images/0516.png"
"0517","photo-0203.png","photo-0203","0517.png","real_damaged","赫达·莫里逊中国相册（Hedda Morrison）","","","","45e0e5a061cb615ef6d3116292c31cc2605786a82e5ad368e1dcedd48dd2bad4","1ae4f55a620e04efced16c242094930231a3f7e0ab8818a948a48a7c74f48633","2253","1584","outdoor_scene","RGB","existing_damage","train","images/0517.png"
"0518","photo-0204.png","photo-0204","0518.png","real_damaged","赫达·莫里逊中国相册（Hedda Morrison）","","","","498666d58a2f5aee0f272356cc0a7485232655a6291aa967be24cc134514e817","98b42f0e6e864ea2667079e02539bf7bafd629114a327f449ddda0093714de17","2283","1605","outdoor_scene","RGB","existing_damage","train","images/0518.png"
"0519","photo-0205.png","photo-0205","0519.png","real_damaged","赫达·莫里逊中国相册（Hedda Morrison）","","","","95d2ee9923514fd6f2c27aa0729f871ea692e93c77ec1166b1adb216223f09b0","04bcb6d80079ecf659ab76811907c71b5f2659252013528fad9996a47d39d119","2253","1600","outdoor_scene","RGB","existing_damage","train","images/0519.png"
"0520","photo-0206.png","photo-0206","0520.png","real_damaged","赫达·莫里逊中国相册（Hedda Morrison）","","","","31ebfa88af00b58ad01cf96655b9904d09a57b3a207cc2a17fa8d15e66436fad","a971f05fd32c70886bd718c2f48f0f62b8c5fa6e14bd19789250e1108b899759","2304","1600","outdoor_scene","RGB","existing_damage","train","images/0520.png"
"0521","photo-0207.png","photo-0207","0521.png","real_damaged","赫达·莫里逊中国相册（Hedda Morrison）","","","","2b54663d7694dce725b41a0ca58c64f695a9cfdb581ba52d683e9ba0e790301e","16abd0eedc5e8243c1d69f1e8f25b432fd8c1fddcdaed6b2973dcf5f54f1a73b","2298","1595","outdoor_scene","RGB","existing_damage","train","images/0521.png"
"0522","photo-0208.png","photo-0208","0522.png","real_damaged","赫达·莫里逊中国相册（Hedda Morrison）","","","","2d3cdace956f816b525d6175eabe6c8f40a887374fcc440af4f36bbef6ebac53","a932948cc42e10453553005883e92ad1bc31bb43067f5a6a9342804ee6378c37","1595","2172","outdoor_scene","RGB","existing_damage","train","images/0522.png"
"0523","photo-0209.png","photo-0209","0523.png","real_damaged","赫达·莫里逊中国相册（Hedda Morrison）","","","","826e07940f72a20a4b64817849bb01d890cb79f71eb24429b1787f83d9318ec6","7831f376d756842445ffbaa5a386dfb610335092c8e441ea6b2a2d81778680b6","1605","2187","outdoor_scene","RGB","existing_damage","test","images/0523.png"
"0524","photo-0210.png","photo-0210","0524.png","real_damaged","赫达·莫里逊中国相册（Hedda Morrison）","","","","396f9d47948ce41cb97dd7b5da08c41d1fb1ca4d85a3ed1c52df2e5b40eb16a6","4cb7a3d94d6901342f805039e463a39aae6296b054c7a1f93ebc33a0d86d56aa","1584","2177","outdoor_scene","RGB","existing_damage","train","images/0524.png"
"0525","photo-0211.png","photo-0211","0525.png","real_damaged","赫达·莫里逊中国相册（Hedda Morrison）","","","","d0d03a5339f9636d2d0d607971a981d7a047e6c6f07bbc1e7d0851dfeb401500","9548cbb5e37078991723e245063f0b930fdf2b409ba85c329a0a798d345c4eb8","1585","2187","outdoor_scene","RGB","existing_damage","train","images/0525.png"
"0526","photo-0212.png","photo-0212","0526.png","real_damaged","赫达·莫里逊中国相册（Hedda Morrison）","","","","fdc34655aefbdbf382b858f1eb8101f9e9d827570f6fdff1158917b2f3278664","b45e53df63140ee7ce0e712b3fe78813cd19dee333b3065eddf112ce4c057a5d","1620","2177","outdoor_scene","RGB","existing_damage","train","images/0526.png"
"0527","photo-0213.png","photo-0213","0527.png","real_damaged","赫达·莫里逊中国相册（Hedda Morrison）","","","","7c7204cfcba54827f1036d105d7f5925b872bdec2e6a7c43161353420df5cc8d","c60989d6856182613bd927099e5b0c707cb0c1255aa31bd4f577dd0063748269","1615","2177","outdoor_scene","RGB","existing_damage","train","images/0527.png"
"0528","photo-0214.png","photo-0214","0528.png","real_damaged","赫达·莫里逊中国相册（Hedda Morrison）","","","","5d062711abee5e8c1bf01c312b4d08a7624f6077c80532a55b26f99e946663e5","f047065ac7dea84411e75ea3fe28c4f6ff22f17aeabfe0458d8a73743c7552d6","2257","1606","other","RGB","existing_damage","train","images/0528.png"
"0529","photo-0215.png","photo-0215","0529.png","real_damaged","赫达·莫里逊中国相册（Hedda Morrison）","","","","e68e66e4f9d14dc0f69eb3b71468111a4ccf54313fa7640010efeda1b770263e","f199e62a4af46f537a48096b81e2673a1d243d91e4bf0cdaabb1d82f54491ae3","1647","2212","architecture","RGB","existing_damage","train","images/0529.png"
"0530","photo-0216.png","photo-0216","0530.png","real_damaged","赫达·莫里逊中国相册（Hedda Morrison）","","","","4dcd9febf1435f240152af3ed88a46aa518b7e9be97925e0bb8e5f769ee3d769","1d5c4a3e7aa5220ce3c0099855b6cd5cb4fa12c12a331076950b374caeab7ca8","2288","1601","outdoor_scene","RGB","existing_damage","validation","images/0530.png"
"0531","photo-0217.png","photo-0217","0531.png","real_damaged","赫达·莫里逊中国相册（Hedda Morrison）","","","","c31ed9ea005db1d46709e803e8c2c17e4e84dfc7f8619b8dc2ad6c6440ee74ab","bb4cdc0fcdfd9f0441ec6358a34ca344c0a56b791ab562997624a9146df21244","2207","1622","outdoor_scene","RGB","existing_damage","train","images/0531.png"
"0532","photo-0218.png","photo-0218","0532.png","real_damaged","赫达·莫里逊中国相册（Hedda Morrison）","","","","5dd40cf7632bc287a6d29d241ae88dcd14c6372493f6bf7a160eca41a7ed4b76","d7fbc8ac73ad2830a37cbcc06f441311b052a8a43c7feca0bfb5afecb70d3d79","2186","1332","architecture","RGB","existing_damage","train","images/0532.png"
"0533","photo-0219.png","photo-0219","0533.png","real_damaged","赫达·莫里逊中国相册（Hedda Morrison）","","","","d133fc994bb889da2d3fdad791a91c8ffecd44d6b81615eeb3023cee6e53582d","f445822afa022dbec0bdae3f68fc7a59e2f87db7c65a0bcabdb2162d70e2c192","1597","2156","other","RGB","existing_damage","test","images/0533.png"
"0534","photo-0220.png","photo-0220","0534.png","real_damaged","赫达·莫里逊中国相册（Hedda Morrison）","","","","643ab85f9ba8d5eafa3b9dfe4db4a499bf78b6582cdd4e213644fef44a68b379","0afebc8498e452a6043d967ab3c465dac5d3685c469469e0b80eed810553e0a4","1632","2161","other","RGB","existing_damage","test","images/0534.png"
"0535","photo-0221.png","photo-0221","0535.png","real_damaged","赫达·莫里逊中国相册（Hedda Morrison）","","","","5505a69d0c23b3aa04fc2e8f89831581605d9a7c408b97e9157ec8679af29de3","ecee7a81b4d740d28dfe66f399f983ae1e37ce55276efeb0b74069bb0c507ae9","1666","2159","other","RGB","existing_damage","train","images/0535.png"
"0536","photo-0222.png","photo-0222","0536.png","real_damaged","赫达·莫里逊中国相册（Hedda Morrison）","","","","c2d6454407e19af6d63d7cc9da5bafe693d1632fe47133e76dd8fb12294d998d","5a9c2ac1d190b94122954b0137b241e1c7d8eacfaa413163e78c929815c5eb76","1636","2210","other","RGB","existing_damage","train","images/0536.png"
"0537","photo-0223.png","photo-0223","0537.png","real_damaged","赫达·莫里逊中国相册（Hedda Morrison）","","","","29da07c023b1ca1e9941f884a773452cc89c49cbdf848300a50f2b765275a96b","03998017c7ee2cb95e2a869df9efd4197203564bbf04be5f8e2963241f590ae3","1622","2160","other","RGB","existing_damage","train","images/0537.png"
"0538","photo-0224.png","photo-0224","0538.png","real_damaged","赫达·莫里逊中国相册（Hedda Morrison）","","","","a6fe78ffa0188b82042a3520e4abda255ade50c1fa63d5f511e25eaac2c74971","e6d67601b27c7eda1f92fdc073938ed12a1123cce90ce0b721af40c2b616c56d","1632","2146","other","RGB","existing_damage","train","images/0538.png"
"0539","photo-0225.png","photo-0225","0539.png","real_damaged","赫达·莫里逊中国相册（Hedda Morrison）","","","","d13d236b7058132dac02dd71c8fe411af5e272d075dc702353f8a540a274b922","1255dd205f665c65cc1776706ede6a5d4bfaaf431318b42168869b69285b8e18","1637","2212","architecture","RGB","existing_damage","train","images/0539.png"
"0540","photo-0226.png","photo-0226","0540.png","real_damaged","赫达·莫里逊中国相册（Hedda Morrison）","","","","fd42d20910d20171679656287363e8f00f93b6bcf3871763ccf969d8fbdd8684","ebe95ecef87d2315780da6735895a19935cf8013270e4d283a37db20a6985013","1652","2141","architecture","RGB","existing_damage","validation","images/0540.png"
"0541","photo-0227.png","photo-0227","0541.png","real_damaged","赫达·莫里逊中国相册（Hedda Morrison）","","","","d54727a43ba2852e2a8d5d0a9181504488d5d831cdc4c181a6b157a4cc5fdd1d","090581445015926ca5be21d3241ed31355713b5e4c660311b84864e67e43282d","1647","2217","architecture","RGB","existing_damage","train","images/0541.png"
"0542","photo-0228.png","photo-0228","0542.png","real_damaged","赫达·莫里逊中国相册（Hedda Morrison）","","","","b0cf6b50f54af5981d6cdbb099883d43e158511b18bb81984bf5f6bf75c48b88","fce92b2f1f4c8565d5ac7e71fc3545f5086ee5f61ddb5de9fc0351ad1e543a6c","1688","2008","architecture","RGB","existing_damage","train","images/0542.png"
"0543","photo-0229.png","photo-0229","0543.png","real_damaged","赫达·莫里逊中国相册（Hedda Morrison）","","","","73c182cc9dc3cae1e7c5fb563b404eb463f64892e80070669c0915d09a9cbc8a","a69aba502290e8f3400158e48082ae56fd82b03c4f797a85e358c8e7e0c541ea","1643","2150","outdoor_scene","RGB","existing_damage","train","images/0543.png"
"0544","photo-0230.png","photo-0230","0544.png","real_damaged","赫达·莫里逊中国相册（Hedda Morrison）","","","","8d51af7de239aec720a73c68881412db9ecd99ac999647a20c5dc28bbe20eced","598531806b5a9cf3fc2dd3e9448c681d4c3307eab4d1b53b6cff331ab511316d","1658","2156","architecture","RGB","existing_damage","test","images/0544.png"
"0545","photo-0231.png","photo-0231","0545.png","real_damaged","赫达·莫里逊中国相册（Hedda Morrison）","","","","f5e38ce22d5c91333d17774e4767fd0606e3f5f81ea9018eff5ceb8d9c59137c","b797c00125c48c7c695ed73df1120f29caab864b39962e99279315149df6e542","1632","2156","architecture","RGB","existing_damage","train","images/0545.png"
"0546","photo-0232.png","photo-0232","0546.png","real_damaged","赫达·莫里逊中国相册（Hedda Morrison）","","","","e2dbd2510a5816dc027aef37e253efa09a00aa409095c50878952c655a539aad","041edc49fd1cce2da7ac4730dec5c2d6345a532d9179c2203a7f2b11677aa0ff","1638","2156","other","RGB","existing_damage","train","images/0546.png"
"0547","photo-0233.png","photo-0233","0547.png","real_damaged","赫达·莫里逊中国相册（Hedda Morrison）","","","","a829281e4d0782c13cf577a41f25d493e016a9b9d1d87b53bc1b7a9b1d076b18","95e53d563ade6b8dcfc24812b5f3f9725d7a4b79ca65c91d27c2a29fd937af6d","1668","2156","other","RGB","existing_damage","validation","images/0547.png"
"0548","photo-0234.png","photo-0234","0548.png","real_damaged","赫达·莫里逊中国相册（Hedda Morrison）","","","","f7326244461c0788f184a6ce7a264c718b2e77932dc2d356cd15a087585c1679","53c1e155b59772ed4a6ce344671a7f1ce730624f45faaad4815bbe1022bad99c","1688","2171","other","RGB","existing_damage","test","images/0548.png"
"0549","photo-0235.png","photo-0235","0549.png","real_damaged","赫达·莫里逊中国相册（Hedda Morrison）","","","","b4d6a88171975eb8f3f73f240cf1e7b58bef384a27a8461512cb3db1b4181420","730873347ec88d215c5e932f53b2203950206f5bb6d4a638d9d57d45383da91f","1596","2155","other","RGB","existing_damage","test","images/0549.png"
"0550","photo-0236.png","photo-0236","0550.png","real_damaged","赫达·莫里逊中国相册（Hedda Morrison）","","","","efbe73f32ec103d584d2253230683faaf6c3d82c88b73ffb4d4872fd6f7a8a28","b139986e0d7cefebf523c3875de40310a3c43df200b7b653668f999be814eee7","1652","2161","other","RGB","existing_damage","train","images/0550.png"
"0551","photo-0237.png","photo-0237","0551.png","real_damaged","赫达·莫里逊中国相册（Hedda Morrison）","","","","7b0d8a5c2f0a7b377c69dc2f92426452f48a6c4ce2dffdd56302792392cb6366","a270dc6f17fe50d67ce9776fb62e5063dee3733bf3cbdab6e26c353ff7484dea","1611","2161","other","RGB","existing_damage","train","images/0551.png"
"0552","photo-0238.png","photo-0238","0552.png","real_damaged","赫达·莫里逊中国相册（Hedda Morrison）","","","","36da315ec94d0228bea17e1efd8b03eaf82b63aa9eb21be56ded0f1608dcf78f","87cc9e3c238e92e69e11525b84bd3a76a41695b61eb8a63d06574c603a0fd01f","1642","2156","other","RGB","existing_damage","train","images/0552.png"
"0553","photo-0239.png","photo-0239","0553.png","real_damaged","赫达·莫里逊中国相册（Hedda Morrison）","","","","f8c02cd6570bfe10fac264db4e48f25b703f832c9a7728f9bf3a6c4ea13ae81c","ebc028c3259030295a0006f2177759aa50339dc471b5283e9d41f6921832b6f7","1637","2161","other","RGB","existing_damage","train","images/0553.png"
"0554","photo-0240.png","photo-0240","0554.png","real_damaged","赫达·莫里逊中国相册（Hedda Morrison）","","","","c79299b8ac6ac6f88e381d99d777151f8e0b8ec3c93066224320e1db9432c37c","fe2c3d371572251fdae37cf4dd320e58e634662d2182be906f695f0e080f4619","1597","2151","other","RGB","existing_damage","validation","images/0554.png"
"0555","photo-0241.png","photo-0241","0555.png","real_damaged","赫达·莫里逊中国相册（Hedda Morrison）","","","","90580f63c32cb0866422914df434237782d578f657e54ab008a65c298d8da3b6","8a941f31ce6a14cdd4d2a7b922248305909972fa99680b429e9e64748ad9ddd6","1642","2156","other","RGB","existing_damage","train","images/0555.png"
"0556","photo-0242.png","photo-0242","0556.png","real_damaged","赫达·莫里逊中国相册（Hedda Morrison）","","","","c7e193072ed030d06ab1455d86d18edfe16795221a66192ed84f33f188dd3777","0c014978d4069c33f01873a16318a89cfe2c1fe2a762ca42ab62816eef21361c","1622","2171","other","RGB","existing_damage","train","images/0556.png"
"0557","photo-0243.png","photo-0243","0557.png","real_damaged","赫达·莫里逊中国相册（Hedda Morrison）","","","","762a869a8d2137a9e859bb7a5504dbb532b19ea3093b836bd73a87920b922945","076380563db1a66c450501c7f11ac7f40ffe1329fab6c0c8e692a397ee35adcb","1642","2156","other","RGB","existing_damage","train","images/0557.png"
"0558","photo-0244.png","photo-0244","0558.png","real_damaged","赫达·莫里逊中国相册（Hedda Morrison）","","","","40577db36f3324fb84dd1c94c5bb0e1f2a517d3ccad3f22be564ec5deec1c5dd","65767df38779237819f239afb16395adb2765c859de0f99b1ede8741432ba455","1667","2166","other","RGB","existing_damage","train","images/0558.png"
"0559","photo-0245.png","photo-0245","0559.png","real_damaged","赫达·莫里逊中国相册（Hedda Morrison）","","","","e20f0a34ae6b0664bc891fb77d004845b2707b3483ff64676963889691eb1b64","6565e25ed2b484558616ec38deb2381ea1505d2b2625e332ff97fe637ed27097","1632","2155","other","RGB","existing_damage","train","images/0559.png"
"0560","photo-0246.png","photo-0246","0560.png","real_damaged","赫达·莫里逊中国相册（Hedda Morrison）","","","","a8010891f5e6e2626048469e4afbc066d50e085a5c4d236a3b6c9dfe8549177a","9b828455660fd046f9818916ac21298f75f9df6877365bd0f1174fc7d93cfd89","1597","2151","other","RGB","existing_damage","test","images/0560.png"
"0561","photo-0247.png","photo-0247","0561.png","real_damaged","赫达·莫里逊中国相册（Hedda Morrison）","","","","82ef01d4259cfc6dee3327a9b3e871ec134c24cc2ca1364eced262022a21b32b","b0edcf37037319b18f3e15570f631203115d6b4903f6bea85b3abdff00215055","2187","1602","other","RGB","existing_damage","train","images/0561.png"
"0562","photo-0248.png","photo-0248","0562.png","real_damaged","赫达·莫里逊中国相册（Hedda Morrison）","","","","2006b945147f90382ec25e37cc63c329d97c6b03dfd282d095654875786b5e7c","051fcd23895944985a97e10f0dfc9fb401f396b6dafe91180a0013b7ab6a1c7c","1683","2160","other","RGB","existing_damage","train","images/0562.png"
"0563","photo-0249.png","photo-0249","0563.png","real_damaged","赫达·莫里逊中国相册（Hedda Morrison）","","","","7edcf2c8d349081f66e51cf77023b5e2227932ee48d186e74f3ea0af4be6a3fb","58fd813894149a512e7849735f292f7558ddc660bc867d6f06ee1ca88701d93a","1632","2155","other","RGB","existing_damage","train","images/0563.png"
"0564","photo-0250.png","photo-0250","0564.png","real_damaged","赫达·莫里逊中国相册（Hedda Morrison）","","","","d0228d5f86be0b4f22a6b0c36ebb674af7140f8b8c4b7be4b4eb5e6650dc5cfd","5880ae0a5b5e0fd49d2d6753ee758c4e2d999abc3fa8330a96a0fd913c545b32","1632","2155","other","RGB","existing_damage","validation","images/0564.png"
"0565","photo-0251.png","photo-0251","0565.png","real_damaged","赫达·莫里逊中国相册（Hedda Morrison）","","","","457a5d72a423d21a0a0066bb4586cbbd3116a2640fb75b044007cd43519ee896","bf1ea5e96e095b9d7195b7e18fbd8757da4625116a4fe9c754c438e1d20b3d60","1653","2156","other","RGB","existing_damage","train","images/0565.png"
"0566","photo-0252.png","photo-0252","0566.png","real_damaged","赫达·莫里逊中国相册（Hedda Morrison）","","","","a98a9677c3afe4cfca934b53044731c653002731048dbfeced3dce639e6529b9","c1a8d868ee0cd7ce8eff038a25ba029c1aeac4e56ab614cf42351a2e48941d64","1596","2156","other","RGB","existing_damage","train","images/0566.png"
"0567","photo-0253.png","photo-0253","0567.png","real_damaged","赫达·莫里逊中国相册（Hedda Morrison）","","","","b622afc924a7279dc651b09073805b20be9f66574279e229c201545dba15f5b6","7635bbfa9efc15b3a8afa4ead6a459d066747a3049b2622f493d84d311888c6e","1627","2161","other","RGB","existing_damage","train","images/0567.png"
"0568","photo-0254.png","photo-0254","0568.png","real_damaged","赫达·莫里逊中国相册（Hedda Morrison）","","","","88462623d9ab3fdd711614f09352f73c7b02908bb1e379954c6fc5d73fa02fa0","4f16f7e93e9f9bf588c45040e46332980bb8016bce9250af5a5de1b70eebcb4c","2196","1607","other","RGB","existing_damage","train","images/0568.png"
"0569","photo-0255.png","photo-0255","0569.png","real_damaged","赫达·莫里逊中国相册（Hedda Morrison）","","","","180cd50d187d147ade0b8985d99eb2ecf97839045902138f70563f19c902a673","ff27c3405f674bdceb4f8dbd77ccda5a4526536ac58382d9c814ee0e919260ec","2192","1607","other","RGB","existing_damage","test","images/0569.png"
"0570","photo-0256.png","photo-0256","0570.png","real_damaged","赫达·莫里逊中国相册（Hedda Morrison）","","","","846495846c8e3a577b068abc1775b86fc851ce966dcbda534def653605108a1d","1bfbb29193e3b723fbf46aea3ed94702e531cb9d4eedefcc305a88f069e1b661","1638","2161","other","RGB","existing_damage","train","images/0570.png"
"0571","photo-0257.png","photo-0257","0571.png","real_damaged","赫达·莫里逊中国相册（Hedda Morrison）","","","","ada4f2b7a136ba47fdde5077932ce10ef1399c0a08827bb68e2306ce11458754","1cbdda4a9af71ec6835461d5993dfcd4d55691e30138cd3d3f99a40a1a59c7e2","1632","2161","other","RGB","existing_damage","test","images/0571.png"
"0572","photo-0258.png","photo-0258","0572.png","real_damaged","赫达·莫里逊中国相册（Hedda Morrison）","","","","324ba97883dbc343e816f3cacf18ba85ccdb04f1ead9c3a40c00301bfe5b6382","0b3b1ad63404fe38a04773a16faffeca0e0f65e1e975a82a1a3edf61ba461588","1637","2155","other","RGB","existing_damage","train","images/0572.png"
"0573","photo-0259.png","photo-0259","0573.png","real_damaged","赫达·莫里逊中国相册（Hedda Morrison）","","","","fc153839e5804b5ccc92f231114a377a353ee2554ab0172c3eb7d65806cad33d","9e1146310c66f86d6c30172b55a74cf2a740eb4a40a2b707651adf40096559ad","2207","1602","other","RGB","existing_damage","test","images/0573.png"
"0574","photo-0260.png","photo-0260","0574.png","real_damaged","赫达·莫里逊中国相册（Hedda Morrison）","","","","615e08f5f3cebfd17148869cf9d7cba5b6cb1a4cf3939918c0f73ad889a7b5aa","338de275b9951196717ab239fcea23823cbb8d10054abfca0bc811a1c58fc956","2252","1607","other","RGB","existing_damage","test","images/0574.png"
"0575","photo-0261.png","photo-0261","0575.png","real_damaged","赫达·莫里逊中国相册（Hedda Morrison）","","","","3330c0903b6bfe3edd197e5f7990972ecbc23c92aac8173dc23b4ce1cb3be920","989d2cdf786269569e1cad8c21d345f7ad36135fc18731785ac50681c1025190","2192","1611","other","RGB","existing_damage","train","images/0575.png"
"0576","photo-0262.png","photo-0262","0576.png","real_damaged","赫达·莫里逊中国相册（Hedda Morrison）","","","","66bf72a5023ee0e659e36583e7844f18936557a3224489dc649aba6e79286169","523351c0bec705a2b201fe13be81c3af6df300bec4237fd6f5b53a02565f2908","1698","2156","other","RGB","existing_damage","train","images/0576.png"
"0577","photo-0263.png","photo-0263","0577.png","real_damaged","赫达·莫里逊中国相册（Hedda Morrison）","","","","2776cdc8a1cec2dee31520a2832464643085c6e0edc1f5efdfa07f42954de3b3","b32d6b7af9996e6ce2f7775bf75fd2d2f5ef82a0910b98223097da7a574fdd6e","1601","2155","other","RGB","existing_damage","train","images/0577.png"
"0578","photo-0264.png","photo-0264","0578.png","real_damaged","赫达·莫里逊中国相册（Hedda Morrison）","","","","64ac254de18a016fac7de843267aef3fb4eec5d3869cccc4ba0aff66b446a7fe","f61a26cca6f52ce57b803f34f4b07dfbc5efac653f2936106978aea436eb3484","2186","1454","architecture","RGB","existing_damage","train","images/0578.png"
"0579","photo-0265.png","photo-0265","0579.png","real_damaged","赫达·莫里逊中国相册（Hedda Morrison）","","","","cc6e28c886d13c16231a853e9a6b98b3dfc993100d9fc186515899f05aa01ceb","ea6e553212c40eef96216b63f6232004fb33647316e6044e4626474e408bf0c8","1637","2151","architecture","RGB","existing_damage","train","images/0579.png"
"0580","photo-0266.png","photo-0266","0580.png","real_damaged","赫达·莫里逊中国相册（Hedda Morrison）","","","","c40bfb394f0454f3bb84f8a11557a6b0ee712f9fad56644da821d58ea7cc615c","e33d2f007c4517b718caa08a48eee05f4117e1a72605fd4c2a8cb0a4a520d36a","1632","2161","other","RGB","existing_damage","train","images/0580.png"
"0581","photo-0267.png","photo-0267","0581.png","real_damaged","赫达·莫里逊中国相册（Hedda Morrison）","","","","bdb8f8131e3064c83b1c43ea0624f590034084fa11d84a7289b717d06e99c693","822c01be93f1732beb45a45bca7e5fa0cb0842f7846f30d6ed542e1cfe0cf0e4","2186","1596","other","RGB","existing_damage","train","images/0581.png"
"0582","photo-0268.png","photo-0268","0582.png","real_damaged","赫达·莫里逊中国相册（Hedda Morrison）","","","","967474d9bdbbf03322cdae52b5a35b653e11006ee428443cb73fe84cd8070627","e3d4cd98d7f34243dd7bb367dc7ecb3fc4abb12465239277d684ce47596a8710","1602","2151","other","RGB","existing_damage","train","images/0582.png"
"0583","photo-0269.png","photo-0269","0583.png","real_damaged","赫达·莫里逊中国相册（Hedda Morrison）","","","","e44b4ecab5558bbc4269be5bc483f509a4d1a88981a647b53a2a4a5890752287","5dc05b6f391c7518fa3b86423eca1a15586036ce9c515a82a9896dd72c02c208","2181","1520","architecture","RGB","existing_damage","train","images/0583.png"
"0584","photo-0270.png","photo-0270","0584.png","real_damaged","赫达·莫里逊中国相册（Hedda Morrison）","","","","4a77ea15ce5d1f5f76416a66080f3368890c5107c0f878f2d0194ef8200a601b","c60b9323cff3f1b0af982a8df6b0cef16979bf0759d293bab0de1c2ea33a864a","1678","2161","architecture","RGB","existing_damage","train","images/0584.png"
"0585","photo-0271.png","photo-0271","0585.png","real_damaged","赫达·莫里逊中国相册（Hedda Morrison）","","","","d63a615232f5ec566f94c2d6cb7e9217d9e0ba2c7dcd0a6ccefa60cb5b3f96d8","2718aadeb5605242a351b2810be447fd9cc4cb1f8a18b704416d79148c4123e1","2186","1611","architecture","RGB","existing_damage","train","images/0585.png"
"0586","photo-0272.png","photo-0272","0586.png","real_damaged","赫达·莫里逊中国相册（Hedda Morrison）","","","","c2346791f1f88cd84a1c0fedec20702cdb8c4e2863196ee9243582f475bbbc3d","cd2ac38e50211695f122dceb55e6096deab877dc49d3dcc1bbfbb0cca4844c1f","1638","2166","architecture","RGB","existing_damage","validation","images/0586.png"
"0587","photo-0273.png","photo-0273","0587.png","real_damaged","赫达·莫里逊中国相册（Hedda Morrison）","","","","a518f3b808a5cff41aef921cb8815456b463e4402e97fdf2b9b079626adff4da","83b655a98ed16cec39f408fa274ae23a389ff86edc921f33e332a4e65a2b2686","1652","2161","other","RGB","existing_damage","train","images/0587.png"
"0588","photo-0274.png","photo-0274","0588.png","real_damaged","赫达·莫里逊中国相册（Hedda Morrison）","","","","8f2bdec1c6eb8e75784030bd18e69f7eb11210ededa9869a9ebb7857c17c8712","9bfea12e0b953adf920bbf7f028dc91e7b6918878fe1d4cd0871237e99c91699","1658","2171","other","RGB","existing_damage","train","images/0588.png"
"0589","photo-0275.png","photo-0275","0589.png","real_damaged","赫达·莫里逊中国相册（Hedda Morrison）","","","","baed83b45956bd0585116f250e8b43b53221cd65276a29034b6abf15ec8d955a","4bebc624b43138760dda4c7896d18aa51d165831755517965dd8ee164da4e669","1657","2160","other","RGB","existing_damage","train","images/0589.png"
"0590","photo-0276.png","photo-0276","0590.png","real_damaged","赫达·莫里逊中国相册（Hedda Morrison）","","","","416b95926693216c5bd492913ba0695b37faaf3be8bb64c6b55c4fa268fbc59b","5c0f0c153eee211c4a03b414b454d3cc4b8b9981629596614043ed2df40eda94","1642","2151","other","RGB","existing_damage","train","images/0590.png"
"0591","photo-0277.png","photo-0277","0591.png","real_damaged","赫达·莫里逊中国相册（Hedda Morrison）","","","","6db2e30a0edcef2935e47ec381f9d45c53b8f5f02dbb030676b0b2caaf4e5dc5","6cf21e2f06ddefc52025d58e037e406fcd3023dd45a1131e344c6ce48aa2caae","1596","2151","other","RGB","existing_damage","train","images/0591.png"
"0592","photo-0278.png","photo-0278","0592.png","real_damaged","赫达·莫里逊中国相册（Hedda Morrison）","","","","952737ab14100b2a7afeb784c5e0b1396b8c4c64a8d34bc83918b4ddad955821","349f5782799e3bfec6e7946c16e6d42162a110fdd26e42bcb408785ee1c5b01a","1632","2161","other","RGB","existing_damage","train","images/0592.png"
"0593","photo-0279.png","photo-0279","0593.png","real_damaged","赫达·莫里逊中国相册（Hedda Morrison）","","","","1a3c79d19ee5a876332db455d399ab7829cf536245147469711a430bf9c98554","d1c30721738e360b4658102ec8366e92bc5fd84e2f8c99de373bfedfd08c00c3","1673","2166","other","RGB","existing_damage","train","images/0593.png"
"0594","photo-0280.png","photo-0280","0594.png","real_damaged","赫达·莫里逊中国相册（Hedda Morrison）","","","","d77cee7e1da25de6fad0e397625c2ebae65f52f4f6da2121694f4fb211bd1fd7","8914653965b610c22353ad9262d350a1803a28fa5be5ffe3419490366407e49b","1637","2161","other","RGB","existing_damage","test","images/0594.png"
"0595","photo-0281.png","photo-0281","0595.png","real_damaged","赫达·莫里逊中国相册（Hedda Morrison）","","","","0d73f3c1a91878bfff1676c333b67adb16bf257e12d555e0b448f628ced87688","acb4045bf5683ad814b2ec502138c9992cb832e1d389711845150dbd00dfdf63","1606","2156","other","RGB","existing_damage","train","images/0595.png"
"0596","photo-0282.png","photo-0282","0596.png","real_damaged","赫达·莫里逊中国相册（Hedda Morrison）","","","","c0ad0950baf17e64a3a7865952a1b6e65dc04fd160b4b8da614e243bb6a35425","e44f1496c7be50259e05b372e9133012eb62507449144c8b7f8fdb87b607eaad","1688","2150","architecture","RGB","existing_damage","train","images/0596.png"
"0597","photo-0283.png","photo-0283","0597.png","real_damaged","赫达·莫里逊中国相册（Hedda Morrison）","","","","40b2065ebab5add3fe9a399908ec9578f170ec9c1bed9669b6e9b259a30c9395","05a1cc7aae8b4a8bfc8830ffe2353e9d524f912dc0372539fea96169391719f9","1653","2172","other","RGB","existing_damage","train","images/0597.png"
"0598","photo-0284.png","photo-0284","0598.png","real_damaged","赫达·莫里逊中国相册（Hedda Morrison）","","","","9ad03b84ce51d0f548368e0b4a9386c7c3db958a4ca015db0680fb528376cc49","ce609a4f6193253ec33aed10302c266dd0b46b58a524258fa352acdfd157bbce","1602","2156","other","RGB","existing_damage","train","images/0598.png"
"0599","photo-0285.png","photo-0285","0599.png","real_damaged","赫达·莫里逊中国相册（Hedda Morrison）","","","","1cf2ca4258b16de9eb9300180883d78acea3b2333bfdd16a887d2b50452ff8da","83e6aa6f3d2e13beb383d69d408236a3213c2958e14aaaa149c315478c125258","1632","2166","other","RGB","existing_damage","test","images/0599.png"
"0600","photo-0286.png","photo-0286","0600.png","real_damaged","赫达·莫里逊中国相册（Hedda Morrison）","","","","abadd9e3a174d9984d1db84cae2d2e127fe5b4b180583b15d23323aa0cda9747","932c41a32f1b82cdf8adcb691ad8d32e4b03e7e22110d3f5f9db63c9ad3b931e","1637","2155","other","RGB","existing_damage","train","images/0600.png"
"0601","photo-0287.png","photo-0287","0601.png","real_damaged","赫达·莫里逊中国相册（Hedda Morrison）","","","","c297a585da3322ac75860efecc034a0059788f98acf22530a644935d98ba03e0","d9e43f87bf1fdfa49f17d621a6fcf90a7aff7f2f3d81bba166fa936210ddf0ee","1637","2161","other","RGB","existing_damage","train","images/0601.png"
"0602","photo-0288.png","photo-0288","0602.png","real_damaged","赫达·莫里逊中国相册（Hedda Morrison）","","","","5be150c887882b2b71bc3047a281c33bab76cc69805dfa570e90df2702f4547e","b22cd1b95137bab21f4490975ea793a5b3b13149aa2afcd915dc94a37eae51fd","1627","2161","other","RGB","existing_damage","train","images/0602.png"
"0603","photo-0289.png","photo-0289","0603.png","real_damaged","赫达·莫里逊中国相册（Hedda Morrison）","","","","cac00282c867c25e38e4065355aaec862574ab569421798a4d3468b4e5e02661","e3a8e880477531aa28346131940271dd7c16ca3d3e9f56222372ad78f8ae2585","1597","2156","outdoor_scene","RGB","existing_damage","train","images/0603.png"
"0604","photo-0290.png","photo-0290","0604.png","real_damaged","赫达·莫里逊中国相册（Hedda Morrison）","","","","2bc597dd8d7d2183c8668ba83450d3b7aeca3909746cabb488b79b22565a435e","2be50b918104b00cd94008db99d309c92de137817a1d68aafa5bd387af068b6d","2192","1602","outdoor_scene","RGB","existing_damage","train","images/0604.png"
"0605","photo-0291.png","photo-0291","0605.png","real_damaged","赫达·莫里逊中国相册（Hedda Morrison）","","","","4f518dadb1cd6bb2ea18cfb5238db6cbc1bfbcc277330b45708dfe5717fb9120","d4bf0ddd90d659a41bab6a81545b2a9573de547ab75a419c3dbcf82bfd70e9a0","1668","2166","outdoor_scene","RGB","existing_damage","train","images/0605.png"
"0606","photo-0292.png","photo-0292","0606.png","real_damaged","赫达·莫里逊中国相册（Hedda Morrison）","","","","e72f30b9ff2e1932b9e06dad56cbdd2a70b27d95042633d239949629391342c3","5f6e9f9cfeb27b0c6f868bd2c41bbf244ff1d71c5f67c14d169e5519a1b05575","1637","2151","outdoor_scene","RGB","existing_damage","train","images/0606.png"
"0607","photo-0293.png","photo-0293","0607.png","real_damaged","赫达·莫里逊中国相册（Hedda Morrison）","","","","049f1f25f4d82997f46e5aba427109f614d23bd0f870e0fbbcb6d9853a08b9a6","3242e7daec40770b8cfab10a727690d8b47d9dc76f08227a2832188d77398dfb","2435","2379","outdoor_scene","RGB","existing_damage","train","images/0607.png"
"0608","photo-0294.png","photo-0294","0608.png","real_damaged","赫达·莫里逊中国相册（Hedda Morrison）","","","","2ccd7640466f04a47bf563524ce0d611253b62e70799698c58dd4979fd517881","54d4a5387708df40feaeb0959fd5f97a9243fb214cfe6882b0e6a52bf7930306","2272","1691","outdoor_scene","RGB","existing_damage","train","images/0608.png"
"0609","photo-0295.png","photo-0295","0609.png","real_damaged","赫达·莫里逊中国相册（Hedda Morrison）","","","","d09b2926ffc3f8fe4273f8554b886a1c3c25b0aca0eae08f469acde0e336b3c5","948a483589c27043312ae0c14e6363161985c914d796b42eb87667ac33b4026b","2257","1707","architecture","RGB","existing_damage","train","images/0609.png"
"0610","photo-0296.png","photo-0296","0610.png","real_damaged","赫达·莫里逊中国相册（Hedda Morrison）","","","","4d9cad6b6a215abf631b09342024ce8cb0d40de3d6c102fac7096c1c6e940131","239be81056a898e95b0d41d1fab392bdd0287d380b9c12bc47664c6e5b270b49","2282","1711","architecture","RGB","existing_damage","validation","images/0610.png"
"0611","photo-0297.png","photo-0297","0611.png","real_damaged","赫达·莫里逊中国相册（Hedda Morrison）","","","","5bca964e67fc850bfd1251645b7123681d9f5fa92171e5076628519b2cf6c0b1","dec933190983cb3695e8dd0cb538ee300dd16cc971c347cf768c6eba38618ac9","1702","2257","architecture","RGB","existing_damage","validation","images/0611.png"
"0612","photo-0298.png","photo-0298","0612.png","real_damaged","赫达·莫里逊中国相册（Hedda Morrison）","","","","10c2559f773809f298f8239bd1cca1e58c4b5898e8a48268aa4b8bd875633fa4","585059b742980fc81ebdc940acabbb37f78de789014944c4f49953dbc2a1b8df","2257","1702","architecture","RGB","existing_damage","train","images/0612.png"
"0613","photo-0299.png","photo-0299","0613.png","real_damaged","赫达·莫里逊中国相册（Hedda Morrison）","","","","d8f3238fd732dc7ca3002b40abd1df987e28b7c7fc59150effc3399fe54f9d6c","2cccae6ec372ae241764e833a558682b03b422900f5269787608cd2a2de91ed0","1757","2262","architecture","RGB","existing_damage","train","images/0613.png"
"0614","photo-0300.png","photo-0300","0614.png","real_damaged","赫达·莫里逊中国相册（Hedda Morrison）","","","","1011f28248beaa956eaa081e2934c5fb5018352c77a6cc160125424af78a18fe","dc5c65ae8ba7d7bc1289c6c156fbcf4042b9fd8d2f21ac8b017314f927d4641c","2257","1722","architecture","RGB","existing_damage","test","images/0614.png"
"0615","photo-0301.png","photo-0301","0615.png","real_damaged","赫达·莫里逊中国相册（Hedda Morrison）","","","","f99f8f55bf5f57902345db265be60399e13ada3954c6b7de4992df7175336cde","293c0075057fc37a4e1143eef4fcd9a84702e2a2ead0fe5314bb4dfd218fbba2","1753","2247","single_portrait","RGB","existing_damage","train","images/0615.png"
"0616","photo-0302.png","photo-0302","0616.png","real_damaged","赫达·莫里逊中国相册（Hedda Morrison）","","","","c80920d2e41c6f5c09aea2fdb4bc803b664993fa9910ae7e522fda0c1b509046","ac43a6cf0745c40750f22e4233b6d9e14acff780326280be57974d9edcb5ee83","2287","1584","architecture","RGB","existing_damage","test","images/0616.png"
"0617","photo-0303.png","photo-0303","0617.png","real_damaged","赫达·莫里逊中国相册（Hedda Morrison）","","","","35da982001eebf48e133ec952c8e40f8da1887be04a27ca4ba2af4f15e126da9","25c5fbdbb128ecb0d5bf0d6343c895d0125bab2825a1ee1e8affa87232e1d627","1707","2252","architecture","RGB","existing_damage","train","images/0617.png"
"0618","photo-0304.png","photo-0304","0618.png","real_damaged","赫达·莫里逊中国相册（Hedda Morrison）","","","","6a0d5874a4b513698dc316a4812e2f6b7b8d5d8550e57682ca5541033f63beca","9deb6fb0cb805d35f6dd4c9daada86f61273e9b54ccf081e6d21d5fc195029ac","1747","2247","architecture","RGB","existing_damage","test","images/0618.png"
"0619","photo-0305.png","photo-0305","0619.png","real_damaged","赫达·莫里逊中国相册（Hedda Morrison）","","","","d5b83f485629ea0c755d2646715dd67770de802442210e51f42d93ac035bc7a9","8c63789640b8f900b3024a6c768c8828f2c4af1bd3ee8d309a56557064c16a22","1706","2267","outdoor_scene","RGB","existing_damage","train","images/0619.png"
"0620","photo-0306.png","photo-0306","0620.png","real_damaged","赫达·莫里逊中国相册（Hedda Morrison）","","","","67830f3c1e7e054055ae657b45674acdf01d194e14c7605c11a9bc86e25a57be","d7763f86161f8a8eb1e65db81b4527ab329fc98947dc4cd71946ef852fa6c927","1706","2268","outdoor_scene","RGB","existing_damage","train","images/0620.png"
"0621","photo-0307.png","photo-0307","0621.png","real_damaged","赫达·莫里逊中国相册（Hedda Morrison）","","","","82a91bc1fa71ae82c9bef990eb528fd24996c45d8cf4426a23778d410be3ce54","339af7d07c910f2dcf814e548256fa3b65bbb5435fed64d0812678e61440b29f","1712","2272","architecture","RGB","existing_damage","train","images/0621.png"
"0622","photo-0308.png","photo-0308","0622.png","real_damaged","赫达·莫里逊中国相册（Hedda Morrison）","","","","0372226ec10fe900298aa4750184612f66d68fb3de6e3dd711d3935f720c38dd","f7254a60c1fba313f6e1253b413e2889beef4fe57546f97f81dbb4e03bf80730","1722","2277","architecture","RGB","existing_damage","train","images/0622.png"
"0623","photo-0309.png","photo-0309","0623.png","real_damaged","赫达·莫里逊中国相册（Hedda Morrison）","","","","668cbc3b2134accfd1cc302e0e0e888779e2c0a64c80c6fe4c15f60ed86527bd","e18435db4c79e90f6b4f2dca6306160306cb03615bc769f0f0efd9e4133590b8","1706","2267","architecture","RGB","existing_damage","train","images/0623.png"
"0624","photo-0310.png","photo-0310","0624.png","real_damaged","赫达·莫里逊中国相册（Hedda Morrison）","","","","652c9de23711f109be5dc9841524c163e7d12e14fd01c1939da6fb14d3467d2a","12d0de2bfb10e94a90afef13e84fe57e8128334e4e76510543f1b39d1ffa5a2c","1717","2262","architecture","RGB","existing_damage","train","images/0624.png"
"0625","photo-0311.png","photo-0311","0625.png","real_damaged","赫达·莫里逊中国相册（Hedda Morrison）","","","","c6358a88cefe288f52b9d49759e5616dd0b29ea99e9d147bd1f43a2e062bdec4","4223e94a08eab7c8f239552b15f18280b74bbed06515affab17a5eaed9f6b6c6","1712","2241","architecture","RGB","existing_damage","train","images/0625.png"
"0626","photo-0312.png","photo-0312","0626.png","real_damaged","赫达·莫里逊中国相册（Hedda Morrison）","","","","9c9d36b4da9849de52dce80ae73a5a33f303a2929a5f396f401816be99ec73f7","e6c5471692f157fb9497b6fbcf72ed097d10ba64fc772b8a4ef028b61753d1b9","1712","2257","architecture","RGB","existing_damage","test","images/0626.png"
"0627","photo-0313.png","photo-0313","0627.png","real_damaged","赫达·莫里逊中国相册（Hedda Morrison）","","","","dc9e2997c3a6c55864f2e897e43f9d7f1210870c2e5048e2812cf1444d3e80df","92e8d4c80ad21e932807413fb15faebd60b31ef4804c015983af341347828bef","1727","2267","architecture","RGB","existing_damage","train","images/0627.png"
"0628","photo-0314.png","photo-0314","0628.png","real_damaged","赫达·莫里逊中国相册（Hedda Morrison）","","","","790172234e1d52e8805ab1b19ef0f35a306d376cd2d31982f45c69bafa5d582d","6d4e5f4b9d67e8df79c1e44fef7513610ec7a3ebaa67fe58c0d6c73b43d0127d","2328","1268","architecture","RGB","existing_damage","train","images/0628.png"
"0629","photo-0315.png","photo-0315","0629.png","real_damaged","赫达·莫里逊中国相册（Hedda Morrison）","","","","e3555fdad595c2a81f271a202b8df5db490eeac1b1876374b4aea7d12c2b1c9a","0ee29767f4c7350a7a9ee1ffaf0866d5911c8afd6606d9a37f4119ff22f2757a","1707","2241","architecture","RGB","existing_damage","train","images/0629.png"
"0630","photo-0316.png","photo-0316","0630.png","real_damaged","赫达·莫里逊中国相册（Hedda Morrison）","","","","7deb4f61f88c2c71a4ae601969acea0dc547e35face1b42d2fd3876f121baf1a","fa5f849074135d4ba3a8eda509cb52aa25a28c3923d94f680a133f5a6b16b32d","1727","2206","architecture","RGB","existing_damage","train","images/0630.png"
"0631","photo-0317.png","photo-0317","0631.png","real_damaged","赫达·莫里逊中国相册（Hedda Morrison）","","","","b62bd9869aef9c9e31f17bc6dd67897b88ccbe04b7bbdc028bd3bd120fd81949","e7d017b9dfd9e668f67c62bb32ef99b3c9ae92f0b336605efc08e6982acfdf7a","1722","2247","architecture","RGB","existing_damage","train","images/0631.png"
"0632","photo-0318.png","photo-0318","0632.png","real_damaged","赫达·莫里逊中国相册（Hedda Morrison）","","","","4ada827be55db895183e93815c68e0a47a55d8d7b8cfc0dd0661454b8da543bc","74482a28d868583af269252033399c946d8c9fe7723e0a9aa1a7c8d67db4bd7a","1706","2242","architecture","RGB","existing_damage","train","images/0632.png"
"0633","photo-0319.png","photo-0319","0633.png","real_damaged","赫达·莫里逊中国相册（Hedda Morrison）","","","","45c84b293183a844893ab5c502c3ec03631b9fde04cc2d293683552b94d07276","628858994b6f1df549e9716c854c74b7e34c9651a0451438d9e0040da3dda75e","1707","2064","architecture","RGB","existing_damage","validation","images/0633.png"
"0634","photo-0320.png","photo-0320","0634.png","real_damaged","赫达·莫里逊中国相册（Hedda Morrison）","","","","87b0b13a920880459b566b014af7fbc703e69e355a8a8ea651e0b31babe9dfb3","974c190719891a4f193a4c210605e08ab5917a3b75aa9be1010ff4c27dda7d67","1706","2246","architecture","RGB","existing_damage","train","images/0634.png"
"0635","photo-0321.png","photo-0321","0635.png","real_damaged","赫达·莫里逊中国相册（Hedda Morrison）","","","","ddacbfe70bc3003d970b104c2608ebcc74ff2cf80252fdf8edb69666c33b8bb0","d7504533c202a0ebb7f2dfbf911bd97a1fab881430e20a02f514b9ad81fe307e","1758","2278","architecture","RGB","existing_damage","train","images/0635.png"
"0636","photo-0322.png","photo-0322","0636.png","real_damaged","赫达·莫里逊中国相册（Hedda Morrison）","","","","16d09986cd1b8a4e32be58d835daf700410b8a5e85569233120e1cfc25b32137","3a2b6af3e1b4e34376a681829dfc6c9cba6810e114209f5129561f289df4b6cd","1717","2246","architecture","RGB","existing_damage","train","images/0636.png"
"0637","photo-0323.png","photo-0323","0637.png","real_damaged","赫达·莫里逊中国相册（Hedda Morrison）","","","","3118a2f53e9cf94fe8c453ac9cbb752246a6b367d848bfa831f401ceb68eaabb","cf2a7f9c3f17a1aaae1cf686052f93847ce844340a3cbeb358c9bb1913ac1ef7","2288","1687","architecture","RGB","existing_damage","train","images/0637.png"
"0638","photo-0324.png","photo-0324","0638.png","real_damaged","赫达·莫里逊中国相册（Hedda Morrison）","","","","0c8cf18490abc473a8d3b010d558852d727734a85c04c8603039f31414abdb70","d16db75cc67daf7a8fc40b25b095d918708010d3ccc3292b46d38aafc10e2fb7","2323","1686","architecture","RGB","existing_damage","validation","images/0638.png"
"0639","photo-0325.png","photo-0325","0639.png","real_damaged","赫达·莫里逊中国相册（Hedda Morrison）","","","","70ee798253fc910cd9f98c84849de233bc2ee345a5af2de58c659ce8676b3c24","a881408f08d0c7ad15ded844767c11db7df01e2c7b9f051f3d1d8bd178834d80","1681","2292","other","RGB","existing_damage","train","images/0639.png"
"0640","photo-0326.png","photo-0326","0640.png","real_damaged","赫达·莫里逊中国相册（Hedda Morrison）","","","","a8764a0fbcf3a615e5e99a74d012dc3e9eeedd5433131f41cd3fe815260419f1","3a1a17b8a0c3b52a2dd14efccd3aaf28d2d8ca374678f56ebb31bd99df1b4d60","1681","2277","other","RGB","existing_damage","train","images/0640.png"
"0641","photo-0327.png","photo-0327","0641.png","real_damaged","赫达·莫里逊中国相册（Hedda Morrison）","","","","fdad5c186302163556472672d44b097dc9b68ae47c2f5fa61daf6fdd1e91fa25","99e6e42ffb451d5cc9b0e16045aee33472512455ce0849734feea0113099b991","1732","2288","other","RGB","existing_damage","train","images/0641.png"
"0642","photo-0328.png","photo-0328","0642.png","real_damaged","赫达·莫里逊中国相册（Hedda Morrison）","","","","8ada09f006f46cbdb6e5bfefe4d35d1cd6c7b023d237ffa3ed180639febb9196","c4934130962ebe7eac90694cc4725deb569d6b90562c92924324677acf146bc9","1681","2277","other","RGB","existing_damage","train","images/0642.png"
"0643","photo-0329.png","photo-0329","0643.png","real_damaged","赫达·莫里逊中国相册（Hedda Morrison）","","","","356a25ad956b766e5ffae3f895dec6cf26c26cdc241f730a9e8db5f4783a4f83","f55d41d94175da44957a63b65d28bcc14ef86f209c5adec9e7d651fb0b36d233","1706","2272","architecture","RGB","existing_damage","test","images/0643.png"
"0644","photo-0330.png","photo-0330","0644.png","real_damaged","赫达·莫里逊中国相册（Hedda Morrison）","","","","fb6199fdcddec43ae405fd7b62d377720cf4a13bfa352de24719503ea09bcef0","53f82bf1a7132cbe8d77a744ed8f27683e5db76bca6886b219a02b8770ec6882","2338","1707","indoor_scene","RGB","existing_damage","train","images/0644.png"
"0645","photo-0331.png","photo-0331","0645.png","real_damaged","赫达·莫里逊中国相册（Hedda Morrison）","","","","2a86ac531accba3396cba1837c073e78ebf509897dbc0a04db80caa73c8d603b","aab686615b6e213cde748767798cfcfedbdfb6f4fe824905343479e884a8a949","2256","1712","outdoor_scene","RGB","existing_damage","train","images/0645.png"
"0646","photo-0332.png","photo-0332","0646.png","real_damaged","赫达·莫里逊中国相册（Hedda Morrison）","","","","2303efc512656b997bd0da0f58ea182a7d8d025a5233a939c1b1286245751f59","d63ad90cad8227a2d9e95cd74a69c1510cdb73f4db4acb9c1cddf8224d54db8d","2277","1549","architecture","RGB","existing_damage","train","images/0646.png"
"0647","photo-0333.png","photo-0333","0647.png","real_damaged","赫达·莫里逊中国相册（Hedda Morrison）","","","","f1fae1c8a1b70f02c5fc1db27c2244b7fff9a75c1a39d3314b760f12591fa9f3","a820252ec1942dcc45026074e22f2594abcd80538b8e16adfca6ef6da751ca3e","1681","2282","architecture","RGB","existing_damage","train","images/0647.png"
"0648","photo-0334.png","photo-0334","0648.png","real_damaged","赫达·莫里逊中国相册（Hedda Morrison）","","","","4f7466270f080a448ff7bfc9ccb9160d9e3833f62494879363ba9cd20fff8427","0276ecd59dc826b569abe66bf3a8004c1029744dfb057b12a9df05d8c116fcf1","1686","2277","architecture","RGB","existing_damage","train","images/0648.png"
"0649","photo-0335.png","photo-0335","0649.png","real_damaged","赫达·莫里逊中国相册（Hedda Morrison）","","","","7a591f978308c9a021f0101f210c1300c5235db7eeaf00b535ee4e93438f63ec","2fcfcf1da9b47a389fbbd26cc09027339c161b1085b1c07bedaddac993e06a69","2236","1711","architecture","RGB","existing_damage","test","images/0649.png"
"0650","photo-0336.png","photo-0336","0650.png","real_damaged","赫达·莫里逊中国相册（Hedda Morrison）","","","","ac699a5c8c6d05e8601f3d2b8e8852f940be84e654fef29a9dc13420e0cb38a4","86e9fef07b1f50af85f5cab93e89562c141f0881124a7ca622b6e6073445b3ec","2328","1686","architecture","RGB","existing_damage","train","images/0650.png"
"0651","photo-0337.png","photo-0337","0651.png","real_damaged","赫达·莫里逊中国相册（Hedda Morrison）","","","","8074cfbfdab3a059167171f95797741da5b23d57652da25860cb2cb57303856e","98753f9b7a8d08c6f55f1dea6f0d21311c932afb584293ba1b5e0023da3b0baa","2323","1687","architecture","RGB","existing_damage","train","images/0651.png"
"0652","photo-0338.png","photo-0338","0652.png","real_damaged","赫达·莫里逊中国相册（Hedda Morrison）","","","","f0a7e823c5150a43f063559988d1c8b3c83a095631b8a6848406e847ab59f717","468c010ba26c30e65a94ca02b0c7c42695818b8d99961ffa0a12d00138242457","1691","2278","architecture","RGB","existing_damage","train","images/0652.png"
"0653","photo-0339.png","photo-0339","0653.png","real_damaged","赫达·莫里逊中国相册（Hedda Morrison）","","","","3fa3c8ff7b183cdbe0f1838b3e1a08178b2addac62d098e3a19c0ca999914d8c","6a9d5b70b247d928f90642d9f7bd575cf63b333c3c68a5d01488d478f2d02b9f","1696","2282","architecture","RGB","existing_damage","test","images/0653.png"
"0654","photo-0340.png","photo-0340","0654.png","real_damaged","赫达·莫里逊中国相册（Hedda Morrison）","","","","2f6ad75733e4f88edebbb892b8f712a6bb3eae9dec344654ea645f1c5c7ff65b","436dcc6eb1267ad8c183fd796fcb6647e75eb84c4d9263a517f2bdd96c9f311e","1696","2277","architecture","RGB","existing_damage","train","images/0654.png"
"0655","photo-0341.png","photo-0341","0655.png","real_damaged","赫达·莫里逊中国相册（Hedda Morrison）","","","","b8d322b11e297760c836ec2233deec27c52b65e8415bef01a91efbd6316a4f93","9123e6d1263dcca6b8991c2182befa9ff2647b94cf6d30d770e47e41399bca28","1733","2283","architecture","RGB","existing_damage","train","images/0655.png"
"0656","photo-0342.png","photo-0342","0656.png","real_damaged","赫达·莫里逊中国相册（Hedda Morrison）","","","","822162a128cee6aa731169463ff19957237d97725b955ea69cdf1bba3ff7a4ed","06abc7d9e5187b9e89383756d140c6816a9eae642892e741c2310eeadc6a159b","1717","2241","architecture","RGB","existing_damage","test","images/0656.png"
"0657","photo-0343.png","photo-0343","0657.png","real_damaged","赫达·莫里逊中国相册（Hedda Morrison）","","","","26f2b12bddc9b1062eb02c091c640cdde9bb4afe18d27e8ccfd11e0039531680","33f5c42cf6d5dad6c1eb4d0fc6346875a8301c02cfe066b2fe75738162a22002","1722","2277","architecture","RGB","existing_damage","train","images/0657.png"
"0658","photo-0344.png","photo-0344","0658.png","real_damaged","赫达·莫里逊中国相册（Hedda Morrison）","","","","10ff55720acc030cd833bc24a43182e0661c8631282953259e78a38444e61ca7","6c6844ac1c0cafa478ba78577b0629f1ee9314ed0073f91d120c914907d8f1e3","1737","2293","other","RGB","existing_damage","train","images/0658.png"
"0659","photo-0345.png","photo-0345","0659.png","real_damaged","赫达·莫里逊中国相册（Hedda Morrison）","","","","61cce991f9b246546e0a49ff054ecf2567b9016e338362ef7bc6fc327103cb53","4ac8247114214f8f169874c2880eb261039ed7a10087f69edfb9ab0a5afeb3c5","2236","1717","architecture","RGB","existing_damage","train","images/0659.png"
"0660","photo-0346.png","photo-0346","0660.png","real_damaged","赫达·莫里逊中国相册（Hedda Morrison）","","","","40f60bcca995457861ada77e2a69c78aefc1753a28f320b26ad91859e0e3a708","965e16ec5f7b1a67a06cca0c1ead82c12e0da8da5b797a07d97946e3cb942c6e","1702","2278","other","RGB","existing_damage","validation","images/0660.png"
"0661","photo-0347.png","photo-0347","0661.png","real_damaged","赫达·莫里逊中国相册（Hedda Morrison）","","","","9afcdf27dca897fd88d60a1531e78a4196687689c82bddfc18693abd7b979e1b","bc2ae7d27e0d248a401ca72b272f63c6ecce25a89d2cac6e9ed6407dae736eba","2344","1697","architecture","RGB","existing_damage","train","images/0661.png"
"0662","photo-0348.png","photo-0348","0662.png","real_damaged","赫达·莫里逊中国相册（Hedda Morrison）","","","","b36cd20633930567b4296fe2c982f12e92bb06c23542558c9a104120a6d192ea","4d7d72ce6780e8e69b354b5147459374b93c7b794a2d04a586079ea55bb1b339","1752","2273","outdoor_scene","RGB","existing_damage","train","images/0662.png"
"0663","photo-0349.png","photo-0349","0663.png","real_damaged","赫达·莫里逊中国相册（Hedda Morrison）","","","","c4eed318ea52501255227762a63779bb7b8255cb3543d9a083b79b32b2bcc4a9","2f06433c00b843c3cb5258d07f5ac45a4329f4e915cf918ea75253134102f456","2333","1701","architecture","RGB","existing_damage","train","images/0663.png"
"0664","photo-0350.png","photo-0350","0664.png","real_damaged","赫达·莫里逊中国相册（Hedda Morrison）","","","","c96d7e496668be904d31454549bd4d5c376f91e4f6faa07c1fb88b0936e8fdd8","07fdd1d90d9fd6af983eef752ff15afdefb347b2b5ccaa85bf414422866b3394","2288","1686","architecture","RGB","existing_damage","train","images/0664.png"
"0665","photo-0351.png","photo-0351","0665.png","real_damaged","赫达·莫里逊中国相册（Hedda Morrison）","","","","3705c45d48ee94d94fa53486f0d019dbbc4e5d4974cfe24404b183e03a10a8ec","723bea7e84fcfa424d71c9c5fbf6986f76b1d041d3b906da211f5461c3d7e57d","2293","1691","architecture","RGB","existing_damage","train","images/0665.png"
"0666","photo-0352.png","photo-0352","0666.png","real_damaged","赫达·莫里逊中国相册（Hedda Morrison）","","","","d1eff7cadb97b1a57c683223e11290c406044a42cb7fc98c7c2bd157eb0f1572","91ed1be95002a76b9a03d9f97de44fa3b1cd7ba7a401f2ef26fbd4158703bf6a","2282","1681","architecture","RGB","existing_damage","train","images/0666.png"
"0667","photo-0353.png","photo-0353","0667.png","real_damaged","赫达·莫里逊中国相册（Hedda Morrison）","","","","92dacc4344d5dfb4920fe0573f9269974ff6c2002262c9a19f16edb2a037953f","9313f3b2f60cdea05fb1c09432134c81d4f88eb9ec0202fc7d5297d9f096f1c7","2349","1676","architecture","RGB","existing_damage","train","images/0667.png"
"0668","photo-0354.png","photo-0354","0668.png","real_damaged","赫达·莫里逊中国相册（Hedda Morrison）","","","","b394c13e259b9affe0c38f40b415a481a89c49dab78c475aa81267281512ad57","e37c80ec28f2c0d917e0323d6c5558c558eaec037b7fc80f7507f0c90a1dcdc8","1712","2268","architecture","RGB","existing_damage","train","images/0668.png"
"0669","photo-0355.png","photo-0355","0669.png","real_damaged","赫达·莫里逊中国相册（Hedda Morrison）","","","","e7d234bef4700be0363183f9aff245eee9bdb1b0e8a447dabc67395fb538dffc","2d912b98fd7466d6852bbd1fa33625a7e6f94032362477c3c32f55478c089c31","1707","2262","other","RGB","existing_damage","train","images/0669.png"
"0670","photo-0356.png","photo-0356","0670.png","real_damaged","赫达·莫里逊中国相册（Hedda Morrison）","","","","471a41553ba9e1089d80d34804b686ab4f3f3aeab85ca9a8ff5bf4a39943b9b4","a0f28f4a78a4dfa451aaad65662d2bb45490666ff8bb7faafce71bba77cbef1f","1722","2262","architecture","RGB","existing_damage","validation","images/0670.png"
"0671","photo-0357.png","photo-0357","0671.png","real_damaged","赫达·莫里逊中国相册（Hedda Morrison）","","","","51860edaeaf1c6a174512408a7894e49632412ba383067e74d47f23913be2fcb","db597b46b616682e7d4ef3664538515819f5315dae9c9a0e894c714a78eb4708","1702","2298","outdoor_scene","RGB","existing_damage","train","images/0671.png"
"0672","photo-0358.png","photo-0358","0672.png","real_damaged","赫达·莫里逊中国相册（Hedda Morrison）","","","","07b1679024be22ab9a6a85bb389245ee332fe227d597482e50298861ab1d28e3","83ac722e227c56e9af96085113c2321e394719a5008f5f8cdd2b4dd6eb6dda8c","1758","2257","architecture","RGB","existing_damage","train","images/0672.png"
"0673","photo-0359.png","photo-0359","0673.png","real_damaged","赫达·莫里逊中国相册（Hedda Morrison）","","","","084cb698b9447de8ec9eefdf755cfccf3142d3afb9fc463ba827d2502c23974a","30cee35c5af7e6d091b9f12e8311bc50ac1802c72c6e38713fe854d23ea1aecc","2308","1682","architecture","RGB","existing_damage","train","images/0673.png"
"0674","photo-0360.png","photo-0360","0674.png","real_damaged","赫达·莫里逊中国相册（Hedda Morrison）","","","","24a63ee3b9263be633d93bbd321eef082e0658b3d2edde479b51937a972964e8","11e507dc0a86806ebc19709c31dc1aa1d581720a62ee20f95f361a88cd8fd26a","1722","2298","architecture","RGB","existing_damage","train","images/0674.png"
"0675","photo-0361.png","photo-0361","0675.png","real_damaged","赫达·莫里逊中国相册（Hedda Morrison）","","","","486a4976244cb5ad228b69b5ffa835011a99151a59361e315942d26cdf6f01ce","4e704a956d629224043c1df64dd0f2c23f144f931df0ee9515debc08ba5583a3","2287","1686","architecture","RGB","existing_damage","train","images/0675.png"
"0676","photo-0362.png","photo-0362","0676.png","real_damaged","赫达·莫里逊中国相册（Hedda Morrison）","","","","b350780cd5b24e743e315a56d333a96a1158f51c54feda2bf3867a3ad750160d","1ba0d1c9577e8b2857ac643ee0a95c82a58a1bccf1bf6dbc404b9c91ff20fa5c","2333","1676","architecture","RGB","existing_damage","train","images/0676.png"
"0677","photo-0363.png","photo-0363","0677.png","real_damaged","赫达·莫里逊中国相册（Hedda Morrison）","","","","c7fa51a3cd1dba43f91483a8e1070993c70ec1ed4548eaca0cdbdcd59a68aa12","bc9415b17a40f8ca58d6316c503402b02b24247ce46143c12f6e542fb85bf107","2297","1722","architecture","RGB","existing_damage","test","images/0677.png"
"0678","photo-0364.png","photo-0364","0678.png","real_damaged","赫达·莫里逊中国相册（Hedda Morrison）","","","","bbe74ff4eeae09183d6b3fbbaf9f2582d77fb2d6581209e3bd327995728e3185","bf32acc7c1499ef3194647e142d9ba64ef5d06601e1ad0795da8b1be7c85f22f","1763","2293","architecture","RGB","existing_damage","validation","images/0678.png"
"0679","photo-0365.png","photo-0365","0679.png","real_damaged","赫达·莫里逊中国相册（Hedda Morrison）","","","","0d0e5ac5343052dad341c017ee7c62b0c832f88300d8492a56c33aef8d29f156","d8b448a8eeb4ca0c1165a57616de66ac82976a1857341afebab22dfa7e130a7b","1747","2282","architecture","RGB","existing_damage","validation","images/0679.png"
"0680","photo-0366.png","photo-0366","0680.png","real_damaged","赫达·莫里逊中国相册（Hedda Morrison）","","","","214d5ab73741ede0a03e067ad48abbdbfec61b8deeb0c3a2675f35cb3ea4ec45","56c2ce1a8f516088a8d588e97f86eac06b729868f86b6f66a27df17a33207ae5","1757","2297","other","RGB","existing_damage","test","images/0680.png"
"0681","photo-0367.png","photo-0367","0681.png","real_damaged","赫达·莫里逊中国相册（Hedda Morrison）","","","","dfd41b46f010cf8e5a32b8e45ad2912b41c58a6ca9f7f92d4a0cd6d58d2d0507","146e8ada9306bf8af220dd4b9a841bf47caf729a07a1ad7e8665f3d8e756cec0","1686","2292","other","RGB","existing_damage","train","images/0681.png"
"0682","photo-0368.png","photo-0368","0682.png","real_damaged","赫达·莫里逊中国相册（Hedda Morrison）","","","","4d58f4ac304c786183302fe579f8eb9199305c6eccac2092b0fbb442afa7947f","2fd35bee669960c3ad48581134c92156b84ccdce90ae61ae2553bd68cf85e5cd","1727","2338","indoor_scene","RGB","existing_damage","validation","images/0682.png"
"0683","photo-0369.png","photo-0369","0683.png","real_damaged","赫达·莫里逊中国相册（Hedda Morrison）","","","","c68cb4a6659dc5a26474defecaf953f6513f4f42a729e2a21982fb4a9ebfa619","e8e7e8ea143f9afccbbbee902a26f7052571c05b1517c66274b7fbe343ba996e","2287","1687","indoor_scene","RGB","existing_damage","train","images/0683.png"
"0684","photo-0370.png","photo-0370","0684.png","real_damaged","赫达·莫里逊中国相册（Hedda Morrison）","","","","1ff8a49334d1c2575789e415867d93337612ff2e3006dd1dd06c5f8e98e16462","8b15ad9ea1441e18f2663f52afad91ba9ac2e349f79c75f8e1f3741d51b0f797","1752","2303","other","RGB","existing_damage","train","images/0684.png"
"0685","photo-0371.png","photo-0371","0685.png","real_damaged","赫达·莫里逊中国相册（Hedda Morrison）","","","","10f1b9e6d40efeeb704b8c1982cf0d40c7f1591afdcff44e181024c8ef040568","48a26bbbe3a28fc1c59646ddabf5d702a1452006cfee1ef522b31163eefb9fee","1798","2293","other","RGB","existing_damage","train","images/0685.png"
"0686","photo-0372.png","photo-0372","0686.png","real_damaged","赫达·莫里逊中国相册（Hedda Morrison）","","","","8d763363d28debf462af0ad8944cdb0d0e80090fbc4e9433725b8e696e113900","d32d02f8cbcd46a9477cd379197b25c82b5eb4879c52c946d0b908a1b5528655","1763","2267","other","RGB","existing_damage","train","images/0686.png"
"0687","photo-0373.png","photo-0373","0687.png","real_damaged","赫达·莫里逊中国相册（Hedda Morrison）","","","","1bc4568b875d39681f360639ac9e2eeebff335a8cd636f3f0034bc6a11cfd68d","0bfbd4205fc2c048e4ca41655e42490b69241b0756383660c8e496bb0c8aef51","1717","2293","other","RGB","existing_damage","train","images/0687.png"
"0688","photo-0374.png","photo-0374","0688.png","real_damaged","赫达·莫里逊中国相册（Hedda Morrison）","","","","f786ec9c8628f0882cfcab2a2318479e774299814afb4425b1ff9fab7fc536d0","8505e1e869c0042117c41449acb2588c34a89ea05015867ddfe2cdb8dc15b517","2324","1716","architecture","RGB","existing_damage","train","images/0688.png"
"0689","photo-0375.png","photo-0375","0689.png","real_damaged","赫达·莫里逊中国相册（Hedda Morrison）","","","","e160abfd37857d65babe77ae697a5910c8f9357b231d97310af1d5ecd8aac1a0","cec9369527c3366bd043f9f12977934ce883a7a0a6c3a173454524628c03bb3e","1681","2068","architecture","RGB","existing_damage","validation","images/0689.png"
"0690","photo-0376.png","photo-0376","0690.png","real_damaged","赫达·莫里逊中国相册（Hedda Morrison）","","","","9df18781ac7abf26ff7e04eb6bc616a08777f6129bb2115873d3578c81f348f7","58148c687c7264f76066dafbc2ca1c891704e954ba2e26d318205f93a304dff1","1748","2074","other","RGB","existing_damage","train","images/0690.png"
"0691","photo-0377.png","photo-0377","0691.png","real_damaged","赫达·莫里逊中国相册（Hedda Morrison）","","","","69eaa5b5b55415f9a551a52e265f50eea5a03bf8588ca0838b3592bc038f697a","c9d9bcc72e14216a9b1481efc033de99f217004ad12c44143ffdc3b2df07beb7","1682","2287","other","RGB","existing_damage","train","images/0691.png"
"0692","photo-0378.png","photo-0378","0692.png","real_damaged","赫达·莫里逊中国相册（Hedda Morrison）","","","","4e95ff554c99e2cf28dc80329b3476849fba7e327a8f1e5bee2be97c12d3ef70","7ded1f69af5c4ee829479b69c61deca9f42d75c68476ad82d1eeecbfe83cbcb2","2329","1686","other","RGB","existing_damage","train","images/0692.png"
"0693","photo-0379.png","photo-0379","0693.png","real_damaged","赫达·莫里逊中国相册（Hedda Morrison）","","","","acd5e4010e5ae37e7af2046b2e4f65441ad89412a0f43d5989fce87b65d2c7e3","e756eccd52a7dcea675565a8b15f6ae11c4c230e24c92709f72a67d1ed496a34","1706","2267","outdoor_scene","RGB","existing_damage","test","images/0693.png"
"0694","photo-0380.png","photo-0380","0694.png","real_damaged","赫达·莫里逊中国相册（Hedda Morrison）","","","","27a0d34c714583d7ce977cb512fa0d5d0b9b6c1b9400c1a35670b3201808b9a6","daddf17553091e8b62317385dcbafb387c07a803b3ebbc0cba27b8e74143c13d","1727","2273","outdoor_scene","RGB","existing_damage","train","images/0694.png"
"0695","photo-0381.png","photo-0381","0695.png","real_damaged","赫达·莫里逊中国相册（Hedda Morrison）","","","","1503e5a6e4936dfae6f1b9ad3d87deaa7e2964d0db059e77091a0a31ba257515","7bf4aa22d3537a27e977f07156f680a75a3744a7fb12450117d211cc1cfddda1","2292","1722","outdoor_scene","RGB","existing_damage","train","images/0695.png"
"0696","photo-0382.png","photo-0382","0696.png","real_damaged","赫达·莫里逊中国相册（Hedda Morrison）","","","","30e88444e55e50c11ebe7eb064308aeb0205f7dc44b511424c4e958d65ffd301","1aadf025aa809beee86ea34c975934ffb6c15eb4667fb6f27fcd3c06df23bc12","2287","1711","outdoor_scene","RGB","existing_damage","train","images/0696.png"
"0697","photo-0383.png","photo-0383","0697.png","real_damaged","赫达·莫里逊中国相册（Hedda Morrison）","","","","a9889c9c3af1b7077aa611459611f60b3657ab77c0582b7b03be3a0a262256d6","3a4541dfd3866651569bd47644044abe889f77c8bc93bca6eefa69575aa5adb4","2298","1732","architecture","RGB","existing_damage","train","images/0697.png"
"0698","photo-0384.png","photo-0384","0698.png","real_damaged","赫达·莫里逊中国相册（Hedda Morrison）","","","","1de06141f2a58804ee8235515d04e98c91e68a5dd3f93af4b281021d8b7edb43","62de4ca89624c1958581b959ef441cc19d52c1f840a65b3e17c5601b748762b5","2334","1757","architecture","RGB","existing_damage","train","images/0698.png"
"0699","photo-0385.png","photo-0385","0699.png","real_damaged","赫达·莫里逊中国相册（Hedda Morrison）","","","","090db6a22746fc6cc66bf779dbf563725c8eb36677e28e892b629e6e8996ef21","11706032f8f2c1037ae3f6b8981376958e00b16abcd21fada17f19e070e8362b","2323","1692","outdoor_scene","RGB","existing_damage","train","images/0699.png"
"0700","photo-0386.png","photo-0386","0700.png","real_damaged","赫达·莫里逊中国相册（Hedda Morrison）","","","","64471ef7b0f6f0aafa31085e4b3331d17e6938be3cb1d682113301480218ae2d","c5612f85d07313b687f5e82730f5a599acaf3a149f3aa1fb642cc897aad6b1ac","2334","1676","outdoor_scene","RGB","existing_damage","train","images/0700.png"
"0701","photo-0387.png","photo-0387","0701.png","real_damaged","赫达·莫里逊中国相册（Hedda Morrison）","","","","357ffa5e9f33f3b4e8d98c72d59988ebe6f78ac29388f6a253675b5c75b68d12","8cd29e889bcd773fb9689c9b4efbf3cd7a80d0e04d87cff24988bc89022abc5a","1717","2257","other","RGB","existing_damage","train","images/0701.png"
"0702","photo-0388.png","photo-0388","0702.png","real_damaged","赫达·莫里逊中国相册（Hedda Morrison）","","","","bc5e82d6536154c10cee10a418550ec44d9c3edbf24fe134c2bc5218c80c8066","685d4c471711acfe5526a714907e3901a7440f7fedf52831664a2f671649a30c","1701","2282","other","RGB","existing_damage","train","images/0702.png"
"0703","photo-0389.png","photo-0389","0703.png","real_damaged","赫达·莫里逊中国相册（Hedda Morrison）","","","","f63b8cb948c7cb49fb46c3e2b8eff2a66b1eb9441a5d48aab8aecff984557216","d9aef799063d36e26ef0e59675ba21f92eec704765e5da3a2e595a70cb93dff8","1763","2293","other","RGB","existing_damage","train","images/0703.png"
"0704","photo-0390.png","photo-0390","0704.png","real_damaged","赫达·莫里逊中国相册（Hedda Morrison）","","","","52d4e0be8282bd7bf170520bd0a9aa66d4b905afa0c50b1f855c6681822d7685","412f0b77ee7eff4deec8194d8871f8b0aeac4a53e4ff84d7d43c7d0a802b628c","2074","1559","outdoor_scene","RGB","existing_damage","validation","images/0704.png"
"0705","photo-0391.png","photo-0391","0705.png","real_damaged","赫达·莫里逊中国相册（Hedda Morrison）","","","","e03112e7afba78796307950ff2b0a64a71ea23831100f9c0ce7a94f81d55c538","09213d2cd980fccef6352ccf4b100e24bc6a0ac30649cd6876bbaa699b1f9e8b","1717","2084","other","RGB","existing_damage","train","images/0705.png"
"0706","photo-0392.png","photo-0392","0706.png","real_damaged","赫达·莫里逊中国相册（Hedda Morrison）","","","","9abb063e5f8bd2b68410c00accfe6526d348e0bb9f3ad4d382948b62658b2c65","e2128a9a9de0fdf979adce921b7a84b3286a4510d8c2c4231fd516dd0933ec72","2114","1707","other","RGB","existing_damage","test","images/0706.png"
"0707","photo-0393.png","photo-0393","0707.png","real_damaged","赫达·莫里逊中国相册（Hedda Morrison）","","","","226c469402dc9b620d8de2bcabcb7bf2e89bc81787336ad3262ce4849325749c","518bc8131a1d3c4f544ff8cfd6d6d5a46767c4eafb2fc3297c21dad03f66eb6e","2074","1712","outdoor_scene","RGB","existing_damage","train","images/0707.png"
"0708","photo-0394.png","photo-0394","0708.png","real_damaged","赫达·莫里逊中国相册（Hedda Morrison）","","","","48bfd248c28b9c043152aec57735c190d561e31ab29a78a046df73b2c0394d2f","56c33e3a9ea28e8e870e9f38cb1b0a1e056063ca4f6b8887125caa3b3e7af4bc","2283","1737","architecture","RGB","existing_damage","validation","images/0708.png"
"0709","photo-0395.png","photo-0395","0709.png","real_damaged","赫达·莫里逊中国相册（Hedda Morrison）","","","","c44eac2d44dcd051c636039f647fede55510edeb852286c35a2e242c62d22a44","264f592e7a754a49f6ad7a524e8d7cee3bbda657f12b6b19950f65eb6d4e3655","1711","2267","architecture","RGB","existing_damage","train","images/0709.png"
"0710","photo-0396.png","photo-0396","0710.png","real_damaged","赫达·莫里逊中国相册（Hedda Morrison）","","","","781aec4aacde28483df589c438b0d3c97691d0f2aca303be7b623d93ad78db51","b834d19759e30207be2cb2d7423ce34ad09b2a9b6366c07da645036600f6f19b","1706","2140","other","RGB","existing_damage","train","images/0710.png"
"0711","photo-0397.png","photo-0397","0711.png","real_damaged","赫达·莫里逊中国相册（Hedda Morrison）","","","","cfcec29fe2c1cf9f4f3d5ebb8eb84303882c3f216b8018e55d37ddcf1660dc28","ca4e26fb4f9f12f7b5f35218804f5c8a70a49869ffad15acebf3f1ae31cb9285","1747","2273","architecture","RGB","existing_damage","train","images/0711.png"
"0712","photo-0398.png","photo-0398","0712.png","real_damaged","赫达·莫里逊中国相册（Hedda Morrison）","","","","97631db7bbbd0bc3701f216abe499d094b8576a54942359d4edc3ddfbb43e753","369f4c8bc88dc877d358d466479d0dccae1dc1d97efd9ab1c09dcc35765ebdaa","1702","2252","other","RGB","existing_damage","train","images/0712.png"
"0713","photo-0399.png","photo-0399","0713.png","real_damaged","赫达·莫里逊中国相册（Hedda Morrison）","","","","6cc48839507c311af56ecd1994d8b0733cb7f59fd0d69ce7ced66b820f5ae179","4f10f09ed3fac367ba8cd965f88aa9940e032f8b8436e5ba10cfcc44e1b11910","2267","1712","architecture","RGB","existing_damage","validation","images/0713.png"
"0714","photo-0400.png","photo-0400","0714.png","real_damaged","赫达·莫里逊中国相册（Hedda Morrison）","","","","fdd9436594a6b879ef428bc6945f04ce98d7bc4c091b7b3dcc9d3addac1e7014","7486dd6edd4346c8ca405c532dfed1a2c20b8566f885a1f661f9c8c863846d2b","2277","1732","other","RGB","existing_damage","validation","images/0714.png"
"0715","photo-0401.png","photo-0401","0715.png","real_damaged","赫达·莫里逊中国相册（Hedda Morrison）","","","","5bdf78376a10e792b1473d62f7ff78ba572984f87357a04a595f5ee68e041753","6b78492fbe35f14026792f9621ee701fe5f5db44ae1c214ecd5dda23a7c096a9","1717","2262","architecture","RGB","existing_damage","test","images/0715.png"
"0716","photo-0402.png","photo-0402","0716.png","real_damaged","赫达·莫里逊中国相册（Hedda Morrison）","","","","7c6f1a83f0c741c84b75649e17220c5bdb81b4f88f323da3603fb5e08c031ebf","2e260af672e7f0fc645678797da65c620727501422d82c71d5440af2a96e1707","1717","2211","outdoor_scene","RGB","existing_damage","train","images/0716.png"
"0717","photo-0403.png","photo-0403","0717.png","real_damaged","赫达·莫里逊中国相册（Hedda Morrison）","","","","1297834f11de2f4f1d3be6f88adacfea0e84f8abdcac64ec8eda5429f9ce1af8","47604249db6771b01f5e840e89de41ed577d757d371e6057d8d0d1fbfa219914","1727","2140","architecture","RGB","existing_damage","train","images/0717.png"
"0718","photo-0404.png","photo-0404","0718.png","real_damaged","赫达·莫里逊中国相册（Hedda Morrison）","","","","46f29247363d922e8019c274fbd36354d38b92cf5fc6e8d2c25307e971dc67d5","f167b29f85e6e6c68487492f37a9373e620d3bf88a683d28aac8ae96281c3d2d","1717","2242","architecture","RGB","existing_damage","train","images/0718.png"
"0719","photo-0405.png","photo-0405","0719.png","real_damaged","赫达·莫里逊中国相册（Hedda Morrison）","","","","02d9af19dcc4316b0cd383e281e5053dc77ca615f0ce8c7ddf8cccbea33be9cd","5fbae369779d47a399e42c941194ba44c8fed95327240f040b3059233535dedb","1717","2246","architecture","RGB","existing_damage","train","images/0719.png"
"0720","photo-0406.png","photo-0406","0720.png","real_damaged","赫达·莫里逊中国相册（Hedda Morrison）","","","","90f00eebee6f272fbf7623a9ed117c29e863dab978f7c813ab85677e65f92cfe","f5f2ebe8d5f45372d8c9242fcf1b68ca06c5bbdbf36c5b9abd9885569ebb0256","1712","2251","architecture","RGB","existing_damage","validation","images/0720.png"
"0721","photo-0407.png","photo-0407","0721.png","real_damaged","赫达·莫里逊中国相册（Hedda Morrison）","","","","18bc9a9eb89723e878ae7491b448f1e2bf212dd6445f3887d7dcc8bd9544b19a","d2ad531a33a9250a1146f68962830273562bda37b7cf074e98d4d63f70c0b1ec","2237","1712","architecture","RGB","existing_damage","train","images/0721.png"
"0722","photo-0408.png","photo-0408","0722.png","real_damaged","赫达·莫里逊中国相册（Hedda Morrison）","","","","847146d0571ea04c8920a481fe81cf7c46a305737cfd3f90816b5afe0ac5d8af","258a1f0f5014c497531eea3655d169be2ccc7e7cc3cbb2b8868449a547f887ac","1706","2171","architecture","RGB","existing_damage","train","images/0722.png"
"0723","photo-0409.png","photo-0409","0723.png","real_damaged","赫达·莫里逊中国相册（Hedda Morrison）","","","","b45c9314f36380c66648bf087ae3d9656088b5f792ed96718cc21b2293067cd9","f9eff940c11754f1b1e57392a0f832444813c8b02c40f9e4608a7df60cb884ee","1707","1931","architecture","RGB","existing_damage","validation","images/0723.png"
"0724","photo-0411.png","photo-0411","0724.png","real_damaged","赫达·莫里逊中国相册（Hedda Morrison）","","","","de7b59321be8bf40d713e6b668ec69e99cd9f2fe976ae22e6ca1f643556db3e1","3afd78ef6eaee596bd4166f6820e85bbaa5aeaaf18e6054185f347b642c73694","2191","978","outdoor_scene","RGB","existing_damage","train","images/0724.png"
"0725","photo-0412.png","photo-0412","0725.png","real_damaged","赫达·莫里逊中国相册（Hedda Morrison）","","","","c0a79660c7ad5132c4cc80d120d289be27d7b99a4c64a48dab13017b6f024969","8cca3cc7bd5a6cfd9f29b746da3456000ca5fff5c07c07b97310ec0cdfc807ad","2180","1065","outdoor_scene","RGB","existing_damage","train","images/0725.png"
"0726","photo-0413.png","photo-0413","0726.png","real_damaged","赫达·莫里逊中国相册（Hedda Morrison）","","","","aac16b3c7d8487cc5704ac45ea252c2613d17b01f9e3b991af13444af4094423","6ee122bbde6efd29cf897d848ff20980003617eaefee16e677ca57b676d0ec04","2254","1602","architecture","RGB","existing_damage","train","images/0726.png"
"0727","photo-0414.png","photo-0414","0727.png","real_damaged","赫达·莫里逊中国相册（Hedda Morrison）","","","","02d27c7f6e459ea5d1c9df8b0c6f01e5631266c3e801d5b8c0adfe14e2559d5a","cd97868370f4210162c8ba2ff0b45bda57566ad9222e9f72f5bda81113aba61f","2274","1668","architecture","RGB","existing_damage","validation","images/0727.png"
"0728","photo-0415.png","photo-0415","0728.png","real_damaged","赫达·莫里逊中国相册（Hedda Morrison）","","","","782d7871ace9dd19f4439603b9eeb4a70dcfe758f7f1c32c8765e908ecaeab26","10c0b58549958dd06234dc7f39c095cc0799ca1cccc7468686e6e661e933cfe3","2219","1652","architecture","RGB","existing_damage","train","images/0728.png"
"0729","photo-0416.png","photo-0416","0729.png","real_damaged","赫达·莫里逊中国相册（Hedda Morrison）","","","","e0ad630ae4c39222e3702452c6b94edd5cbbd156efc4b497e5a2b11b7cf2ed8a","ea41f0fca2e081f9054cd58f87de36f8a471861c4f0429eecf9265e423548673","1657","2224","architecture","RGB","existing_damage","validation","images/0729.png"
"0730","photo-0417.png","photo-0417","0730.png","real_damaged","赫达·莫里逊中国相册（Hedda Morrison）","","","","f2f946eb90bee6eaf60cde130ce565b0dbd165f7520359c69a19bf5c72aed188","de5724a42730a4db85a307fa73fc6fff27ac77c70059f95d6a7eba7a7b79b4a1","2224","1648","architecture","RGB","existing_damage","test","images/0730.png"
"0731","photo-0418.png","photo-0418","0731.png","real_damaged","赫达·莫里逊中国相册（Hedda Morrison）","","","","f832154129a93cf08aabda332ed0927ae99441be3776774eb4d36687d8dd3713","cae5e9c1c56fd1254c2413d96129224fde37854068c916145c8ad2fa516e1118","2228","1658","architecture","RGB","existing_damage","train","images/0731.png"
"0732","photo-0419.png","photo-0419","0732.png","real_damaged","赫达·莫里逊中国相册（Hedda Morrison）","","","","ab5d6893772f22cd44a83e041c740df7cc8024d12943e6d61486b5fa66b73c36","716ead403b241bb7bd1d4a948c9f754c92838f214fd1b6d5150518332b3d0b78","1657","2214","architecture","RGB","existing_damage","train","images/0732.png"
"0733","photo-0420.png","photo-0420","0733.png","real_damaged","赫达·莫里逊中国相册（Hedda Morrison）","","","","f77c5840236f5661607861522f5e84c9d9090db11e81dd3423ac464669558728","4266ef86dcd87b433e36870630556d5d2ee17973260e8221a9f34c502bab50b7","2219","1647","architecture","RGB","existing_damage","train","images/0733.png"
"0734","photo-0421.png","photo-0421","0734.png","real_damaged","赫达·莫里逊中国相册（Hedda Morrison）","","","","c9346348d001a39ec08e51e4462cd94fe611511716e0c94d4d85bf7176aeb92e","a1b5874bf9f47884a386a0aea9e0f7445690c602b0c2d47ae9a367e0b0cf71ab","1657","2219","outdoor_scene","RGB","existing_damage","train","images/0734.png"
"0735","photo-0422.png","photo-0422","0735.png","real_damaged","赫达·莫里逊中国相册（Hedda Morrison）","","","","14ec828400b81d71ac886d54bf32203b2b782c9deacce1b2c19d4dab71401f39","1e45b447f87fbef5b629a1ff6cfbe7a2bd3016460c3e20074a524fe62df04d2d","2253","1663","architecture","RGB","existing_damage","validation","images/0735.png"
"0736","photo-0423.png","photo-0423","0736.png","real_damaged","赫达·莫里逊中国相册（Hedda Morrison）","","","","3cbab9bb903dedd3e5a59abd7ca5b4db87e1cd976e31d31e109f8aa888bbd7af","af6f8b8517371e6c345106ed2e0c0e196e5194afa34930854e7923e7a732d3cd","2274","1657","architecture","RGB","existing_damage","validation","images/0736.png"
"0737","photo-0424.png","photo-0424","0737.png","real_damaged","赫达·莫里逊中国相册（Hedda Morrison）","","","","d18563f08c012fc9feb8807cfabf3e4efe6b64e91ddc8763c5c767c325501ccd","ad3cbc65ed2dd7ee03fbad14ee5e348234689666c5c180a5a4a7b7230ea619d3","2223","1652","outdoor_scene","RGB","existing_damage","test","images/0737.png"
"0738","photo-0425.png","photo-0425","0738.png","real_damaged","赫达·莫里逊中国相册（Hedda Morrison）","","","","bdd6c4e32e0c1558f08b649710f07b6380fe04887a7a812957a4dc84c1aa9c53","076a25db4badbdc24cdc39a68a58d0247fe2741315a2ee59e800089121ed0147","2203","1668","architecture","RGB","existing_damage","train","images/0738.png"
"0739","photo-0426.png","photo-0426","0739.png","real_damaged","赫达·莫里逊中国相册（Hedda Morrison）","","","","9d2623e314232690325073856a6b8fb08932a750ed0d6942b84b75d7a07342cb","757a3f1fdff2fb99fa253948ecb3e60ad945840b1f08fe4ab287d69023ca789b","2193","1653","architecture","RGB","existing_damage","train","images/0739.png"
"0740","photo-0427.png","photo-0427","0740.png","real_damaged","赫达·莫里逊中国相册（Hedda Morrison）","","","","79929418f550683206422590c6e7cd115a35994ce3b22f941627de552ce0d8d9","89ae5d5a3e6e16ab695f4ee7a59cf559cb81ce7076839e8196552c1e9564059f","1667","2254","architecture","RGB","existing_damage","train","images/0740.png"
"0741","photo-0428.png","photo-0428","0741.png","real_damaged","赫达·莫里逊中国相册（Hedda Morrison）","","","","95c40504d63a965bc980f5e0ff59af9632a0e0d6e4934a9a877222526b978285","a84e39337e739ee340133195c19f9f653b697a09afd8b8f168703efd07dfb836","1683","2264","architecture","RGB","existing_damage","train","images/0741.png"
"0742","photo-0429.png","photo-0429","0742.png","real_damaged","赫达·莫里逊中国相册（Hedda Morrison）","","","","67949f2904586b67f4c14326055cf3e25bb5e3ded8e58c32b668e8a6de6da093","917074e42bd21ba5b5f6931d8e2ac6a7de0d9f73c1a4a508ff42d03d0f0f4146","1652","2223","architecture","RGB","existing_damage","train","images/0742.png"
"0743","photo-0430.png","photo-0430","0743.png","real_damaged","赫达·莫里逊中国相册（Hedda Morrison）","","","","f67a9cb45dcd813920061bcc8730474e20876a07b3dae6fa2d8cb7e089ed8ff2","287c3ed3b3b421b8010462b12a05a8accd8c828a76f6dd135871abea8c338409","1647","2223","architecture","RGB","existing_damage","train","images/0743.png"
"0744","photo-0431.png","photo-0431","0744.png","real_damaged","赫达·莫里逊中国相册（Hedda Morrison）","","","","24ba2f199f65b0a83e5a522cc97eb4c6db3cf5554a35639cdc7751580336b738","7c9aaabfe204c4a0265e6b4e5577332b8da614a671c14771c01432c3831645f2","1657","2032","architecture","RGB","existing_damage","train","images/0744.png"
"0745","photo-0432.png","photo-0432","0745.png","real_damaged","赫达·莫里逊中国相册（Hedda Morrison）","","","","31a22d4430a70c94a235125562eea2edadeb10ccc443f0077f4772a6bd905241","b085be17ff6a3beb2fea5e78c9e6d141e1e40fac2b38bd0775f933f17c37b9ad","1653","2188","architecture","RGB","existing_damage","train","images/0745.png"
"0746","photo-0433.png","photo-0433","0746.png","real_damaged","赫达·莫里逊中国相册（Hedda Morrison）","","","","d288b3ab132efbea3a1849eb633a874aa1785fa9d32e5a0577af741a5518534f","c7916721c79bbafdb9d4641c6d5c9b1f335af10e33a1b3b8d83f0b8e558b6a78","2224","1657","architecture","RGB","existing_damage","test","images/0746.png"
"0747","photo-0434.png","photo-0434","0747.png","real_damaged","赫达·莫里逊中国相册（Hedda Morrison）","","","","71c958c32605b5528bbf2097b418b5153b7514593b0680fec45e7205b0c394e9","450811f51363393c365aa5bc9b1cb49e80eb604b7e23c0ede943a124c4acc609","2224","1668","architecture","RGB","existing_damage","train","images/0747.png"
"0748","photo-0435.png","photo-0435","0748.png","real_damaged","赫达·莫里逊中国相册（Hedda Morrison）","","","","96d27385007003f524f1c92811eb7399ac40cd66014a87120b22cca9ed8c6e9b","513da38044c617710364ab0f973daed9caab9ead54502f43730782fc10ba56d1","2219","1633","architecture","RGB","existing_damage","train","images/0748.png"
"0749","photo-0436.png","photo-0436","0749.png","real_damaged","赫达·莫里逊中国相册（Hedda Morrison）","","","","0b0d446962883ea2eabece3e3a19afd9c357b482e0bc2afb157b7d80190c1887","e49773117b56dbf896f83502061a1ed33a1bada00cbf4b2ef0bf269147d43332","2578","1657","architecture","RGB","existing_damage","train","images/0749.png"
"0750","photo-0437.png","photo-0437","0750.png","real_damaged","赫达·莫里逊中国相册（Hedda Morrison）","","","","b3f04ed97825251be906021bdca7fae183572325cc50765a6b856e836905da0f","f21992c74080abfe5972286d3935c4fa436245c7415b57b8f091f650c617938c","2223","1647","architecture","RGB","existing_damage","train","images/0750.png"
"0751","photo-0438.png","photo-0438","0751.png","real_damaged","赫达·莫里逊中国相册（Hedda Morrison）","","","","7fc4681e0e7b1c9ab73b33a7eb6caa3e207294f45b24f1160bdf6794c1d7bc40","ecf2ad93c3cbaaae6c216792358f50570f5edfcd8996dc2c21321b1951e448d4","2219","1319","architecture","RGB","existing_damage","train","images/0751.png"
"0752","photo-0439.png","photo-0439","0752.png","real_damaged","赫达·莫里逊中国相册（Hedda Morrison）","","","","67b80644713d4979d4870f225e2167cbda390d922b1847068729467b5e5df3f7","720649ae6dbb85a1c0c6ab6daff078ebe28bdcc37cc3f37a961fe5aecd9bc817","2224","1597","architecture","RGB","existing_damage","train","images/0752.png"
"0753","photo-0440.png","photo-0440","0753.png","real_damaged","赫达·莫里逊中国相册（Hedda Morrison）","","","","d6d3dc7eedb7af117021eee619cd846b9ad049699b574fef3d373cbf9c4b3066","7935653462515f62f0b0cfd84a6a5c1aa3bf85d735e911dfac7ab9eb1e37eb1e","1653","2219","architecture","RGB","existing_damage","train","images/0753.png"
"0754","photo-0441.png","photo-0441","0754.png","real_damaged","赫达·莫里逊中国相册（Hedda Morrison）","","","","ee74e90c4d0c5306456c28fc5b0096519f599eac061872cce69b15aa71481311","ca65265f47c66fd0301c51d0999dab917ddc02211ed3f30d93d4aac28ffe31ef","1713","2214","architecture","RGB","existing_damage","train","images/0754.png"
"0755","photo-0442.png","photo-0442","0755.png","real_damaged","赫达·莫里逊中国相册（Hedda Morrison）","","","","90123e0ed195007f958e463bed1d01263a9850a969ca032f059680ea80aaa511","f01757cf1c0910d1c4d5e579faa4e6bc4aedaf6132ddb92c6a3f07165e6d81cb","2229","1642","architecture","RGB","existing_damage","train","images/0755.png"
"0756","photo-0443.png","photo-0443","0756.png","real_damaged","赫达·莫里逊中国相册（Hedda Morrison）","","","","79ff0f50635c426639d11e7c069992a7ba7b86bb87a3946ae5ca577dda6818f2","2f535e11dbc78ba8e7a4e8d645ee3073b35d40e0750b3a99b63340fc78e0b2f2","2233","1648","architecture","RGB","existing_damage","train","images/0756.png"
"0757","photo-0444.png","photo-0444","0757.png","real_damaged","赫达·莫里逊中国相册（Hedda Morrison）","","","","751354277a31ba41b7022c6ad704709535de81f7c00070acdd4b7ccf9e25c2f3","93658dfb1f8f3b79dc4da26f5bc2a9bdc2c12e4c5534f0399e9f286c7ab2b9a8","1652","2077","other","RGB","existing_damage","validation","images/0757.png"
"0758","photo-0445.png","photo-0445","0758.png","real_damaged","赫达·莫里逊中国相册（Hedda Morrison）","","","","7b2d74afb87f67940afc8ac6ee6e1a50edafd0d98e5989a6282cfb9af2c03186","1052ada0837ba6cf153943d0f2a15c49045acca45e7efe0649b4c08f6e42052b","1663","2234","other","RGB","existing_damage","validation","images/0758.png"
"0759","photo-0446.png","photo-0446","0759.png","real_damaged","赫达·莫里逊中国相册（Hedda Morrison）","","","","56dbc2bd974ef563a2a4f71eae9263cb0b3213b09982c96b349669c150cb38c3","f9aa9d3fa80b0e827b789f98087e919a2832d29b3833a4029cc307b9e19d18c0","2223","1627","architecture","RGB","existing_damage","train","images/0759.png"
"0760","photo-0447.png","photo-0447","0760.png","real_damaged","赫达·莫里逊中国相册（Hedda Morrison）","","","","39bbcb5d6f41495d35b3e7a144e6a57bca5f5568a30d8ac3d72635270759d098","82770dd97ced4be0e8fb5383ee41e68ba9af0434deb22dc1a454fe2f7054c972","2577","1658","architecture","RGB","existing_damage","train","images/0760.png"
"0761","photo-0448.png","photo-0448","0761.png","real_damaged","赫达·莫里逊中国相册（Hedda Morrison）","","","","7a37ff9a210ebec027860d4c2f3041b496f7aeb5978b046bd22d20bf95bb9024","b93abf5a6d9739a007729edb127387784b67bb8d68821c4ef3435f5587849d30","1632","2219","architecture","RGB","existing_damage","validation","images/0761.png"
"0762","photo-0449.png","photo-0449","0762.png","real_damaged","赫达·莫里逊中国相册（Hedda Morrison）","","","","64aa131662bc4f732463149dcc35926298cdf7f1efd80d0a95aca680793539db","bafbfb0159fba6aec8380230204687db55bf66076448543bb5b82faed7923f8d","2219","1475","architecture","RGB","existing_damage","train","images/0762.png"
"0763","photo-0450.png","photo-0450","0763.png","real_damaged","赫达·莫里逊中国相册（Hedda Morrison）","","","","49fdfb44d3192969dc261894b76653f20c52a9a09a99fd1b79e82edadcda9bab","d353f1fa57e0f9b62c1aaa1c1da3f0fe54f1aa49518e08907d65edecc9abd0c4","2219","1648","architecture","RGB","existing_damage","train","images/0763.png"
"0764","photo-0451.png","photo-0451","0764.png","real_damaged","赫达·莫里逊中国相册（Hedda Morrison）","","","","3ed5fdee7c5cf4d2b300dbf468b0f62f76185e670451ee00c9eed6633227186c","2697909b1f108395a05805ca6a110c360956dfa3398b1e14f16c576662cd498c","2249","1582","other","RGB","existing_damage","train","images/0764.png"
"0765","photo-0452.png","photo-0452","0765.png","real_damaged","赫达·莫里逊中国相册（Hedda Morrison）","","","","abc00f5dfc8b9e27fdb77aadc9f0ea6f0e105c242a88882e97accfccf2e9e551","17281ed64037b3b4381d2ae305c184951e5482d92a5b57a5562e4c7f3c012800","1663","2244","other","RGB","existing_damage","train","images/0765.png"
"0766","photo-0453.png","photo-0453","0766.png","real_damaged","赫达·莫里逊中国相册（Hedda Morrison）","","","","f3a1da52297b719fb4f5b91ae79c4f2b0b66224f198895bc8a636258519ff3df","8ef0b305c0246c8bbc5b03377c39222c91de615676e54a3028af10a2b011d666","2219","1637","other","RGB","existing_damage","test","images/0766.png"
"0767","photo-0454.png","photo-0454","0767.png","real_damaged","赫达·莫里逊中国相册（Hedda Morrison）","","","","4136fea713364d1fde54ec92297ef1583367619a517b9c22caef1e25806f3b6b","c7e6ef03208a60f6cfe4855ded1cebb71f3421751ffc0dae935b88cd301ddf15","1627","2218","architecture","RGB","existing_damage","train","images/0767.png"
"0768","photo-0455.png","photo-0455","0768.png","real_damaged","赫达·莫里逊中国相册（Hedda Morrison）","","","","0627d3efd48ca09fc7cf60a8776f7b42223d32493fc59d71def4c05bea0a30fb","75a04ec764f9a1e521eb611a0af8b4f8e4890b4d9b9e734f496cf406ffa03c36","1673","2229","architecture","RGB","existing_damage","train","images/0768.png"
"0769","photo-0456.png","photo-0456","0769.png","real_damaged","赫达·莫里逊中国相册（Hedda Morrison）","","","","0019696bbc7dd5c6f8de90a00730c7e58ec94a0a6e740514be6c5e47fe1a5247","52453d70f9cc5320709c14842285eabe8ccff51c550bff25367df469c4193af4","2219","1633","other","RGB","existing_damage","train","images/0769.png"
"0770","photo-0457.png","photo-0457","0770.png","real_damaged","赫达·莫里逊中国相册（Hedda Morrison）","","","","ff7eb45aa9c5272867cca1d8b52bf71da49c0257377cd698859314d760e6e891","36fc760c2697f18a20b658ae404421411a504d1a1de2c850f2dd1f5e4a9c63ed","2218","1638","architecture","RGB","existing_damage","train","images/0770.png"
"0771","photo-0458.png","photo-0458","0771.png","real_damaged","赫达·莫里逊中国相册（Hedda Morrison）","","","","b71191d3a8b602d9fcea43d2c5f2facc796591fc854ceb5ea203773702216a70","745abdfd62748869de0dca7273f3f587cf8c86fdd53170a118337e5429d9fcba","1683","2218","architecture","RGB","existing_damage","train","images/0771.png"
"0772","photo-0459.png","photo-0459","0772.png","real_damaged","赫达·莫里逊中国相册（Hedda Morrison）","","","","45772244ad26378691dd9896a9862c2da934440f08746a5fab7334247bb82a52","89b57e2d49d49eb0ef0b1520f8cea3efb9b3cdd4b7c5552bc6eca3d7be44be54","2229","1677","architecture","RGB","existing_damage","train","images/0772.png"
"0773","photo-0460.png","photo-0460","0773.png","real_damaged","赫达·莫里逊中国相册（Hedda Morrison）","","","","19b64ead688a82a224fdafe44809b3b323581b41dfa1db02d08ddb573fbeda73","5f8d704c1def14d1c53e14fef2b6c7c666fc6b327ab04be4c8ec2891a41a41e5","2234","1688","architecture","RGB","existing_damage","train","images/0773.png"
"0774","photo-0461.png","photo-0461","0774.png","real_damaged","赫达·莫里逊中国相册（Hedda Morrison）","","","","12d42be0b04d3f25006cc26635969e4ae5e48069a3006eec8cc8d55145a6bbdd","f02d0ccf43ff101807ae4cb339adbbd0917d9c62394d5ecd1d371f4915142f14","2254","1663","architecture","RGB","existing_damage","validation","images/0774.png"
"0775","photo-0462.png","photo-0462","0775.png","real_damaged","赫达·莫里逊中国相册（Hedda Morrison）","","","","69d3ad67ae4914f1f0ed3b931a82f7cbdc3fd2fc19e1f3f41c8da399b060c673","2a870925add7e2a789d473430f4717cf1b20d00ca1698644bdeb5aafab7846c0","2229","1673","architecture","RGB","existing_damage","train","images/0775.png"
"0776","photo-0463.png","photo-0463","0776.png","real_damaged","赫达·莫里逊中国相册（Hedda Morrison）","","","","1dc61b88b64b8f9a732d0a2316ad29260177584895b6c0ada37e9613fe25240a","38581667dcdd5b18476b3e628daffc6c3a3d8b44c3b525f5d62423d4a36d38a5","1668","2223","architecture","RGB","existing_damage","train","images/0776.png"
"0777","photo-0464.png","photo-0464","0777.png","real_damaged","赫达·莫里逊中国相册（Hedda Morrison）","","","","ce7353511627835c8c0a7ebbecedc0d72d2159218ee9b0771163541523dc3a6b","32152338fd976f06657a98d77bc1f0ea4e3cead126500c82c372be411d5779bb","1677","2239","architecture","RGB","existing_damage","train","images/0777.png"
"0778","photo-0465.png","photo-0465","0778.png","real_damaged","赫达·莫里逊中国相册（Hedda Morrison）","","","","6fa559ec59b54cd94c973d6b4fcf65601ee1e18412dffb5050525d53bf3227e9","e6b9da60360da6433da829a902ec84f18c8fe0f5173a74d82dfe7000bc44ff77","2223","1668","other","RGB","existing_damage","test","images/0778.png"
"0779","photo-0466.png","photo-0466","0779.png","real_damaged","赫达·莫里逊中国相册（Hedda Morrison）","","","","302ee047240daf72f3c12f9d7eac76ff5b2864407eeeefede8f34a523866bb66","da4e5a2a59ba179f9e7c3e1dce389f07489800d6943e01f2befe0b5ae6dadd84","1667","2198","architecture","RGB","existing_damage","train","images/0779.png"
"0780","photo-0467.png","photo-0467","0780.png","real_damaged","赫达·莫里逊中国相册（Hedda Morrison）","","","","7e8588e44e0c679198e3f25ebcb8faad216218ef8c68341fa62eb09aef336a04","3d501a5cdf0e07f12765d6d0f4a82df7f54e030bf2068e5f9bd9fbe813cbcd87","1673","2228","architecture","RGB","existing_damage","train","images/0780.png"
"0781","photo-0468.png","photo-0468","0781.png","real_damaged","赫达·莫里逊中国相册（Hedda Morrison）","","","","0affaed005d122b51ca4aa7f0949832db6d63a5a156ea128fb783eac209467e3","3e192a8f196f711957ddf4484a57a9083c43e55ee1f06d36dfc04bd45b1961fb","1672","2224","architecture","RGB","existing_damage","train","images/0781.png"
"0782","photo-0469.png","photo-0469","0782.png","real_damaged","赫达·莫里逊中国相册（Hedda Morrison）","","","","a3f06160e4c7866ca5fc3754388e7532ed4909c72717221abca7bba83fa3f419","f57222fc7731ce7cd68aa4aba660e0d05b15e48603b67b1aab44786802041dde","1677","2214","architecture","RGB","existing_damage","train","images/0782.png"
"0783","photo-0470.png","photo-0470","0783.png","real_damaged","赫达·莫里逊中国相册（Hedda Morrison）","","","","6ae1003b82e34dc6556fc7d4e97f7b7bc464e1a1bdb6c0f46f45a17041a7492f","ad7966a5138eb694a7db5d4a7139856b8902a35ea72d1661a5003dba32f456d4","2244","1698","architecture","RGB","existing_damage","train","images/0783.png"
"0784","photo-0471.png","photo-0471","0784.png","real_damaged","赫达·莫里逊中国相册（Hedda Morrison）","","","","0652bd167e217405a182c2afebff20fa469ae5ae30340ea121b99a181c967d72","5422fabf4ac0ef5e23325d8dab666db68fa304a8e174d63f263e4c8dd7077f27","1673","2102","architecture","RGB","existing_damage","validation","images/0784.png"
"0785","photo-0472.png","photo-0472","0785.png","real_damaged","赫达·莫里逊中国相册（Hedda Morrison）","","","","24a40a3e9ef7f564ea32f0f9b50bf03b64de2f79d06ca213e7a93eb5f504b727","12331fab3263d98f94e92bfe10762082a1a5ca9c661fe46884020d70c023ea29","2269","1693","architecture","RGB","existing_damage","validation","images/0785.png"
"0786","photo-0473.png","photo-0473","0786.png","real_damaged","赫达·莫里逊中国相册（Hedda Morrison）","","","","72bd349578ac6c8d417684911f4f390247d17718945c46988d546f9efc959482","d5e03df0093b2c2cc5a4ca8269ac1a681b2154a8da7b4bf177723e76b40bea4f","2219","1678","architecture","RGB","existing_damage","train","images/0786.png"
"0787","photo-0474.png","photo-0474","0787.png","real_damaged","赫达·莫里逊中国相册（Hedda Morrison）","","","","baa8a7dad1eca84b517676cb7da22914432c018e3979904526de1a21b8cfb6b5","38959f962336728d927345545097fea0eb1a242401ca8c9bd599dacacc477268","1688","2173","architecture","RGB","existing_damage","train","images/0787.png"
"0788","photo-0475.png","photo-0475","0788.png","real_damaged","赫达·莫里逊中国相册（Hedda Morrison）","","","","aa9d7e198220364cf09f48974ea45fdde629a20fbf6a0df61eefc755fa19d358","04b70e30c59ab85f7303854657a7201a90bb3553313d9c4ea5dd068a3d7caf30","1663","2238","architecture","RGB","existing_damage","train","images/0788.png"
"0789","photo-0476.png","photo-0476","0789.png","real_damaged","赫达·莫里逊中国相册（Hedda Morrison）","","","","a644901ecd9fadc5aa35897a6f000810de3bd856b9b0c08814f1441488726291","fa2d22a8463a87b9b373f5cd4a741c1c4583c679cdcead4d058d8c06a38b227c","2213","1673","architecture","RGB","existing_damage","train","images/0789.png"
"0790","photo-0477.png","photo-0477","0790.png","real_damaged","赫达·莫里逊中国相册（Hedda Morrison）","","","","759bb8188cc52ebfe1b528cde6ff2af5c678acae3dec2a8010f468d8a2f8e2d4","696fc7b24b3580371b0970bce9a5f9c13a56942b677d00d4468fcb65a2d05be3","1668","2218","architecture","RGB","existing_damage","train","images/0790.png"
"0791","photo-0478.png","photo-0478","0791.png","real_damaged","赫达·莫里逊中国相册（Hedda Morrison）","","","","e66ce07117d96cd0e2128cba13ad998a12f2a360a9444675bf85ebc5f7538e1e","3355de26319b14f7d818f04a6cbee29b72465675f7081863a906af0f89766ecb","1673","2208","architecture","RGB","existing_damage","train","images/0791.png"
"0792","photo-0479.png","photo-0479","0792.png","real_damaged","赫达·莫里逊中国相册（Hedda Morrison）","","","","e965982ebc2ed207d19d5ca9baee73763e1558f69da7f254d9b5f5fbe6eacdae","1935120567b38c3f461ee6f086609d66b9444de79909d54e7a0695a49e643c02","1678","2239","architecture","RGB","existing_damage","train","images/0792.png"
"0793","photo-0480.png","photo-0480","0793.png","real_damaged","赫达·莫里逊中国相册（Hedda Morrison）","","","","25f8c00179ae39ff315be06a09277947a4c112cfd71de94f4ac4108f8c0d4f09","3861773555444048d48574bad72904ae5e5659b19fcd988b0de2c730d1bbce11","1678","2178","architecture","RGB","existing_damage","train","images/0793.png"
"0794","photo-0481.png","photo-0481","0794.png","real_damaged","赫达·莫里逊中国相册（Hedda Morrison）","","","","96f3d84207f6db7492e0312959679f1d4e2e39d998edf3b758b1eb34c19f62f8","ea85aa3ec8f5be4d6a6ea8dd17fa8487bf47c6f6ce21995b19010ccbb9f26d65","2234","1668","architecture","RGB","existing_damage","train","images/0794.png"
"0795","photo-0482.png","photo-0482","0795.png","real_damaged","赫达·莫里逊中国相册（Hedda Morrison）","","","","e9109c05cb1b3d156eb437a8fe5cab348f78e00f370cbbc2fa5e575cb6576c2d","2de395c0fb5c521fa8fa8846c4f2a5f382df08e912a7e7357a59a8f77f1f6836","1667","2233","architecture","RGB","existing_damage","train","images/0795.png"
"0796","photo-0483.png","photo-0483","0796.png","real_damaged","赫达·莫里逊中国相册（Hedda Morrison）","","","","e63be485dfed89e1b4b7f50cb3884f0aa6120b63c8413bc31bd9a34ac5861d33","528417b97861fe2bfab16fdbf1b6ce696fb78930e9ae3c5679b250cccc1bc57b","1683","2228","architecture","RGB","existing_damage","train","images/0796.png"
"0797","photo-0484.png","photo-0484","0797.png","real_damaged","赫达·莫里逊中国相册（Hedda Morrison）","","","","2824ee81ad8780647655927cfb823a1954bf33d7e6d21ad3bb0a73b0f16b6e11","0bc74b55ee25d8a30105080abc5617111c9592abb3ee3f77ddce9d2b9261b3ec","2224","1667","architecture","RGB","existing_damage","train","images/0797.png"
"0798","photo-0485.png","photo-0485","0798.png","real_damaged","赫达·莫里逊中国相册（Hedda Morrison）","","","","c9c71b73469ec4c425cf8fd6ac3b105536d8d142233ae81d77206e0dd7f0b881","dcb4f11b609b7cbf592d9e9a9e2f535e841a1a72b7fec83343fbfe8d2e821c87","1688","2244","architecture","RGB","existing_damage","test","images/0798.png"
"0799","photo-0486.png","photo-0486","0799.png","real_damaged","赫达·莫里逊中国相册（Hedda Morrison）","","","","0d3889e907c50a1a9ba777e89c22bfafcc30a215ac4ff60f433adb768caddda7","5b906ad07c85907dc30495d27d15836d4b353789fc0f3f83ed8d023837c3a382","2239","1576","architecture","RGB","existing_damage","validation","images/0799.png"
"0800","photo-0487.png","photo-0487","0800.png","real_damaged","赫达·莫里逊中国相册（Hedda Morrison）","","","","26e3235f3196a4029f3bea9093fac2c5d1e2609aeeb6ff3321891779b374547d","b09e8af1d02446c45b0b49e394d86c4d3a4eec9af79c3909c025ef480c162ab8","2229","1430","architecture","RGB","existing_damage","train","images/0800.png"
"0801","photo-0488.png","photo-0488","0801.png","real_damaged","赫达·莫里逊中国相册（Hedda Morrison）","","","","c3966d9f77d4a86a8894c5ff29588476ec2782da7f6b1be0749f3fd5a121a980","b384142de0852c36d863e5897fc9a362470846931786f8ff898515a3c51dc1b5","1667","2239","architecture","RGB","existing_damage","train","images/0801.png"
"0802","photo-0489.png","photo-0489","0802.png","real_damaged","赫达·莫里逊中国相册（Hedda Morrison）","","","","df6c3bf33a014f7a1a00059da5cf304d366906952f25bb6d5e65bfa779bcf7bf","2b16e5c9cdeac37c38c79f6e05302fd6cf43052ad668c5d596c81f54b08f16f8","1678","2234","architecture","RGB","existing_damage","train","images/0802.png"
"0803","photo-0490.png","photo-0490","0803.png","real_damaged","赫达·莫里逊中国相册（Hedda Morrison）","","","","9102aaf6b12d41a5dadfe723ab98b96bc2f4840dd826b125cef9e704ddfa120d","e4f33a297936b7b5423d0e53c52e487237e21e2e0978a64a6d3e6902522f0e1f","2229","1476","architecture","RGB","existing_damage","validation","images/0803.png"
"0804","photo-0491.png","photo-0491","0804.png","real_damaged","赫达·莫里逊中国相册（Hedda Morrison）","","","","135746c642c1d14153ca009ee6bac8688da1d79a721cfc2aa7a380dea6bbe1fb","13ed697d6e94985b6e788d65634fef4396fb28303dd6de1be419aec31cbc0175","2244","1683","architecture","RGB","existing_damage","train","images/0804.png"
"0805","photo-0492.png","photo-0492","0805.png","real_damaged","赫达·莫里逊中国相册（Hedda Morrison）","","","","5134211649809afc29a31923a6696acfe6f16fc834f3d92b1f40d74fdfca4229","f8458c7caec74c7707b1dc320166089d6b7e79841bfad00d97e4055299db0a89","2234","1663","architecture","RGB","existing_damage","train","images/0805.png"
"0806","photo-0493.png","photo-0493","0806.png","real_damaged","赫达·莫里逊中国相册（Hedda Morrison）","","","","b5cec2ee18e9ff198ba50d4b109ee15d6b8b2694e78ae9289c08561be4c2388c","91e43b7591ecbaee8c803290b719ff6e678324a72bf95f128a16451193fbe989","2345","1744","architecture","RGB","existing_damage","train","images/0806.png"
"0807","photo-0494.png","photo-0494","0807.png","real_damaged","赫达·莫里逊中国相册（Hedda Morrison）","","","","c175738650ccc45f10896127e700d107b9ffd73e040998bc12560b082ab9d061","5c4c27f834c8567cb9f1bfaf3f785e3388d4feebd5137159e272ed2541e598f0","2224","1632","architecture","RGB","existing_damage","train","images/0807.png"
"0808","photo-0495.png","photo-0495","0808.png","real_damaged","赫达·莫里逊中国相册（Hedda Morrison）","","","","c71ce128988d2afc047edc7ffc25f328e1b6a7d83d455e90165c2f9a040c556c","c744ec27b4deb5d501364c5ac9225ed190b5da45d0aa1a62f64559eaceae26f8","2218","1638","architecture","RGB","existing_damage","train","images/0808.png"
"0809","photo-0496.png","photo-0496","0809.png","real_damaged","赫达·莫里逊中国相册（Hedda Morrison）","","","","e4a2e3d143c230fe068b1ebb137ddee6044b6602c7bfe644396e749a37ddcb5f","0f31b9020048b8f2a9b5141cc750608e5800150b8745378699820b0b19e27b47","2229","1668","architecture","RGB","existing_damage","train","images/0809.png"
"0810","photo-0497.png","photo-0497","0810.png","real_damaged","赫达·莫里逊中国相册（Hedda Morrison）","","","","138c65942a58ad1537fe21260cef15c2b4e58eeb36db8bfebd2c4e3b9f08dd9c","915c9466e79cd95d5af62e75b056946a60a444a0d3fa6ae05c598359029990c8","1678","2224","architecture","RGB","existing_damage","test","images/0810.png"
"0811","photo-0498.png","photo-0498","0811.png","real_damaged","赫达·莫里逊中国相册（Hedda Morrison）","","","","8910ee471339fe56f002a97c89ad4308e09e989b1fce2c6900fc529475360327","73d5d6925dace2d6d3b8a4e5badeeac6ef6310055a228679b453a80e6dc23071","2233","1667","indoor_scene","RGB","existing_damage","train","images/0811.png"
"0812","photo-0499.png","photo-0499","0812.png","real_damaged","赫达·莫里逊中国相册（Hedda Morrison）","","","","da83787a9cb21f22f0ccd9deb0583863bc51ec58f950d1c4ce7b447ecbdef9ff","92339e5c436d7caf78c00e2d453813184df6f856828d14b0102148113abc5303","2229","1672","architecture","RGB","existing_damage","train","images/0812.png"
"0813","photo-0500.png","photo-0500","0813.png","real_damaged","赫达·莫里逊中国相册（Hedda Morrison）","","","","68690d74df0caddb14d3d2b1dca2d30472618a9baf54e164f828f36a13c28637","8b2fc488e59c643793275021d5363fe4a8c3f2c03214cf8f89153fd00786c9f6","2259","1678","architecture","RGB","existing_damage","train","images/0813.png"
"0814","photo-0501.png","photo-0501","0814.png","real_damaged","赫达·莫里逊中国相册（Hedda Morrison）","","","","baef4a0b2b318e998d88f1e4323613d9f309742eba7bf1f5c62b2c97e2273943","d9bb1a3d01685745cb2b7e1c7659d58b4e7df36c25fd42df257e851cdc39987c","2228","1648","architecture","RGB","existing_damage","train","images/0814.png"
"0815","photo-0502.png","photo-0502","0815.png","real_damaged","赫达·莫里逊中国相册（Hedda Morrison）","","","","6195076371b4aec99bdbb569d07a716e3e5de72546cc85bd59424c057d9ca17d","79e4b1352c6cf3b5066a2ac1c3efb6541cb41108bfc4063771a3f5168c9ba65b","2254","1673","architecture","RGB","existing_damage","train","images/0815.png"
"0816","photo-0503.png","photo-0503","0816.png","real_damaged","赫达·莫里逊中国相册（Hedda Morrison）","","","","a814605bdcadf489604e2217031547032f63adee0ea573c4126d84184d8569cc","c2d0d777dd117b0e080010081d1d706e69d823612971b54103f61d6fcc0adb65","2229","1668","architecture","RGB","existing_damage","train","images/0816.png"
"0817","photo-0504.png","photo-0504","0817.png","real_damaged","赫达·莫里逊中国相册（Hedda Morrison）","","","","d41fd525fff6c8f7ac83841daab203f94e5ed2476d8b6888c6ce531cff29eb8b","a0c51f96627c11cde4a38f7c8277830503b9ce252bac21d54976033b522e474e","2229","1633","architecture","RGB","existing_damage","train","images/0817.png"
"0818","photo-0505.png","photo-0505","0818.png","real_damaged","赫达·莫里逊中国相册（Hedda Morrison）","","","","39be76ee4905ffd8f186a5037ac8dba5f73ddfc4dea6a6c1af260133721d64d7","4974208aa2172dcb9af8abb7304e9f5de6accdbbe695dec6844b2c6e5abba6c9","2274","1734","architecture","RGB","existing_damage","train","images/0818.png"
"0819","photo-0506.png","photo-0506","0819.png","real_damaged","赫达·莫里逊中国相册（Hedda Morrison）","","","","3d5e531175ddc6c71f9c2ff0827386eba4df6dbc352dc940c4b7626209c39299","ee7c45c66f0d93359fa00f5a5fcaa91deadec8c79fb2ef26c47a696f433501fd","1678","2229","architecture","RGB","existing_damage","validation","images/0819.png"
"0820","photo-0507.png","photo-0507","0820.png","real_damaged","赫达·莫里逊中国相册（Hedda Morrison）","","","","d8a6f2669adb7f72a780fce67adc4b4f9e4933bec36a92b61301662d9ac080a2","b783d218126bb7afbd1bee05a03d00c4200fd78d50f471e4203041b28a221676","2229","1663","architecture","RGB","existing_damage","train","images/0820.png"
"0821","photo-0508.png","photo-0508","0821.png","real_damaged","赫达·莫里逊中国相册（Hedda Morrison）","","","","8f69efc6808db9a8420215be5c9586bd5ebb6ebce543a50f7a3a2935373b179f","8c5feb654eaa6096f7d6f2415dd311616a3367bbdb937b09586567dd5cf2c3ab","2238","1662","architecture","RGB","existing_damage","train","images/0821.png"
"0822","photo-0509.png","photo-0509","0822.png","real_damaged","赫达·莫里逊中国相册（Hedda Morrison）","","","","e875ddfd08f82927be15d47ebd9c500e6502df4bee2196431d2c6114ff5b7739","a3f3dfd662c58288aeea9b6c6730568367414b4535cde2e5b2c091d68e8ca25b","2233","1673","architecture","RGB","existing_damage","train","images/0822.png"
"0823","photo-0510.png","photo-0510","0823.png","real_damaged","赫达·莫里逊中国相册（Hedda Morrison）","","","","00163177c21b7cdd481f12eb8cec437eb614b6b5dd63f2deeb980b38e4c753c8","8b6e41fc2c50d64069872823ef540b1798e7e89305f145f9512ca5d5bbed2f34","2238","1653","architecture","RGB","existing_damage","train","images/0823.png"
"0824","photo-0511.png","photo-0511","0824.png","real_damaged","赫达·莫里逊中国相册（Hedda Morrison）","","","","0dc63053a488ecaf04fdd5379688c859e99d0d4eec07fc49c8ee690f25bee7dd","562bc0d0e86ff1f0020db1fcf345ee4458d8b935189f11f1a3604b0351ff92bf","2244","1683","architecture","RGB","existing_damage","train","images/0824.png"
"0825","photo-0512.png","photo-0512","0825.png","real_damaged","赫达·莫里逊中国相册（Hedda Morrison）","","","","594cf8226cc12d21484a2ac2b21850de6b7e789ef093eaf96f5936eb840dce9c","501774d90b83622d3927d3c970b8a8ef1f8b6472117cd4bcaff7190b097de461","2289","1749","architecture","RGB","existing_damage","train","images/0825.png"
"0826","photo-0513.png","photo-0513","0826.png","real_damaged","赫达·莫里逊中国相册（Hedda Morrison）","","","","1abec93963d64633d46baaf9e0de5c42b42b9daddd42653f6198098c06d6721f","e12e1e17b97e20d1c5a6e3af7eae4840dbf6b50037baafe869b16f52b483219e","2229","1658","architecture","RGB","existing_damage","train","images/0826.png"
"0827","photo-0514.png","photo-0514","0827.png","real_damaged","赫达·莫里逊中国相册（Hedda Morrison）","","","","c53fab086299f123ba6679201035301797ae2a0c0e754cf709a9e8e22a7670e0","c4e649f8017d2a1ebf4932673c2d74556da390fc9f0da29c7d2b20219e3b7656","1688","2592","outdoor_scene","RGB","existing_damage","train","images/0827.png"
"0828","photo-0515.png","photo-0515","0828.png","real_damaged","赫达·莫里逊中国相册（Hedda Morrison）","","","","85cc20bad36f99c8c4be45f67407b9e8c5103e81d684548e7806aefab5acc02b","725a5c4031dc141acb67d08866e74794c4ff941bd7cc0df0146e98216b5fe3aa","1678","2592","outdoor_scene","RGB","existing_damage","train","images/0828.png"
"0829","photo-0516.png","photo-0516","0829.png","real_damaged","赫达·莫里逊中国相册（Hedda Morrison）","","","","b618fe49318990da934d5a1c824be3514d053454d8a0831aa20c4b5546076bb0","8ddb4900c2e1392b9c38ee69818236834e202d9ca3c1f363d2e094d2803699d1","2254","1602","architecture","RGB","existing_damage","validation","images/0829.png"
"0830","photo-0517.png","photo-0517","0830.png","real_damaged","赫达·莫里逊中国相册（Hedda Morrison）","","","","8b181b927c5eec68339ac2cfacc6a32bf00b1172e3ec4dab66300871d8be914f","18cec503371feacae42fdaf2a465c2570688718c2cf332dbd7630b9f7a1b50a4","1663","2248","architecture","RGB","existing_damage","train","images/0830.png"
"0831","photo-0518.png","photo-0518","0831.png","real_damaged","赫达·莫里逊中国相册（Hedda Morrison）","","","","e0b249de50a771088e0af52f56976bd7ea9b5cfc4d74278f4e86d75c7661e535","69dfcfd4afa89b318a9d57e7e2ea8b2dfe09ef11c004c3228cecf95bc5b01a91","1668","2244","architecture","RGB","existing_damage","train","images/0831.png"
"0832","photo-0519.png","photo-0519","0832.png","real_damaged","赫达·莫里逊中国相册（Hedda Morrison）","","","","9e80fa1ee1cfe182c5151f174ba799d51686e346106dfe8c5dfac9fa2faac4f3","96115be10c6423af43e219e329954d5e3ca17f005e7a861ef10c6e189f098fd5","2173","1668","architecture","RGB","existing_damage","train","images/0832.png"
"0833","photo-0520.png","photo-0520","0833.png","real_damaged","赫达·莫里逊中国相册（Hedda Morrison）","","","","b00392d2f2ed9cc5352eb0326074a260011c4096a98251c4f3ce3a5ab9c4e3d9","27b6e12113ebda2099560d4b02687e5ca2387c85c1dc7d556247f08e079c7aac","1683","2244","architecture","RGB","existing_damage","train","images/0833.png"
"0834","photo-0521.png","photo-0521","0834.png","real_damaged","赫达·莫里逊中国相册（Hedda Morrison）","","","","3618a46b4443b08b588f6a8cd90bb54de482d8dd1270c607819db342ea213509","bfe433f6624c1c39f28aa9345e55a63be69d62ea45682b16b64971c3d495c4a4","2249","1672","architecture","RGB","existing_damage","train","images/0834.png"
"0835","photo-0522.png","photo-0522","0835.png","real_damaged","赫达·莫里逊中国相册（Hedda Morrison）","","","","31a5e885754eb1f137ac54c36ab3af2c6989473b93db6659dba0bdceac4a32ad","3bb219ba752838f0d027898c42f6e0179b4813bbec8a9f0fb317b3fd51517ca1","2668","1709","architecture","RGB","existing_damage","validation","images/0835.png"
"0836","photo-0523.png","photo-0523","0836.png","real_damaged","赫达·莫里逊中国相册（Hedda Morrison）","","","","8de11040e117050d205f7a323ad918c0b6db0e2f8383be6dc4a0e8d3bc28cfbd","1e9055e8f5946fe1929baca87d139ea0f586d44ce89e88caf06d61127a101a54","2254","1658","architecture","RGB","existing_damage","train","images/0836.png"
"0837","photo-0524.png","photo-0524","0837.png","real_damaged","赫达·莫里逊中国相册（Hedda Morrison）","","","","1119584debc6052403478c17548fad6d134e6085a18a72e07e22f5e34b39cbab","852ca9df5d9db1e524d3e1365dc0ef2928cc0500e6042d1a71558a9f3de35c11","2254","1668","architecture","RGB","existing_damage","train","images/0837.png"
"0838","photo-0525.png","photo-0525","0838.png","real_damaged","赫达·莫里逊中国相册（Hedda Morrison）","","","","8be5ba5c9f8872dd58ff7cc939b4820461bdc5d3a4b7064bec8dc0d33f64b921","0e25d72d31ad2a292fae956cf402a24997fe27f2e2d4e9f2d68fbb96105e1d53","1673","2244","single_portrait","RGB","existing_damage","train","images/0838.png"
"0839","photo-0526.png","photo-0526","0839.png","real_damaged","赫达·莫里逊中国相册（Hedda Morrison）","","","","b2c9d6050f874f7c08a79be7caa6c8b120f59323695145661dd929aa6a59406c","858dc63dbe4a59c427930695e99ce7bf7f348dd8ad620364dfbbad863ebfb68e","2254","1657","architecture","RGB","existing_damage","train","images/0839.png"
"0840","photo-0527.png","photo-0527","0840.png","real_damaged","赫达·莫里逊中国相册（Hedda Morrison）","","","","17a83b6ccf55e409057dddcfd8ce6028d04c7ee89fc16feeab12fbd1482a29a3","81677d67300c46f164266f75897f6215a1ac940d7be1eb0fa2cf6f28617a1fb4","2229","1652","architecture","RGB","existing_damage","train","images/0840.png"
"0841","photo-0528.png","photo-0528","0841.png","real_damaged","赫达·莫里逊中国相册（Hedda Morrison）","","","","f7c7d3dbc78e66175b1067218153b8c7b9a8866b395021a81b404a4bae41fe23","93f296fbfb94fd98019c923030e11064dd1d08946017cb585bce2d9c55ced048","2224","1647","architecture","RGB","existing_damage","validation","images/0841.png"
"0842","photo-0529.png","photo-0529","0842.png","real_damaged","赫达·莫里逊中国相册（Hedda Morrison）","","","","d26625298b32baefd9d2473e4a2957ff17a502c1f7a6555a0e829f87ee389d30","2974cfa8f602efef56ba904a6a88b205ca53c4cc910719a0afdce87268bd8ca0","2234","1597","architecture","RGB","existing_damage","train","images/0842.png"
"0843","photo-0530.png","photo-0530","0843.png","real_damaged","赫达·莫里逊中国相册（Hedda Morrison）","","","","41de9ba7d89853437016e57b73eed98f4ab8fbc0e3c03b4b1bcbb1e30818d3c3","7f191bc311b70db46f339e25470e869fa8395a296a6cc8078378b0b14c8b589f","1668","2239","architecture","RGB","existing_damage","train","images/0843.png"
"0844","photo-0531.png","photo-0531","0844.png","real_damaged","赫达·莫里逊中国相册（Hedda Morrison）","","","","df424c69b9655bf4ad06f836920ffafa0c4b45bf5f43cbd40afd6f474de6ef26","6c8bf77bd1eb842e862899bc58e49b6e428775e5394391ecd5b71077aada9b70","2218","1208","outdoor_scene","RGB","existing_damage","train","images/0844.png"
"0845","photo-0532.png","photo-0532","0845.png","real_damaged","赫达·莫里逊中国相册（Hedda Morrison）","","","","c99393b050f308043ff312157aa935076ea985b40b55d69764eb2cf3689f2f47","0ab8a80f0657e9ae2eecf53b6ed27bfc9ab05c38603fc320d0cac717f5622f69","2214","1627","architecture","RGB","existing_damage","train","images/0845.png"
"0846","photo-0533.png","photo-0533","0846.png","real_damaged","赫达·莫里逊中国相册（Hedda Morrison）","","","","46352447efbdee896ed750e2ae94e1e4b6eecce26fe1fc6d77de46709b8f89dd","c946b24947d0bcbadd10197c8346cf8f3add0ea310beaa50ded2fd7a2021c771","1648","2223","architecture","RGB","existing_damage","train","images/0846.png"
"0847","photo-0534.png","photo-0534","0847.png","real_damaged","赫达·莫里逊中国相册（Hedda Morrison）","","","","d33d0d3bee56d2f07d21436188c58d6a1513fb67f22309c441f1e0178939e19e","0df578af122dff88a064df6f21edf607bb9d2a275e2fcf5d9c77449184513fdb","2219","1476","architecture","RGB","existing_damage","train","images/0847.png"
"0848","photo-0535.png","photo-0535","0848.png","real_damaged","赫达·莫里逊中国相册（Hedda Morrison）","","","","9905e4dbc4669456216aa214d0c8efa27cd1a349768768f70962dba214b22e2d","a3d6d46b626ce89d47b8a3bc3a19a82c3f9839af5779a4a08430e9702749f1de","2254","1668","architecture","RGB","existing_damage","validation","images/0848.png"
"0849","photo-0536.png","photo-0536","0849.png","real_damaged","赫达·莫里逊中国相册（Hedda Morrison）","","","","0bc971eeb5d584bb9dfa89b872eebbc4c003ff0977b4b192c3ae94b4a76c4025","f47557dd4ba6a84af972eb6beac4b508bc5e93a1f3cd8689f224ed5a35f39bb0","2238","1657","architecture","RGB","existing_damage","train","images/0849.png"
"0850","photo-0537.png","photo-0537","0850.png","real_damaged","赫达·莫里逊中国相册（Hedda Morrison）","","","","a8a4f5bed5643a2e1dfc6249c521f1d54874e7aba430b319a41cd4ba3350604d","2b27e78fd03b4db921a5c8537a9fdf55db9eac7cea67ebe282044733ea3cad21","1329","1868","outdoor_scene","RGB","existing_damage","train","images/0850.png"
"0851","photo-0538.png","photo-0538","0851.png","real_damaged","赫达·莫里逊中国相册（Hedda Morrison）","","","","d9b1e23a1e8e2a70e4624ff9266f58633ddb687f09ea5efbd088c164ff9d1162","8d376dd8f21c86c68c1c1677dbd73a10c2bd2ac06df36c528fb6a7b4f8a0725a","1893","1365","outdoor_scene","RGB","existing_damage","train","images/0851.png"
"0852","photo-0539.png","photo-0539","0852.png","real_damaged","赫达·莫里逊中国相册（Hedda Morrison）","","","","ea4b6341d401982527adc88b5ec223112966a699984e74cad85b7eeb9f7baab8","bb4147a997d894ccbc4d7ae1d454ed8645702f314885f5e55ecc78da5650bdb1","1847","1319","outdoor_scene","RGB","existing_damage","train","images/0852.png"
"0853","photo-0540.png","photo-0540","0853.png","real_damaged","赫达·莫里逊中国相册（Hedda Morrison）","","","","3dc9d953ad13a68eab75b190a3e1173de51acd2144ca9dfa587fbab019009d72","13e89899ff770e57d56f45fede053a3dec0abfac385683d292d00d47e634712d","1371","1584","outdoor_scene","RGB","existing_damage","train","images/0853.png"
"0854","photo-0541.png","photo-0541","0854.png","real_damaged","赫达·莫里逊中国相册（Hedda Morrison）","","","","59a95538baadb216da4a501ce05115766b0e70d06c161f734c78d264fcd8fec4","7c9bd27b0ca78d42c2892719bd64f91fad630c805a5e4a2d945f65c6bcc585bb","1319","1847","outdoor_scene","RGB","existing_damage","train","images/0854.png"
"0855","photo-0542.png","photo-0542","0855.png","real_damaged","赫达·莫里逊中国相册（Hedda Morrison）","","","","290d6117661948102c58bbf2c4c11852dd8f9f7c5fbbd7cf119be09cada8b6dc","66083216223ef6f228172fa12988e32f55e8e0450966ef4cf6a4d0b485e3b47b","1335","1852","outdoor_scene","RGB","existing_damage","train","images/0855.png"
"0856","photo-0543.png","photo-0543","0856.png","real_damaged","赫达·莫里逊中国相册（Hedda Morrison）","","","","8a768d74860b7a074f2c80f7ee17f1ef09dc2889105851e7b30dfe38f740ad86","d07a7caff3264c6ef0e25d10f86dc931b3f3d338a95d1263e3e2f13c9e10757e","1345","1857","outdoor_scene","RGB","existing_damage","validation","images/0856.png"
"0857","photo-0544.png","photo-0544","0857.png","real_damaged","赫达·莫里逊中国相册（Hedda Morrison）","","","","29927a124a111d72741e1ae8ee5d771dd46bc4a025d86f0b436609e3093d6f29","5edfc11fd88f101099064b62920346cfad7be8cf96d0750cf549ce87072c91aa","1852","1335","outdoor_scene","RGB","existing_damage","train","images/0857.png"
"0858","photo-0545.png","photo-0545","0858.png","real_damaged","赫达·莫里逊中国相册（Hedda Morrison）","","","","fa82b6ffcd71e6ed3187316f19cad9cc479728117d5088ef21d3ba1cf3a7d76c","40d3957896e5db7d2ed49d4e5b19ea998797a2e6b3b848af9a4b4917b6042cb1","1339","1857","outdoor_scene","RGB","existing_damage","validation","images/0858.png"
"0859","photo-0546.png","photo-0546","0859.png","real_damaged","赫达·莫里逊中国相册（Hedda Morrison）","","","","b6f4e2e15aca5d725eb0d69a58a0c9f34eea5827a958e15f8e85c41be647bf28","55411cc94d195da2639524e8074ec877ac031c34908cc5930791ad18f1ae0630","1329","1857","outdoor_scene","RGB","existing_damage","train","images/0859.png"
"0860","photo-0547.png","photo-0547","0860.png","real_damaged","赫达·莫里逊中国相册（Hedda Morrison）","","","","8c4194c1601132be5a4c9a6c29688bc422cac8006449f9c6af3b181faa52809e","ca3932ee0d1fe2b3efdbb45f18ece8c8b59f398ab7fe418f0ec832e39d041e68","1344","1852","architecture","RGB","existing_damage","train","images/0860.png"
"0861","photo-0548.png","photo-0548","0861.png","real_damaged","赫达·莫里逊中国相册（Hedda Morrison）","","","","5bf4110636886e3df54c28978a1d54316f06fc6eb4135435726462d713240bf5","3bfd19a44580ed14e3a82185f6088cfeab24283c015e9bead1057bdeb44c04d8","1852","1325","outdoor_scene","RGB","existing_damage","train","images/0861.png"
"0862","photo-0549.png","photo-0549","0862.png","real_damaged","赫达·莫里逊中国相册（Hedda Morrison）","","","","efccfe4665f9060959e9512bbec3f3668206fea17914bd8c2d7238ade4b58684","0d3eafbfd1b7586a337608dccfe04751713415de8790a76363540cc31a577e27","1334","1837","outdoor_scene","RGB","existing_damage","validation","images/0862.png"
"0863","photo-0550.png","photo-0550","0863.png","real_damaged","赫达·莫里逊中国相册（Hedda Morrison）","","","","945dae1d2aacfaaa8bee77517d4e6e5230e25a208f8f02a0d4bab2e250c4d6eb","206c0419fe253f4b446af102d5ecae3f734499053cb7271eb6e30353a4787f54","1324","1639","outdoor_scene","RGB","existing_damage","train","images/0863.png"
"0864","photo-0551.png","photo-0551","0864.png","real_damaged","赫达·莫里逊中国相册（Hedda Morrison）","","","","4e3fccc619a6b630c983deffd62ddbddaf008d90a83e9c8f5dba8b29ac3d7e33","a551ad06605ab90138c2c072050475431fcb3eed75dc135823cc1e77b13bf7ec","1857","1349","outdoor_scene","RGB","existing_damage","train","images/0864.png"
"0865","photo-0552.png","photo-0552","0865.png","real_damaged","赫达·莫里逊中国相册（Hedda Morrison）","","","","58a8f132114bde31ef9195e828219caf685e996a37ec9a468ff42a63ea727734","7086ab95794edf64315c193a59ea0ab05dd7c8fa49b267dfe7c53fed13928057","1345","1863","outdoor_scene","RGB","existing_damage","test","images/0865.png"
"0866","photo-0553.png","photo-0553","0866.png","real_damaged","赫达·莫里逊中国相册（Hedda Morrison）","","","","5cb1a9da1aa9c640799dd2b8b2b769e07d18bc37f08620954a0f7ba985c99f1c","38da074c9780f1aa072bc798978d8a21b31e947402931f6f197c78b6e8eb973b","1862","1355","outdoor_scene","RGB","existing_damage","train","images/0866.png"
"0867","photo-0554.png","photo-0554","0867.png","real_damaged","赫达·莫里逊中国相册（Hedda Morrison）","","","","0efed9cd2ac5ea7bd144bd08be5852af5ad4f4a0712e6548dbc05172e9c744c2","9c0bc1a2a7dee97f526e78ef5005e6fc7a7e2a4615a1af3ce182346c7546aaf3","1898","1385","outdoor_scene","RGB","existing_damage","validation","images/0867.png"
"0868","photo-0555.png","photo-0555","0868.png","real_damaged","赫达·莫里逊中国相册（Hedda Morrison）","","","","91056969e70cf5e125e6f5e328815618582a1b017372edd190a447e6e17fa050","b03b30092d1c75a661986297b0fdc8fda5b3ee5bdd0843d89261984401e14ded","1913","1355","outdoor_scene","RGB","existing_damage","train","images/0868.png"
"0869","photo-0556.png","photo-0556","0869.png","real_damaged","赫达·莫里逊中国相册（Hedda Morrison）","","","","373e8ca199be8e1b984bb604984a7aef0671c7ea6c643679aeb52f5075c8ce21","dccdf2235ff9283ee55febffebd869f4839826037cb31f7a3045d5b4ea51a65b","1847","1324","outdoor_scene","RGB","existing_damage","train","images/0869.png"
"0870","photo-0557.png","photo-0557","0870.png","real_damaged","赫达·莫里逊中国相册（Hedda Morrison）","","","","875a15d2a838b668235970bac8be3db70729ab743d5e1433d46efb920b585131","fe41b9ab4d10e57e71e9fb75f5a8164f84315988631c49136c1bda77433aac24","1908","1375","outdoor_scene","RGB","existing_damage","train","images/0870.png"
"0871","photo-0558.png","photo-0558","0871.png","real_damaged","赫达·莫里逊中国相册（Hedda Morrison）","","","","933260f0d8f8f5242b7f0694534aea1b537910149a359dd3932f1f6cebd90b75","c183fed4503308fdc3330313a3d6e5817ddb2007fc54f9123d8bcd81a698e861","1857","1330","outdoor_scene","RGB","existing_damage","train","images/0871.png"
"0872","photo-0559.png","photo-0559","0872.png","real_damaged","赫达·莫里逊中国相册（Hedda Morrison）","","","","1f6bddc592d8bc0d7d376bff5cf1457bae7041dae6984f8fac1f32d290777ea1","f1df2d074e1a621abc5ebe6ccedf19b99591d85088601e434360b9980ede1de2","1853","1330","outdoor_scene","RGB","existing_damage","test","images/0872.png"
"0873","photo-0560.png","photo-0560","0873.png","real_damaged","赫达·莫里逊中国相册（Hedda Morrison）","","","","c79935a81e0e0e0cacc1b19be0a33876aafef3f12817fd8540882d581b03e81c","240e4af4cfd40c2e7e147fa31f82b8ee21feb2dc5f8d602a2814d4bb7cebec3f","1857","1330","outdoor_scene","RGB","existing_damage","train","images/0873.png"
"0874","photo-0561.png","photo-0561","0874.png","real_damaged","赫达·莫里逊中国相册（Hedda Morrison）","","","","dc9b8389f468d496e46bbda48bd2b22cdeb4d1fd3430678ea4e1395857855584","390db52077aafd74e92a884fd50171a2334a8ae0410c5d95201a7f6ec86de48c","1903","1344","outdoor_scene","RGB","existing_damage","train","images/0874.png"
"0875","photo-0562.png","photo-0562","0875.png","real_damaged","赫达·莫里逊中国相册（Hedda Morrison）","","","","ad70eede211f74519c9531f1715021b48f8cc5aced62dd62e43bf601c46ca086","931411b0f694e9db356815cdae08f4dee7d55db5f72164aa020cdea7e7290977","1395","1857","outdoor_scene","RGB","existing_damage","train","images/0875.png"
"0876","photo-0563.png","photo-0563","0876.png","real_damaged","赫达·莫里逊中国相册（Hedda Morrison）","","","","1a8b6e1e21c9b4bb6b0d65dbe3efcc08dcdc47519fdc98472d0287603c2b120e","46585927a3f14ce531209c733c12805bdaece6ee543e5622c935db5865995bf6","1853","1325","outdoor_scene","RGB","existing_damage","train","images/0876.png"
"0877","photo-0564.png","photo-0564","0877.png","real_damaged","赫达·莫里逊中国相册（Hedda Morrison）","","","","e437e94ba9087965f5ca55e0ea94c98e49da7289c735837f2c27fa7629159265","6a48624429cc59597d26408d27eec83678a6f182e502997f87f6b6aa684e7017","1852","1330","outdoor_scene","RGB","existing_damage","train","images/0877.png"
"0878","photo-0565.png","photo-0565","0878.png","real_damaged","赫达·莫里逊中国相册（Hedda Morrison）","","","","44b30fe5ae8a05e49e55e14946c7174f90f4ea31e657f700d3b4fb3c2f9b861a","ed0f992ee15044a01467d8683b63177dfe67d0e7853b29bdd0654ad7048a0214","1857","1330","outdoor_scene","RGB","existing_damage","test","images/0878.png"
"0879","photo-0566.png","photo-0566","0879.png","real_damaged","赫达·莫里逊中国相册（Hedda Morrison）","","","","3ddd8a87efa3da3d150fb59bec9225319d64c3cefbc3faad7effdd7a9ab59a18","30f446dabbdc4040b2af46d1ca0036582eee04f2cd0bd8ea08ff0c715b8f4d5b","1340","1857","outdoor_scene","RGB","existing_damage","train","images/0879.png"
"0880","photo-0567.png","photo-0567","0880.png","real_damaged","赫达·莫里逊中国相册（Hedda Morrison）","","","","58d21c455e2813e75d733fb17539dfa10e286b8aa6114452ee53b9a94f94ca3a","6d9561e64c2cbc49fe9e9da485f7c7fe138e65ba035c69e1dfb3a2fcc358650f","1441","1892","outdoor_scene","RGB","existing_damage","train","images/0880.png"
"0881","photo-0568.png","photo-0568","0881.png","real_damaged","赫达·莫里逊中国相册（Hedda Morrison）","","","","2b02f1e6f972e45e07d151f3c46daa5ecab7b7eb53cb5181a6d473667e4ef2ad","898e32ded47c44e7552c987fae51f1f6356fca6e4008946182cae75cc4d2d75a","1400","1877","outdoor_scene","RGB","existing_damage","train","images/0881.png"
"0882","photo-0569.png","photo-0569","0882.png","real_damaged","赫达·莫里逊中国相册（Hedda Morrison）","","","","6c8c2ace98520104870aa54659816e7fee071ca7018eafe75778e1037da5ee8f","11e868c5155842ed0a77608af35423633948e00c55084fc8d9e86a46c5642407","1340","1857","indoor_scene","RGB","existing_damage","train","images/0882.png"
"0883","photo-0570.png","photo-0570","0883.png","real_damaged","赫达·莫里逊中国相册（Hedda Morrison）","","","","1a7ad386ee0e156e310da30669b8ae7d4f163d66960458dbe47bba3eb91a396e","2a9f01acd8cb5770172e7975e1e18789943cb7aeb650ee7d0b1576da3d9c06d0","1335","1857","indoor_scene","RGB","existing_damage","train","images/0883.png"
"0884","photo-0571.png","photo-0571","0884.png","real_damaged","赫达·莫里逊中国相册（Hedda Morrison）","","","","79a3a3e4d174fe252eb785faa58559922abbdf9acec87ded80484cc386693244","8bf8faca740da64e3a82aad254d1cdba1459cd352addb86c95b49d5cf6cf4333","1390","1898","single_portrait","RGB","existing_damage","train","images/0884.png"
"0885","photo-0572.png","photo-0572","0885.png","real_damaged","赫达·莫里逊中国相册（Hedda Morrison）","","","","0da10325feb81ac6dbcb5d0a7e70c37f0b4bba2c22116f90c0b507246a141ea1","37a605114473a49f101237e7dfa26ffe8aa7a5641d418e31cec221ef03694018","1853","1329","indoor_scene","RGB","existing_damage","train","images/0885.png"
"0886","photo-0573.png","photo-0573","0886.png","real_damaged","赫达·莫里逊中国相册（Hedda Morrison）","","","","61215f30814d5de9e26f208e0b9ed9356a661684b7815be6d6b076e273232239","fb1174b05e9536f6fae2a8f47fb73b8141628d5be5c524cc48e3b8baa9168d1c","1878","1284","outdoor_scene","RGB","existing_damage","validation","images/0886.png"
"0887","photo-0574.png","photo-0574","0887.png","real_damaged","赫达·莫里逊中国相册（Hedda Morrison）","","","","5677f6487138f6ab788798622f8bfaee6200c6f9fe6b7b33a639a6a206aee030","f011b5172d79032efe7e951ce6c46f723ffa5e094117ca9b03c405764055f58a","1330","1797","outdoor_scene","RGB","existing_damage","train","images/0887.png"
"0888","photo-0575.png","photo-0575","0888.png","real_damaged","赫达·莫里逊中国相册（Hedda Morrison）","","","","509ab38b46a997729fd2356358fee412f610aa52c3e29f0f9352e943c4b1966f","3ac3cf18a1543ad873755d24472a78cbcd09ac1b0c7b593ac5d81cc71b0e5f72","1345","1852","outdoor_scene","RGB","existing_damage","train","images/0888.png"
"0889","photo-0576.png","photo-0576","0889.png","real_damaged","赫达·莫里逊中国相册（Hedda Morrison）","","","","e81e2d7f7e59a235e8b5298204066bd31020e66fc27b8261427f7f40cd1c6d85","01e4d56f1b275b89e03fe0897d1e22f26e7f7b648259afb815cee1cef23d59e2","1335","1715","outdoor_scene","RGB","existing_damage","train","images/0889.png"
"0890","photo-0577.png","photo-0577","0890.png","real_damaged","赫达·莫里逊中国相册（Hedda Morrison）","","","","199b538a2b711b839132d69da72993fca1308c9c33b72721c0241a775ca2bb28","b9f187b99d436d6371c053dffe7fa6fdd86ea6ee7bd0ddf2e2a1ad7e1a265072","1325","1847","outdoor_scene","RGB","existing_damage","train","images/0890.png"
"0891","photo-0578.png","photo-0578","0891.png","real_damaged","赫达·莫里逊中国相册（Hedda Morrison）","","","","be2b0efb130038d75391070df31e3f5eab7117d1f1a5f8e3b11a05bb2fabb9d6","62d391cfc97808e9b0d15e7e038b734d3b466f6167c74addbf7b110642e978a3","1334","1401","outdoor_scene","RGB","existing_damage","train","images/0891.png"
"0892","photo-0579.png","photo-0579","0892.png","real_damaged","赫达·莫里逊中国相册（Hedda Morrison）","","","","61a09540bcb73555a11f0d8b188aa563743831bb1373560164b4ed068026470c","3a2d6e0757441f3851323d9eab2aa55ee0c500fd8d44579b501e587b6ce0f3ec","1848","1207","outdoor_scene","RGB","existing_damage","train","images/0892.png"
"0893","photo-0580.png","photo-0580","0893.png","real_damaged","赫达·莫里逊中国相册（Hedda Morrison）","","","","6f2a2e35b2adf950693c808aabf114e81f72441a03b6e8ee0d58232c6c8b9567","6509221e36f7aed11755184e9e12d878a910c8b9dc1c53be0416ea1dabb3f5c0","1857","1345","outdoor_scene","RGB","existing_damage","train","images/0893.png"
"0894","photo-0581.png","photo-0581","0894.png","real_damaged","赫达·莫里逊中国相册（Hedda Morrison）","","","","aa983814138a6bf8631a42b0fc5f3fcd12853d45ad02c40f2aca39d461752e15","63262a503ef81e1fa070b9cf80c19962e06ca158aa5393ef368e9e3f103bf493","1584","1324","outdoor_scene","RGB","existing_damage","train","images/0894.png"
"0895","photo-0582.png","photo-0582","0895.png","real_damaged","赫达·莫里逊中国相册（Hedda Morrison）","","","","e9ee90778ab025a78c8443a799d4ea8f20a1f0a10b347865dd95cebb6e06ef11","f360e81c48546fbc453fb43894e768e356a6679377d5ac2100eb583f3f4560db","1862","1345","outdoor_scene","RGB","existing_damage","train","images/0895.png"
"0896","photo-0583.png","photo-0583","0896.png","real_damaged","赫达·莫里逊中国相册（Hedda Morrison）","","","","fe0634118815b0f5b469f9753f9092eeebde27327e96766c553986f072da75ed","edbbe0152559e5d67be31dcdeb6681f3adeb7d78f845074de394acdeaa01d2e9","1380","1857","indoor_scene","RGB","existing_damage","train","images/0896.png"
"0897","photo-0584.png","photo-0584","0897.png","real_damaged","赫达·莫里逊中国相册（Hedda Morrison）","","","","79394812b58b57e9f0ea2b6f59e01d2e6cc30d009fc2b886c0b218eb1e285a35","ef179c6c73f8c48f47b8343e54d613b2ddc0a7a87d69600006f9d5972647c53f","1903","1365","outdoor_scene","RGB","existing_damage","validation","images/0897.png"
"0898","photo-0585.png","photo-0585","0898.png","real_damaged","赫达·莫里逊中国相册（Hedda Morrison）","","","","18d027ea58f056e92433352b1d417738fa9349dfe9e1fe1656a9f6788f51fe36","45dd6ac491cdfaa95dff3275344bcb1ae1c367a2ec95423aae3e504d6c9c2c14","1852","1335","outdoor_scene","RGB","existing_damage","train","images/0898.png"
"0899","photo-0586.png","photo-0586","0899.png","real_damaged","赫达·莫里逊中国相册（Hedda Morrison）","","","","e0c48e87c0d7e20a195f9b849b81061f5438a1ac4ab4b38384ef0ce2eaab36d2","4318c8a8fa9e069b75ad7e17379f44c9e524c3641c857de6daf3640acbac7847","1908","1385","outdoor_scene","RGB","existing_damage","validation","images/0899.png"
"0900","photo-0587.png","photo-0587","0900.png","real_damaged","赫达·莫里逊中国相册（Hedda Morrison）","","","","1c3ec6f873ca3cf1c7c0dfc8c0e39c75997d769009a2d18f2e8d44016e21c163","07758a366b16dba4654699ff71baf8d8c19fe805d9b013dc63649ea3faf75e92","1329","1847","outdoor_scene","RGB","existing_damage","test","images/0900.png"
"0901","photo-0588.png","photo-0588","0901.png","real_damaged","赫达·莫里逊中国相册（Hedda Morrison）","","","","054b5c82a89e0e1f4acf43901265f9fc215e677b05f30d3b9f2736f2071cd5d7","82eb9b4f6d221b9e6306566d733a1c04bd76bd52d7072a0a9d1184bca462df6b","1330","1847","outdoor_scene","RGB","existing_damage","train","images/0901.png"
"0902","photo-0589.png","photo-0589","0902.png","real_damaged","赫达·莫里逊中国相册（Hedda Morrison）","","","","d74d9e84db8ed56fa930caccc8ac0d2ceddb16ca305a158e67a0b688c98d0d6f","3fe6d28ee480c66030684350d5d375a7eb018a6730ef04d41d4feb01986c0bb5","1329","1598","outdoor_scene","RGB","existing_damage","train","images/0902.png"
"0903","photo-0590.png","photo-0590","0903.png","real_damaged","赫达·莫里逊中国相册（Hedda Morrison）","","","","df9d41f2d3106f124e39e403c20f6bdebc9f5c5a187d19de07319e843336d47d","e22c39ad9d7fc8b041fc22a96e03b4cefbe3718c2e06b3c8cf2c3cfeb04f84a0","1330","1548","outdoor_scene","RGB","existing_damage","train","images/0903.png"
"0904","photo-0591.png","photo-0591","0904.png","real_damaged","赫达·莫里逊中国相册（Hedda Morrison）","","","","6ef2d94b95cfd07388136d74d60d72bb44c2cdfef6b26bbd4e58fcb0a482e877","c8eb8ab976a8650d59e22e300fba174f9b41f34fd49012925ee41341cf816c0e","1329","1852","outdoor_scene","RGB","existing_damage","train","images/0904.png"
"0905","photo-0592.png","photo-0592","0905.png","real_damaged","赫达·莫里逊中国相册（Hedda Morrison）","","","","9ea77223401607005077c7ec679652c11f846804bb33bb0a8dac3eebd28fa98b","b50c9da2afed6451bfbf884fce16d6b6aa30ec85f370635d2fce1a186613dafa","1908","1350","outdoor_scene","RGB","existing_damage","train","images/0905.png"
"0906","photo-0593.png","photo-0593","0906.png","real_damaged","赫达·莫里逊中国相册（Hedda Morrison）","","","","3baf90983f4647b73387e3305bc51fc05badd32aa94e95bcedc01ddb051c9061","b0263403aa8ae72fc66790b83165f687ed4ba93f56f2107c6a6a58618525b93e","1858","1335","outdoor_scene","RGB","existing_damage","train","images/0906.png"
"0907","photo-0594.png","photo-0594","0907.png","real_damaged","赫达·莫里逊中国相册（Hedda Morrison）","","","","d9bc6d2bc5e581b790ffa7550f53295557b6ead1b9011df2d8f0ba1441d2aa10","538dc34d28db5513e80ab7fa75f589ac15125c7f30a65728a1481439d43887de","1857","1335","outdoor_scene","RGB","existing_damage","train","images/0907.png"
"0908","photo-0595.png","photo-0595","0908.png","real_damaged","赫达·莫里逊中国相册（Hedda Morrison）","","","","aa3b6bf0f73bcbefdea4eb032e1f3adfd436334770168133c782b0eb3449916c","a04227aa1e8f66233b358a970063e07bd59d09a65a6c498be897b70753239463","1847","1330","outdoor_scene","RGB","existing_damage","train","images/0908.png"
"0909","photo-0596.png","photo-0596","0909.png","real_damaged","赫达·莫里逊中国相册（Hedda Morrison）","","","","6d9abf6dbd72cf8fb494d85fdfe238c6c38010474d8670576bab359452a6a812","5749a72eaf8d1c67eeea32a3749e72fb1d9804f053001f9a87823fe7f76e0c1d","1913","1304","outdoor_scene","RGB","existing_damage","train","images/0909.png"
"0910","photo-0597.png","photo-0597","0910.png","real_damaged","赫达·莫里逊中国相册（Hedda Morrison）","","","","bd899e5ffa5c95c4322fc19456ce31867fe90c5eacba485a50d1b714c050ad90","b0cabb05b97389dca0959abfdd534040591ba810ec40ab2b7cec8078065fc008","1948","1385","single_portrait","RGB","existing_damage","train","images/0910.png"
"0911","photo-0598.png","photo-0598","0911.png","real_damaged","赫达·莫里逊中国相册（Hedda Morrison）","","","","cd3da90e63a0d61078dbe1e7fc3d96c820c6c34be99f6794539792ea50b35c31","e089d1e077ab06bc911ebe06d8b9a9c651e0473d7e795e2e5936b8727611292e","1340","1684","outdoor_scene","RGB","existing_damage","train","images/0911.png"
"0912","photo-0599.png","photo-0599","0912.png","real_damaged","赫达·莫里逊中国相册（Hedda Morrison）","","","","70751e672d581675c58d9ac02938a1befa7944993ecb0b9106c512fbdde8c73c","6ccca13aac2373d84ae90ff644bb32ed3e5b3e02f9172c8811cd578efe83fd9f","1858","1335","group_portrait","RGB","existing_damage","train","images/0912.png"
"0913","photo-0600.png","photo-0600","0913.png","real_damaged","赫达·莫里逊中国相册（Hedda Morrison）","","","","79eaef83e613f17b03b062b77db72f1db7ef1d75f1cdcc36a0f5ed094297174b","dbc17a8b338bd585e97724bf07632f724707fc2014429c665b115780d2f36dd4","1918","1385","group_portrait","RGB","existing_damage","train","images/0913.png"
"0914","photo-0601.png","photo-0601","0914.png","real_damaged","赫达·莫里逊中国相册（Hedda Morrison）","","","","54b0268d852047a4076df88bf16d8fd7418ffaa9d68c6841ca7bc804051ebb6f","f3fcb41a5836f7fb264efb034f4705590a87cef2ade3bea94cab18d6b5c786c2","1847","1319","group_portrait","RGB","existing_damage","validation","images/0914.png"
"0915","photo-0602.png","photo-0602","0915.png","real_damaged","赫达·莫里逊中国相册（Hedda Morrison）","","","","dce09bd74f4b8771e79fa4805f54a6acc60618822a97fc5059d40c01372ef423","8a834163a15afedf23904acc0293a5d6fa662caef21d51d5ca7a959e5cf3685e","1903","1380","outdoor_scene","RGB","existing_damage","train","images/0915.png"
"0916","photo-0603.png","photo-0603","0916.png","real_damaged","赫达·莫里逊中国相册（Hedda Morrison）","","","","4391f0ac6f46a1b753203af6dc84a28bf12d96c3e52703cdc65bba6de0cd6773","e8ca0be944f4168287c3e4c9d55836795ff1fd6e7a45d6ee82280df12c74121a","1344","1878","other","RGB","existing_damage","train","images/0916.png"
"0917","photo-0604.png","photo-0604","0917.png","real_damaged","赫达·莫里逊中国相册（Hedda Morrison）","","","","b455929140133b8c71c9256014dc6fb3c62e9a92a7bf7ff0f7c2bba2e9ce05ca","daf9fc90bb58e2b3092f11453b381b159841ae15b010a59ce8ec889a8cd9397b","1857","1335","architecture","RGB","existing_damage","validation","images/0917.png"
"0918","photo-0605.png","photo-0605","0918.png","real_damaged","赫达·莫里逊中国相册（Hedda Morrison）","","","","a8453bc33f0073bc2e3e9b18eaf5656f8fd2df09584d193ed768eb21ea44064d","7425bd7568796fa8b14481d7d6273538ba2d3e9e3f889e20047fa294db04f66a","1873","1355","architecture","RGB","existing_damage","train","images/0918.png"
"0919","photo-0606.png","photo-0606","0919.png","real_damaged","赫达·莫里逊中国相册（Hedda Morrison）","","","","7df6371c5e50b076803b0fccf946a0486d0799fe355eb463b188c0233a8d8624","0ca6bf0cb13f2a3336266c4a8ee707cd38dad3db962358d0d008541277d5470a","1319","1858","other","RGB","existing_damage","train","images/0919.png"
"0920","photo-0607.png","photo-0607","0920.png","real_damaged","赫达·莫里逊中国相册（Hedda Morrison）","","","","010351ffb1485b838959a13d8bceeaa0a6713cca6629ae55d92d5da477f032d8","2503fee171387572c64e12b7fddb437917ade9916c8d34b867f3d13e53478501","1334","1649","other","RGB","existing_damage","test","images/0920.png"
"0921","photo-0608.png","photo-0608","0921.png","real_damaged","赫达·莫里逊中国相册（Hedda Morrison）","","","","963a69b1d2a2688b8d58928daa711b8c0b0b03f99c7df42add358ac3c9c16a2e","0eee8c1527bc1e5bb495aca187cdde82772765bd84ec84247f38951df1f6d26f","1380","1888","architecture","RGB","existing_damage","train","images/0921.png"
"0922","photo-0609.png","photo-0609","0922.png","real_damaged","赫达·莫里逊中国相册（Hedda Morrison）","","","","1358cf3a37c25ea80871c90f9a0149256d73d12c0828b9f5a68959cb2987b16b","20c53483648b05d5112a99c5c05759ae589aa2ab71b8aa4ea06fb923dd282444","1852","1309","architecture","RGB","existing_damage","train","images/0922.png"
"0923","photo-0610.png","photo-0610","0923.png","real_damaged","赫达·莫里逊中国相册（Hedda Morrison）","","","","82165587d85b136c3e20e302b65c9acffb204ec9a57254506f0885f6b25e2619","f3064d5f6b9243a107b12c1e4c0da33803a7595adf7c10a7e60d87b54fb07949","1325","1847","architecture","RGB","existing_damage","train","images/0923.png"
"0924","photo-0611.png","photo-0611","0924.png","real_damaged","赫达·莫里逊中国相册（Hedda Morrison）","","","","5ae38445b3283c6d7f6e44d084ca6a930cec1cf1f16920e5ebbba88b3bf9b9c2","f71353cdbcbc3895bf08f2f4bdb848d2228e77259040eeae79831cac46ad2415","1903","1284","architecture","RGB","existing_damage","train","images/0924.png"
"0925","photo-0612.png","photo-0612","0925.png","real_damaged","赫达·莫里逊中国相册（Hedda Morrison）","","","","f44f7dc69c192f53a1c5ea1ab758245be4a21d0819d391921732af30b12ed457","fca7901922f82158e27994883c5ef66bf453a41b76d15987cf32db59662f8072","1853","1319","architecture","RGB","existing_damage","test","images/0925.png"
"0926","photo-0613.png","photo-0613","0926.png","real_damaged","赫达·莫里逊中国相册（Hedda Morrison）","","","","224a2ba140cea118fe8f3f7a13d967b1bfef68e3072fdc6d638f0a506193c91c","dc58df6a3d4bfaae9083f2b0a2ca48cb90f4b28bb8589ce2c0205c0d5a0c5b5c","1339","1858","architecture","RGB","existing_damage","train","images/0926.png"
"0927","photo-0614.png","photo-0614","0927.png","real_damaged","赫达·莫里逊中国相册（Hedda Morrison）","","","","63418eb28e4797498cdb6a93f4fbfd26df01189954e0bdc86d894ecb06dbe4e4","30a337306b63a413482c83aa2e54edbe83a65cf7ba1503558b2ab41f9d6955f1","1335","1853","outdoor_scene","RGB","existing_damage","validation","images/0927.png"
"0928","photo-0615.png","photo-0615","0928.png","real_damaged","赫达·莫里逊中国相册（Hedda Morrison）","","","","d1db3bbb0236aa24ac219776b27021ba7d47442ecb728f3a40dc3711284288d9","ffc58627ea522544c320f77a5482e42d11d94c8880d13c1a0be1aac62236abb3","1106","1614","single_portrait","RGB","existing_damage","train","images/0928.png"
"0929","photo-0616.png","photo-0616","0929.png","real_damaged","赫达·莫里逊中国相册（Hedda Morrison）","","","","55c0096121328b76bd0b788694cdca784befd8c5a16ad9afbdab83c1aa4b051a","c120f2519a8959d31521404a997ad4dc022e50855593204bd07d6b2c3a2c1c41","1335","1847","architecture","RGB","existing_damage","train","images/0929.png"
"0930","photo-0617.png","photo-0617","0930.png","real_damaged","赫达·莫里逊中国相册（Hedda Morrison）","","","","3783009b3b2d6e9294cae6bf969a8b3358637ade99ad45ddd6207bbac7faa248","1d094c5542e304f979e10a4fc4105040bb11dc333f94771d5b18b60f10e14c66","1858","1239","outdoor_scene","RGB","existing_damage","train","images/0930.png"
"0931","photo-0618.png","photo-0618","0931.png","real_damaged","赫达·莫里逊中国相册（Hedda Morrison）","","","","4707723eef0772c220fa4f2ca08b47dc06e77f46b49b3724d509ea92ebad66cb","a4f1c0e2568c61e5277c8fe739541a6e5837e9b807158b64eaf8345c66c0a91b","1330","1857","architecture","RGB","existing_damage","train","images/0931.png"
"0932","photo-0619.png","photo-0619","0932.png","real_damaged","赫达·莫里逊中国相册（Hedda Morrison）","","","","7d0959156c6deddd591fb094a71a2452e282765af70afe2b54cd8679512f7244","67f73519fcb062a2a09ef9d5ece45720f83f0a9b5646502582fa227640c45606","1421","1918","architecture","RGB","existing_damage","train","images/0932.png"
"0933","photo-0620.png","photo-0620","0933.png","real_damaged","赫达·莫里逊中国相册（Hedda Morrison）","","","","d50973940bce438f961b31e251383a75cebfecf1c416f45dff7102b0bcfe9f8e","9c6b97f5d911521e6c74c318db31ca21a2fdf6e856e98b269ea10728cc78ac36","1350","1862","architecture","RGB","existing_damage","train","images/0933.png"
"0934","photo-0621.png","photo-0621","0934.png","real_damaged","赫达·莫里逊中国相册（Hedda Morrison）","","","","170238b71996915bfd9f26dfadecf163f3340154b3a5721c957dabbcc96e59db","5914334bb3a4900e1c18dac415e918db651fe8e9410fb5c44aa8b4ba43f8b754","1659","1121","architecture","RGB","existing_damage","train","images/0934.png"
"0935","photo-0622.png","photo-0622","0935.png","real_damaged","赫达·莫里逊中国相册（Hedda Morrison）","","","","ea65ea513357305021de8e0080c1469e818ed5a3cad86f796a80fe8dff577b25","11b3237ff18bc0ce81597b0e23933c0654016f640115fa89ece580140ee6db70","1456","1883","architecture","RGB","existing_damage","train","images/0935.png"
"0936","photo-0623.png","photo-0623","0936.png","real_damaged","赫达·莫里逊中国相册（Hedda Morrison）","","","","9df4114948bdb13881578b428873f38528df159f412e09f42e387daa2ce6e0fa","6cf5171d6ff360216ad5a12141341298ed4297df01b69a21b86a5c0c26cc0592","1127","1649","single_portrait","RGB","existing_damage","validation","images/0936.png"
"0937","photo-0624.png","photo-0624","0937.png","real_damaged","赫达·莫里逊中国相册（Hedda Morrison）","","","","cc4596c4bdefcd425482c6d23b121592539306497b82c3d8a8931d5b219b1826","0504797d4b672e19611cda01c44bf3b4acd7d12a7ab50c73f0f0af8f0d07ac3a","1127","1654","single_portrait","RGB","existing_damage","train","images/0937.png"
"0938","photo-0625.png","photo-0625","0938.png","real_damaged","赫达·莫里逊中国相册（Hedda Morrison）","","","","73ba06ef41627ef47a957768911d816c8cbc2bbee26ca88a2ac4137302a87c7c","6f0971fe479a4487c1ad7d407ea3c9e9267e8157029f1da8ef8ab476ffe73a66","1097","1649","single_portrait","RGB","existing_damage","train","images/0938.png"
"0939","photo-0626.png","photo-0626","0939.png","real_damaged","赫达·莫里逊中国相册（Hedda Morrison）","","","","55a4de84249ac82198800219150cbf590312b6d164bf7f15d5074a347bded4d9","4ae3649e484f8b35df82137783402f80ba83f5a5711f7799013bee9952a0807b","1091","1645","single_portrait","RGB","existing_damage","train","images/0939.png"
"0940","photo-0627.png","photo-0627","0940.png","real_damaged","赫达·莫里逊中国相册（Hedda Morrison）","","","","b51533fdb6be8617797f902fe5e237c1a88ec6c07d2a4d612c9df747c5852eb9","3d6cc11023f1b64c9c6fece8c180d04381d74289845c36bda3fd85791cb647d9","1107","1649","outdoor_scene","RGB","existing_damage","train","images/0940.png"
"0941","photo-0628.png","photo-0628","0941.png","real_damaged","赫达·莫里逊中国相册（Hedda Morrison）","","","","58704ee083c0575d88e3f74cef1c5346ef08711bbfc2a515d148b1a2fb3cfde1","d67f8b10d4224c3583c7930c518148b1e5d41a89808d4f2eb219c47f54fbc1fd","1107","1390","architecture","RGB","existing_damage","validation","images/0941.png"
"0942","photo-0629.png","photo-0629","0942.png","real_damaged","赫达·莫里逊中国相册（Hedda Morrison）","","","","41df91ec1220cc321045fcd7d34e46543fd6ea84d1839c1b723be231613271a1","6d5e2971f2c0a9576a33d38c5c91fd4c0e72273e9646a1325d667208f6b2ccf3","1111","1553","outdoor_scene","RGB","existing_damage","train","images/0942.png"
"0943","photo-0630.png","photo-0630","0943.png","real_damaged","赫达·莫里逊中国相册（Hedda Morrison）","","","","50faefbe03c5c900ccf8c551b6ed99ef831f6f00b14d091510769a981c3ce983","bbf4941c3ecf492774487eb9aa33d675fb3ed830c715d4fe5d4271735d23ed10","1107","1649","architecture","RGB","existing_damage","train","images/0943.png"
"0944","photo-0631.png","photo-0631","0944.png","real_damaged","赫达·莫里逊中国相册（Hedda Morrison）","","","","75ffa1ce14bf72188779855f262816b1f836509f3547d41187d2ed2668f896ed","4ca5b1fdf1188a804fd8512760f23083a85d4d43154f247dd185b3beb79e2c84","1096","1634","architecture","RGB","existing_damage","validation","images/0944.png"
"0945","photo-0632.png","photo-0632","0945.png","real_damaged","赫达·莫里逊中国相册（Hedda Morrison）","","","","0fd8dd4032d2d89216bdbb46515d7841d1cf05510e3055baa6b4d43efa1d61d3","dbd0921071e001e505cb75fe26a00065a8c63138b8ded5ea84a620559bf19b84","1091","1639","architecture","RGB","existing_damage","validation","images/0945.png"
"0946","photo-0633.png","photo-0633","0946.png","real_damaged","赫达·莫里逊中国相册（Hedda Morrison）","","","","926dffc7b1b835bbbe7299b86ae9f1f2d9263cec0f929b6b0417ecfd7c7169c1","082d83ea4d27548a29992f9433de291acd943da64979ebfa8dce26c7b5c3d109","1116","1623","architecture","RGB","existing_damage","validation","images/0946.png"
"0947","photo-0634.png","photo-0634","0947.png","real_damaged","赫达·莫里逊中国相册（Hedda Morrison）","","","","0afd55847996e5b801cec3f8a51a7b26b3ba2f50c64e6507c9e788130d3ff334","5fe00e2efd1280aa51065e71820901ca3fd0bf9aa117f6c0bf84765c768b1b7a","1107","1649","architecture","RGB","existing_damage","test","images/0947.png"
"0948","photo-0635.png","photo-0635","0948.png","real_damaged","赫达·莫里逊中国相册（Hedda Morrison）","","","","6ec800c8cad9db32097ebd60aae2d586eea8b0514ee08ca9b47d550acfd5b6f1","405868dd8adfcfd25f6a0772e22ddc9b867235e3864fc880c38388f171358e40","1106","1649","architecture","RGB","existing_damage","train","images/0948.png"
"0949","photo-0636.png","photo-0636","0949.png","real_damaged","赫达·莫里逊中国相册（Hedda Morrison）","","","","b4a790fa9b667ae9655f98e4604dd0cd0fd46f41df065e62033af8d29de70a7a","5a0f78438f1fc903c8b8d20bf8e8271b5557e7f08137d58d2e5d48bdab2ce065","1121","1654","architecture","RGB","existing_damage","train","images/0949.png"
"0950","photo-0637.png","photo-0637","0950.png","real_damaged","赫达·莫里逊中国相册（Hedda Morrison）","","","","44f02b41f16ae038de34c8a2999c781b122d1400c878a40016e9d91464358fec","025f1c9ba16baf2f2ea09fb13069855ca6203bd68c8bafea0ac807271ac6517e","1106","1654","outdoor_scene","RGB","existing_damage","train","images/0950.png"
"0951","photo-0638.png","photo-0638","0951.png","real_damaged","赫达·莫里逊中国相册（Hedda Morrison）","","","","4ba5acc1901823c6ff85d49489c52c0d1117aea86fbc4b522356896861222a1a","269e76512ed467972d2431bd9a16086b97652e840d643df5a7c062ceeb0b716c","1106","1644","architecture","RGB","existing_damage","train","images/0951.png"
"0953","photo-0640.png","photo-0640","0953.png","real_damaged","赫达·莫里逊中国相册（Hedda Morrison）","","","","f546540dacc34f2b9b4439b7785d6c872a93a97e8927c6d4824a9e790b1ea794","9342e9be4f14653c2007d1fbd57b3d32f1b9d9e561aca111fc41ca2e92abf5f3","1107","1639","architecture","RGB","existing_damage","validation","images/0953.png"
"0954","photo-0641.png","photo-0641","0954.png","real_damaged","赫达·莫里逊中国相册（Hedda Morrison）","","","","c0aa371a986a2f2dd0ffccd376a10dca924111ada9e47d18d6120618afcbab9b","ad31b3401941c02147fab02c17b82bad26c8891a2b1288bb8b0dc11e1b8c00de","1096","1639","outdoor_scene","RGB","existing_damage","train","images/0954.png"
"0955","photo-0642.png","photo-0642","0955.png","real_damaged","赫达·莫里逊中国相册（Hedda Morrison）","","","","16f6f3cacf0b9374ce12da8c7cdd1a9f950dedb91c361280c0c9ffe6f6d19b95","b017149c4a39fbd341bbfe2539ba844c6c618aaeec012ba02c7e097e6d867bc7","1320","1853","outdoor_scene","RGB","existing_damage","test","images/0955.png"
"0956","photo-0643.png","photo-0643","0956.png","real_damaged","赫达·莫里逊中国相册（Hedda Morrison）","","","","e3ad619cd959aa70aad48babe64fdf2811334d86a7fe4bf04530e090a799d9a4","b346bea012c8d0f2608c2e264cf7dc2789b3bedb5bf501d953605015ac7a39ae","1329","1852","architecture","RGB","existing_damage","train","images/0956.png"
"0957","photo-0644.png","photo-0644","0957.png","real_damaged","赫达·莫里逊中国相册（Hedda Morrison）","","","","2bdc70ff00876ded193bfd21f4478779a137f8a8d8fea7ed12e624edee2999db","90c003e6372d7188eff38a0895e25a81e5207e60dcc4d5e4e54b3c40428dba20","1335","1598","architecture","RGB","existing_damage","train","images/0957.png"
"0958","photo-0645.png","photo-0645","0958.png","real_damaged","赫达·莫里逊中国相册（Hedda Morrison）","","","","c8a34db383926d200a1fead24bd634e96545b6cbdf7cce5fb4739b5d168c8cf9","f3650b034840bff444635be5077fca3a526846ad37714863ca4f821d6a8fd47a","1330","1584","architecture","RGB","existing_damage","train","images/0958.png"
"0959","photo-0646.png","photo-0646","0959.png","real_damaged","赫达·莫里逊中国相册（Hedda Morrison）","","","","16750f94fa2df7b234ca9fa224c79d97f9f8686e5b50e8f32b5e1e01ebd7737e","6564005d2f61ae626e436b218d8069e1235e1da2eb9b1d66452a8acf8139f0ff","1324","1853","architecture","RGB","existing_damage","train","images/0959.png"
"0960","photo-0647.png","photo-0647","0960.png","real_damaged","赫达·莫里逊中国相册（Hedda Morrison）","","","","1125e059f5380f0ad5c4ab1e935c6ccf6adb4513f83e564fdaf365dce797c6f8","70dc91d902d025c2d40ad482feec1f78290ef0a7b0ea516c6f0d2de5817a9d1c","1325","1852","architecture","RGB","existing_damage","validation","images/0960.png"
"0961","photo-0648.png","photo-0648","0961.png","real_damaged","赫达·莫里逊中国相册（Hedda Morrison）","","","","c94422efbe992ff645ad6f92d4e38705dc78de0a293a272cd7b232ef4fd8dca4","459062d9edab01483567d87406450f41ea92f2c08b225eb1b410fcffb0579e63","1848","1167","architecture","RGB","existing_damage","test","images/0961.png"
"0962","photo-0649.png","photo-0649","0962.png","real_damaged","赫达·莫里逊中国相册（Hedda Morrison）","","","","61f34447d135bc6970ba8a13b4661178b563be51413247e706b0103e09252b06","e5b1324506dc32bc3883bcd71709fc852ed1cbfab7fab73134a87412dd8f1c69","1335","1857","architecture","RGB","existing_damage","train","images/0962.png"
"0963","photo-0650.png","photo-0650","0963.png","real_damaged","赫达·莫里逊中国相册（Hedda Morrison）","","","","8388afcc8c67129c2c33a93045513b1acbca8badf737ceb8742b80ff8a39d5b6","80098096017c4ea1338ca4576a009b9d045ae0aeb2aecc8d7f654f7fb0e5ca41","1349","1867","group_portrait","RGB","existing_damage","validation","images/0963.png"
"0964","photo-0651.png","photo-0651","0964.png","real_damaged","赫达·莫里逊中国相册（Hedda Morrison）","","","","cedc649a21fa6c0271c424d9dcfb2197beb79750f970a15c0cbdbb830816f8b7","f8f1effdf4fe839df8f65e67f2b85edbe015626476500ac6bce2f3ed22b3933f","1330","1858","outdoor_scene","RGB","existing_damage","train","images/0964.png"
"0965","photo-0652.png","photo-0652","0965.png","real_damaged","赫达·莫里逊中国相册（Hedda Morrison）","","","","b8e34c4f48634b6fd18be50b883e02edad8767215ac5caf2dbb5534d42408871","7c33f845d576fc3736827bd026ceedb19a7be7a56d05cca2321ba3961319c6cb","1325","1847","single_portrait","RGB","existing_damage","train","images/0965.png"
"0966","photo-0653.png","photo-0653","0966.png","real_damaged","赫达·莫里逊中国相册（Hedda Morrison）","","","","3e0ff36c2df4ddcfc46bc348d9dab7cc44fc6654f28ece70507a4553ca3449b4","d16cf891ec2c51b820fb4af8c403887e200c17ea5892323c015b95ab302d4edc","1355","1873","single_portrait","RGB","existing_damage","train","images/0966.png"
"0967","photo-0654.png","photo-0654","0967.png","real_damaged","赫达·莫里逊中国相册（Hedda Morrison）","","","","915cd18fe139c372bc50a6c15f4cb119d6d800bb2f8e6d2779348189be7e1580","aec1660e5461b5d6f0022f1c5b9f16e3ac7e0f2c545ce213aa922cd5e7cb9871","1324","1847","architecture","RGB","existing_damage","train","images/0967.png"
"0968","photo-0655.png","photo-0655","0968.png","real_damaged","赫达·莫里逊中国相册（Hedda Morrison）","","","","0bf5cc74c1d474027203e180877f853a90b17d43725b39bb8f97e83f3f132475","9492c3aa05e23ae390ec3c11d3c385c80857af15684a2ad7b73c061a5f391bcc","1325","1649","single_portrait","RGB","existing_damage","train","images/0968.png"
"0969","photo-0656.png","photo-0656","0969.png","real_damaged","赫达·莫里逊中国相册（Hedda Morrison）","","","","7376c36d0d588c9b66ade686a8e4880810663af0eb4e6adc7cc0b4f94b110a5b","2e6d7eddf02f328d4b7e97fe1d39247a5785c74d8809d586e9887ec4d37a5146","1325","1847","architecture","RGB","existing_damage","train","images/0969.png"
"0970","photo-0657.png","photo-0657","0970.png","real_damaged","赫达·莫里逊中国相册（Hedda Morrison）","","","","62ae007cbde1d3958f28cefccce4c75360f00741ae24d81639e97bb240f1c008","633f997722dd365f744b16b2cfec29421b1dea840e5c0f6ae3a42d7ac2e76c37","1320","1517","group_portrait","RGB","existing_damage","test","images/0970.png"
"0971","photo-0658.png","photo-0658","0971.png","real_damaged","赫达·莫里逊中国相册（Hedda Morrison）","","","","492a45a424ed73f49f4eb8ef03bfa9e50db84ab3885667053d09d4fc2ddfd667","988a276f5af27b93c2e54f8c27331ee5a3869fa0ba2c227f9779917e324c8b1e","1320","1847","other","RGB","existing_damage","test","images/0971.png"
"0972","photo-0659.png","photo-0659","0972.png","real_damaged","赫达·莫里逊中国相册（Hedda Morrison）","","","","2efb38b711ca0e46a61ddb677be3d717518abd125ce5eea7e90663308eb018c0","61d7affda3b775ea05c0c4c110cebab072683039e48c01d38ebe01545032a7c2","1330","1852","other","RGB","existing_damage","train","images/0972.png"
"0973","photo-0660.png","photo-0660","0973.png","real_damaged","赫达·莫里逊中国相册（Hedda Morrison）","","","","e96703ac2ddde65432b634adb27972db3d2dec3359300003b43fad5d685cfbac","5b675d180ffe407b2c17eb6fc4b69b084d5cabea501cd6f1a142f0d496b50ad0","1335","1857","group_portrait","RGB","existing_damage","train","images/0973.png"
"0974","photo-0661.png","photo-0661","0974.png","real_damaged","赫达·莫里逊中国相册（Hedda Morrison）","","","","95cc5732eed44023404054105f72a35c868a8165c4398f4b4b67b3e472598834","5e609340ab77b2544db8dd3e3b73067e7029a29fe64697c94d2dbeb75b611df4","1847","1325","group_portrait","RGB","existing_damage","test","images/0974.png"
"0975","photo-0662.png","photo-0662","0975.png","real_damaged","赫达·莫里逊中国相册（Hedda Morrison）","","","","ad097a3207f12ddab40bfc27e3d44c33cf23b64a93fb64d293227e47a652e08d","50bc423f7720645a5e4c30c1bfbedbbe4d87bd5893ecac6cc457193734d5457a","1339","1858","architecture","RGB","existing_damage","train","images/0975.png"
"0976","photo-0663.png","photo-0663","0976.png","real_damaged","赫达·莫里逊中国相册（Hedda Morrison）","","","","743a4674962c062b669a70a9d68e93a709d79330ffbc2fd590cd9250a10a920f","38b6c4f8a1e87b894c0fff01679f2838278f86b48e0dc8f862bb9c8512263b55","1406","1888","architecture","RGB","existing_damage","train","images/0976.png"
"0977","photo-0664.png","photo-0664","0977.png","real_damaged","赫达·莫里逊中国相册（Hedda Morrison）","","","","c5f7714a4f176b31ed44c41884d4474b9cb13acf3efd5d3a7a950e88bfd72b0e","b6e337eac80a84a2faa70f56f597b5d58f02666c13fde23e514831f5b1bb276c","1852","1320","architecture","RGB","existing_damage","train","images/0977.png"
"0978","photo-0665.png","photo-0665","0978.png","real_damaged","赫达·莫里逊中国相册（Hedda Morrison）","","","","751771e733c8c401020b994e2dee9e1f2aae1c29bab81cc4271fe8a37b146e16","7947fd172cf07e87ae279418cf495090b25def3e0e757a2e39c6b7330fe65fbd","1330","1842","architecture","RGB","existing_damage","train","images/0978.png"
"0979","photo-0666.png","photo-0666","0979.png","real_damaged","赫达·莫里逊中国相册（Hedda Morrison）","","","","2d3ae3d7e5ae02242aa079f53ec3b4fb74b36fc88068fec71564dbca8d5e480a","ce21582705613421dc6193fb0bf6a6d6b11b7617c179bf62b2dadf8eb72dfde6","1903","1365","architecture","RGB","existing_damage","train","images/0979.png"
"0980","photo-0667.png","photo-0667","0980.png","real_damaged","赫达·莫里逊中国相册（Hedda Morrison）","","","","78e8c6d69abe4b3b14c691270507f5623ba55afcd1d674dc65bcd94e5dfc38ff","f846973153a2108e3cbbd3cd6b93ab99768d18d7cba8f6ac64ea3a495a1523bb","1898","1350","architecture","RGB","existing_damage","train","images/0980.png"
"0981","photo-0668.png","photo-0668","0981.png","real_damaged","赫达·莫里逊中国相册（Hedda Morrison）","","","","4f78c82657e8c38600c923a4744f5e0d503bbfecce2e7cf05cfbdd049e7d2e4b","c4700794845f2010301ec60cebbf98dbb62d3a6e388b0c43a9e3fa7cd30733c6","1324","1847","architecture","RGB","existing_damage","train","images/0981.png"
"0982","photo-0669.png","photo-0669","0982.png","real_damaged","赫达·莫里逊中国相册（Hedda Morrison）","","","","d92fa8a86134f8d9ab84e234d97b5d517fbe867d26ae5ddf636bba8c7f85c0cc","9765728b25b606e832b3b934b454be7c7bca05055ec37e8f5c57e3c95f874504","1102","1649","architecture","RGB","existing_damage","train","images/0982.png"
"0983","photo-0670.png","photo-0670","0983.png","real_damaged","赫达·莫里逊中国相册（Hedda Morrison）","","","","c09c8ea29bd9572fcc0a156b3184c820462cee868ebcaad92aa5aa1170c176c4","a741748bd83fbe393582b564db8df221726bd64c21efb4ddefc0157356134fa0","1426","3552","architecture","RGB","existing_damage","train","images/0983.png"
"0984","photo-0671.png","photo-0671","0984.png","real_damaged","赫达·莫里逊中国相册（Hedda Morrison）","","","","1f82066842fcc0b8d846360206b00c6f2ba8de141564de891cf4fad69d8ff832","adf468150eb9cd4a1160f265aac90e3861c9b99bb9006f8d40aa4a56bad9bd82","1096","1639","architecture","RGB","existing_damage","train","images/0984.png"
"0985","photo-0672.png","photo-0672","0985.png","real_damaged","赫达·莫里逊中国相册（Hedda Morrison）","","","","b2205ddb91b7a924e320c70e70d91e0a677ea77c401b8ed4ff21d7dea43e463c","8ed1cd631a1ead0038d3bbf8d66cb2c70a1e637634ab8f540a809ed51b08ac86","1096","1644","architecture","RGB","existing_damage","train","images/0985.png"
"0986","photo-0673.png","photo-0673","0986.png","real_damaged","赫达·莫里逊中国相册（Hedda Morrison）","","","","2465e36662fb1d5bae5ddfe9ece8570e96f678463d1303618adeb2339c267299","f7808815cebe3cb62bb54e1ada0300691180784c41f8d5b320c1aae88f9c27ee","1096","1629","single_portrait","RGB","existing_damage","train","images/0986.png"
"0987","photo-0674.png","photo-0674","0987.png","real_damaged","赫达·莫里逊中国相册（Hedda Morrison）","","","","66ca6c41a341d79fff31020f4ba4e392e9bd790ba1f6c1a1afef35b75afe858b","028bc43b0baf508594825ce8885749af6a9452d584a655f85b89073eb9f24dce","1091","868","single_portrait","RGB","existing_damage","train","images/0987.png"
"0988","photo-0675.png","photo-0675","0988.png","real_damaged","赫达·莫里逊中国相册（Hedda Morrison）","","","","2a8e608e11058f961dd0b2eeb0b104a0d2c73a6da0431637e8cb216068bd1cee","aaa16c86a3b85487d307f3523df9bce50767f8ba5e03b88291e40afc033d1a14","2100","1573","architecture","RGB","existing_damage","train","images/0988.png"
"0989","photo-0676.png","photo-0676","0989.png","real_damaged","赫达·莫里逊中国相册（Hedda Morrison）","","","","6187664fd039397001c26fedd8149cdbc89ced13709b240a5bdf729b11119be0","46d8c8642d13d2c06763cc7c0b879c5732616057764bd4597ee6a8a12ce5ccc2","2101","1573","outdoor_scene","RGB","existing_damage","train","images/0989.png"
"0990","photo-0677.png","photo-0677","0990.png","real_damaged","赫达·莫里逊中国相册（Hedda Morrison）","","","","10c4ce0786d9320306124e909efa5bc50fe42ce4bb83fafa809a731bfe44aafa","c658196a05b9db28baba9c51474a69672b2c2f43e334cd636c353b76d3cc99f7","1568","2096","architecture","RGB","existing_damage","train","images/0990.png"
"0991","photo-0678.png","photo-0678","0991.png","real_damaged","赫达·莫里逊中国相册（Hedda Morrison）","","","","5011ce7c666cfdf1cd89ddf4351deff38ba088457a65ba31993e973943611a28","f1c9556e0a07eec9afa110022b69171f73defd2c333cc54722cd8a4abef13d48","1563","2091","single_portrait","RGB","existing_damage","train","images/0991.png"
"0992","photo-0679.png","photo-0679","0992.png","real_damaged","赫达·莫里逊中国相册（Hedda Morrison）","","","","691d66ef970679feff4ae38f3bec95741ee633a4ec13a71151784d9dd1569c86","18cb71e86fa336c160130457102f0e6fdb1b6ac668754e2b9dc27d1cc4e08f71","1121","1649","outdoor_scene","RGB","existing_damage","test","images/0992.png"
"0993","photo-0680.png","photo-0680","0993.png","real_damaged","赫达·莫里逊中国相册（Hedda Morrison）","","","","0a7b3f2d574a8704b2b114cc0c1a010e1dfeeda0951c03d8e7a79e3aa59a6f0a","f109744985d1132f57252cf95cdf9eb86c961d6b6b4e8bd39846d94e9768a3c6","1182","1685","architecture","RGB","existing_damage","train","images/0993.png"
"0994","photo-0681.png","photo-0681","0994.png","real_damaged","赫达·莫里逊中国相册（Hedda Morrison）","","","","b0b7fd3121577416fb5af0d26904e65756bbae6a5bc847418e6f2c6777a07203","e207e938da7f6010c7903ddc78608c1e7b69782cc4351578fd6d9b7ac9aea65b","1654","1116","group_portrait","RGB","existing_damage","train","images/0994.png"
"0995","photo-0682.png","photo-0682","0995.png","real_damaged","赫达·莫里逊中国相册（Hedda Morrison）","","","","08e8962386fba813c2f8978dc2de792527d92603071569de949c8befbfd58d7a","80cf39e0f2fc73074dccc8ceebf3d59bb0628b9e87d749d397ba95b60bcaa6b9","1111","1619","single_portrait","RGB","existing_damage","test","images/0995.png"
"0996","photo-0683.png","photo-0683","0996.png","real_damaged","赫达·莫里逊中国相册（Hedda Morrison）","","","","f8d94a67196ac408af7297e22c908be0c0f4325a8d4fa94543bd953d2621e461","41f2fec810b62099a109f8183d1d347c3f792bc22da37c49ad0dced2f93015a2","1649","1137","outdoor_scene","RGB","existing_damage","train","images/0996.png"
"0997","photo-0684.png","photo-0684","0997.png","real_damaged","赫达·莫里逊中国相册（Hedda Morrison）","","","","1bc0a32c54c9348670af6416bb102e00fe86eca27d2a4eb7ffaf78025aab2514","48ca6b3428695550075c94150b22036b6a5501c0028fd4d78db9872ce5be9f0a","1131","1655","outdoor_scene","RGB","existing_damage","train","images/0997.png"
"0998","photo-0685.png","photo-0685","0998.png","real_damaged","赫达·莫里逊中国相册（Hedda Morrison）","","","","816bedfaea4f30590fd597a0443ff8e556bfeb0e66c81b7344439730874e5e7a","c6028994dff1ec93e7ad60238cbef76cfda3e34084ff548d17e26b2b33639e2c","1117","1300","architecture","RGB","existing_damage","train","images/0998.png"
"0999","photo-0686.png","photo-0686","0999.png","real_damaged","赫达·莫里逊中国相册（Hedda Morrison）","","","","bc93f7e6eb5f6e58c2be10e3b8f84cc9544f40984a6aebdb54b798842748547a","ffb9a23a61ebf12b99c936922fefdc4821e29295de79cecd2a9f52d53882189d","1639","781","architecture","RGB","existing_damage","train","images/0999.png"
"1000","photo-0687.png","photo-0687","1000.png","real_damaged","赫达·莫里逊中国相册（Hedda Morrison）","","","","ff783773bf30719f5fa5352ffec4623cbfe23fd1dba740af840212c739334737","57bd53bde58f8ae38882489320cd8de225c571abbdaa3151c440fe3a383b4267","1111","1193","group_portrait","RGB","existing_damage","validation","images/1000.png"
"1001","photo-0688.png","photo-0688","1001.png","real_damaged","赫达·莫里逊中国相册（Hedda Morrison）","","","","3fcc9b69b253b8693977a58a3274377c452e8e5196239f334d5b4c63c2005638","fa5310730ba5e264dc8f23eda3279d2276f8dfcfc8edfc0a78609756b5355a73","1659","1117","outdoor_scene","RGB","existing_damage","train","images/1001.png"
"1002","photo-0689.png","photo-0689","1002.png","real_damaged","赫达·莫里逊中国相册（Hedda Morrison）","","","","fe401373f98b1864d1b3215f7fafacd2b3bf7904fde403d3a38444fbb6bde0c1","74d9cb6e30d865985674c3815e26843699bd36305c9c274b26264b4fa435a16b","1162","1349","single_portrait","RGB","existing_damage","test","images/1002.png"
"1003","photo-0690.png","photo-0690","1003.png","real_damaged","赫达·莫里逊中国相册（Hedda Morrison）","","","","7aabe86c82dfe540fc9fe469f42f3da5734014fbee5246a61a922b8a6c063069","9b9c4c8ba13e79262fed86d606f8710780fa4f3e703ebdb5cccd419f086c9435","1665","1121","single_portrait","RGB","existing_damage","train","images/1003.png"
"1004","photo-0691.png","photo-0691","1004.png","real_damaged","赫达·莫里逊中国相册（Hedda Morrison）","","","","70fcb73bdbd2b32ecff4f02016dee1d74afda14ce24fe004fc2f9530a80ba220","3780935adcb092fabc90704bfbac2510025619088724c0b81ed0459a6c26a714","1112","1365","group_portrait","RGB","existing_damage","train","images/1004.png"
"1005","photo-0692.png","photo-0692","1005.png","real_damaged","赫达·莫里逊中国相册（Hedda Morrison）","","","","9c7becf1789b992ea50ab212cbed2dda3f5cfbabbeaa7cc48469b259e87cdac3","b1b507dae07bd4a1bf955eaebc07f6fca7489b9e5937af36f76d667e13a92ac4","1650","1121","group_portrait","RGB","existing_damage","train","images/1005.png"
"1006","photo-0693.png","photo-0693","1006.png","real_damaged","赫达·莫里逊中国相册（Hedda Morrison）","","","","43019524bdebbe82ef93f3fb7935a2fb54bdc6bf66035657a8a50687b406dbbc","df5e83a342dc9d08d32457ff1dab8cf5ef921e7e47ff889b45f415334653abee","1116","1147","other","RGB","existing_damage","train","images/1006.png"
"1007","photo-0694.png","photo-0694","1007.png","real_damaged","赫达·莫里逊中国相册（Hedda Morrison）","","","","2fd7f5dce5ef4c9fc16e2b299d0b4b4f7ede2e4d5c366692b240dbbfce4f67e7","a8895070e5b400748cd28a2f7fa351d61350719e8df55a29dba6354eb710d93b","1640","903","group_portrait","RGB","existing_damage","validation","images/1007.png"
"1008","photo-0695.png","photo-0695","1008.png","real_damaged","赫达·莫里逊中国相册（Hedda Morrison）","","","","e518eb12e67c40962d28dd8b76b31fbc0083d511f82f5f52b1ad69439ed18cf2","c4c86fb85b3f01d893f336b6ddcd3f6b536afa0b4d728952dbe059869931434a","1650","1121","group_portrait","RGB","existing_damage","test","images/1008.png"
"1009","photo-0696.png","photo-0696","1009.png","real_damaged","赫达·莫里逊中国相册（Hedda Morrison）","","","","701dd376d848e6be5747921c16d1dab782682c88fbfb5ebaaeb202a720da1b48","00286ab1d41bd4b542574e40db7ecce0076b9efcd8b72602151dbd2811f1ffd0","1639","843","outdoor_scene","RGB","existing_damage","train","images/1009.png"
"1010","photo-0697.png","photo-0697","1010.png","real_damaged","赫达·莫里逊中国相册（Hedda Morrison）","","","","5dd819448cd3a057c64424e23762d0f80f99e096acb5792a01b19d76344b2fe8","168ebece7f769c775e4bcb203f79c1a3c85382e387ae1a468ac99097caf5068d","1116","1330","group_portrait","RGB","existing_damage","train","images/1010.png"
"1011","photo-0698.png","photo-0698","1011.png","real_damaged","赫达·莫里逊中国相册（Hedda Morrison）","","","","c22dcdcc46cd7c8671dc01ee900c33d0abed18882096f0c6b42e50ef1813c599","bd3d9d161edc4af646413417ca2523f13c914f7b227f9191bf8819cf8d5c3c8a","1010","1020","architecture","RGB","existing_damage","train","images/1011.png"
"1012","photo-0699.png","photo-0699","1012.png","real_damaged","赫达·莫里逊中国相册（Hedda Morrison）","","","","3c8b99e2ba45b4587d104b4eead284bf93f40a68735dc7c4892c7d7342060507","36aac79b076892a5a37035c65dea65b87bc2c40e1393d08b4467952803f8f49b","1004","1015","group_portrait","RGB","existing_damage","train","images/1012.png"
"1013","photo-0700.png","photo-0700","1013.png","real_damaged","赫达·莫里逊中国相册（Hedda Morrison）","","","","ad968fab3620dffc8e521f8ee80503080ca630b64f5f2f836149fca3e147cb4d","36910024e7d2328325ddc073ade3fc3d51d6e73c61edab8049f7bca1686ade8b","1010","1025","single_portrait","RGB","existing_damage","validation","images/1013.png"
"1014","photo-0702.png","photo-0702","1014.png","real_damaged","赫达·莫里逊中国相册（Hedda Morrison）","","","","69de1bfb353e3a2785800c700e6635a56c64b273f47a5449dcf2553361792f79","86582b00b1af154413b472d0f27604b3c0eb94ee6a099dbe3ffcbf8d360be34d","1122","1649","architecture","RGB","existing_damage","train","images/1014.png"
"1015","photo-0703.png","photo-0703","1015.png","real_damaged","赫达·莫里逊中国相册（Hedda Morrison）","","","","57f66bc99442d3589c6a72e48627753556031e980b607bd098b3f2f3f01cd48b","ff2c3dd7911508e353fc94f9221291a0087d68655c979db05e4c47fe1b0cfafa","1107","1472","architecture","RGB","existing_damage","train","images/1015.png"
"1016","photo-0704.png","photo-0704","1016.png","real_damaged","赫达·莫里逊中国相册（Hedda Morrison）","","","","d4c4250f98859a0f1559abc485990d46e38cf869724bf25ad6f8aeadbef86266","e991123d8ae8d1b949f7499b287bc37f9c95f26564a929354e70afd7aadf907b","1111","1639","architecture","RGB","existing_damage","train","images/1016.png"
"1017","photo-0705.png","photo-0705","1017.png","real_damaged","赫达·莫里逊中国相册（Hedda Morrison）","","","","02affcdf851fd20001c266838876d4bcebecc32eb29530206e1290570f87cbe2","8d02ac9205e9aaabb620f311437887cfc340267b758f84715102ca53e773a2ed","1122","1457","architecture","RGB","existing_damage","train","images/1017.png"
"1018","photo-0706.png","photo-0706","1018.png","real_damaged","赫达·莫里逊中国相册（Hedda Morrison）","","","","7191f4a8bc73cd53334bc5a9ca067780a5a2e0e36a5818483c9e2d2c33518e66","ec342c082dca2278c6ae3c8f0cbbfdb050a04bc8d0245bbb3ab96290a9b867bd","1126","1649","architecture","RGB","existing_damage","train","images/1018.png"
"1019","photo-0707.png","photo-0707","1019.png","real_damaged","赫达·莫里逊中国相册（Hedda Morrison）","","","","f9a1e4c9251597b29f42072fb9754831aae132a6b9f34f38d73042080cfe6ced","e6700deb84a1ba9fb2993405797f736091ef92b5a0e43715ae349c58e2f9ad20","1121","1376","architecture","RGB","existing_damage","train","images/1019.png"
"1020","photo-0708.png","photo-0708","1020.png","real_damaged","赫达·莫里逊中国相册（Hedda Morrison）","","","","22fcd9c0953e20bb3cee1756e3e18b266483f99426aa80c45327d35d4576e36a","06a5f749b21b56f0a40b135b9e7de7d9d53ece22f9aaf550fd7650a0b3c586d7","1116","1654","architecture","RGB","existing_damage","train","images/1020.png"
"1021","photo-0709.png","photo-0709","1021.png","real_damaged","赫达·莫里逊中国相册（Hedda Morrison）","","","","fc5a3e46004c7e2b7ec09891a647f936bfec1c961d742863062ea8e9089dabcc","b03382d0fdf700d067112f86855786407ad7758fe40fee16c8377bd6a2232066","1131","1644","architecture","RGB","existing_damage","train","images/1021.png"
"1022","photo-0710.png","photo-0710","1022.png","real_damaged","赫达·莫里逊中国相册（Hedda Morrison）","","","","0d5739fd089c1520861fed3b7a62a3c48f8a7d8c1acaa94e03daef279cde548e","35e01d18dd2e6cac6f9aea51777bb02f2df09a1e87cb2d1598fe68f49026d654","1116","1462","architecture","RGB","existing_damage","train","images/1022.png"
"1023","photo-0711.png","photo-0711","1023.png","real_damaged","赫达·莫里逊中国相册（Hedda Morrison）","","","","ff79c2014cc65b767b317436bdffa533714355f2f4e5b84e1bf9ee611ac8300c","c7c3c8ddfea27ebaa2b2a13d78d0f9222e81f8a9e25ea2eedf93fcc20312fdb9","1111","1629","architecture","RGB","existing_damage","test","images/1023.png"
"1024","photo-0712.png","photo-0712","1024.png","real_damaged","赫达·莫里逊中国相册（Hedda Morrison）","","","","ddb30a1b0b6df5e3414ae840a6b9dc837e92648397e61547f24bcfc192cb39a2","e9e540834cfd3f528a4495eccb21038411287de2845e3ec507e067d947e35068","1644","1106","architecture","RGB","existing_damage","train","images/1024.png"
"1025","photo-0713.png","photo-0713","1025.png","real_damaged","赫达·莫里逊中国相册（Hedda Morrison）","","","","ed236cf2785b2728a6ed2f600d2f4ce0bc0c3500bb14f7643f2b90e1e972d1ea","4f6b833284fe67ed22ef7066ba83a24b1803df59720475b91c5ee441d2d7af34","1107","1507","architecture","RGB","existing_damage","train","images/1025.png"
"1026","photo-0714.png","photo-0714","1026.png","real_damaged","赫达·莫里逊中国相册（Hedda Morrison）","","","","81799883df8c064ea2b28abacc62023c12111fb877dfc11665b81bce59648813","161fde5be703e7c3f5aabfd714d2071543f0185085abf8531c12fb7fdc840e12","1695","1136","architecture","RGB","existing_damage","test","images/1026.png"
"1027","photo-0715.png","photo-0715","1027.png","real_damaged","赫达·莫里逊中国相册（Hedda Morrison）","","","","5303bdd347e0d16f7e292099305a27e4c71b0556705cba9453e35b2a5659eb6d","fc1c138bb549d5ccb4ca3e25bc5c4017473835b2dfca79fddd2d1cdc79c32f7a","1126","1649","architecture","RGB","existing_damage","train","images/1027.png"
"1028","photo-0716.png","photo-0716","1028.png","real_damaged","赫达·莫里逊中国相册（Hedda Morrison）","","","","f65320a8b0c7a555b2fdd2968862749dea745ecb5705810133210d69f5be8884","777cb522cbecc328da9ec2baf6b2a2950e52adae8e0785b5ac1eac3a65882a79","1121","1650","architecture","RGB","existing_damage","train","images/1028.png"
"1029","photo-0717.png","photo-0717","1029.png","real_damaged","赫达·莫里逊中国相册（Hedda Morrison）","","","","8eeb155a024c6e706a257373cb35e14889393819409594fecb399d5d3ef2ea4c","ec166fa5482b7f98a6754da85e3ac17c18f67dd33b9c46849b005c27855fe835","1122","1649","architecture","RGB","existing_damage","train","images/1029.png"
"1030","photo-0718.png","photo-0718","1030.png","real_damaged","赫达·莫里逊中国相册（Hedda Morrison）","","","","e7254c1f78a3c44d890adf135ff0804ed6762ecc4e069671f4efc57f2e917291","34b473d9761a59939703d7184334f5e75be870cfb5a935825fa96e74d626e07a","1122","1213","architecture","RGB","existing_damage","train","images/1030.png"
"1031","photo-0719.png","photo-0719","1031.png","real_damaged","赫达·莫里逊中国相册（Hedda Morrison）","","","","f48ea107f8e1f35c3add7ab2559ec4df7e4708fb3b0f74edbf6e31fa67eca5dd","07c32f2a564296932b17b5e39036d59b1aa1ab023a28054d7685c1bfc52fcf02","1122","1654","architecture","RGB","existing_damage","validation","images/1031.png"
"1032","photo-0720.png","photo-0720","1032.png","real_damaged","赫达·莫里逊中国相册（Hedda Morrison）","","","","9bd694be8ddc0e503d84d28b9acdc385497578f5dc5fc92ee57a3f0567d149d3","f823dd2d4cd2b1103da65fc1f189cca3eedefc501179a9f83a63ae3c4b320ff7","1111","1644","architecture","RGB","existing_damage","train","images/1032.png"
"1033","photo-0721.png","photo-0721","1033.png","real_damaged","赫达·莫里逊中国相册（Hedda Morrison）","","","","099e0039fc752294ea2105fc3402a1381b97ee5ce62ee80f51e3589fd2513ad4","4c6f855967cd576eed3d91906f33b23026177d1739971518ee3631a4305af5c7","1122","1655","architecture","RGB","existing_damage","train","images/1033.png"
"1034","photo-0722.png","photo-0722","1034.png","real_damaged","赫达·莫里逊中国相册（Hedda Morrison）","","","","b9a8bdde21a8f295e03f8fbe3bfd14332c5ac89ca7b2112638e1cd0351560afd","03495126e0a84b833880940e48add27212ccc792890cd575e01069a571b83fae","1107","1492","architecture","RGB","existing_damage","train","images/1034.png"
"1035","photo-0723.png","photo-0723","1035.png","real_damaged","赫达·莫里逊中国相册（Hedda Morrison）","","","","3e4d9fa62ed66d7ece9fc1237f2e66efaab02c92b46c2c575eb599f98177fed1","35f1df4fa9dbe43053ce57d312e75048622ad49c336d76cd9e7dec7ceed76f2b","1654","1076","architecture","RGB","existing_damage","train","images/1035.png"
"1036","photo-0724.png","photo-0724","1036.png","real_damaged","赫达·莫里逊中国相册（Hedda Morrison）","","","","0d58e4a0265b201d300dce9c2587ce5edda2abcae75c08ab3333434c5602c072","e48f0e5b0120d072ad20501a1f38e8fa530d523a7c251aba802f2c31f3cdd66d","1654","1121","architecture","RGB","existing_damage","train","images/1036.png"
"1037","photo-0725.png","photo-0725","1037.png","real_damaged","赫达·莫里逊中国相册（Hedda Morrison）","","","","5cb2d52e761c121a34f410074e66dcfc2b0c89c81b6d3debaef402a1d751fc00","04b340c9536d6b7a4c7c90f0a6a64e85e566b76900c91603e20ef99805ed5a60","1091","1634","architecture","RGB","existing_damage","train","images/1037.png"
"1038","photo-0726.png","photo-0726","1038.png","real_damaged","赫达·莫里逊中国相册（Hedda Morrison）","","","","5335602f9f3bac814afda684f52327f3016aafd07bc776a880cf564c2feca5b8","f1478951ca8c371db6b865d5f0ddb07aed5d2e957eb77558bb6256e8f60c5ab1","1639","1102","architecture","RGB","existing_damage","train","images/1038.png"
"1039","photo-0727.png","photo-0727","1039.png","real_damaged","赫达·莫里逊中国相册（Hedda Morrison）","","","","4dee2a9f9a8fda021defc1c767b84fc2477188c8b5612c558312089aab8690be","413e7f8b3a86361b5c4fb964a509ac76544d1c80f5f2c5551f54053c5ce7d310","1157","1685","architecture","RGB","existing_damage","train","images/1039.png"
"1040","photo-0728.png","photo-0728","1040.png","real_damaged","赫达·莫里逊中国相册（Hedda Morrison）","","","","2d2fc39a12206471b836307103d2442cc845e45c73472ad6dd554b66a27dcc95","2acac43e725e61078c8ce36d67abd92413713a3124cb9cc0e86472ebb4e5813f","1173","1517","architecture","RGB","existing_damage","test","images/1040.png"
"1041","photo-0729.png","photo-0729","1041.png","real_damaged","赫达·莫里逊中国相册（Hedda Morrison）","","","","dd0885369367a8281bc19567ea6792f16f8ac6a9bddb7cb1e2382afbeb17ae81","187d1c1d206c2162917a60367bfb0209eaded6ff1a37de52f77980aad4f570fd","1116","1476","architecture","RGB","existing_damage","train","images/1041.png"
"1042","photo-0730.png","photo-0730","1042.png","real_damaged","赫达·莫里逊中国相册（Hedda Morrison）","","","","542d01d914e3d5c9527aebfb4b85d53a85901d0fc8847dd9f1a5b998a643bb85","7e52f3f29b90f98ace6373154dc6d74d001a9681faa23925bde1410f44c5daea","1141","1669","architecture","RGB","existing_damage","train","images/1042.png"
"1043","photo-0731.png","photo-0731","1043.png","real_damaged","赫达·莫里逊中国相册（Hedda Morrison）","","","","2e16d8d4f7c0b10d850fa01c654ff8fefe11050fac594cd97a47fbd7270f1ccc","23ac0bdde4b24999c3627022da85877c7e875b3e11b9f3f028522373f4f5f645","1147","1649","group_portrait","RGB","existing_damage","train","images/1043.png"
"1044","photo-0732.png","photo-0732","1044.png","real_damaged","赫达·莫里逊中国相册（Hedda Morrison）","","","","bc0db3b07941c23c798bca7bacac390059ccb87d4e8fff86469fe721e21f5561","dc1aae2b52b2f3aebe6214573c1fdc25e6fade1ae550f99a462c7626c627f956","1127","923","outdoor_scene","RGB","existing_damage","train","images/1044.png"
"1045","photo-0733.png","photo-0733","1045.png","real_damaged","赫达·莫里逊中国相册（Hedda Morrison）","","","","3a6fcda79d5c7b7f42173a0cde180e2d49e30d488987fef5c2c199cc02f51d0e","3b0a7b154831a1e98c370c5df52df41c5e6ce75209d2b8841f3392974c7c417a","1131","1000","outdoor_scene","RGB","existing_damage","validation","images/1045.png"
"1046","photo-0734.png","photo-0734","1046.png","real_damaged","赫达·莫里逊中国相册（Hedda Morrison）","","","","d0cedfbd6ccee4b85910ae6351f66c7e9fe0475b39050c9d11b0a34cdd7c7a1f","1874d791f91b5e6d3b0211ae3ba599071056034dd24384569769e132be568a3b","1137","1380","group_portrait","RGB","existing_damage","train","images/1046.png"
"1047","photo-0735.png","photo-0735","1047.png","real_damaged","赫达·莫里逊中国相册（Hedda Morrison）","","","","161d8e201d5af01e6e5dfbe592de3469e9f34e2a5488b9a5b3457daec6016315","a6554fda3bd4f2b066a20bce5bcd7d67cc17659aa323f7bd598109ce5c05803a","1131","1649","outdoor_scene","RGB","existing_damage","train","images/1047.png"
"1048","photo-0736.png","photo-0736","1048.png","real_damaged","赫达·莫里逊中国相册（Hedda Morrison）","","","","990b9a741a8908606ba55a9f3c131064b65e072ffb7e2c6a89a5e455129569ef","0a747a0afe4baff946aafbc52bbe9669356b917db8bf9c637397722bfd6df837","2151","1532","group_portrait","RGB","existing_damage","train","images/1048.png"
"1049","photo-0737.png","photo-0737","1049.png","real_damaged","赫达·莫里逊中国相册（Hedda Morrison）","","","","e9d5fadb771a1e0e43618d86872c844ecb8f300911a0fd64a0af33bea48ed2c5","b596c4764c866af9de0a11c7ce2d1936359cefbf8d619c6fd92fe826e880e481","2147","1578","group_portrait","RGB","existing_damage","train","images/1049.png"
"1050","photo-0738.png","photo-0738","1050.png","real_damaged","赫达·莫里逊中国相册（Hedda Morrison）","","","","0ae7ba98d64df03bd261d83a3b17e7278fa69522843327986b8396050b4f2f64","eb9a0d1b8855671e1feafcf42f2f8e92373fe9135d00b72186f0499c1f1c6b49","2325","1563","group_portrait","RGB","existing_damage","train","images/1050.png"
"1051","photo-0739.png","photo-0739","1051.png","real_damaged","赫达·莫里逊中国相册（Hedda Morrison）","","","","f3999baec57715616f40575e86726a23599e02198dc39908064094830fa078e6","7d4d9ebc6605378012caad593bec7b28dbe3f57e4d6236869b8ac50a6a03fadc","2314","1558","group_portrait","RGB","existing_damage","train","images/1051.png"
"1052","photo-0740.png","photo-0740","1052.png","real_damaged","赫达·莫里逊中国相册（Hedda Morrison）","","","","16defbd988629b981cae8e1889896eff217b8769835fe05e938f84e3fe1969cb","4d9ca11370f973b5a6a569bcf7f7d1444cbb7c522922f6e935715dd928b7eb0c","1584","2101","group_portrait","RGB","existing_damage","train","images/1052.png"
"1053","photo-0741.png","photo-0741","1053.png","real_damaged","赫达·莫里逊中国相册（Hedda Morrison）","","","","a112b2f551d6e88b6e72b188d565339f96629a65aabcaccff86720f45f204ff5","0900bfa8c3cd39bd41937bf9886294ca9ce8d799bfdd0b82ef37f8a122fef502","2105","1574","group_portrait","RGB","existing_damage","train","images/1053.png"
"1054","photo-0742.png","photo-0742","1054.png","real_damaged","赫达·莫里逊中国相册（Hedda Morrison）","","","","ca9902a7a26393df413c4fb6699d9841e7ae42f6bea614ea25e3ffd57305683c","1d6720af366b0fa699e78c59c5f2321a6c21162ea9d3d588b99066085cca8fd6","1573","2101","group_portrait","RGB","existing_damage","test","images/1054.png"
"1055","photo-0743.png","photo-0743","1055.png","real_damaged","赫达·莫里逊中国相册（Hedda Morrison）","","","","099996054c53dc2aee2065b1fed66325bfcd4855f3f5fabff8d2cf63119bad41","1b874479974d5886ac492072a0a5f85053c4fe16745b02384a03134d3c1b408f","2096","1568","single_portrait","RGB","existing_damage","train","images/1055.png"
"1056","photo-0744.png","photo-0744","1056.png","real_damaged","赫达·莫里逊中国相册（Hedda Morrison）","","","","d742db5e1385444fe08780b2f4196aaf54650cdbd5cfcdbbbff24c14bb1ea33d","e22b017700eb296f83ccf791661ead1ba8713a68ffff68350bb49eefdb110311","1822","1304","group_portrait","RGB","existing_damage","validation","images/1056.png"
"1057","photo-0745.png","photo-0745","1057.png","real_damaged","赫达·莫里逊中国相册（Hedda Morrison）","","","","0987d07d82bd6153887c1fda843b38932ccf16511862439b892987d4f7ed9e43","adbc6002d36d561ff9063c33e16cbbaa2c10698173291ac6920a8fbb1454be97","1898","1482","outdoor_scene","RGB","existing_damage","validation","images/1057.png"
"1058","photo-0746.png","photo-0746","1058.png","real_damaged","赫达·莫里逊中国相册（Hedda Morrison）","","","","5903f5ed05712717d4ff10ba71b62e295d50947ca0479a6176c14f1d50c29fef","61fd56071ee78bc2e65ffd5277c7c5eaf1c42d244841246f2af3211c81df5935","1457","1594","group_portrait","RGB","existing_damage","train","images/1058.png"
"1059","photo-0747.png","photo-0747","1059.png","real_damaged","赫达·莫里逊中国相册（Hedda Morrison）","","","","ec2bd445310d242429ea8865c37a23d69f00eb596eaeb5d07ed74fedcc4c8853","8be97017eebffcadace527c416571266f478e1cdb5a2a3177e1da96b91096769","1883","1457","outdoor_scene","RGB","existing_damage","train","images/1059.png"
"1060","photo-0748.png","photo-0748","1060.png","real_damaged","赫达·莫里逊中国相册（Hedda Morrison）","","","","262751b2ff531a0305d2ac5412f2b567926e57d6d35014776f544e217842d172","7b761cd1ab7a8a7d08be6e2e5a51782a3465b89478d005b0e69de435345dfd8b","1954","1497","outdoor_scene","RGB","existing_damage","train","images/1060.png"
"1061","photo-0749.png","photo-0749","1061.png","real_damaged","赫达·莫里逊中国相册（Hedda Morrison）","","","","9398fc664026ab74c370bc7cc4749df2560aae1981f654c40e268b34dab86076","9c9004dc8ff63ad4d0893b9f760e1334edf7fa37e4e1a856ca89b4d65592dcb7","1893","1451","outdoor_scene","RGB","existing_damage","train","images/1061.png"
"1062","photo-0750.png","photo-0750","1062.png","real_damaged","赫达·莫里逊中国相册（Hedda Morrison）","","","","1bf95a4376bbd8865692a380ec6c218901f6751bd08126f37f0d6ba319b567ed","5ebd039480d61b1551897fe19014f57063e2e623401f74555b9a12c1f05315fa","1877","1451","outdoor_scene","RGB","existing_damage","train","images/1062.png"
"1063","photo-0751.png","photo-0751","1063.png","real_damaged","赫达·莫里逊中国相册（Hedda Morrison）","","","","736403795936d0ccdc157ffa11bfd6e340df36dd06c7a76cb6229216f6604d88","e4522a0724c2bd945e85e2ea4dd720b7cb88a58dd2b4875c458052d29cf42169","1639","1157","outdoor_scene","RGB","existing_damage","train","images/1063.png"
"1064","photo-0752.png","photo-0752","1064.png","real_damaged","赫达·莫里逊中国相册（Hedda Morrison）","","","","cf6d17aabd328eca52a1c0d7b4b2854792b4154958d232ef358943d417e14490","1998f99855a2172e4f51139f089473a762778bd441213b281ff9ff02d12ea633","1106","1619","outdoor_scene","RGB","existing_damage","validation","images/1064.png"
"1065","photo-0753.png","photo-0753","1065.png","real_damaged","赫达·莫里逊中国相册（Hedda Morrison）","","","","396720a813faba6b0190abf32ff630a94f7c72a819ec679d7eb838a76b8c7d1f","a077d2bbb8eb77efd7d1b825903f41e313e4bd8088065b7931cbb007e5b27258","1634","1111","outdoor_scene","RGB","existing_damage","train","images/1065.png"
"1066","photo-0754.png","photo-0754","1066.png","real_damaged","赫达·莫里逊中国相册（Hedda Morrison）","","","","5527a0eac677778c9eb43bf6db642ee9e16a437381fb7869bcacdf0d33db8876","8c9332fccfb2eb6da518f1a6a6ceed7dd494b15b415a94164bd543f3a1b7926e","1644","1127","outdoor_scene","RGB","existing_damage","train","images/1066.png"
"1067","photo-0755.png","photo-0755","1067.png","real_damaged","赫达·莫里逊中国相册（Hedda Morrison）","","","","51327dc4905b3b260fc45010be1ded343dc4759008f9c360c6aeadd619e4f36f","07167e9321e09889f62f4d75681076038af7abfb5832b20482fb88e07f20d46c","1116","1324","architecture","RGB","existing_damage","train","images/1067.png"
"1068","photo-0756.png","photo-0756","1068.png","real_damaged","赫达·莫里逊中国相册（Hedda Morrison）","","","","9c15fa6a95cc8ae9077abda7cbc177242686a7c7ad6301be5c45320b6f8c502b","82b97fa1880d8e77a3a25a4aa9cc4448779fb254ba70d6e8a51bc021bbb2a061","1101","1634","single_portrait","RGB","existing_damage","train","images/1068.png"
"1069","photo-0757.png","photo-0757","1069.png","real_damaged","赫达·莫里逊中国相册（Hedda Morrison）","","","","d068ce2ad859885d0de46c36ee8cab1a6a19d8998d03a05aba1694693823cb92","f680d413f2ff72e35f7237ef52a84dad68452d8140b2f3c2d31a9416e2bce32c","1725","1152","single_portrait","RGB","existing_damage","test","images/1069.png"
"1070","photo-0758.png","photo-0758","1070.png","real_damaged","赫达·莫里逊中国相册（Hedda Morrison）","","","","fc80433cc533c3c629974e1d462d6809bf5ce9fcee75fbcf85b52cd1f0ef5dea","c825ef113e4679aca0d0e88b28683cec52bb7b7b761baebdc345d5a93ee687ef","1106","1547","single_portrait","RGB","existing_damage","train","images/1070.png"
"1071","photo-0759.png","photo-0759","1071.png","real_damaged","赫达·莫里逊中国相册（Hedda Morrison）","","","","4ed235568a939e742dae6657d6c7e0c6594fa19e64d6813dda565976b5cc16a2","668b8318e71f65a760b9b56b7eed52e7ee277c39ee2cc55984e7e87b54291964","1102","1212","single_portrait","RGB","existing_damage","train","images/1071.png"
"1072","photo-0760.png","photo-0760","1072.png","real_damaged","赫达·莫里逊中国相册（Hedda Morrison）","","","","c98f403304545a86ee7edfbbe39a00efad025cb7b6a29f9fcb15a48f5c0f5c21","eebab6479260ccb2d9a96d2f8e1c543db8e1bd2c477d355ab928547624497c6e","1634","878","single_portrait","RGB","existing_damage","train","images/1072.png"
"1073","photo-0761.png","photo-0761","1073.png","real_damaged","赫达·莫里逊中国相册（Hedda Morrison）","","","","7ee5b33f5d7971dfaaae9155db1b025d96c8daddc726d5e7f6387da6b3aa3e61","17da4f99f69ad6d5e8be07107199b2952709380b54170ac97d624fcc3ff6a7c8","1102","1456","group_portrait","RGB","existing_damage","train","images/1073.png"
"1074","photo-0762.png","photo-0762","1074.png","real_damaged","赫达·莫里逊中国相册（Hedda Morrison）","","","","39e695b4bf44368500da3257591054ed403a57bb487e05104e7603e8f968d6cc","4d3ba0cc39462cb009eb4d606b34ff6f3bc37a3600e24d0ca5f438c74777ecf4","1117","1644","single_portrait","RGB","existing_damage","train","images/1074.png"
"1075","photo-0763.png","photo-0763","1075.png","real_damaged","赫达·莫里逊中国相册（Hedda Morrison）","","","","e194a5af2dd150cc5634d27da37989db12d935c0633e78dfd0b138d162758a97","99d8f20c1032593217ef5ba210e293c5578e2bdbb6d553d1396f958e356dd0b6","1101","1639","single_portrait","RGB","existing_damage","train","images/1075.png"
"1076","photo-0764.png","photo-0764","1076.png","real_damaged","赫达·莫里逊中国相册（Hedda Morrison）","","","","532f66f1aa3cdb5393f862ad9bcc6c65214d3e6729449831e372019f58d27cec","676607eeeaf40fcccd8af5efc86166c85159b2d924d76421c6cf3d5f9f0946b8","1660","1137","group_portrait","RGB","existing_damage","train","images/1076.png"
"1077","photo-0765.png","photo-0765","1077.png","real_damaged","赫达·莫里逊中国相册（Hedda Morrison）","","","","4fdca842a8bd31305ea1ca718c770639e16d09c66e6e61341fb3636dd2ef3f4d","a6938faf8538e914b03123a9e61bd0942aa48ea96cf6966b25d5c08c1cf638ad","1649","1127","group_portrait","RGB","existing_damage","train","images/1077.png"
"1078","photo-0766.png","photo-0766","1078.png","real_damaged","赫达·莫里逊中国相册（Hedda Morrison）","","","","b9840150c4f8efc93353973e3974480863c662dc2712db85d0b3d8b9d57a0d5f","baae783bd66ea79f6e95ce7c01d833d153af2ebc681affe2369bd80e539db9cc","1654","1121","group_portrait","RGB","existing_damage","train","images/1078.png"
"1079","photo-0767.png","photo-0767","1079.png","real_damaged","赫达·莫里逊中国相册（Hedda Morrison）","","","","47f6759e08bfd40483115e7887990156c5a61b72aebfc36a4c5a59d02adc9a0a","f4010de2a25dff43f96f4c4da05a5509d1ac70cd2efc40d0c874097bc7819fbf","1650","1132","outdoor_scene","RGB","existing_damage","train","images/1079.png"
"1080","photo-0768.png","photo-0768","1080.png","real_damaged","赫达·莫里逊中国相册（Hedda Morrison）","","","","832496574b61bcb92ad90371cb6bc5886131a2d1842755c8e483b9125dedccf1","b69bcff109c69628cb7041233cf481d466dc629c578f075c63935c6839290f76","1660","1127","outdoor_scene","RGB","existing_damage","train","images/1080.png"
"1081","photo-0769.png","photo-0769","1081.png","real_damaged","赫达·莫里逊中国相册（Hedda Morrison）","","","","85366a51330438e3ca4f26f0f2d239528ce509614d01ad0ab211cab6dfd9170a","29e9f46361078bee765232b6ab02b2c3fa8e5631c9ff0e33cda4d40269e72298","1644","1127","outdoor_scene","RGB","existing_damage","validation","images/1081.png"
"1082","photo-0770.png","photo-0770","1082.png","real_damaged","赫达·莫里逊中国相册（Hedda Morrison）","","","","3f487f65c788c7b2e8557932563aa31542b45bf91051591b55ea9b03c23bbee6","d4bacba7b07a076da4893608021b8c4d56ff42434777687cb7a30458186dd717","1650","1126","outdoor_scene","RGB","existing_damage","train","images/1082.png"
"1083","photo-0771.png","photo-0771","1083.png","real_damaged","赫达·莫里逊中国相册（Hedda Morrison）","","","","5e1591cb5336c4816224b790d82ca42abcd10441766144abcc674523ee745106","33ce4678de9be8828df4d1ebf89f59aab3c6ca557e201f5ab11ddea7925fc33b","1116","1644","outdoor_scene","RGB","existing_damage","validation","images/1083.png"
"1084","photo-0772.png","photo-0772","1084.png","real_damaged","赫达·莫里逊中国相册（Hedda Morrison）","","","","2c2967b7c29f2a416789662dddd7c612954b5047338df7bc1019de176634cff4","842fb99c28d576349cc27a59cc8b5188816bcd9f100e6c6926077410ccfa1c86","1649","1147","outdoor_scene","RGB","existing_damage","train","images/1084.png"
"1085","photo-0773.png","photo-0773","1085.png","real_damaged","赫达·莫里逊中国相册（Hedda Morrison）","","","","7d5b3f9d14714eaaa3038ede35169bf4bb3ef0cabca4e94d5e0b01f8dc52bd43","f310eac4c048fc793329430c54624fd4966021347983d54ddb8e62ca829a2db9","1121","1649","outdoor_scene","RGB","existing_damage","train","images/1085.png"
"1086","photo-0774.png","photo-0774","1086.png","real_damaged","赫达·莫里逊中国相册（Hedda Morrison）","","","","392374bfb23b506804d41609470b6c8ad8540b708f86ede0f48f84e20b260f8d","4c14a9e37925225ea0f4d2ab81fa6f65ae2b28b5859f1af13c6c9b56012ba1d4","1116","1655","outdoor_scene","RGB","existing_damage","train","images/1086.png"
"1087","photo-0775.png","photo-0775","1087.png","real_damaged","赫达·莫里逊中国相册（Hedda Morrison）","","","","10834a98bbbda4b7be5199f936d05dee7443fa95779ad16a14dc80a64771a8a8","f32b128cbb2a5829a1b827998638be1136a16f893dfdb772d8e8ef2c2473b4de","1660","1131","outdoor_scene","RGB","existing_damage","train","images/1087.png"
"1088","photo-0776.png","photo-0776","1088.png","real_damaged","赫达·莫里逊中国相册（Hedda Morrison）","","","","61dc67907b36c324e5d1313c20933633d763f195507afc7ce902868d9ac6265a","c1c0a89b2c22e70b8b9b32cc82e8616cf11383f0d2b271320a71ff37844c8615","1192","1695","outdoor_scene","RGB","existing_damage","train","images/1088.png"
"1089","photo-0777.png","photo-0777","1089.png","real_damaged","赫达·莫里逊中国相册（Hedda Morrison）","","","","d5d9bd3836c5997142b26248f0911a7240b331db042ecc190ab2ad06079c5fc6","5258c23bde9cde4d1317831d4c0f60d674123735ad32801bad0f2f2d342a0563","1649","1116","outdoor_scene","RGB","existing_damage","train","images/1089.png"
"1090","photo-0778.png","photo-0778","1090.png","real_damaged","赫达·莫里逊中国相册（Hedda Morrison）","","","","6aa25a9e7a93b9f15534157d4412e1824e7179157a66a339df846e39655f46a2","dad4b7bf2acba0dcb4309002e5231eb03ff46c8aa844ec04d942c5471e375a9c","1177","1695","outdoor_scene","RGB","existing_damage","validation","images/1090.png"
"1091","photo-0779.png","photo-0779","1091.png","real_damaged","赫达·莫里逊中国相册（Hedda Morrison）","","","","981ad2eae18f265fa36dde79e6d1e928cfc0c6fdbe78646e0d5253042edc9545","446c2a81b2d64fac42d0706f06d1df134788f1bfb008713cf7e6ef65f27976da","1639","1122","outdoor_scene","RGB","existing_damage","train","images/1091.png"
"1092","photo-0780.png","photo-0780","1092.png","real_damaged","赫达·莫里逊中国相册（Hedda Morrison）","","","","46c5803ddd446f67c1667d299e4681b3d5c7a37a98a84c22961d1351bbb07bff","fe50a5cc790f581bbf53b36afd3a1113b67e4e7b7ccc610549868efba0d207b3","1655","1152","outdoor_scene","RGB","existing_damage","validation","images/1092.png"
"1093","photo-0781.png","photo-0781","1093.png","real_damaged","赫达·莫里逊中国相册（Hedda Morrison）","","","","02f9aa0d3efd83951e3cdb321e55c7f3a775685872e232ff1ea7e711ae6b41ec","ca62833a66a4491fca424f6fff9dc79b5166cef428ba044028ee780abfc22c92","1116","1386","outdoor_scene","RGB","existing_damage","train","images/1093.png"
"1094","photo-0782.png","photo-0782","1094.png","real_damaged","赫达·莫里逊中国相册（Hedda Morrison）","","","","3e86f91c3b615ba5cb114fae8bb799e100a1ac17c66910f3961d12197d3b18ea","dfc33fa00fb69588849b927aca10a43685d010249db6728f14c02a47b54956f3","1126","1339","outdoor_scene","RGB","existing_damage","validation","images/1094.png"
"1095","photo-0783.png","photo-0783","1095.png","real_damaged","赫达·莫里逊中国相册（Hedda Morrison）","","","","1195fa7fb1aa3efb029b5265e281d3efd1ed44ec21fddfc949c1c94388301d6b","fbf93f39aa592711c73787ecba7d522b886ca574c7a76a04ce8438c5575e3171","1116","1365","outdoor_scene","RGB","existing_damage","validation","images/1095.png"
"1096","photo-0784.png","photo-0784","1096.png","real_damaged","赫达·莫里逊中国相册（Hedda Morrison）","","","","1f2312fb545390281ce1bc0178e713d6ff78d4178eddd8fff4490ec6ed258f83","cbe2e1c0c09aaa8568c5d8e920ed9580e11514fd71777ea3be5e2fe6171f7fe7","1121","1650","single_portrait","RGB","existing_damage","train","images/1096.png"
"1097","photo-0785.png","photo-0785","1097.png","real_damaged","赫达·莫里逊中国相册（Hedda Morrison）","","","","40b4e1b13a9d2a4762f1a8a7f32a8076c5c9ac343c7f16f3909488171150d063","e2ec0df959c109343c9213401a80b2f93b4a23b86af2711f99f8cf22debff8de","1121","1345","outdoor_scene","RGB","existing_damage","train","images/1097.png"
"1098","photo-0786.png","photo-0786","1098.png","real_damaged","赫达·莫里逊中国相册（Hedda Morrison）","","","","f51cd30b5426a8b05a214269de952c4050d28a0c86890658e5b47008f94d1136","fe6918ca0f9738309e42779e80aaead3f1f76be5f51dbc924d90ce4dc9c67b04","1112","1173","outdoor_scene","RGB","existing_damage","train","images/1098.png"
"1099","photo-0787.png","photo-0787","1099.png","real_damaged","赫达·莫里逊中国相册（Hedda Morrison）","","","","4c0f8901e7cafc465392f0ae3bf6b3a03b77e6e60ce96daaa099d49453b6757f","66b07252bf88c0abc3363ef542869bf3c1135760b469b398a4ad50bf05cfad18","1132","1487","outdoor_scene","RGB","existing_damage","train","images/1099.png"
"1100","photo-0788.png","photo-0788","1100.png","real_damaged","赫达·莫里逊中国相册（Hedda Morrison）","","","","52e027c96aa5aaf61b26d526a1350897dcc2205b2e8687152a3090fde0606437","cf4b3acb3f8a4751765e27ffb0ec7e554ce8621c2ef2c46b00009975d6bc3f88","1182","1553","group_portrait","RGB","existing_damage","train","images/1100.png"
"1101","photo-0789.png","photo-0789","1101.png","real_damaged","赫达·莫里逊中国相册（Hedda Morrison）","","","","e219e6609482c3abf0b6f73f9c12b140d1419a7244d418750697ed189dca24f1","1f5ed852e11f17cafaed63b865fc58f6c4648b68b9a7bfc8e8fb09457b9cc0d2","1122","1654","group_portrait","RGB","existing_damage","train","images/1101.png"
"1102","photo-0790.png","photo-0790","1102.png","real_damaged","赫达·莫里逊中国相册（Hedda Morrison）","","","","837f8b971ccfb7437e9e75cfa57bf9670bb32fde754605f4d6fc5c1702c2b4ab","0262eaff54653d8b41a52e68651551150fff45873424b6b001248d3ba57396b2","1137","1497","single_portrait","RGB","existing_damage","test","images/1102.png"
"1103","photo-0792.png","photo-0792","1103.png","real_damaged","赫达·莫里逊中国相册（Hedda Morrison）","","","","083c914ea02ee269c9fe3b03d5d5a96764ca8e8dc2eff919ac75d03ede3af0da","678ea22057ea32625927d80ca86c5d06bc30af14c63a82166af28e75d872800b","1507","2035","group_portrait","RGB","existing_damage","train","images/1103.png"
"1104","photo-0793.png","photo-0793","1104.png","real_damaged","赫达·莫里逊中国相册（Hedda Morrison）","","","","41bb333bbc69d50bd6dd755baab1ac244971c91ba162b6f6ec27fdae57a2dee8","e1198fe64cda75b61b36964809af61d16995a2b1920e7ce2e427d6d4672c9f14","1517","2045","single_portrait","RGB","existing_damage","train","images/1104.png"
"1105","photo-0794.png","photo-0794","1105.png","real_damaged","赫达·莫里逊中国相册（Hedda Morrison）","","","","38015f4a613f1eba11f505ea9260ebf761ad67781b43fa130461b2da9f38b775","a7436eaf7a87184e1b4c687d4f46c0f60d90aab1ab8f77b64e230af14225bd14","2035","1497","single_portrait","RGB","existing_damage","train","images/1105.png"
"1106","photo-0795.png","photo-0795","1106.png","real_damaged","赫达·莫里逊中国相册（Hedda Morrison）","","","","1f1913b07887a9ae1b7c040927847b44120efcd2d0a485d3dfdcbffa58ef1763","a17b3e9a6a4ff53da3f4dbc6c13c0740940e83bec78e9cb589c376f00ca94a6d","2035","1502","group_portrait","RGB","existing_damage","train","images/1106.png"
"1107","photo-0796.png","photo-0796","1107.png","real_damaged","赫达·莫里逊中国相册（Hedda Morrison）","","","","4504ce743ad545edd2379008ccfe418ad4ad91653b9aaac5863b2e479d03537d","dcc9812dc201c64e283b8d86d286d4f1214cdabdb31e73d5d00bf5d339dc487b","2056","1507","group_portrait","RGB","existing_damage","train","images/1107.png"
"1108","photo-0797.png","photo-0797","1108.png","real_damaged","赫达·莫里逊中国相册（Hedda Morrison）","","","","43b95032cd11eaae38ed248a92e97efe7e5469a844d5affd5b403f1717618119","6c46210865fede23af3e59cb247835f2af7e2683d435c39b4fa9e945c29feb9d","1502","1740","outdoor_scene","RGB","existing_damage","train","images/1108.png"
"1109","photo-0798.png","photo-0798","1109.png","real_damaged","赫达·莫里逊中国相册（Hedda Morrison）","","","","85759dcbeb03124ede1687ae728bddee6c77aef7971819fa381d4df405fcc792","3d30ae2e3d6b73a0ef7fe64d5ca3a34621ac46bf50df39338ebc876b0c3eedc6","1507","2035","outdoor_scene","RGB","existing_damage","train","images/1109.png"
"1110","photo-0799.png","photo-0799","1110.png","real_damaged","赫达·莫里逊中国相册（Hedda Morrison）","","","","ac42659345374679a08294f12700d338d4c057473e53ce76c06e0ff0045c9f77","be4a71fd430d3250fbefd68d7b960716e74e733867447a4e3793fc670aea4c31","1517","2004","outdoor_scene","RGB","existing_damage","train","images/1110.png"
"1111","photo-0800.png","photo-0800","1111.png","real_damaged","赫达·莫里逊中国相册（Hedda Morrison）","","","","35c7438ff2c0b4e9765393973763a289de55d733b1d1846399e0d138788cd13c","1675ddc247e43dad43af9c261dea2a6be7cdc1bd101b58b916367f0c3703ff65","2046","1508","outdoor_scene","RGB","existing_damage","train","images/1111.png"
"1112","photo-0801.png","photo-0801","1112.png","real_damaged","赫达·莫里逊中国相册（Hedda Morrison）","","","","ed7b898737bb1874843338123f7d2d4543eb858dcc0b4145cb1b45d044a8bf29","937e4749029658d19ed1c8654e34dd703098d5274b1229be5f6dcdca6b76dc56","2050","1507","outdoor_scene","RGB","existing_damage","train","images/1112.png"
"1113","photo-0802.png","photo-0802","1113.png","real_damaged","赫达·莫里逊中国相册（Hedda Morrison）","","","","717d949df14661f26509d408ce126c63682a8abfd1c9d45bc9aa02e052efdb11","7fbdc912830aad064c50ca0065f64cfd7e5166ea13aa321797e3448aea9815b2","1507","2035","group_portrait","RGB","existing_damage","train","images/1113.png"
"1114","photo-0803.png","photo-0803","1114.png","real_damaged","赫达·莫里逊中国相册（Hedda Morrison）","","","","28907bbcdba79fd113bceb91036f63d4a4234af0bf6db915b73216d891cf7129","49e2ed094cf420fe7c198d278d08fb3b4dbe73df0aa9c43cc491a2a340ab2f28","2040","1503","architecture","RGB","existing_damage","train","images/1114.png"
"1115","photo-0804.png","photo-0804","1115.png","real_damaged","赫达·莫里逊中国相册（Hedda Morrison）","","","","c959d0e7b640d2fa1ca5519af88177c88dc269677e24d5406edc2519d02ee316","753da0b2255185a63d1244b46e43d7f7baeb981491764315875595857ac978a0","2040","1513","group_portrait","RGB","existing_damage","test","images/1115.png"
"1116","photo-0805.png","photo-0805","1116.png","real_damaged","赫达·莫里逊中国相册（Hedda Morrison）","","","","784a429723d9a71101f7131df6e4dd3ba58fb6674e09af1f91caf1fc5059b7d9","8891588074134629ef2938c2a35c65189f9754a8545005bc3b3d4820c68c1f7d","2055","1512","outdoor_scene","RGB","existing_damage","train","images/1116.png"
"1117","photo-0806.png","photo-0806","1117.png","real_damaged","赫达·莫里逊中国相册（Hedda Morrison）","","","","daf4c7c781ca0911eb2dfc4b7b43fd6d90a934b9d3098f0282bb9641ffa1982a","cd4007eff102b19975236dd1b947e6b15d84543bc00a663a52cf0a14f6c1f82c","1502","2015","outdoor_scene","RGB","existing_damage","validation","images/1117.png"
"1118","photo-0807.png","photo-0807","1118.png","real_damaged","赫达·莫里逊中国相册（Hedda Morrison）","","","","fb936cbf411a5f768cd1d89a026d779b09d9246101bb17bf92f14720aac607ed","d0e34b40af05365db30afdff58da901c02d4a775cd45ff1c11c8dbe1aaf7a69d","1497","1948","single_portrait","RGB","existing_damage","train","images/1118.png"
"1119","photo-0808.png","photo-0808","1119.png","real_damaged","赫达·莫里逊中国相册（Hedda Morrison）","","","","611d4d73fb50373293880b224df69d4fa393fe1d4d3f3600c96d225d6dfeefee","cd76d9cce452df5f756832d2b8388b663e7fcbe0010913bafcd3ef3bf52a1e43","2039","1507","architecture","RGB","existing_damage","test","images/1119.png"
"1120","photo-0809.png","photo-0809","1120.png","real_damaged","赫达·莫里逊中国相册（Hedda Morrison）","","","","201867829b2cb37bf2a257c367b2e6b7094e53151e57976eaa074a86b89aa7fb","0a67c762158b9dc9e113b81dfe86cfb2799b4bcdb161c969a5c004a77ccbdeb4","2050","1512","outdoor_scene","RGB","existing_damage","train","images/1120.png"
"1121","photo-0810.png","photo-0810","1121.png","real_damaged","赫达·莫里逊中国相册（Hedda Morrison）","","","","06b90af17b7959722ce323e0450be5f24d6d869440c3a9add80a47988e2b3804","b3d002ab9abe313a10199394a3429b828393bf6e3aa4086e8bfa380cdf256348","1502","2019","outdoor_scene","RGB","existing_damage","train","images/1121.png"
"1122","photo-0811.png","photo-0811","1122.png","real_damaged","赫达·莫里逊中国相册（Hedda Morrison）","","","","81e6c7d1d0ca74ac6ed0b9a88bd0003a100a83d96a27e58ea8fdd9312b5d0edd","978140e925ea35926f149a369dabca440588f4864bde03a40dca15982644b7f4","1507","2045","outdoor_scene","RGB","existing_damage","test","images/1122.png"
"1123","photo-0812.png","photo-0812","1123.png","real_damaged","赫达·莫里逊中国相册（Hedda Morrison）","","","","324eb0f069a0c82f2ea43793918c177a4f74d7d7934d7544a17baa75a9c1b9d5","98f31f1d151bde214f4120124112f0ae930045e5a07cd9f58d0139104a3f1524","1512","2051","architecture","RGB","existing_damage","train","images/1123.png"
"1124","photo-0813.png","photo-0813","1124.png","real_damaged","赫达·莫里逊中国相册（Hedda Morrison）","","","","05554da15db6ab5fbfaa8ca3d0702a5b099d38ce42918cd10201e5efb46c335b","aaf071c1e8ba5527232d9a7e383ca4a9ebf8ad958c7dbb3676768184a59e4f9b","1507","1933","outdoor_scene","RGB","existing_damage","train","images/1124.png"
"1125","photo-0814.png","photo-0814","1125.png","real_damaged","赫达·莫里逊中国相册（Hedda Morrison）","","","","b914fc673244ff115d5bf3f469689c33104005ac099fc1c6883199968c56d22d","37dd67938b262efffc6120287bd67a182bc39630814db14e5b880f6ce5ef0224","2045","1502","outdoor_scene","RGB","existing_damage","validation","images/1125.png"
"1126","photo-0815.png","photo-0815","1126.png","real_damaged","赫达·莫里逊中国相册（Hedda Morrison）","","","","eae862c9a2e5460bf751f5541a9c0815bee8b44f642daa1f4def573a535e0b03","11b0b288523053f75e38d1d5d1cc2f5d4486ce1d40f56f7a5a85bfe2545e85e0","1512","2020","outdoor_scene","RGB","existing_damage","train","images/1126.png"
"1127","photo-0816.png","photo-0816","1127.png","real_damaged","赫达·莫里逊中国相册（Hedda Morrison）","","","","b3e5dcd6ed4e287f6ab6517fec459d6f92d7e702f52e43eed5cec4a9bb486793","f5e646e4f75470aec90ce10e7a4c1e31d9f7e530a01ce9478c8b3f6ec35abb53","1507","2040","group_portrait","RGB","existing_damage","train","images/1127.png"
"1128","photo-0817.png","photo-0817","1128.png","real_damaged","赫达·莫里逊中国相册（Hedda Morrison）","","","","a314f609712d6bed176017d963ae481939bfa40568110d64c73c4d7adaa0ffc9","c09027c24d20c7df56093194a6d608aee690f0fbc75062021f2cbf6543cb632a","1507","2045","outdoor_scene","RGB","existing_damage","train","images/1128.png"
"1129","photo-0818.png","photo-0818","1129.png","real_damaged","赫达·莫里逊中国相册（Hedda Morrison）","","","","ea825635cba50cc1639e06b5ad6e6a576f7a5c848d80476a1c996d78741eb453","c5c1b916b7f7f8fca924537b5bf2830f3fa7f139d1bcf120f393cb6d43f36295","2045","1507","outdoor_scene","RGB","existing_damage","train","images/1129.png"
"1130","photo-0819.png","photo-0819","1130.png","real_damaged","赫达·莫里逊中国相册（Hedda Morrison）","","","","3285d16d3d03ecba4a36a13792e1b263f54e892d5499546c2d32a141ca7f5eba","4e46ecb977ab0ebe96d8ac80f495583569813dd847977b8ce30683b992c99c22","1507","1959","architecture","RGB","existing_damage","train","images/1130.png"
"1131","photo-0820.png","photo-0820","1131.png","real_damaged","赫达·莫里逊中国相册（Hedda Morrison）","","","","58708919b81d914c3f59207e434c3a0d44ac8fab9e11d663b70584f9194adc8a","e6350a2eb6ac946b395924078fa12690d6008900447a428d4816982f15dcda22","1512","2035","architecture","RGB","existing_damage","train","images/1131.png"
"1132","photo-0821.png","photo-0821","1132.png","real_damaged","赫达·莫里逊中国相册（Hedda Morrison）","","","","ba3713b663f2426c8a6d5a702c250ecc0a32b2fe7ad22fd0e0a8d67cac639c53","7e500208304ae441bbc2e930d74cd00dd8cd73a740bc9876c577bb2425023ddc","2050","1507","architecture","RGB","existing_damage","train","images/1132.png"
"1133","photo-0822.png","photo-0822","1133.png","real_damaged","赫达·莫里逊中国相册（Hedda Morrison）","","","","49c333a4cf06ce26666f7f095b5f087e6f33980fd4a3e8fd7c34a892c9912a86","77b3c49ab161fedc93872cfe4b21d1c441da1b17ef4f660fff9c2c28a57ccfcf","2045","1507","outdoor_scene","RGB","existing_damage","train","images/1133.png"
"1134","photo-0823.png","photo-0823","1134.png","real_damaged","赫达·莫里逊中国相册（Hedda Morrison）","","","","c7c7a652f31a511f24b202eab6228b966b0b36075838fe0cd255702c4d13ece1","bc93dbfbc9e3043336e3a980a3f1e6f7b79b728d1f8de97de77e9b36a2f743dd","2045","1447","architecture","RGB","existing_damage","train","images/1134.png"
"1135","photo-0824.png","photo-0824","1135.png","real_damaged","赫达·莫里逊中国相册（Hedda Morrison）","","","","2eb70122b21e2d60ae888e030ad53903c4c416b69566d48dbc00bd7821a377d3","4b38bb7af8aa81c0c428a297399ce784ef614a0e757bd489c74b0e484dda08c9","2060","1517","indoor_scene","RGB","existing_damage","train","images/1135.png"
"1136","photo-0825.png","photo-0825","1136.png","real_damaged","赫达·莫里逊中国相册（Hedda Morrison）","","","","0d5c0361c980e0c910d954f2c31dc4635c834b1456590bfbe6c75841dd9e63b8","3db40f3f312faf9debdf96a366e39d19ee1c7e9cc20c181fbb1d2ab142a7d500","2045","1523","outdoor_scene","RGB","existing_damage","train","images/1136.png"
"1137","photo-0826.png","photo-0826","1137.png","real_damaged","赫达·莫里逊中国相册（Hedda Morrison）","","","","dd18729cb38bf3417341a286f98bccaef26f40866de3dc865d9d9b07e9a935a2","afdfa6d27080fa91409daecd76988b80cbc2aad03e76c4eaf350a6872df0ecc7","1507","2035","single_portrait","RGB","existing_damage","train","images/1137.png"
"1138","photo-0827.png","photo-0827","1138.png","real_damaged","赫达·莫里逊中国相册（Hedda Morrison）","","","","d7efe3b86fd9e3f83d9c52b22c928d630b2c95c2e94dff1ca88e9d379ef33eb9","1b280b0c120891779bab2ac369358e85dc25d122a38263ed5d7ad1b13c5df872","1517","2055","outdoor_scene","RGB","existing_damage","validation","images/1138.png"
"1139","photo-0828.png","photo-0828","1139.png","real_damaged","赫达·莫里逊中国相册（Hedda Morrison）","","","","b09568d1857d5e613fa751ed8bd44fbcdef78083190618a299706a06423421f0","b3fd2b4f9a4ca810e0d64baa168ee3c6dcaa664971ef4a41334d0fd3d138daa1","1522","2055","outdoor_scene","RGB","existing_damage","train","images/1139.png"
"1140","photo-0829.png","photo-0829","1140.png","real_damaged","赫达·莫里逊中国相册（Hedda Morrison）","","","","e5503d7f844217fc82bb6e8d7582a069b4d6abd6761037193ede7ba4a1d8ea46","eda4a7cc842f242e4f6809558e0051565a7fa3427a0c47feeec93cfb346118b5","1517","2050","outdoor_scene","RGB","existing_damage","train","images/1140.png"
"1141","photo-0830.png","photo-0830","1141.png","real_damaged","赫达·莫里逊中国相册（Hedda Morrison）","","","","4a60b58aba06e61317b327213ba29b5e7e34d15fe2fb9b0bb8c6f13f2363233e","8226c8c3e30906b2469616405a2a430ab076932df18bc271ea03d8ff088387c8","1507","2034","architecture","RGB","existing_damage","train","images/1141.png"
"1142","photo-0831.png","photo-0831","1142.png","real_damaged","赫达·莫里逊中国相册（Hedda Morrison）","","","","cc44009441459e2c9ce8ccc1edccb6ccf5be0bf18afc8f92ab4c10f9cf12c267","645b0c05c944a67d4937dff493568879a7e19a7d50a41f420f53976dc460b27f","2040","1507","single_portrait","RGB","existing_damage","train","images/1142.png"
"1143","photo-0832.png","photo-0832","1143.png","real_damaged","赫达·莫里逊中国相册（Hedda Morrison）","","","","ad1c0210933678185af4a3c3ee28bbdfcdbaf5e3e00458254a02a51b90d5843b","b3ae4741d5190ffcc6f3067ef89f31f9b5f8222d53039379e9cf037971f5a417","1502","1822","single_portrait","RGB","existing_damage","train","images/1143.png"
"1144","photo-0833.png","photo-0833","1144.png","real_damaged","赫达·莫里逊中国相册（Hedda Morrison）","","","","cd7114120c57841e56257112bcfcae6938bca4cbe7ecffee54c9029e68a6afeb","3bc79c2633b92328e0b333f43bc594f400357c86953fd85daa23ae54914a3534","1507","2045","architecture","RGB","existing_damage","train","images/1144.png"
"1145","photo-0834.png","photo-0834","1145.png","real_damaged","赫达·莫里逊中国相册（Hedda Morrison）","","","","43dbae31b10f726145997d47313545f7bff3429c958ea102b66df68840df718c","2d112749a319f319b364be0eca953f6490c630e4c8a82b1400f51c7bba5d4f6a","1503","2035","architecture","RGB","existing_damage","train","images/1145.png"
"1146","photo-0835.png","photo-0835","1146.png","real_damaged","赫达·莫里逊中国相册（Hedda Morrison）","","","","793899aea33b43c8d5c2df781db6002c29ed322743ff064459edd0ec7b56896a","ac6b9d1db016d1bcf2b7b073d5a5d4e87de4b664790c977e50734620db4a855d","1507","2045","single_portrait","RGB","existing_damage","train","images/1146.png"
"1147","photo-0836.png","photo-0836","1147.png","real_damaged","赫达·莫里逊中国相册（Hedda Morrison）","","","","1dff7b4b9d33130e9f8ec7fa3d8bb4a17bf7f951d244516b75daf5193b9a82c4","eed62fc94c73aec6f48f37d1df07c4b3b73ce02f6f9ff4df317c52c8f9ddecb9","1502","2050","outdoor_scene","RGB","existing_damage","train","images/1147.png"
"1148","photo-0837.png","photo-0837","1148.png","real_damaged","赫达·莫里逊中国相册（Hedda Morrison）","","","","157bd9ce341f4b4c4da28bbd287049f9881502f863a2fb05b58d048f8d662165","816d246d17e60314d3430e26741891a324ed9d0009ea16969d2161a35664392f","2060","1522","group_portrait","RGB","existing_damage","validation","images/1148.png"
"1149","photo-0838.png","photo-0838","1149.png","real_damaged","赫达·莫里逊中国相册（Hedda Morrison）","","","","12de93bc21dd48bdb460d7830a38eaa1b88aaec0454c52f679df1062c11c6cd2","cdfd54dc3f8431d0ae765fa023326eb8459cca1beecda2965578b965377b1d11","2045","1487","architecture","RGB","existing_damage","train","images/1149.png"
"1150","photo-0839.png","photo-0839","1150.png","real_damaged","赫达·莫里逊中国相册（Hedda Morrison）","","","","f849a47032f4190dd9bc5e2050481b246b02802bfea69764ef87a3ecd9273c76","833175c93913186f5a64fa70cb1c5b2c9495e44dbd31b223e8c408f62890b385","1497","2045","architecture","RGB","existing_damage","train","images/1150.png"
"1151","photo-0840.png","photo-0840","1151.png","real_damaged","赫达·莫里逊中国相册（Hedda Morrison）","","","","64140db2cbcaba94178abc1889990f31133f8192084c5fcec0d32d9b153461a0","c0d5731069b7549a59f15eb64e01a25248698db4d653ff7dc5507c11063a0ccc","1497","2040","single_portrait","RGB","existing_damage","train","images/1151.png"
"1152","photo-0841.png","photo-0841","1152.png","real_damaged","赫达·莫里逊中国相册（Hedda Morrison）","","","","2ef8888b9ad18bef5c4f38d810c9384ae108dc7cbb83a97bc3414c65b52daeec","bfc847147120eb26c348fbf0a7a005e7b30dd75ffedeb80f528c9b6dde12527f","1508","2040","group_portrait","RGB","existing_damage","train","images/1152.png"
"1153","photo-0842.png","photo-0842","1153.png","real_damaged","赫达·莫里逊中国相册（Hedda Morrison）","","","","291b3474592747e1e2ea89e0b8e4f5b2c01bc3f8dac205479088df2cac36d297","5c37b1b799e88fb15544693797456427ae1fd1d07251244d27c31cadb3c59b01","1497","2050","architecture","RGB","existing_damage","train","images/1153.png"
"1154","photo-0843.png","photo-0843","1154.png","real_damaged","赫达·莫里逊中国相册（Hedda Morrison）","","","","20fc92b0e18907eca98a478768ed0c50fb876e5c3458868b33294e1b46275933","fcdbc5ece5d1266bb27ed42502057ee5be00fbe5dbc68f7a70442756cf348c84","2040","1497","group_portrait","RGB","existing_damage","train","images/1154.png"
"1155","photo-0844.png","photo-0844","1155.png","real_damaged","赫达·莫里逊中国相册（Hedda Morrison）","","","","2adb1a090e3d451633ae94d3213494b62a6ea85761bb99174102c1a29916a29b","7d933aab6eba35cf1599d8635ec9d814f2f3c89510c53c23a2eb0ee4f3fcf067","1533","2055","architecture","RGB","existing_damage","train","images/1155.png"
"1156","photo-0845.png","photo-0845","1156.png","real_damaged","赫达·莫里逊中国相册（Hedda Morrison）","","","","05f54d25bec693f6d526b0858df18cd32f217c79c6214dc909354f4772f2ccfd","8d6efbb7fe7899ae4e37d0b76a93094dec758052d91599f1e8318bca7290a17d","2050","1462","outdoor_scene","RGB","existing_damage","train","images/1156.png"
"1157","photo-0846.png","photo-0846","1157.png","real_damaged","赫达·莫里逊中国相册（Hedda Morrison）","","","","16802e25c90084a5601e42eb87736bf6c6a03f5e9f74a1e23d40750643d8d4e9","d613fc8b28c39616f7b6644e410f28626ca90e0b0892bf41e2e4736820605db9","1507","2050","architecture","RGB","existing_damage","train","images/1157.png"
"1158","photo-0847.png","photo-0847","1158.png","real_damaged","赫达·莫里逊中国相册（Hedda Morrison）","","","","674bc11b9fed54f0bfdf17acbfcf7d926f5910d1aa84c70284c9266b1f81eefb","8f2bc245cc71056db003a6c77bdaf1e3a2da4af8adb4d810471faa750e5238aa","1502","2040","architecture","RGB","existing_damage","validation","images/1158.png"
"1159","photo-0848.png","photo-0848","1159.png","real_damaged","赫达·莫里逊中国相册（Hedda Morrison）","","","","f5354e6e3fb011dc58721610a5a2d0fe2c875169cae9dbebaa9e847455db3a2b","c11e7ce5e0971e880ff3e7de1d2cb6d05ad9a334aae8fb9c11bef9980655eff0","1502","2055","group_portrait","RGB","existing_damage","train","images/1159.png"
"1160","photo-0849.png","photo-0849","1160.png","real_damaged","赫达·莫里逊中国相册（Hedda Morrison）","","","","e286d06931af8b2990c7e09621c178dd3b561c9faf7db4a77ff0ff1a9299ed58","c4a89dd05412c5134bea34996613f945b1cf8a4ca52fb84005e0a8839d55f8c1","1492","2029","single_portrait","RGB","existing_damage","train","images/1160.png"
"1161","photo-0850.png","photo-0850","1161.png","real_damaged","赫达·莫里逊中国相册（Hedda Morrison）","","","","725852710b0da4902bc39ebd5e85dfc4b3dfd12c031da9386042fe40ad22a391","5fb0f7e2d214aea3e554565341bb96bea4fadf745f4429ed80e77ebaa52066b7","1502","2035","architecture","RGB","existing_damage","test","images/1161.png"
"1162","photo-0851.png","photo-0851","1162.png","real_damaged","赫达·莫里逊中国相册（Hedda Morrison）","","","","133cbc55bf036708801bdfe33f461da48de8dc3cae7e7ee43785628d5043cd6c","a1dd7352ad270d654be19cfa699a12f1e59cf12291dcff9aa5239eb9f18ffdef","1512","2035","architecture","RGB","existing_damage","train","images/1162.png"
"1163","photo-0852.png","photo-0852","1163.png","real_damaged","赫达·莫里逊中国相册（Hedda Morrison）","","","","9bcb61577a679ca713ac3210c5f89d513a91453f54c18fd80122f335a141e27c","f6eb63752ec48efc710d4ea93f7e270bab5e21b6edd784dbf692ecf069ed7d6c","1513","2050","single_portrait","RGB","existing_damage","train","images/1163.png"
"1164","photo-0853.png","photo-0853","1164.png","real_damaged","赫达·莫里逊中国相册（Hedda Morrison）","","","","f035f9b01e8ba45bbed46b6001fc42aad32bfde3e1f5f953b1ee6978c095bef1","7bc0e756db6873866fc738b465a00f13c9f60229cfd6efecb0af1edf891a9485","1522","2055","group_portrait","RGB","existing_damage","train","images/1164.png"
"1165","photo-0854.png","photo-0854","1165.png","real_damaged","赫达·莫里逊中国相册（Hedda Morrison）","","","","6cfe49d8ee47a5f5376ca78812a24f6b6ecbe873b4340efa58381a64082b5587","9653f8f45d01d2c4df1357a2a5277ee19664e519be5b2620152ac69fd9714b02","1502","2040","architecture","RGB","existing_damage","train","images/1165.png"
"1166","photo-0855.png","photo-0855","1166.png","real_damaged","赫达·莫里逊中国相册（Hedda Morrison）","","","","6b2ce0c1a0a98f7891caf9a5ad9f3a4aa4411352b803d78d494f363335b3308c","1435841f661ab27070f9f2d3831fc440063dcd4aaab5471d970e6b5a956f0094","1527","2050","architecture","RGB","existing_damage","test","images/1166.png"
"1167","photo-0856.png","photo-0856","1167.png","real_damaged","赫达·莫里逊中国相册（Hedda Morrison）","","","","cf97bcddc951d26bfe6ba7e1427fb09bd8faaeb1efee973ca9c2ddd7f6363b1c","444ce1f933be6499f4e3deb29bf84f1d9ee6d78293a82adbae970890d600a357","1512","2050","architecture","RGB","existing_damage","train","images/1167.png"
"1168","photo-0857.png","photo-0857","1168.png","real_damaged","赫达·莫里逊中国相册（Hedda Morrison）","","","","85f7b21fdf38a208399fc82ccc26640089cb35fc7aa70e328f2d27af938de3b0","880b938f69cf9958db9c2afe89301f1efcd3be6ccd3fcfd3f25ed5237cd3ad10","1512","2045","other","RGB","existing_damage","train","images/1168.png"
"1169","photo-0858.png","photo-0858","1169.png","real_damaged","赫达·莫里逊中国相册（Hedda Morrison）","","","","e50a3a8af8bab2c193577723001f183a3964e6ab82873f938a1c3c9c4e07daca","3a147819ed4bc42224e6eaa12577ea44267b484eb964f99399a7989a0ebc4f7c","1512","2040","other","RGB","existing_damage","train","images/1169.png"
"1170","photo-0859.png","photo-0859","1170.png","real_damaged","赫达·莫里逊中国相册（Hedda Morrison）","","","","d4e5a52e136ee1879d8ad427208786be005a3e97f73aaf2609f14fe3e2b62776","4f79ff8054c8e1e3e281226ef2da133ee9abb2c19312047a534d83992990ae50","1507","1908","other","RGB","existing_damage","train","images/1170.png"
"1171","photo-0860.png","photo-0860","1171.png","real_damaged","赫达·莫里逊中国相册（Hedda Morrison）","","","","ec0dd445506bf3c11dd15b8eecdbcf75668e371cf8c4e536a0b4b8ff675c4a70","29b7165d8fba477a3ec1509b30421b7e8c4503430faf928ac7d9d4fe25e00ccd","1502","1959","architecture","RGB","existing_damage","train","images/1171.png"
"1172","photo-0861.png","photo-0861","1172.png","real_damaged","赫达·莫里逊中国相册（Hedda Morrison）","","","","dd7f0fb3dca18e58df7a069cd0898ffec6f7fc34dbcbd0a7025ff7ee03bbc9d7","3ac737e88f045dfde8fda7d9aa53135df0f8a52de66e01ad04cb7700c950ce1e","1507","2055","architecture","RGB","existing_damage","train","images/1172.png"
"1173","photo-0862.png","photo-0862","1173.png","real_damaged","赫达·莫里逊中国相册（Hedda Morrison）","","","","55c0ae7371d64838a63a916095995b6e3df378db74d6faf8dc7e921155c2aa43","f40dea5c4bac9f7399ff52a08cccc5c80a55781325f87f289b20f7123c9f459d","1512","2045","architecture","RGB","existing_damage","validation","images/1173.png"
"1174","photo-0863.png","photo-0863","1174.png","real_damaged","赫达·莫里逊中国相册（Hedda Morrison）","","","","411534e6635947acc6237c7c8b3732a08c71d07171d21f42a04bd38781745898","1d241ff410343263927b57aa1321ad804e5a89f3f7221aabdaf19bfe15d2f6ad","1507","2030","architecture","RGB","existing_damage","train","images/1174.png"
"1175","photo-0864.png","photo-0864","1175.png","real_damaged","赫达·莫里逊中国相册（Hedda Morrison）","","","","8c04a7f15d942f99ef665497f67a8ecbfc0373436080540ccb805e700d45255a","192747ee1335f5d90815aa1f1786634043105ccf4c5b7f114685bf9502854655","1507","2045","architecture","RGB","existing_damage","test","images/1175.png"
"1176","photo-0865.png","photo-0865","1176.png","real_damaged","赫达·莫里逊中国相册（Hedda Morrison）","","","","3d1e88b0cfc46952c7b53280689b7713fb1fc263efedeeccfcf36ad338a6ad10","3f85a3ec082d7ed03240da62d11f52a767b826ed8d486b34b44e40208082d7c9","1538","1705","architecture","RGB","existing_damage","train","images/1176.png"
"1177","photo-0866.png","photo-0866","1177.png","real_damaged","赫达·莫里逊中国相册（Hedda Morrison）","","","","f959d81b87e7682388b770e1e725a75d35c995db7adf32ce8b28fd05e40b880f","060496120152bd674077d6161126c2c4d83f1e4bebc10190ab313425018d4812","1522","2035","architecture","RGB","existing_damage","train","images/1177.png"
"1178","photo-0867.png","photo-0867","1178.png","real_damaged","赫达·莫里逊中国相册（Hedda Morrison）","","","","dafc4dd05d72fe9d7b7f1226091f1bd0c543c3ec2c059351ea73fcbb2ae8f2bd","8e2c730f19733e82f97e8f335456fd3d9b07282024ef7079a991841ff99a27f0","1512","1938","architecture","RGB","existing_damage","train","images/1178.png"
"1179","photo-0868.png","photo-0868","1179.png","real_damaged","赫达·莫里逊中国相册（Hedda Morrison）","","","","7a732846a29ea004459b8a4031ed6e91a24ca3efc17440747814bf3aac44234d","5e54016a3277fbb5249ffacdea394e65639e8a7acf26ee7dbcd009cf63719db1","2035","1507","architecture","RGB","existing_damage","train","images/1179.png"
"1180","photo-0869.png","photo-0869","1180.png","real_damaged","赫达·莫里逊中国相册（Hedda Morrison）","","","","a545ecc0fea3966d00a49e9a5b5f284de42f4e1ee34ebc092472266ed0bd8944","1eae65261e1343ca07709d824bb8b997371aab67a15c7de231fd5e265acf19b6","2040","1527","architecture","RGB","existing_damage","train","images/1180.png"
"1181","photo-0870.png","photo-0870","1181.png","real_damaged","赫达·莫里逊中国相册（Hedda Morrison）","","","","bac7848fb2a01417d781de2ac63cbd4b0459a5f2bb98c20ebf98aaacd6cfd8fa","13f97dc1bb4d1fa2d6d1ea16ee0dce55480e221e2657e966df6a08707c7a357f","1502","2046","architecture","RGB","existing_damage","train","images/1181.png"
"1182","photo-0871.png","photo-0871","1182.png","real_damaged","赫达·莫里逊中国相册（Hedda Morrison）","","","","4a54af4a27203e9ad52df8233c3009b41fb692ad7103808f8ea7343bfa65b987","4c803e4e5bd1178bcabd3d3548eef45d595afcc98ecc3d082b030ba09c9abd8f","2040","1497","architecture","RGB","existing_damage","train","images/1182.png"
"1183","photo-0872.png","photo-0872","1183.png","real_damaged","赫达·莫里逊中国相册（Hedda Morrison）","","","","0653fffbfa7953a9068b3dbb79efeec375be103f94b4f7824c5898e363a4ccfe","d1a497eb2f87096660ae9f7f77667452bd90c0cd7d774804fdbe14603710da4f","1497","1924","outdoor_scene","RGB","existing_damage","validation","images/1183.png"
"1184","photo-0873.png","photo-0873","1184.png","real_damaged","赫达·莫里逊中国相册（Hedda Morrison）","","","","f50db31405df14586ae40b0a579ef56c6e3fe7b217287022098a90b59efdb8f6","691f5c3480c5fbd4a7e04bb8b4c217d65b328f11890afd5fa186707b88ed400c","2040","1502","outdoor_scene","RGB","existing_damage","train","images/1184.png"
"1185","photo-0874.png","photo-0874","1185.png","real_damaged","赫达·莫里逊中国相册（Hedda Morrison）","","","","f21bb23f811c7a95b5db9948873b5a64c25545b6a8106a2e7db41a18a5f90b6d","294108792147b3aec3e6d6009264863042e7d2c077dbef37a445ba3651b17b79","2040","1512","outdoor_scene","RGB","existing_damage","train","images/1185.png"
"1186","photo-0875.png","photo-0875","1186.png","real_damaged","赫达·莫里逊中国相册（Hedda Morrison）","","","","43b89a2b1183222216f2e96bc1ad0310be0bde44ed168a84efc072b36ddb9cc2","b5b9227de9d23123defe60cba12695f6e607dddcbc0c745487f551234b6b94b9","2131","1553","outdoor_scene","RGB","existing_damage","train","images/1186.png"
"1187","photo-0876.png","photo-0876","1187.png","real_damaged","赫达·莫里逊中国相册（Hedda Morrison）","","","","ea9b379b5fdaa26c8ede1f759cf4e2ca82029c3429c9e3e766ef5e9552b661f8","5d45bff7e5f24dab8099cb88749c1ec4205fba18d5b3efcaf487598b75ee031d","1522","2060","outdoor_scene","RGB","existing_damage","train","images/1187.png"
"1188","photo-0877.png","photo-0877","1188.png","real_damaged","赫达·莫里逊中国相册（Hedda Morrison）","","","","f57e668004c44b244024f9624be06b1c26a8ced903b24e5ce7606c2cd29d605e","9a6fcccf98b7f61f7502c9d862bd41c24471488b946783c9d5609878d15828b0","1502","2040","outdoor_scene","RGB","existing_damage","train","images/1188.png"
"1189","photo-0878.png","photo-0878","1189.png","real_damaged","赫达·莫里逊中国相册（Hedda Morrison）","","","","96b416a75061532fc65990621d99c11168902abceffbe72097eefb983b433df9","2bc28dc5fce74d249ea38fac9dae6bbe6003a84d718dac654560d2973681f0b9","2024","1502","outdoor_scene","RGB","existing_damage","validation","images/1189.png"
"1190","photo-0879.png","photo-0879","1190.png","real_damaged","赫达·莫里逊中国相册（Hedda Morrison）","","","","87d75d7123459cd71d6b7773dddef7e95587a31144b42ecffb8246aca43a2cec","1b6281bf00e6502d78d7b9b147b693e421e8f0aa82ca3170cff86e0e5eedfd32","2035","1512","outdoor_scene","RGB","existing_damage","test","images/1190.png"
"1191","photo-0880.png","photo-0880","1191.png","real_damaged","赫达·莫里逊中国相册（Hedda Morrison）","","","","9d513f8c75b75d3de5509feda6bd2348b97f197347a7fa695b669a8328c40a41","0569d2168b14de6251e9833e5e6aae76eb5a58431a9f9740e82cfc9d73f0fc10","2040","1497","outdoor_scene","RGB","existing_damage","train","images/1191.png"
"1192","photo-0881.png","photo-0881","1192.png","real_damaged","赫达·莫里逊中国相册（Hedda Morrison）","","","","a3f52899367b37f54f16f9464455591a3e2e397d10a457165293b5f69771b3e3","648b6c31e11519bab55edae9a1dd8735f2632aefd0e1f45fbd5d5983e8e01daf","1502","1832","architecture","RGB","existing_damage","train","images/1192.png"
"1193","photo-0882.png","photo-0882","1193.png","real_damaged","赫达·莫里逊中国相册（Hedda Morrison）","","","","1f1ae5d247a821e793b963d6d895c9c408f51bef3fcea12e5116dd444bdaa82e","f2f91c71abfd0ea59db51b6abaaa681ab8ac96b9fdf37623deaf5ce84ca2846d","2040","1502","outdoor_scene","RGB","existing_damage","train","images/1193.png"
"1194","photo-0883.png","photo-0883","1194.png","real_damaged","赫达·莫里逊中国相册（Hedda Morrison）","","","","4534ad99cc00650cd9afed05d9cb09da604cbc3dedbf27f58094cb8f4a4861f8","9682fd8f5abce83573c318048a89f03106cb913bfea70eddb1582797f1b982ec","2039","1497","outdoor_scene","RGB","existing_damage","train","images/1194.png"
"1195","loc_2004663863.jpg","2004663863","1195.png","real_damaged","Library of Congress","https://www.loc.gov/item/2004663863/","Public Domain","https://www.loc.gov/collections/daguerreotypes/about-this-collection/rights-and-access/","5b37a19584c0984c0dba36a33cacb773bd9a6f178794596d68fc6d1d4424ff1a","610bb710c6245e60927e72da7d2f381a2e7f5bd3554f04f3020213338c0b9693","818","1024","single_portrait","RGB","existing_damage","test","images/1195.png"
"1196","loc_2004663868.jpg","2004663868","1196.png","real_damaged","Library of Congress","https://www.loc.gov/item/2004663868/","Public Domain","https://www.loc.gov/collections/daguerreotypes/about-this-collection/rights-and-access/","07bcb244473e01bd84cf8a7bd05bf81b04f758e8da1b454a9cb876743f6664b9","efdad5f80892f9073ee87d976269596d898523595ae7c74b33fb96012fc7e8bf","822","1024","single_portrait","RGB","existing_damage","train","images/1196.png"
"1197","loc_2004663870.jpg","2004663870","1197.png","real_damaged","Library of Congress","https://www.loc.gov/item/2004663870/","Public Domain","https://www.loc.gov/collections/daguerreotypes/about-this-collection/rights-and-access/","4c031d9c778e33ab459eb97e4ce81b214fea859cf781b72c64f0f66557b2c209","43d6af2f23d5993d34b659274de47b8947db0a013cf7aabc576ca876ee3f4a43","820","1024","single_portrait","RGB","existing_damage","train","images/1197.png"
"1198","loc_2004663873.jpg","2004663873","1198.png","real_damaged","Library of Congress","https://www.loc.gov/item/2004663873/","Public Domain","https://www.loc.gov/collections/daguerreotypes/about-this-collection/rights-and-access/","e54ac33535a475e99255e5aaef44a3ce893ed54a97cb04838c24e3d529212af7","14a7bb49a963939fbf0836c2b3e602c37a9a89e833020eff125c556e478beb9d","819","1024","single_portrait","RGB","existing_damage","train","images/1198.png"
"1199","loc_2004663882.jpg","2004663882","1199.png","real_damaged","Library of Congress","https://www.loc.gov/item/2004663882/","Public Domain","https://www.loc.gov/collections/daguerreotypes/about-this-collection/rights-and-access/","70bd46f6b7a5275da841a817064fef8cce3a09e508eaa4f67e84a6b1637fd013","d99c73858fe761425f1b7e823fb1f62a896218e66f71e8e3170355bf1f295a92","815","1024","single_portrait","RGB","existing_damage","train","images/1199.png"
"1200","loc_2004663886.jpg","2004663886","1200.png","real_damaged","Library of Congress","https://www.loc.gov/item/2004663886/","Public Domain","https://www.loc.gov/collections/daguerreotypes/about-this-collection/rights-and-access/","4191f6ef1628cadb67ee43294bf67a03aac64d76edf60c5015c7d846d63f8f92","de970314d2dd0645d1cd7c4f5578162fc4909ebf86b9aec593b2c80e3c110dd4","815","1024","single_portrait","RGB","existing_damage","train","images/1200.png"
"1201","loc_2004663887.jpg","2004663887","1201.png","real_damaged","Library of Congress","https://www.loc.gov/item/2004663887/","Public Domain","https://www.loc.gov/collections/daguerreotypes/about-this-collection/rights-and-access/","f41eb973290cdbf7f502029110ef88132d9858c4c1af0668522ee2f136e291c0","65bae7176741196ce6cf30fff984d9eb6594e595739bfb703455ec4414009889","1024","807","indoor_scene","RGB","existing_damage","test","images/1201.png"
"1202","loc_2004663895.jpg","2004663895","1202.png","real_damaged","Library of Congress","https://www.loc.gov/item/2004663895/","Public Domain","https://www.loc.gov/collections/daguerreotypes/about-this-collection/rights-and-access/","085a937b116d5a8c7bd0a057a446da69edcb836f48a03bb88d41e7220fb974ee","19f6737b1c2120f04ae7b82193c7fab70921592f14113f09897ac0e2e0639e52","795","1024","single_portrait","RGB","existing_damage","train","images/1202.png"
"1203","loc_2004663899.jpg","2004663899","1203.png","real_damaged","Library of Congress","https://www.loc.gov/item/2004663899/","Public Domain","https://www.loc.gov/collections/daguerreotypes/about-this-collection/rights-and-access/","4bef0dd8c2e8df3308fa77f84524e6938ec93f6b813cbf1a7756e9e14c613d2e","80395422428c65b1979ce64928233422020e0330b595dec6d9c50ab937dee2d1","819","1024","single_portrait","RGB","existing_damage","test","images/1203.png"
"1204","loc_2004663902.jpg","2004663902","1204.png","real_damaged","Library of Congress","https://www.loc.gov/item/2004663902/","Public Domain","https://www.loc.gov/collections/daguerreotypes/about-this-collection/rights-and-access/","ef9ffa981f3a019403e9f307fccc45ea266df8bd8efffed8e0d91d6a78172cdb","b48721628827743062dfdd067f1c1c10e30afafefc7922233bfbcabf113f929f","795","1024","single_portrait","RGB","existing_damage","train","images/1204.png"
"1205","loc_2004663906.jpg","2004663906","1205.png","real_damaged","Library of Congress","https://www.loc.gov/item/2004663906/","Public Domain","https://www.loc.gov/collections/daguerreotypes/about-this-collection/rights-and-access/","55e77bd34e75e7d154e97ec527944bb5f468ccb0b5fcdf9401d1910f760f18ee","4905fee911824ebf8762996e8bf7e64c093560ab4112bd30a90cd8f064dbe583","822","1024","single_portrait","RGB","existing_damage","test","images/1205.png"
"1206","loc_2004663910.jpg","2004663910","1206.png","real_damaged","Library of Congress","https://www.loc.gov/item/2004663910/","Public Domain","https://www.loc.gov/collections/daguerreotypes/about-this-collection/rights-and-access/","17b79a0312ccbbd235d1eeca97dc8a8b2a67092199d9944c0dbf7f7097dfcf7b","a1096442a4daa86c19f9e1078d4ebfe77a6a2a9996c6789f758aa4301b1b8116","820","1024","single_portrait","RGB","existing_damage","train","images/1206.png"
"1207","loc_2004663911.jpg","2004663911","1207.png","real_damaged","Library of Congress","https://www.loc.gov/item/2004663911/","Public Domain","https://www.loc.gov/collections/daguerreotypes/about-this-collection/rights-and-access/","a0eafe94a99fdada1b41e17c16938f6bc9671a320cc0b3524d7c4fb5ab60036f","9edd80b08b8bac6edda167ae815d2ff912e1d53508999c8a60135381608ba535","821","1024","single_portrait","RGB","existing_damage","train","images/1207.png"
"1208","loc_2004663914.jpg","2004663914","1208.png","real_damaged","Library of Congress","https://www.loc.gov/item/2004663914/","Public Domain","https://www.loc.gov/collections/daguerreotypes/about-this-collection/rights-and-access/","b313573952a54510207e8af2486401bc7978e7e50e0bc6e7ac9235fdd25fddd2","2679051e0b05cc3c78fe7f3720a2515775c465eda2ba176190c56f68687d928b","817","1024","single_portrait","RGB","existing_damage","train","images/1208.png"
"1209","loc_2004663917.jpg","2004663917","1209.png","real_damaged","Library of Congress","https://www.loc.gov/item/2004663917/","Public Domain","https://www.loc.gov/collections/daguerreotypes/about-this-collection/rights-and-access/","706a0d175da076267c7c1022e729206d020405bce9718f7efb5f23ed5f410a2d","ed8088e6a63ca0f94c89e90b1423e2762841e4e29b0abf6312561b9142484bd3","821","1024","single_portrait","RGB","existing_damage","train","images/1209.png"
"1210","loc_2004663924.jpg","2004663924","1210.png","real_damaged","Library of Congress","https://www.loc.gov/item/2004663924/","Public Domain","https://www.loc.gov/collections/daguerreotypes/about-this-collection/rights-and-access/","670a7c5fbd7eb8030205e77a86f238063df2d11efb4ebab01d630c37d89f4e61","f4ec876490c25700875b921f7909277d8b037420162a9424df991730b55bb30a","794","1024","single_portrait","RGB","existing_damage","train","images/1210.png"
"1211","loc_2004663927.jpg","2004663927","1211.png","real_damaged","Library of Congress","https://www.loc.gov/item/2004663927/","Public Domain","https://www.loc.gov/collections/daguerreotypes/about-this-collection/rights-and-access/","aae8c7723086d2bf9c143af83966953e94eeef80a06371ff2f378ab3a14214d5","d84b8868e26ab8cf8d209f8e3617510e3a7a36ba77db52d627fa421188ce9084","799","1024","single_portrait","RGB","existing_damage","validation","images/1211.png"
"1212","loc_2004663928.jpg","2004663928","1212.png","real_damaged","Library of Congress","https://www.loc.gov/item/2004663928/","Public Domain","https://www.loc.gov/collections/daguerreotypes/about-this-collection/rights-and-access/","d1abcb1ea2089220405c8e5d2569ac8cf3e334e5d4c9ddfb7a70d9e10c6b4763","6dd4da6b3c8108d052bbfdcf5da95197a2bead8ad1e3d8be9f3ac862b4c6e6b6","824","1024","single_portrait","RGB","existing_damage","train","images/1212.png"
"1213","loc_2004663933.jpg","2004663933","1213.png","real_damaged","Library of Congress","https://www.loc.gov/item/2004663933/","Public Domain","https://www.loc.gov/collections/daguerreotypes/about-this-collection/rights-and-access/","ae71f04d7347529ae91c11e0f8012ed5cd64fa852f5ce2e11228ad61f3ec076a","9c696d9b1cf395f04103bac03ffe8851e122c99b8165091b7a34ff6279f9eeac","818","1024","single_portrait","RGB","existing_damage","train","images/1213.png"
"1214","loc_2004663945.jpg","2004663945","1214.png","real_damaged","Library of Congress","https://www.loc.gov/item/2004663945/","Public Domain","https://www.loc.gov/collections/daguerreotypes/about-this-collection/rights-and-access/","1cd2f78e580a2ea5e9a1eab5bdd166bcd9faf35da9e0268cdaa24f3b07831bc5","f6f1f804e4a0f8b2c4e40ae13b4a5ae1ae2c5bc0b9e4c1d5d59028737da3e04a","816","1024","single_portrait","RGB","existing_damage","train","images/1214.png"
"1215","loc_2004663950.jpg","2004663950","1215.png","real_damaged","Library of Congress","https://www.loc.gov/item/2004663950/","Public Domain","https://www.loc.gov/collections/daguerreotypes/about-this-collection/rights-and-access/","9b618a8c93f7c0e34da3d5c18befecb177f830fde0dfa51c56875fcd9b0d1f1b","a30fd67d9455e067a87dd2f7255a1adfae8b4eb47530ef4c739c30abb0f45018","812","1024","single_portrait","RGB","existing_damage","train","images/1215.png"
"1216","loc_2004663951.jpg","2004663951","1216.png","real_damaged","Library of Congress","https://www.loc.gov/item/2004663951/","Public Domain","https://www.loc.gov/collections/daguerreotypes/about-this-collection/rights-and-access/","0681d44bef529065db8aa72a4fab90195fa2b4ab8852c5d81b7e577188b68798","811ff2c710fbedb1bcd12538c46406fdf33cacd84c7080e3cc0c6deef461856d","797","1024","single_portrait","RGB","existing_damage","train","images/1216.png"
"1217","loc_2004663954.jpg","2004663954","1217.png","real_damaged","Library of Congress","https://www.loc.gov/item/2004663954/","Public Domain","https://www.loc.gov/collections/daguerreotypes/about-this-collection/rights-and-access/","63b9bef8ef69225a06b2f65675c403d264c9d0d6fd40c5588e2b698b22d3e094","2b50a347c43f463f6625f4a2b6115c676801bdd26655f7646f08bd274631dbe8","820","1024","single_portrait","RGB","existing_damage","validation","images/1217.png"
"1218","loc_2004663959.jpg","2004663959","1218.png","real_damaged","Library of Congress","https://www.loc.gov/item/2004663959/","Public Domain","https://www.loc.gov/collections/daguerreotypes/about-this-collection/rights-and-access/","0c13692f1faaff85e8993cdd4ccd7ddf70dc16c673991768494c19a9f0f9823d","92964d7979adbf8d5db1f09a8b6742b03a7023028393329bae773e736a039421","818","1024","single_portrait","RGB","existing_damage","train","images/1218.png"
"1219","loc_2004663965.jpg","2004663965","1219.png","real_damaged","Library of Congress","https://www.loc.gov/item/2004663965/","Public Domain","https://www.loc.gov/collections/daguerreotypes/about-this-collection/rights-and-access/","7b193a13bc9ee5863f55dbb90e6f04fea1b212362d8d9be39291cd7752ed8795","1cbbdfccd097b79da51a0a35f4ec1d2a19a96f4d5643d3b0a080d2ba54832113","811","1024","single_portrait","RGB","existing_damage","train","images/1219.png"
"1220","loc_2004663978.jpg","2004663978","1220.png","real_damaged","Library of Congress","https://www.loc.gov/item/2004663978/","Public Domain","https://www.loc.gov/collections/daguerreotypes/about-this-collection/rights-and-access/","20703e13b138f8722e5ccffc23902a1b0c40a58f0daf678958a3c5f48c83353e","f0572a5e7b3d206cef5825585e20785786c90cb38658b993eb57af8398f432fa","816","1024","single_portrait","RGB","existing_damage","validation","images/1220.png"
"1221","loc_2004663982.jpg","2004663982","1221.png","real_damaged","Library of Congress","https://www.loc.gov/item/2004663982/","Public Domain","https://www.loc.gov/collections/daguerreotypes/about-this-collection/rights-and-access/","957260beae2bc1d326f4a234b71599b2256769740d8fe1f7aec9af53c8c59c71","8f9977bb193d0f606e8bfcffdec50cb79757b2e6de2a04c26e5830e4ff03f45a","820","1024","single_portrait","RGB","existing_damage","validation","images/1221.png"
"1222","loc_2004663984.jpg","2004663984","1222.png","real_damaged","Library of Congress","https://www.loc.gov/item/2004663984/","Public Domain","https://www.loc.gov/collections/daguerreotypes/about-this-collection/rights-and-access/","77c549350ff85294a6f8d691091b1fc9d9097c8b901debbc74beed469cbaa7ca","1a508959dabac4c8a5c94378d1903d67a9ec45e50eda5af6b3d60b9820f1af71","818","1024","single_portrait","RGB","existing_damage","train","images/1222.png"
"1223","loc_2004663985.jpg","2004663985","1223.png","real_damaged","Library of Congress","https://www.loc.gov/item/2004663985/","Public Domain","https://www.loc.gov/collections/daguerreotypes/about-this-collection/rights-and-access/","bdb8fe5919d1da87df5efd379d3b668963672d2198acf6461383351884de1e64","22af14ffba04161df02ea91c3bec11bb387e21a562141705bc074179e2da3db7","799","1024","single_portrait","RGB","existing_damage","train","images/1223.png"
"1224","loc_2004663987.jpg","2004663987","1224.png","real_damaged","Library of Congress","https://www.loc.gov/item/2004663987/","Public Domain","https://www.loc.gov/collections/daguerreotypes/about-this-collection/rights-and-access/","440de990340d201ad6a49e2737ba52a0b0eaca410de5e213bf0ae1caf65a5170","d7431d88960e8640977a345c9720431a79880454a576cb8ae2a954c17c273137","822","1024","single_portrait","RGB","existing_damage","validation","images/1224.png"
"1225","loc_2004663990.jpg","2004663990","1225.png","real_damaged","Library of Congress","https://www.loc.gov/item/2004663990/","Public Domain","https://www.loc.gov/collections/daguerreotypes/about-this-collection/rights-and-access/","ceee611290fad05ddf85e4b26f9a945ba5962fae7733c3aa847b9b2e4847bf5b","6cf83882a5c997d1f72fc7a0ea83f50a36f0e3d332fd97a49b7259585f498c95","821","1024","single_portrait","RGB","existing_damage","train","images/1225.png"
"1226","loc_2004663993.jpg","2004663993","1226.png","real_damaged","Library of Congress","https://www.loc.gov/item/2004663993/","Public Domain","https://www.loc.gov/collections/daguerreotypes/about-this-collection/rights-and-access/","7630681fd3ae5e7a92cb293c9f51c9ea674560b048759f95527fe8a714672831","c399ddc4930b85fedc4d4e5e16271d7ca1243f367460fa8397c6d3c71ff00972","798","1024","single_portrait","RGB","existing_damage","train","images/1226.png"
"1227","loc_2004663996.jpg","2004663996","1227.png","real_damaged","Library of Congress","https://www.loc.gov/item/2004663996/","Public Domain","https://www.loc.gov/collections/daguerreotypes/about-this-collection/rights-and-access/","dc41cc9e174dd325764d28e6ce1d9174a962a9b79271e61d6f4c15af865bad69","e4aa1145c74d3f60df279a78046f7f1ef2991e8f02cb0579961879f33b1051e4","818","1024","single_portrait","RGB","existing_damage","train","images/1227.png"
"1228","loc_2004663997.jpg","2004663997","1228.png","real_damaged","Library of Congress","https://www.loc.gov/item/2004663997/","Public Domain","https://www.loc.gov/collections/daguerreotypes/about-this-collection/rights-and-access/","feabee4a498c1fe932c07746b50ae5ea17f854ab16e9e7813cd9210695f42739","0e915c42522f56408f08f55f3d48f4b9033b6b79463fbb4e7335a7102987a8bc","814","1024","single_portrait","RGB","existing_damage","train","images/1228.png"
"1229","loc_2004664003.jpg","2004664003","1229.png","real_damaged","Library of Congress","https://www.loc.gov/item/2004664003/","Public Domain","https://www.loc.gov/collections/daguerreotypes/about-this-collection/rights-and-access/","c2135f52f386da93aa8874359c3f49e61666b25763d30138771f43dd1c711781","c13cb9209b51c80451498e7996fe7e2806450c7779bf0273bb3eadc8e841af85","799","1024","single_portrait","RGB","existing_damage","train","images/1229.png"
"1230","loc_2004664005.jpg","2004664005","1230.png","real_damaged","Library of Congress","https://www.loc.gov/item/2004664005/","Public Domain","https://www.loc.gov/collections/daguerreotypes/about-this-collection/rights-and-access/","0364386b7bcdb49e97732d838b5f99cd59890fef0ae654ffd7f4c20fee9141e6","1a4927a4c1d891213a47251134eaacfb96b4d0f04afa2d4a5d8e3e51780a3a95","812","1024","single_portrait","RGB","existing_damage","test","images/1230.png"
"1231","loc_2004664007.jpg","2004664007","1231.png","real_damaged","Library of Congress","https://www.loc.gov/item/2004664007/","Public Domain","https://www.loc.gov/collections/daguerreotypes/about-this-collection/rights-and-access/","c446588bca0449ba380af1f6a1b1ef442c0c8101c06ba8bf312a0ea925c0a4e2","8ed52f4efaebe8aea5d240fb68b7eb4bdf94b299d3e65a95b70341835b7310d2","824","1024","single_portrait","RGB","existing_damage","test","images/1231.png"
"1232","loc_2004664008.jpg","2004664008","1232.png","real_damaged","Library of Congress","https://www.loc.gov/item/2004664008/","Public Domain","https://www.loc.gov/collections/daguerreotypes/about-this-collection/rights-and-access/","a0ec67a3ee2e5460dd1a1758f1e583ec4841f89116d3a835bea6bea2ec1b70d4","2fdd0e50d1ddba7356d0d201bfa6c57935442a7f7efe625d3fca94e7d11636a0","798","1024","single_portrait","RGB","existing_damage","test","images/1232.png"
"1233","loc_2004664009.jpg","2004664009","1233.png","real_damaged","Library of Congress","https://www.loc.gov/item/2004664009/","Public Domain","https://www.loc.gov/collections/daguerreotypes/about-this-collection/rights-and-access/","36bc44c726d4e3ed583d1648a92360cc49b5dc95fc0f709dcfa02712b3839e56","58cc12d3855e532aff6d41dc5ed8ca6d0f7b7907f4a8da45194823c73d087b05","815","1024","single_portrait","RGB","existing_damage","train","images/1233.png"
"1234","loc_2004664010.jpg","2004664010","1234.png","real_damaged","Library of Congress","https://www.loc.gov/item/2004664010/","Public Domain","https://www.loc.gov/collections/daguerreotypes/about-this-collection/rights-and-access/","176355dd16d2901cb20add68f66bef0b1ee9d030d1235edf309a33c967c26a0a","1b4ac460f26e5a5e578fa92ad69e5b7a659b42a732a59d2bed545342520ad7e3","827","1024","single_portrait","RGB","existing_damage","train","images/1234.png"
"1235","loc_2004664011.jpg","2004664011","1235.png","real_damaged","Library of Congress","https://www.loc.gov/item/2004664011/","Public Domain","https://www.loc.gov/collections/daguerreotypes/about-this-collection/rights-and-access/","281004a0320c1da086d95ee0bf2a79001ec90966ae2aedb6ee5e187c5242f2d0","320b7dabfd328029910d230a8d187510b40ffa521b70fbe64faad16242c7a587","818","1024","single_portrait","RGB","existing_damage","train","images/1235.png"
"1236","loc_2004664012.jpg","2004664012","1236.png","real_damaged","Library of Congress","https://www.loc.gov/item/2004664012/","Public Domain","https://www.loc.gov/collections/daguerreotypes/about-this-collection/rights-and-access/","8ffe0ede477923701d17e89e3217740eb40b7c3e6088f9409794f1c3fc9ff096","96ccd395a5d50700006bab99b13eb8135f7e14a23c035342c5ade521c07e6eae","823","1024","single_portrait","RGB","existing_damage","train","images/1236.png"
"1237","loc_2004664014.jpg","2004664014","1237.png","real_damaged","Library of Congress","https://www.loc.gov/item/2004664014/","Public Domain","https://www.loc.gov/collections/daguerreotypes/about-this-collection/rights-and-access/","955f855f53de679c5160a6fe2e4f79f1e4cd108a4a0b34624ad602e81a50d3e8","9a76c2e9a1d50cea79416c54675f49172fcdbb3565c8f5fb71e17e4f06c16a98","821","1024","single_portrait","RGB","existing_damage","train","images/1237.png"
"1238","loc_2004664015.jpg","2004664015","1238.png","real_damaged","Library of Congress","https://www.loc.gov/item/2004664015/","Public Domain","https://www.loc.gov/collections/daguerreotypes/about-this-collection/rights-and-access/","875d10f3c267f0824819282abbbf14620a8933ef96e09765a035035b7f130ff0","e8dae13a23e728ff50afd302c118b1dd5532d665a36d0903ea38dd57966dc417","811","1024","single_portrait","RGB","existing_damage","train","images/1238.png"
"1239","loc_2004664024.jpg","2004664024","1239.png","real_damaged","Library of Congress","https://www.loc.gov/item/2004664024/","Public Domain","https://www.loc.gov/collections/daguerreotypes/about-this-collection/rights-and-access/","df540ad2d2de732efa19916707343a6eaa1e966f50d29cf9660d82a00cff1443","b25a300d597c6e8fef947ef9a86d86c210ef2cc645ba24eb3f7d09b42b22c892","825","1024","single_portrait","RGB","existing_damage","train","images/1239.png"
"1240","loc_2004664025.jpg","2004664025","1240.png","real_damaged","Library of Congress","https://www.loc.gov/item/2004664025/","Public Domain","https://www.loc.gov/collections/daguerreotypes/about-this-collection/rights-and-access/","742403c3d6632de4edc49a31e62434a7c0ed8bfc971f6dce9bc63619033aa66d","a60a18a19687d7d39f434259b8917456e52c41cebe09f9727a1a922026585668","818","1024","single_portrait","RGB","existing_damage","train","images/1240.png"
"1241","loc_2004664028.jpg","2004664028","1241.png","real_damaged","Library of Congress","https://www.loc.gov/item/2004664028/","Public Domain","https://www.loc.gov/collections/daguerreotypes/about-this-collection/rights-and-access/","13fc5d0e861cdd9db21f1632077571f4b58bb0775985a139c50cb498db1b1405","c5d47605f295b6e9ca638723898fa45f366bc75262c707f72d7a15c3ebe79138","812","1024","single_portrait","RGB","existing_damage","train","images/1241.png"
"1242","loc_2004664032.jpg","2004664032","1242.png","real_damaged","Library of Congress","https://www.loc.gov/item/2004664032/","Public Domain","https://www.loc.gov/collections/daguerreotypes/about-this-collection/rights-and-access/","cca4e0fe6e14322c894f48037011327f2c8ec4f6b0e07fd3f9a5483aafc3e462","125de8633aa9f58306f52f7dfb21d4734a89c227e21c9190c6715f53294c83f8","818","1024","single_portrait","RGB","existing_damage","train","images/1242.png"
"1243","loc_2004664033.jpg","2004664033","1243.png","real_damaged","Library of Congress","https://www.loc.gov/item/2004664033/","Public Domain","https://www.loc.gov/collections/daguerreotypes/about-this-collection/rights-and-access/","51ad3b2ea3119484591ebd342e40d4aa7a237a5070d43b2682492aaa2af659a7","9ca3455cde56a2ff59b6d73d174d52ec04044458417ad82f0f0d0d80f3e19437","818","1024","single_portrait","RGB","existing_damage","train","images/1243.png"
"1244","loc_2004664035.jpg","2004664035","1244.png","real_damaged","Library of Congress","https://www.loc.gov/item/2004664035/","Public Domain","https://www.loc.gov/collections/daguerreotypes/about-this-collection/rights-and-access/","d2c04210260924e85dc3b757cbf48edf33d350e564993258848deb4cb5d3367b","dfc008108169f5b541773c40833114259a47455b56437ea4243f84f26cd527e4","821","1024","single_portrait","RGB","existing_damage","validation","images/1244.png"
"1245","loc_2004664036.jpg","2004664036","1245.png","real_damaged","Library of Congress","https://www.loc.gov/item/2004664036/","Public Domain","https://www.loc.gov/collections/daguerreotypes/about-this-collection/rights-and-access/","4216d123d9bcdbcc103af18e2d5a256de31cb128f66c48665f7fc892c7009ba6","74ce0c563df25fe990fcc25d7d579d02eefaa45d0e242ac937f933a8c97cb6fa","819","1024","single_portrait","RGB","existing_damage","train","images/1245.png"
"1246","loc_2004664061.jpg","2004664061","1246.png","real_damaged","Library of Congress","https://www.loc.gov/item/2004664061/","Public Domain","https://www.loc.gov/collections/daguerreotypes/about-this-collection/rights-and-access/","9d417499bcd10dbafba73de3e159fd523ccb5e92d166d3adaab67e6197872e05","f1ec16623e76ac1bde4c3c181c821dd3197ec4d8c59614b45178f8e77a459e6a","796","1024","single_portrait","RGB","existing_damage","test","images/1246.png"
"1247","loc_2004664069.jpg","2004664069","1247.png","real_damaged","Library of Congress","https://www.loc.gov/item/2004664069/","Public Domain","https://www.loc.gov/collections/daguerreotypes/about-this-collection/rights-and-access/","6c7aa291b047312c984d3d1690fa3d5624a838628e8b0ff509e4401aeda7c15c","2d062d40c66c7126e8ee725a73198b4eaa2ec1aece74b9e0e7b7b44d45ecb3dc","825","1024","single_portrait","RGB","existing_damage","train","images/1247.png"
"1248","loc_2004664070.jpg","2004664070","1248.png","real_damaged","Library of Congress","https://www.loc.gov/item/2004664070/","Public Domain","https://www.loc.gov/collections/daguerreotypes/about-this-collection/rights-and-access/","2f2b0973c10fa383fd37e0ceebe92c970188f720f647acd29a737d4a8924e1db","5c90cb167cde9524714737322f0722b1413906ddf56383a1dd0e88f19b431143","820","1024","single_portrait","RGB","existing_damage","train","images/1248.png"
"1249","loc_2004664073.jpg","2004664073","1249.png","real_damaged","Library of Congress","https://www.loc.gov/item/2004664073/","Public Domain","https://www.loc.gov/collections/daguerreotypes/about-this-collection/rights-and-access/","7583a2cea2c7b708d310d6108429dc8a8c4fc099edbdfe5e82629f1996c52ece","21d6718edf9f9189780653dbb399ffb86de4887b77ef41f1e3a75b84931e321e","812","1024","single_portrait","RGB","existing_damage","train","images/1249.png"
"1250","loc_2004664076.jpg","2004664076","1250.png","real_damaged","Library of Congress","https://www.loc.gov/item/2004664076/","Public Domain","https://www.loc.gov/collections/daguerreotypes/about-this-collection/rights-and-access/","098c33dc3fac1956aaa13325c4daf099bd706926a8c93ad6f845e643b62a0134","f12e059ea39a19242f0fc72143f8187f5cf7ae9943499ccd57f8adbfd036c57a","800","1024","single_portrait","RGB","existing_damage","train","images/1250.png"
"1251","loc_2004664083.jpg","2004664083","1251.png","real_damaged","Library of Congress","https://www.loc.gov/item/2004664083/","Public Domain","https://www.loc.gov/collections/daguerreotypes/about-this-collection/rights-and-access/","513c969837de5d43b42936e3d7033abb1bc2c2d737d6122715f62f6c24a345f7","00566f962b505bd5fa6d6be92d326c346b5621d32a283636854cad952276b9f6","821","1024","single_portrait","RGB","existing_damage","train","images/1251.png"
"1252","loc_2004664180.jpg","2004664180","1252.png","real_damaged","Library of Congress","https://www.loc.gov/item/2004664180/","Public Domain","https://www.loc.gov/collections/daguerreotypes/about-this-collection/rights-and-access/","5a580fb38ca656896328d73076f150155145c309b3e4c65d69877cc05fa483c4","cd32cfad65f36ddde5810602cd2a3a7075efd61e2d556c2b598aacf6fca4e9e4","826","1024","single_portrait","RGB","existing_damage","train","images/1252.png"
"1253","loc_2004664182.jpg","2004664182","1253.png","real_damaged","Library of Congress","https://www.loc.gov/item/2004664182/","Public Domain","https://www.loc.gov/collections/daguerreotypes/about-this-collection/rights-and-access/","c19683d304f9d1d7e5d40bf39bbd37103666ad2357e02799b8b30ed2cdc0f8da","b1bd135f90e52e69404b81ca51feb4f3e05043660380497c6b44afe40748670c","791","1024","single_portrait","RGB","existing_damage","train","images/1253.png"
"1254","loc_2004664183.jpg","2004664183","1254.png","real_damaged","Library of Congress","https://www.loc.gov/item/2004664183/","Public Domain","https://www.loc.gov/collections/daguerreotypes/about-this-collection/rights-and-access/","19fb5146b557092bb218e5bd4a0ce41fc433897495175554f8170f1a78096780","e433a6a454e2ecde1e840dfc6c369e5925a188fad4a4b16485a9d2a3b72ddcf4","824","1024","single_portrait","RGB","existing_damage","train","images/1254.png"
"1255","loc_2004664184.jpg","2004664184","1255.png","real_damaged","Library of Congress","https://www.loc.gov/item/2004664184/","Public Domain","https://www.loc.gov/collections/daguerreotypes/about-this-collection/rights-and-access/","56a0c3d10675431eb1fd6271cacbca58971a540dafdb1192b758d5fb82d0e04e","0bfde6ba2ba436d62399645e56ea3f6379217c72a1225354fdce961699f20245","816","1024","single_portrait","RGB","existing_damage","train","images/1255.png"
"1256","loc_2004664185.jpg","2004664185","1256.png","real_damaged","Library of Congress","https://www.loc.gov/item/2004664185/","Public Domain","https://www.loc.gov/collections/daguerreotypes/about-this-collection/rights-and-access/","4428bca14c751219c2d7c7b752661bb1ff4bb3c717c867573f66f09a2e8b1bc9","224bba1765a36b7a35c2c55521a7465bb12a874805d46dfe03c895ecf81d028b","811","1024","single_portrait","RGB","existing_damage","train","images/1256.png"
"1257","loc_2004664186.jpg","2004664186","1257.png","real_damaged","Library of Congress","https://www.loc.gov/item/2004664186/","Public Domain","https://www.loc.gov/collections/daguerreotypes/about-this-collection/rights-and-access/","2f2c184399914cfe9dd113a68ef9637325b5634c375d2ea2ba5fc7023341840a","0cbb031ca85d67c9440b3048492d4f0ccaf4e58d5f1fc0708dc0f9306a053760","820","1024","single_portrait","RGB","existing_damage","train","images/1257.png"
"1258","loc_2004664187.jpg","2004664187","1258.png","real_damaged","Library of Congress","https://www.loc.gov/item/2004664187/","Public Domain","https://www.loc.gov/collections/daguerreotypes/about-this-collection/rights-and-access/","fecc244f5b4c7bf4daec5238241b263997006ed537b6616dcf7a188b42858683","72fe484382bc3af9c7f3eaff7e0e2294230df39981caa442649070550ae7ac00","820","1024","single_portrait","RGB","existing_damage","train","images/1258.png"
"1259","loc_2004664188.jpg","2004664188","1259.png","real_damaged","Library of Congress","https://www.loc.gov/item/2004664188/","Public Domain","https://www.loc.gov/collections/daguerreotypes/about-this-collection/rights-and-access/","26caa4bde0365625c49fb3645c376cba365b939853eb9c208b2e3a00ba2804e5","cda38dc450f2fe31fe059dcf67919dd6e087ecdf6072e3c6e5cd7becf0fb76bb","819","1024","single_portrait","RGB","existing_damage","train","images/1259.png"
"1260","loc_2004664189.jpg","2004664189","1260.png","real_damaged","Library of Congress","https://www.loc.gov/item/2004664189/","Public Domain","https://www.loc.gov/collections/daguerreotypes/about-this-collection/rights-and-access/","dd9f9fca2b9624291a743e8b7794028bec9f076314eafa7f9d1f8f0f17c9810f","bbb5f5d6517aa9ea3658033b8a7c6c2ee8d45a0809dfe483d24a26142f96e90e","816","1024","single_portrait","RGB","existing_damage","train","images/1260.png"
"1261","loc_2004664190.jpg","2004664190","1261.png","real_damaged","Library of Congress","https://www.loc.gov/item/2004664190/","Public Domain","https://www.loc.gov/collections/daguerreotypes/about-this-collection/rights-and-access/","4b6c551e3921e47246126c43f04a59378eabbc44fba6b13b0c1620f40727f1e6","59d415ac5f600d180ab14d5620c9742c836425a82e95adfe7469d317eea8b15c","820","1024","single_portrait","RGB","existing_damage","train","images/1261.png"
"1262","loc_2004664191.jpg","2004664191","1262.png","real_damaged","Library of Congress","https://www.loc.gov/item/2004664191/","Public Domain","https://www.loc.gov/collections/daguerreotypes/about-this-collection/rights-and-access/","599e836d81223a3cfd31f07095af51aec7497a6eea87d5fc555f57a6c45a31bf","6ec636ba8e0f71c98c00448c26f118a69b42cf00243b89d20aeb4a4d9aebe751","816","1024","single_portrait","RGB","existing_damage","test","images/1262.png"
"1263","loc_2004664192.jpg","2004664192","1263.png","real_damaged","Library of Congress","https://www.loc.gov/item/2004664192/","Public Domain","https://www.loc.gov/collections/daguerreotypes/about-this-collection/rights-and-access/","c3f483d665f397d41b9afd17c3881ac4afe4a8d8a65dbb8d31bf258de92126e9","7e441bb6422964ca765ec148043b8879dcc1008b77274eba0fa585e7d30ee58f","802","1024","single_portrait","RGB","existing_damage","train","images/1263.png"
"1264","loc_2004664193.jpg","2004664193","1264.png","real_damaged","Library of Congress","https://www.loc.gov/item/2004664193/","Public Domain","https://www.loc.gov/collections/daguerreotypes/about-this-collection/rights-and-access/","f902fd772e95a1d94d0d0380b526c994f10d684853c1876ecaaa1588d52a706b","03829a40fe526084729b7207ce615ef9f0fe0614803792361bc2075978fc71fe","802","1024","single_portrait","RGB","existing_damage","train","images/1264.png"
"1265","loc_2004664194.jpg","2004664194","1265.png","real_damaged","Library of Congress","https://www.loc.gov/item/2004664194/","Public Domain","https://www.loc.gov/collections/daguerreotypes/about-this-collection/rights-and-access/","76262ca59705d332f4b6f40470f256841be188cfd622439fc5ec7f48b8e0e9bc","7b9758c82b94a91950567c06b688d80fd74af399618d24aee224f3ff7baeb938","798","1024","single_portrait","RGB","existing_damage","train","images/1265.png"
"1266","loc_2004664195.jpg","2004664195","1266.png","real_damaged","Library of Congress","https://www.loc.gov/item/2004664195/","Public Domain","https://www.loc.gov/collections/daguerreotypes/about-this-collection/rights-and-access/","307705945c1b5a65f8a7d46e3fbdd7c41751810fb4abe65b07ac877a80c0053d","ba57ab245c96415b5d1c053c06b324c758281db273bed9f07d7c33b55c2c26bc","814","1024","single_portrait","RGB","existing_damage","train","images/1266.png"
"1267","loc_2004664196.jpg","2004664196","1267.png","real_damaged","Library of Congress","https://www.loc.gov/item/2004664196/","Public Domain","https://www.loc.gov/collections/daguerreotypes/about-this-collection/rights-and-access/","32c2ef1bd8aff99c54c1a443d128505546010026d294ebd713d41105e63cb5cc","90333e5f820fbdd5e934380aa927d462c99cd6e650a20b27f0c43544ddcedb8b","813","1024","single_portrait","RGB","existing_damage","train","images/1267.png"
"1268","loc_2004664197.jpg","2004664197","1268.png","real_damaged","Library of Congress","https://www.loc.gov/item/2004664197/","Public Domain","https://www.loc.gov/collections/daguerreotypes/about-this-collection/rights-and-access/","8677d7de5fc615b05231296a0159eb3e592c9e3719f0f32688e97feb55b33808","57c544a56f7b8868a10154a569b884fa36dffb280e79790b5bb8ed5e00e825fd","815","1024","single_portrait","RGB","existing_damage","validation","images/1268.png"
"1269","loc_2004664198.jpg","2004664198","1269.png","real_damaged","Library of Congress","https://www.loc.gov/item/2004664198/","Public Domain","https://www.loc.gov/collections/daguerreotypes/about-this-collection/rights-and-access/","b75c0f4a7000ef5917eb01bc3e4dc01e5e29623352b462e70677cccccd13699b","76d67c13370d2e9cb3ad65fad0669839135b610da0a8949ff636d9fe7b782073","814","1024","single_portrait","RGB","existing_damage","train","images/1269.png"
"1270","loc_2004664199.jpg","2004664199","1270.png","real_damaged","Library of Congress","https://www.loc.gov/item/2004664199/","Public Domain","https://www.loc.gov/collections/daguerreotypes/about-this-collection/rights-and-access/","1c8e688616379ad091915f6dcbb4a5b2450291f6b00dbe7e9565dae14900bfc9","b039cea8035e04c4daea599da18d8fba541f6b5f7186cfa0bf1f9199d5cbfd2f","803","1024","single_portrait","RGB","existing_damage","test","images/1270.png"
"1271","loc_2004664200.jpg","2004664200","1271.png","real_damaged","Library of Congress","https://www.loc.gov/item/2004664200/","Public Domain","https://www.loc.gov/collections/daguerreotypes/about-this-collection/rights-and-access/","89b864c395970c1abda904e8732378a735d56682a0de3cd29f182ef780ad9634","5b44a332b2b5074adf4cf61513f1fd611b0afcaa3bbad9f082bd5106a1ab9cbf","797","1024","single_portrait","RGB","existing_damage","train","images/1271.png"
"1272","loc_2004664202.jpg","2004664202","1272.png","real_damaged","Library of Congress","https://www.loc.gov/item/2004664202/","Public Domain","https://www.loc.gov/collections/daguerreotypes/about-this-collection/rights-and-access/","e57778742120b9ed088469e3da48e19989421c8d3a21c00aabd423ad09453f0e","2a382156d7c8adfd92f605e1ad74378fa3990617e1577ed7f035281c99e10c38","795","1024","single_portrait","RGB","existing_damage","train","images/1272.png"
"1273","loc_2004664203.jpg","2004664203","1273.png","real_damaged","Library of Congress","https://www.loc.gov/item/2004664203/","Public Domain","https://www.loc.gov/collections/daguerreotypes/about-this-collection/rights-and-access/","a3b7648ed723d23864f2d6e08796e7ebbf0ad970644bdc4d0f1838e574a74cb5","2c4f41ce07a32f7a54178b3f5240e9bca9e77d56b905bf2072f6dafdf89453b6","801","1024","single_portrait","RGB","existing_damage","test","images/1273.png"
"1274","loc_2004664204.jpg","2004664204","1274.png","real_damaged","Library of Congress","https://www.loc.gov/item/2004664204/","Public Domain","https://www.loc.gov/collections/daguerreotypes/about-this-collection/rights-and-access/","fc7122fef8ff7ba1894b42b741661fabe10187c397c76883e1c9d41903d43c73","7b744099cc7322ee408e69d09d0a417c270ba2d0cf5a976c87c64ae294c37b0b","796","1024","single_portrait","RGB","existing_damage","train","images/1274.png"
"1275","loc_2004664205.jpg","2004664205","1275.png","real_damaged","Library of Congress","https://www.loc.gov/item/2004664205/","Public Domain","https://www.loc.gov/collections/daguerreotypes/about-this-collection/rights-and-access/","36c2a7239c06dd6cb706b358052a6c508606898b2347003d6bc4661be6d31317","d811ebfbbacbdd7d4177f6f4bf62467cbe797d6852eee00828cdced65d22f6fa","819","1024","single_portrait","RGB","existing_damage","train","images/1275.png"
"1276","loc_2004664206.jpg","2004664206","1276.png","real_damaged","Library of Congress","https://www.loc.gov/item/2004664206/","Public Domain","https://www.loc.gov/collections/daguerreotypes/about-this-collection/rights-and-access/","d28d77d30b7426ade6c761bde68ddc537b67f52cd7768b4ff1d572fe01e5e626","47a650acfc9c5e3036e0e45110c05cf9eebddd9683f98aa8ee5cd13182168c6a","823","1024","single_portrait","RGB","existing_damage","test","images/1276.png"
"1277","loc_2004664207.jpg","2004664207","1277.png","real_damaged","Library of Congress","https://www.loc.gov/item/2004664207/","Public Domain","https://www.loc.gov/collections/daguerreotypes/about-this-collection/rights-and-access/","73d8dea9013045072ffb9423ba6c87804908c86f40fff67353ff1c4ecada9e59","36c393ff806b8f5aff2b290df9939abf937e855728c7d530607a857e916cfae8","818","1024","single_portrait","RGB","existing_damage","train","images/1277.png"
"1278","loc_2004664208.jpg","2004664208","1278.png","real_damaged","Library of Congress","https://www.loc.gov/item/2004664208/","Public Domain","https://www.loc.gov/collections/daguerreotypes/about-this-collection/rights-and-access/","2d009b8d3f71796ff1d1b725179c42cfeff49bc53beccab1c0b156c049aecd78","70c1cabc64e19e981f1250e2b51aa4c1e6e4a0e009550bb3ed52e9590697e05c","818","1024","single_portrait","RGB","existing_damage","train","images/1278.png"
"1279","loc_2004664209.jpg","2004664209","1279.png","real_damaged","Library of Congress","https://www.loc.gov/item/2004664209/","Public Domain","https://www.loc.gov/collections/daguerreotypes/about-this-collection/rights-and-access/","4515f1ddd9e81dd6539572f2dd17df9a172a5b65d3f54c6f371353317839993b","c6ee691f1d0d4a7fafa495fbab7890f650fcbd433ca69ba6301ff70e1522c276","828","1024","single_portrait","RGB","existing_damage","train","images/1279.png"
"1280","loc_2004664210.jpg","2004664210","1280.png","real_damaged","Library of Congress","https://www.loc.gov/item/2004664210/","Public Domain","https://www.loc.gov/collections/daguerreotypes/about-this-collection/rights-and-access/","fd13dcb98fc57e7f68a2178481168a67180a849e398bf31c4cb03daf8fde9cb9","eac68915e6cc16c8333332fa6b7f7097d38b6907140cfcbd618198fbcdf34df3","826","1024","single_portrait","RGB","existing_damage","train","images/1280.png"
"1281","loc_2004664211.jpg","2004664211","1281.png","real_damaged","Library of Congress","https://www.loc.gov/item/2004664211/","Public Domain","https://www.loc.gov/collections/daguerreotypes/about-this-collection/rights-and-access/","434cb1ecf3bbcd2ecb8974b2206b58fb33b93ec1c343b32b26895d9650398c22","cf1baf442bf33b6aad70b091721b15c2c236f23cd9cf46d2e7e0ff71668a95c7","824","1024","single_portrait","RGB","existing_damage","train","images/1281.png"
"1282","loc_2004664212.jpg","2004664212","1282.png","real_damaged","Library of Congress","https://www.loc.gov/item/2004664212/","Public Domain","https://www.loc.gov/collections/daguerreotypes/about-this-collection/rights-and-access/","364ce8cf8230149b7dd6b2307abe395b5fd93be29cd1129b8b819a6db8410639","e32200076aad7d5830ecae7b0a679435ae258e002b1a7171998d9080af0642cb","819","1024","single_portrait","RGB","existing_damage","validation","images/1282.png"
"1283","loc_2004664213.jpg","2004664213","1283.png","real_damaged","Library of Congress","https://www.loc.gov/item/2004664213/","Public Domain","https://www.loc.gov/collections/daguerreotypes/about-this-collection/rights-and-access/","9991ea36191c798a40c1d0ddb6a59254535764954c43c48596a4220440c855c1","34ab65a2837807cea6d83124394bdeba81da08a21b7e844c3da67ee989d51caf","824","1024","single_portrait","RGB","existing_damage","train","images/1283.png"
"1284","loc_2004664214.jpg","2004664214","1284.png","real_damaged","Library of Congress","https://www.loc.gov/item/2004664214/","Public Domain","https://www.loc.gov/collections/daguerreotypes/about-this-collection/rights-and-access/","cbb144dc0195d388b6036daf283fadfbd5cd9c448635afc3f1e3c88f3f9e02dc","950dc3d93e3f05c98042bef669545381b46def71c01770c669fe1f856a8c5601","815","1024","single_portrait","RGB","existing_damage","train","images/1284.png"
"1285","loc_2004664215.jpg","2004664215","1285.png","real_damaged","Library of Congress","https://www.loc.gov/item/2004664215/","Public Domain","https://www.loc.gov/collections/daguerreotypes/about-this-collection/rights-and-access/","5ecb41852781c852c757244c0eb828d09fd9dcd59932f86e677ad22164686019","94431ac391d69894b9672d2bf28535b87ddac2c7cdf86433106cb75db5a89fc7","818","1024","single_portrait","RGB","existing_damage","train","images/1285.png"
"1286","loc_2004664216.jpg","2004664216","1286.png","real_damaged","Library of Congress","https://www.loc.gov/item/2004664216/","Public Domain","https://www.loc.gov/collections/daguerreotypes/about-this-collection/rights-and-access/","3bc9d8673bdf2b7ad4e459f7724d392d601fc465059dad6a729016d83193af4a","ae67a958b5f86b6c9561eb1d73d443bf07334bee5a470fb0905d2b4cb7e93f3e","816","1024","single_portrait","RGB","existing_damage","train","images/1286.png"
"1287","loc_2004664217.jpg","2004664217","1287.png","real_damaged","Library of Congress","https://www.loc.gov/item/2004664217/","Public Domain","https://www.loc.gov/collections/daguerreotypes/about-this-collection/rights-and-access/","c88d0e8430b2bf53bfaec161a24049a721ac3ad03bdebf3880bb7c709039d545","b15604b0a6cebfdb2f02ddf87138818675ec48cb656f8f456e105c1c47d9f834","819","1024","single_portrait","RGB","existing_damage","train","images/1287.png"
"1288","loc_2004664218.jpg","2004664218","1288.png","real_damaged","Library of Congress","https://www.loc.gov/item/2004664218/","Public Domain","https://www.loc.gov/collections/daguerreotypes/about-this-collection/rights-and-access/","d10a11ebbebe03fa3f73c297cbeb0684f870e564873e8ddcce2654c3ca5378c1","e9b73b9b0fd718de43f43c40c69a142906cca8d5a9ef498432fbe968b4a59e15","818","1024","single_portrait","RGB","existing_damage","train","images/1288.png"
"1289","loc_2004664219.jpg","2004664219","1289.png","real_damaged","Library of Congress","https://www.loc.gov/item/2004664219/","Public Domain","https://www.loc.gov/collections/daguerreotypes/about-this-collection/rights-and-access/","a186450a066978cf164572dd8a24593d1673ef35af04c9bbb4c68b6c9ea4737c","f198c2fe69cf3e8ee5d3ba2a01d7cdc5ed113c281218519d419581de5eaafae9","826","1024","single_portrait","RGB","existing_damage","train","images/1289.png"
"1290","loc_2004664243.jpg","2004664243","1290.png","real_damaged","Library of Congress","https://www.loc.gov/item/2004664243/","Public Domain","https://www.loc.gov/collections/daguerreotypes/about-this-collection/rights-and-access/","85bfb3d949fa0ef8eb5ee98f47a52a8bc3e4830b4eb529b0020f42a4fd3ed95d","825452160a86474f8d37199e02ff532cf02f40b4defae55256ba14efaa9574d2","808","1024","single_portrait","RGB","existing_damage","test","images/1290.png"
"1291","loc_2004664244.jpg","2004664244","1291.png","real_damaged","Library of Congress","https://www.loc.gov/item/2004664244/","Public Domain","https://www.loc.gov/collections/daguerreotypes/about-this-collection/rights-and-access/","682a545bbb32f9893583b2456c338e66bb29eedb9b7ebb28da4d39822673107e","476ce23b90d89ead9116b930693be3aa2de559b82320ce660fa557fb607137a9","812","1024","single_portrait","RGB","existing_damage","train","images/1291.png"
"1292","loc_2004664245.jpg","2004664245","1292.png","real_damaged","Library of Congress","https://www.loc.gov/item/2004664245/","Public Domain","https://www.loc.gov/collections/daguerreotypes/about-this-collection/rights-and-access/","cc81ad3811b6b8a9a1a3b1ecb8d82b36189ccc823516437ba38f7dc9758b3099","f1a9b4691a3cd7181199eb41d93a45b7e3492768c7c30714593253f19387e308","830","1024","single_portrait","RGB","existing_damage","train","images/1292.png"
"1293","loc_2004664246.jpg","2004664246","1293.png","real_damaged","Library of Congress","https://www.loc.gov/item/2004664246/","Public Domain","https://www.loc.gov/collections/daguerreotypes/about-this-collection/rights-and-access/","831e35e374090a90afdecb671c946e58ce1541c5df3b1ce8fd601cea68ce4679","d3f1cd12fb1ebe3853b96e7e5636ffa8ab6d56a34a8f7522c5beb01875a1e80e","811","1024","single_portrait","RGB","existing_damage","train","images/1293.png"
"1294","loc_2004664247.jpg","2004664247","1294.png","real_damaged","Library of Congress","https://www.loc.gov/item/2004664247/","Public Domain","https://www.loc.gov/collections/daguerreotypes/about-this-collection/rights-and-access/","1b2a09e72873c1f69fbb1f51038cda2605c9f09d5c8cce7aa6fdd72282d16274","af17616add5b7a8b04e1743dbe372c788dc75fd0ea6b93ab6e7baea650414feb","823","1024","single_portrait","RGB","existing_damage","test","images/1294.png"
"1295","loc_2004664248.jpg","2004664248","1295.png","real_damaged","Library of Congress","https://www.loc.gov/item/2004664248/","Public Domain","https://www.loc.gov/collections/daguerreotypes/about-this-collection/rights-and-access/","3541e59dee9c8c31a19ec4ef2f6a185d7f8742715893b9ceb39c02247457af0d","98bafd91d3edb4f3115dc5330f6d8c4af4d0e2a22e553e3db4339072c8d29143","805","1024","single_portrait","RGB","existing_damage","test","images/1295.png"
"1296","loc_2004664249.jpg","2004664249","1296.png","real_damaged","Library of Congress","https://www.loc.gov/item/2004664249/","Public Domain","https://www.loc.gov/collections/daguerreotypes/about-this-collection/rights-and-access/","abf9f3099999c62c603b9b6f82a0633d64db37377c2dd625175497834d5a1c13","71d4d617df53cebb9fb9b4d1674884d39aac3579b34e3780bce51381816af177","803","1024","single_portrait","RGB","existing_damage","train","images/1296.png"
"1297","loc_2004664250.jpg","2004664250","1297.png","real_damaged","Library of Congress","https://www.loc.gov/item/2004664250/","Public Domain","https://www.loc.gov/collections/daguerreotypes/about-this-collection/rights-and-access/","fa32b9e0193ef661988479c69c082bf7264b76abc2c0b33840759495a660df80","efd8dea09ef7ef2ac898771f83bc418c8c8d6a970db651d4e2d93aba0d080e4e","822","1024","single_portrait","RGB","existing_damage","test","images/1297.png"
"1298","loc_2004664251.jpg","2004664251","1298.png","real_damaged","Library of Congress","https://www.loc.gov/item/2004664251/","Public Domain","https://www.loc.gov/collections/daguerreotypes/about-this-collection/rights-and-access/","e4735e2a1458467ae10e1dc6cdc8791c996fd2cbb536712a4974891dedd2f401","7a3cf8c266f6a44ce528428eba8ab1ca286db321819828f2f0f87bbd82339997","814","1024","single_portrait","RGB","existing_damage","train","images/1298.png"
"1299","loc_2004664252.jpg","2004664252","1299.png","real_damaged","Library of Congress","https://www.loc.gov/item/2004664252/","Public Domain","https://www.loc.gov/collections/daguerreotypes/about-this-collection/rights-and-access/","f6337e7f178a43a4542bdb801c86336db62b013b2f75332d2b7b42b77d1b7acc","0482c1eee8f90f6dc9ec6987f1b9e277a051b5d928a64a61d8293ca358808a18","816","1024","single_portrait","RGB","existing_damage","train","images/1299.png"
"1300","loc_2004664253.jpg","2004664253","1300.png","real_damaged","Library of Congress","https://www.loc.gov/item/2004664253/","Public Domain","https://www.loc.gov/collections/daguerreotypes/about-this-collection/rights-and-access/","36aa8636cca091a40d62122027fa3300a8a67c190ea702365ab1b0cd83407694","facaa7603458d1b1855a86f6baa9e70e00f7991b8a7c899955b722829fa3d7a5","818","1024","single_portrait","RGB","existing_damage","train","images/1300.png"
"1301","loc_2004664254.jpg","2004664254","1301.png","real_damaged","Library of Congress","https://www.loc.gov/item/2004664254/","Public Domain","https://www.loc.gov/collections/daguerreotypes/about-this-collection/rights-and-access/","2c052fba5c99b9e0ade180ffb38cc1bc6f2ec37e231436694f4265e6ff4d4902","a29a24b70e60f85e6243178cd939643eabc4342aa8b2843867d1557cfead7e53","805","1024","group_portrait","RGB","existing_damage","train","images/1301.png"
"1302","loc_2004664255.jpg","2004664255","1302.png","real_damaged","Library of Congress","https://www.loc.gov/item/2004664255/","Public Domain","https://www.loc.gov/collections/daguerreotypes/about-this-collection/rights-and-access/","cb7a6ba64fcde9c2637baf70cf6a83f959230daf887bf09cfa2ac55d7bd66edb","79165abfabd28ff93a0ca6a8c7084b7ab6c706e8cbef83ab5f55e2533af114b1","806","1024","single_portrait","RGB","existing_damage","validation","images/1302.png"
"1303","loc_2004664293.jpg","2004664293","1303.png","real_damaged","Library of Congress","https://www.loc.gov/item/2004664293/","Public Domain","https://www.loc.gov/collections/daguerreotypes/about-this-collection/rights-and-access/","1733f7aaa3938885bdb11f6dcad0ef672221b5a1b2907cc52bbdd09885f681d2","b4931038ef53b068bb54b4d8e26ce31d755a99bd1a1f4f2b2b978be4e3861b9d","831","1024","single_portrait","RGB","existing_damage","validation","images/1303.png"
"1304","loc_2004664294.jpg","2004664294","1304.png","real_damaged","Library of Congress","https://www.loc.gov/item/2004664294/","Public Domain","https://www.loc.gov/collections/daguerreotypes/about-this-collection/rights-and-access/","ddecfd3451698ce0eb22015ed431b7ebea2b57b3d95b527f4b8241d62ea7b28e","573ae4ff38f987ee0d270679315a77282d3b179547d783ddd209b9a1c571c22d","817","1024","single_portrait","RGB","existing_damage","train","images/1304.png"
"1305","loc_2004664295.jpg","2004664295","1305.png","real_damaged","Library of Congress","https://www.loc.gov/item/2004664295/","Public Domain","https://www.loc.gov/collections/daguerreotypes/about-this-collection/rights-and-access/","cef2702e050eab7ab7f7dd698ddc144a8141141935a42a4e3c298bc1154f5c40","d1e8004208c2a5fe2b306d3d2a226b9a124b644938cc21f74261346db945cc71","826","1024","single_portrait","RGB","existing_damage","train","images/1305.png"
"1306","loc_2004664297.jpg","2004664297","1306.png","real_damaged","Library of Congress","https://www.loc.gov/item/2004664297/","Public Domain","https://www.loc.gov/collections/daguerreotypes/about-this-collection/rights-and-access/","645ed769afa6ef93127f8a217e0833539e3e3cb25f68dad1ec002996cca61046","28aa31510bdcb524ea245f604ce236a5efd9ca8b7b7d5789bf05ee776bc257a8","886","1024","single_portrait","RGB","existing_damage","validation","images/1306.png"
"1307","loc_2004664314.jpg","2004664314","1307.png","real_damaged","Library of Congress","https://www.loc.gov/item/2004664314/","Public Domain","https://www.loc.gov/collections/daguerreotypes/about-this-collection/rights-and-access/","09253058b4b6457f53aba288725bfbb37d4b8548e2f371cb6e8894737d7bfc8e","930fac9a17cfa1213c65f39634eb05f07b9722d6895e64de202dc7d2ec895c0a","878","1024","single_portrait","RGB","existing_damage","train","images/1307.png"
"1308","loc_2004664315.jpg","2004664315","1308.png","real_damaged","Library of Congress","https://www.loc.gov/item/2004664315/","Public Domain","https://www.loc.gov/collections/daguerreotypes/about-this-collection/rights-and-access/","bc66c3ccba1ceaf6f31b0df80e0caef2f34b2cb251e91d3f7cf31dde23e3ccf4","71c95b559c06ad642fb85fe127ebf53501cc87cf72068f0ea0eb93d9fa647f9a","834","1024","single_portrait","RGB","existing_damage","train","images/1308.png"
"1309","loc_2004664343.jpg","2004664343","1309.png","real_damaged","Library of Congress","https://www.loc.gov/item/2004664343/","Public Domain","https://www.loc.gov/collections/daguerreotypes/about-this-collection/rights-and-access/","b87811643cb184d5d1768c344ce963c4744a2a3f8628b836d9ec74734a376187","a1d4128da11f65f5c748343ba22bfe6ccb4beb55acbde5c74d8f025937bfbce7","821","1024","single_portrait","RGB","existing_damage","train","images/1309.png"
"1310","loc_2004664347.jpg","2004664347","1310.png","real_damaged","Library of Congress","https://www.loc.gov/item/2004664347/","Public Domain","https://www.loc.gov/collections/daguerreotypes/about-this-collection/rights-and-access/","b1fa9af752071221a2e22d73cafd8068151ed6f29aa4b1397679ded28b8bdb57","2c0ebdafe26f8b6947268461bd72a03af7dc64c008d3095db3ed92dae84bc41a","840","1024","single_portrait","RGB","existing_damage","train","images/1310.png"
"1311","loc_2004664349.jpg","2004664349","1311.png","real_damaged","Library of Congress","https://www.loc.gov/item/2004664349/","Public Domain","https://www.loc.gov/collections/daguerreotypes/about-this-collection/rights-and-access/","33af5ac60bc2dc73203ad97fad8763c915cb2734b9be8e438947c2351ca59c47","0010da3c4539d87c60a7de9947fe7c38be1a4c48950160567767dbde9340458d","875","1024","single_portrait","RGB","existing_damage","train","images/1311.png"
"1312","loc_2004664350.jpg","2004664350","1312.png","real_damaged","Library of Congress","https://www.loc.gov/item/2004664350/","Public Domain","https://www.loc.gov/collections/daguerreotypes/about-this-collection/rights-and-access/","d70e5d9559b9fe0378965088ff5959e0ed5a12ecf83dce2ad4838d71f1c5be11","3b573ed381b13a65a9162898800c74b17eb23668645a8d8e638bf9049b2c2ede","825","1024","single_portrait","RGB","existing_damage","train","images/1312.png"
"1313","loc_2004664352.jpg","2004664352","1313.png","real_damaged","Library of Congress","https://www.loc.gov/item/2004664352/","Public Domain","https://www.loc.gov/collections/daguerreotypes/about-this-collection/rights-and-access/","bde58d0560ecba6faeb3ddd917af9cfae5aedc76cf280eb78d7f6919a3756b33","88fc90eba2f869563c0a657fc3f3c4d76370750dd12b1fdcce8b1574509cc6be","1854","2152","single_portrait","RGB","existing_damage","train","images/1313.png"
"1314","loc_2004664353.jpg","2004664353","1314.png","real_damaged","Library of Congress","https://www.loc.gov/item/2004664353/","Public Domain","https://www.loc.gov/collections/daguerreotypes/about-this-collection/rights-and-access/","167bc19886ab212363eead7a5b4f42780fac08c90858f6f6ba902a67db96a76c","ae5bf29beb1c52bb5a78f8572b09ac468769dcb0031df9702131dac121a76a49","903","1024","single_portrait","RGB","existing_damage","train","images/1314.png"
"1315","loc_2004664354.jpg","2004664354","1315.png","real_damaged","Library of Congress","https://www.loc.gov/item/2004664354/","Public Domain","https://www.loc.gov/collections/daguerreotypes/about-this-collection/rights-and-access/","da818047942a2f1bc2b83fe9fd1604325d6bd397aadc4455e902d2cc6358cf83","32c321c1d1ecc633b7a90597d9ad97b844178d257b3a3ed867d552ea22ccdfb6","878","1024","single_portrait","RGB","existing_damage","test","images/1315.png"
"1316","loc_2004664356.jpg","2004664356","1316.png","real_damaged","Library of Congress","https://www.loc.gov/item/2004664356/","Public Domain","https://www.loc.gov/collections/daguerreotypes/about-this-collection/rights-and-access/","4e559fae5f3ca4d48c954f297bb91aea7e4c5363c5627544f91d39b905f6e337","7110d2d2910031ca311d6c8d15efda0e404b609b09006235010def98e44db196","876","1024","single_portrait","RGB","existing_damage","train","images/1316.png"
"1317","loc_2004664360.jpg","2004664360","1317.png","real_damaged","Library of Congress","https://www.loc.gov/item/2004664360/","Public Domain","https://www.loc.gov/collections/daguerreotypes/about-this-collection/rights-and-access/","f5414f4360af2f89cb6f552a4ed91ae163ed87a1a906862a5718f4fed2ba8e78","8405879eea961bfe613e3d12b32d7806f4bca9e71da898574abef6969062635e","880","1024","single_portrait","RGB","existing_damage","train","images/1317.png"
"1318","loc_2004664361.jpg","2004664361","1318.png","real_damaged","Library of Congress","https://www.loc.gov/item/2004664361/","Public Domain","https://www.loc.gov/collections/daguerreotypes/about-this-collection/rights-and-access/","b876eb2a356939ef60dbd3171b376c723d83cfc8e6609eff6decb6673fe24f6d","181a5bcaa720ccc29b65c19684958def5de841807b17611e1e7340eb9e63c659","825","1024","single_portrait","RGB","existing_damage","test","images/1318.png"
"1319","loc_2004664425.jpg","2004664425","1319.png","real_damaged","Library of Congress","https://www.loc.gov/item/2004664425/","Public Domain","https://www.loc.gov/collections/daguerreotypes/about-this-collection/rights-and-access/","1d704f0d8cdaed2c5d7597b264bfcbe69d8baf0d65469de15f36a0a08844d97f","e57d6202154d48fa93b8405c9f7f7788b605c15a60957f06aa40cbbc6b279da5","821","1024","single_portrait","RGB","existing_damage","train","images/1319.png"
"1320","loc_2004664181.jpg","2004664181","1320.png","real_damaged","Library of Congress","https://www.loc.gov/item/2004664181/","Public Domain","https://www.loc.gov/collections/daguerreotypes/about-this-collection/rights-and-access/","bbd352dc743b56460ee22e2bdb3c410e58aa52f81bd7a093eff6f53ea56a0d6d","14f487b512f8ba74f62d497992b26ea613bf764d9ae100a0d2c5a1d528babeee","1024","818","image/jpeg","RGB","existing_damage","train","images/1320.png"
"1321","loc_2004664511.jpg","2004664511","1321.png","real_damaged","Library of Congress","https://www.loc.gov/item/2004664511/","Public Domain","https://www.loc.gov/collections/daguerreotypes/about-this-collection/rights-and-access/","11cd37f2a98b76969e8f9508fe6d2cf2651e52b4b89646e84dc5508c8b1c85f3","6cc02f7a4db633d2b5f6170979709e1953ce67621c80dbdbf11ec0f198b1e46e","1024","817","image/jpeg","RGB","existing_damage","train","images/1321.png"
"1322","loc_2004664525.jpg","2004664525","1322.png","real_damaged","Library of Congress","https://www.loc.gov/item/2004664525/","Public Domain","https://www.loc.gov/collections/daguerreotypes/about-this-collection/rights-and-access/","cb5abf349c68f0475faa0728c2d5ae1cdd82054ba1d56758fddca9cd50a8472d","942c5ce8e2dc0d6bd79efbf97b0c97b76ab7866e33b9470016d9be158371ad14","839","1024","architecture","RGB","existing_damage","train","images/1322.png"
"1323","loc_2004664526.jpg","2004664526","1323.png","real_damaged","Library of Congress","https://www.loc.gov/item/2004664526/","Public Domain","https://www.loc.gov/collections/daguerreotypes/about-this-collection/rights-and-access/","7baea7f2ab9fef53e38668b2915bc448f1e64a5627fe7287531d01790e37f05c","3e953567f34c05a03b071679500745ee0d0262bfafcfda8d299521cfdd6efa71","1024","815","architecture","RGB","existing_damage","train","images/1323.png"
"1324","088481pu.tif","088481pu","1324.png","real_damaged","Library of Congress","","","","f8c0274060647bb15d0897da1c54c0b91c1564f5e17dde122d887b409ecb0a50","2b796cb1cb74ed07e4364c2b67118678e06d4c60cdb84fb10b4ba9ce32005863","3200","2559","architecture","RGB","existing_damage","train","images/1324.png"
"1325","088482pu.tif","088482pu","1325.png","real_damaged","Library of Congress","","","","bf70c97de6a1d46aafff6d904fc2aba26c6be4fd5483fbf954b0077d2c1bb68b","d7e376d48f889d95ccecbd3590e1aa4fafe5d9deea421374b50e4ddb82d1794a","3200","2568","architecture","RGB","existing_damage","train","images/1325.png"
"1326","088483pu.tif","088483pu","1326.png","real_damaged","Library of Congress","","","","64b9758feed933e65492182679df91645a759f8939fd2b2b0b6d31c22f1934b8","74f84e78c13db40e9d1d379e0e55de2e692060a599f5ab7198a8eee21b159515","3200","2548","architecture","RGB","existing_damage","train","images/1326.png"
"1327","088484pu.tif","088484pu","1327.png","real_damaged","Library of Congress","","","","47bf835a36e11030ee4e1b1fcbd10ff0bb88419d5a037e3e1845a8636d66747d","3d38e39d56c751541d583d9a38a1af48c0732cf27f26b52b31c5e0976124231b","3200","2581","architecture","RGB","existing_damage","train","images/1327.png"
"1328","088485pu.tif","088485pu","1328.png","real_damaged","Library of Congress","","","","78037c7ba83de8617e9e819f081ec49716f815a3e04e152c8dbbcd86b4ab104e","caceb552d8e84e38242e51f1963aaea19f373e87bb833c41a222ce5279c0c5ff","3200","2566","architecture","RGB","existing_damage","train","images/1328.png"
"1329","088486pu.tif","088486pu","1329.png","real_damaged","Library of Congress","","","","b2579d1ee1ef6436a5cdd8ef20f54503ed8edee40b554415db4fb0f3870b25c1","a3153c6cdd54af92ac85d6e24be546ee5993d043b25e92adf9642a08b753a1b6","3200","2576","architecture","RGB","existing_damage","train","images/1329.png"
"1330","088487pu.tif","088487pu","1330.png","real_damaged","Library of Congress","","","","f05555a8cea22b08328a931d901e538b95b8cc15746901dfe20b01fc35956440","fc8fcce7e5f68028525de90e7729c79f821099409be397d428ab107c2bcf7be0","3200","2546","architecture","RGB","existing_damage","train","images/1330.png"
"1331","088488pu.tif","088488pu","1331.png","real_damaged","Library of Congress","","","","47678936d3541db58283a85c17f5e0b09950d7663526eed147c5eae152fd01fd","6ef7ba60b727bf217ee5db0f3bb8d3f18b5cdab4c80fe1183c411f887a1e30d0","3200","2559","architecture","RGB","existing_damage","train","images/1331.png"
"1332","09866u.tif","09866u","1332.png","real_damaged","Library of Congress","","","","93ead55dc948652abc848d83a91712eb53902df36c15dc83a661f94091ebb32d","82e4d2978729101d870edeb9f3d60bef4ba0c5ee96db990a7762205c2056d464","2560","2027","single_portrait","RGB","existing_damage","train","images/1332.png"
"1333","104677pu.tif","104677pu","1333.png","real_damaged","Library of Congress","","","","e1aa31e5d5630a735f24387b7a11bde1dc7573c25229546a5cc4125de3036e3d","07056277aa56e0926b3ad6e83e5a41cf9f658d987f568df119b1023fd3061d81","2560","2058","architecture","RGB","existing_damage","train","images/1333.png"
"1334","104678pu.tif","104678pu","1334.png","real_damaged","Library of Congress","","","","981077d4198e5b7718ee8bb3c857b7802deae0d6f6ec0c4531234cc8fc5af580","2a5c07900971995fbc6d43c24bf3c56d8f918538daffe893736e69d2d1b32a06","2560","2054","architecture","RGB","existing_damage","train","images/1334.png"
"1335","110855pu.tif","110855pu","1335.png","real_damaged","Library of Congress","","","","5a4b9b755597863536ba9cd69be550dd198419d1460da7eeedcc9e04e86277d8","c6fcd9350b061ceda1496b9274241c45578ec2e2a2b66826c1da56ff622383f0","2560","2018","outdoor_scene","RGB","existing_damage","train","images/1335.png"
"1336","115088pu.tif","115088pu","1336.png","real_damaged","Library of Congress","","","","f2254a7e8b779465779885071569d373dd1f250d8d8f8c515148f8cab5d189d3","78762781ddf3eb42c4499349b16e15cce44ac0adba984c1997bd7dcda0bfe0bd","2060","2560","indoor_scene","RGB","existing_damage","train","images/1336.png"
"1337","115089pu.tif","115089pu","1337.png","real_damaged","Library of Congress","","","","c9c897686c4ec6df424d6d61ea6b450981d94c0c9030759690d87b9ed481c4e5","ed2e70a25ebed0cb8d106ec68225428852d1c8403ba511d11ede664c340a8362","2560","2042","indoor_scene","RGB","existing_damage","test","images/1337.png"
"1338","115090pu.tif","115090pu","1338.png","real_damaged","Library of Congress","","","","d8efa9552a9437b9394fba86057e4d265d09540018f7e4cd0105d074bd2e4493","437bf1ebf320bc058c5e9aef4932688ee954146688fab3b6900e217269c1a28d","2560","2051","indoor_scene","RGB","existing_damage","train","images/1338.png"
"1339","154038pu.tif","154038pu","1339.png","real_damaged","Library of Congress","","","","7cbf23e6d8b0f2fbf78ff2c6f937139c5c7c2f372ca17b915b6ab97f7e37f06c","29cec513b3c0e291c61c3a17b8ef014d1cc8759f004e76bb984a84c4f6173f82","1856","2560","outdoor_scene","RGB","existing_damage","train","images/1339.png"
"1340","154039pu.tif","154039pu","1340.png","real_damaged","Library of Congress","","","","e0723d13bfc38e32a1584425fa9ac878386fd8916f62342e292d4dee1f7287ad","b414fe574e2093211d8064b41ec4fb621ea6889e56d55618ba639dd21fa359cb","2560","1865","group_portrait","RGB","existing_damage","train","images/1340.png"
"1341","154043pu.tif","154043pu","1341.png","real_damaged","Library of Congress","","","","c70f97522ec116e830db6d968943872624e7b4035c195519025927251a44cf4c","7e4b423b0e1e6d47a1a64b10eae2df33626332df6ec71ee4f2008d09b7272076","2560","1868","architecture","RGB","existing_damage","test","images/1341.png"
"1342","154044pu.tif","154044pu","1342.png","real_damaged","Library of Congress","","","","9e8abb29639f7fda482e7190fa0a61596a3548374d4d8039ede19bff60003801","97c4e030fcf6153a96dfd50f2d5b35a5e41f02cebd955e2c16851339dfaa49ae","2560","1850","indoor_scene","RGB","existing_damage","train","images/1342.png"
"1343","154051pu.tif","154051pu","1343.png","real_damaged","Library of Congress","","","","c514b64b40caad798bcc597a4aef7ebf306be2c56dff5a95bffef804a13621e5","3827a1656096a2d8e4cbd05ddbdd6d583f223cb4be4cd2528bdf508734aca737","2560","1875","outdoor_scene","RGB","existing_damage","train","images/1343.png"
"1344","166591pu.tif","166591pu","1344.png","real_damaged","Library of Congress","","","","c73202871ec9bb649914ea93ef3e6bdc70a08c4f4f73dd94f250d91bf2aec04e","202c422115ef8fb7524e40784848bbb4162fe5af055b7c6e2657c9032638032c","3200","2308","document","RGB","existing_damage","validation","images/1344.png"
"1345","173185pu.tif","173185pu","1345.png","real_damaged","Library of Congress","","","","5557e01e3982b1305b96605ccb2be59b2297c6fc242028a1abc6b9d22dda9ce6","849c1f93a73e824376c9e48e5e4227e951a2d6db184c43067bc045902ee931ca","2560","2050","architecture","RGB","existing_damage","train","images/1345.png"
"1346","189060pu.tif","189060pu","1346.png","real_damaged","Library of Congress","","","","d461db1bd4d9a8344250a40a8185dfc0a8ff776237c40cd23fd5e79763039cc2","23ed55109499134eb35f5467e8cf2fbadebf59d793dcdc9ec818162397fbcd5f","3200","2544","architecture","RGB","existing_damage","train","images/1346.png"
"1347","189061pu.tif","189061pu","1347.png","real_damaged","Library of Congress","","","","f0bc4ab703b82b560ac52dc6bc613c73c25e83843cf8d502da18ddab404d8fa5","f3c116c91e9cc580f24150859e3bab6280a16028b71138cbb59a47c61b5b16bc","3200","2560","architecture","RGB","existing_damage","test","images/1347.png"
"1348","191987pu.tif","191987pu","1348.png","real_damaged","Library of Congress","","","","97686a730a08c604164e6a47218b5abc38d31d1846568a901e37c88dfe51187b","6edb9318ec2f6e14a2475f46763cc817420518b1f9c7e3b6617aa377a5cb46f7","3200","2593","architecture","RGB","existing_damage","train","images/1348.png"
"1349","192133pu.tif","192133pu","1349.png","real_damaged","Library of Congress","","","","bc63b2398431f9d80d37d7ed7e68e78467985ff39a9380f9575de68697a18451","bf5f90f4e007fe8e815b6405d0481d19a3fa859663f9ed1f5aadf72cfa3a2faa","3200","2591","architecture","RGB","existing_damage","train","images/1349.png"
"1350","192141pu.tif","192141pu","1350.png","real_damaged","Library of Congress","","","","5b361f2eb34d117a5bc345622f9aca29f0d462407febe0d8da2f9f40a4e85cc7","9c48b95ef2c1cd7d6b52d37aa0f17dec91ffb6cbc0e13f9f4fdb22fb047349f2","3200","2603","architecture","RGB","existing_damage","train","images/1350.png"
"1351","1s42592u.tif","1s42592u","1351.png","real_damaged","Library of Congress","","","","c567e160598b7541858e67214e904f66c88184165595e3bf47104d3bd0a942ed","9ed483bdbd54b4fa056f86c1b4ed053970e4bb712b1cf74c25a8128f5f5d9523","3200","1660","group_portrait","RGB","existing_damage","train","images/1351.png"
"1352","1s42593u.tif","1s42593u","1352.png","real_damaged","Library of Congress","","","","7ea71223aeac74c5e877b68f5fc10af0b2e7a22f01fa7aa097d65971dc3cb34c","e406dc5590408fbadfc6206261a2be565ddb1eb07b555e5454f24deb66ff0d40","3200","1655","group_portrait","RGB","existing_damage","train","images/1352.png"
"1353","1s42594u.tif","1s42594u","1353.png","real_damaged","Library of Congress","","","","1fe9a93caf8da9b46c2c50bbdcd7f8165f7aed1b447393eed8e9648ba6e019ba","f9731784ee493d381a8e5d27a9560b73eee61f001d3e240c799cdb5d94a091b8","3200","1654","group_portrait","RGB","existing_damage","validation","images/1353.png"
"1354","1s42595u.tif","1s42595u","1354.png","real_damaged","Library of Congress","","","","b7dbd15fd6d23b1752747d7c3f8a8aa017c7245e23ea2e358fc8025de17a14c3","6a3d1106eb3b32213f6483ce18281fe2a11cd0cd6df841782ab8f5fc86cac2e6","3200","1645","group_portrait","RGB","existing_damage","train","images/1354.png"
"1355","1s42596u.tif","1s42596u","1355.png","real_damaged","Library of Congress","","","","8cc651f567f99e483e6553d69e87f2d97a2ef6b6520164fe10d6b494307eab9f","fc255ef5b9d04e486f0330edd4788b3ab845205657a195e1f5d45e2ebb01b64f","3200","1645","group_portrait","RGB","existing_damage","train","images/1355.png"
"1356","1s42597u.tif","1s42597u","1356.png","real_damaged","Library of Congress","","","","5dc8b1a25d8379de3edddd752d963a97751cdfe59ae6428f9816cc47d7d76b9e","341e056868092ec100ce6c675f49810121dd8d7a09bf8f8e6587208cb37cb36e","3200","1650","group_portrait","RGB","existing_damage","validation","images/1356.png"
"1357","1s42598u.tif","1s42598u","1357.png","real_damaged","Library of Congress","","","","13cb314fe1940cdddd555c2b2e8709922bca5bdfcc2d858c5d089ff24d8994c2","9beb4f7e6f846c234d8a93a9deef57d998a6afff3f88420b5857046268ea4249","3200","1655","group_portrait","RGB","existing_damage","train","images/1357.png"
"1358","1s42599u.tif","1s42599u","1358.png","real_damaged","Library of Congress","","","","9c8cb8aa734c735f8cb5982ddf9eedcd93171b75ee03b8b4e9d73bf4a9c9a5f3","d71f3cf7d6bf7f6acff27ec7128c6048b6c87521fa59363fec2946aa202e8bf1","3200","1665","group_portrait","RGB","existing_damage","train","images/1358.png"
"1359","1s42600u.tif","1s42600u","1359.png","real_damaged","Library of Congress","","","","4934dbc5f0b33886fc4470a63236afb9127a8e2c68551882c0d8c7c6191e73b7","e659c5a1488bae2aac7fafaca26d836c75dfb82a7dcff73d562fda5ad0c3c37d","3200","1645","group_portrait","RGB","existing_damage","train","images/1359.png"
"1360","218735pu.tif","218735pu","1360.png","real_damaged","Library of Congress","","","","d5aa9081b4147a80aec980e1f5869396e8c3cb68b6bf8ea1c6fdaeb4840c9130","1041e73065ab41c649ecf58954bf8e9a90980d749ea6f0d828ac2884030de020","3200","2572","architecture","RGB","existing_damage","train","images/1360.png"
"1361","218736pu.tif","218736pu","1361.png","real_damaged","Library of Congress","","","","1330acc5d7444107e20fe21d80b74be046ebcff5753e450f50313e0e76314a35","ae96f77b6573c6fd462ce8b7561f3b8f9f786446ec87f77e0091493909fc559b","2518","3200","outdoor_scene","RGB","existing_damage","train","images/1361.png"
"1362","218791pu.tif","218791pu","1362.png","real_damaged","Library of Congress","","","","11f2fe7e37263e0b6516ac288b7c753ca488e840a471d8b7d7dbc2bce1ba4f82","be67af0cfe3b9c035ca38ce796d2824c3cc2dfa060ab4a56f4c31c2919a2fc7f","3200","2515","architecture","RGB","existing_damage","train","images/1362.png"
"1363","218792pu.tif","218792pu","1363.png","real_damaged","Library of Congress","","","","9672cb4bc5596384dd3d55d2fe8f48927dfb95ae5ce9fb0ca7d774b3a46163d1","8089578f6b169ccd904ef6ec8681de9122a3a5553e1f1b85476053037982687c","3200","2577","architecture","RGB","existing_damage","train","images/1363.png"
"1364","219561pu.tif","219561pu","1364.png","real_damaged","Library of Congress","","","","4b1517a374710d4b84225dbc08b27690e8fe5259628f47a8b426aab5ddf8fe91","1f7a220dfe7d21d9f0caa7e86c0b4a48baf37a90ebf331734e52b0dc648b0e74","3200","2531","architecture","RGB","existing_damage","train","images/1364.png"
"1365","219563pu.tif","219563pu","1365.png","real_damaged","Library of Congress","","","","d1ae1cad27b78fae659063ee215950eb692a6cc2e2792799e29d8cd1d073c624","e2dcf5c0ca1e0de679292f3d627b3ba61acfa09c2d364b17b194ba319f10ed57","3200","2494","outdoor_scene","RGB","existing_damage","train","images/1365.png"
"1366","219564pu.tif","219564pu","1366.png","real_damaged","Library of Congress","","","","8b5e7169b73315d7b8f6eaeb3c0b82ff85936c6a2c0c9867b91676fefe9428fd","fde7ade9a50b966ea28aa3a09d12e9d783d623d8b7b9b1d620d492939ae79c2e","3200","2579","outdoor_scene","RGB","existing_damage","train","images/1366.png"
"1367","219565pu.tif","219565pu","1367.png","real_damaged","Library of Congress","","","","ecad9b01f4301f6aca664e21d167db0de1376de2547bb2757e83f340618d5152","3820e2f874443560d942460ceac9740959dc17ce174a5726cfd333e6c9f3b7c6","3200","2521","outdoor_scene","RGB","existing_damage","train","images/1367.png"
"1368","219566pu.tif","219566pu","1368.png","real_damaged","Library of Congress","","","","8075f28551561311b0884e76bdee92e75bbfcfe2570d3b4c1dbca0e73bdef5a4","062ee7ff1fda61f6d55b74e33373e0033dd9854c703a8fa082e341768c1ad27e","3200","2576","outdoor_scene","RGB","existing_damage","train","images/1368.png"
"1369","219568pu.tif","219568pu","1369.png","real_damaged","Library of Congress","","","","5cfb56b3bce11a6de75210370491e5f3ba1da5b448fa1aae6b1544656693658e","279a4e04cca2df54e2801ec01d71587683f0e1613cd1309392ca5e2072dddfa9","3200","2575","outdoor_scene","RGB","existing_damage","test","images/1369.png"
"1370","27691u.tif","27691u","1370.png","real_damaged","Library of Congress","","","","055effae39e0ae1e9c4e0460fb3fc319d0223492d7b69bdf2b5a7d8fa852b092","aec951aacba7e738d0ef32cc866f407f6ef897296da694099f2da64b9e9094e4","2560","2037","indoor_scene","RGB","existing_damage","train","images/1370.png"
"1371","318066pu.tif","318066pu","1371.png","real_damaged","Library of Congress","","","","674a0bccafd6c69a7e544877369517588c96efacbd76af23d227ef4869f3ed16","14592b87afb03bbec1eafbf6b4975f8f5298f6b4812d1a75566e6392f694036f","2560","2042","indoor_scene","RGB","existing_damage","train","images/1371.png"
"1372","318070pu.tif","318070pu","1372.png","real_damaged","Library of Congress","","","","4e2c4154301a934ee8cb19158d1a3a94767b02c282eba4ccda2de1b8d8c09f68","a02930da7b1432c43ef08cac29f9d7db4568afbdfe681107139400ae3dabb72e","2560","2074","indoor_scene","RGB","existing_damage","train","images/1372.png"
"1373","325480pu.tif","325480pu","1373.png","real_damaged","Library of Congress","","","","1348480829b75a4970019633c52fcfa4af68c99be816c0eb03c694b924b4f227","33bd679b830bf2c6e0994a00782da7ca16e82786b1f9be80cf3858ea8f16b24d","2560","2047","architecture","RGB","existing_damage","train","images/1373.png"
"1374","325488pu.tif","325488pu","1374.png","real_damaged","Library of Congress","","","","06a4208fed662430946058499d68bfb095700b8169364695d65c477355cbf5bb","e5fe13bd4fcb47b353439a0ce2395cc61e6a08e4250ce6e794878c3616a89238","2560","2043","architecture","RGB","existing_damage","train","images/1374.png"
"1375","325493pu.tif","325493pu","1375.png","real_damaged","Library of Congress","","","","7b20addef5fb4d6f8c5dcc8eb8ef0b49c84a48f68c8143ef61348051a7c83792","fb537f59ff046fba0db28e128e1d3adda3e7ae8a336c8a8b5103076e41ce6103","2560","2078","outdoor_scene","RGB","existing_damage","validation","images/1375.png"
"1376","327576pu.tif","327576pu","1376.png","real_damaged","Library of Congress","","","","b7c62c65329de212d1930ccb928ede35b44dfb013a9df8e36ba356e423be9988","c2dfd827a663bf61f878fe653fd120f2f1d1ba251d7a9eb21cf6555919ab8d0a","2560","1999","outdoor_scene","RGB","existing_damage","train","images/1376.png"
"1377","327577pu.tif","327577pu","1377.png","real_damaged","Library of Congress","","","","2cbe9755354d8899bf0f2fedaea461ede96f5d1c4ea1191494d542570dc9f698","813145b2efbce21f118df52b6f6b73a1ebbe3bbd1f044218500b3861e95fb5e9","3200","2541","outdoor_scene","RGB","existing_damage","train","images/1377.png"
"1378","328038pu.tif","328038pu","1378.png","real_damaged","Library of Congress","","","","a475b3f606fccd923ae77a84ce363bae921be6ce279d83613a098bd3c4762eac","e269312986db6c50b78af04fd693c60ec056402506556175ec3e5ee01f42c993","2049","2560","document","RGB","existing_damage","test","images/1378.png"
"1379","337628pu.tif","337628pu","1379.png","real_damaged","Library of Congress","","","","a17ba84db3ef2e66e3eab004ba2ce8e16188d36e781cf708d955d2d3ac901edc","b21a498ca4ffa50b8a9aa944d39e2002789e537284fad977c121cb0caf672cd1","2560","2049","outdoor_scene","RGB","existing_damage","test","images/1379.png"
"1380","337629pu.tif","337629pu","1380.png","real_damaged","Library of Congress","","","","5ce5d114641643e12dcb93e9e86fee5b6e0f64e99dd925b1a0e55e27248f503b","3fe9b916c8d19a743a006900f6dd6ba940006fa94d2348d9bebbe8e777ea2a15","3200","2560","document","RGB","existing_damage","train","images/1380.png"
"1381","341664pu.tif","341664pu","1381.png","real_damaged","Library of Congress","","","","e47ed5064a747bf463077dba09ee203ecb1427d03388991ac54099193c07efeb","9f2077c2586cddf632ac598904a166a96250af006982991667b27dc9e200df25","2560","2044","outdoor_scene","RGB","existing_damage","validation","images/1381.png"
"1382","345538pu.tif","345538pu","1382.png","real_damaged","Library of Congress","","","","8fb1c1564e3e796ad4638e89ab57de82545127a8ec2c4556d710de9fcfaeabc5","c35684f9ac8466bf50399263777999d61652fdc4219ca30a1932f4f546a4c25a","3200","2615","indoor_scene","RGB","existing_damage","test","images/1382.png"
"1383","345552pu.tif","345552pu","1383.png","real_damaged","Library of Congress","","","","c02b9f217fc8c28058b727c2e38428a4732158668b4349575ed8169521f29602","95ff30120214d7c9cbee37fab428a35e81bc69e1bbb5774b5ece42b885340c51","2560","2080","indoor_scene","RGB","existing_damage","test","images/1383.png"
"1384","351594pu.tif","351594pu","1384.png","real_damaged","Library of Congress","","","","ca865410d5d6ffb3200190e0bfd6e31ccddb060db07af1132f35e42123d6a1ad","b8ac12b14933a926b049a940682011e3a70f10cd2a035a821b3034c33e396a3c","2063","2560","outdoor_scene","RGB","existing_damage","train","images/1384.png"
"1385","366432pu.tif","366432pu","1385.png","real_damaged","Library of Congress","","","","87f065f6e39a93240b641efaffb9861637262e58530b2cb1451d90733609dc2e","4ad18bb1b22a4350eaaa9c821d3a30c7f3905b86b6bd8044db5abc568a8e5008","3200","2295","outdoor_scene","RGB","existing_damage","train","images/1385.png"
"1386","3c02803u.tif","3c02803u","1386.png","real_damaged","Library of Congress","","","","98da351cf89dd09319c1610315291e6ec340f78a4fb13bd48388b372c8350a58","87e8af6c564e7b73892c82ef66fa0cbf66bf9a69e739c0472743183b9a6978c6","2560","2044","single_portrait","RGB","existing_damage","train","images/1386.png"
"1387","3c27003u.tif","3c27003u","1387.png","real_damaged","Library of Congress","","","","ec690448df57da4c546697c509ddbab135854c0bf30ddcfeac1305fccbbc6f28","086a8517b852981f77fe0806c954cbdc603a609441b01bf59d072d892354903d","2560","2078","document","RGB","existing_damage","train","images/1387.png"
"1388","3c27004u.tif","3c27004u","1388.png","real_damaged","Library of Congress","","","","3db09342b55cf922b4eae801b7a26fc4bd81af9ec911c296ef4047f0c037d4b3","87d6133549cfa8f45b80d110e265ec9ff1fc7d390d136a5277fadfd87948c242","2569","3200","document","RGB","existing_damage","train","images/1388.png"
"1389","580959pu.tif","580959pu","1389.png","real_damaged","Library of Congress","","","","14afb8f31fb94d04b787d5927b6c0d43940b8672ec1980a33c5804ea11aa11ae","84e0ab3f5de151d921bdcf5054ce6b87d7fea2b334c0afe99028b8fe6da896fe","2914","4096","other","RGB","existing_damage","train","images/1389.png"
"1390","8e01171u.tif","8e01171u","1390.png","real_damaged","Library of Congress","","","","f2ff1b66b6ce0c903b5b8e8546fc3dd77d9ab8a22607689ea8b5f0e557ef2ac5","83337f29bf5a6d141d619d1b040956cd9d81fd82e3ff3725c0586e94bb21faa4","2560","2074","outdoor_scene","RGB","existing_damage","validation","images/1390.png"
"1391","met_261941_[The_Great_Wave,_Sète].jpg","met_261941","1391.png","real_damaged","The Metropolitan Museum of Art","https://www.metmuseum.org/art/collection/search/261941","Public Domain","https://www.metmuseum.org/about-the-met/policies-and-documents/open-access","fe28d49dcd5e2e45383260a2a8c2d3f621f4994a11238d36427dc98a772a464c","86da4bd779dd742b8f74b6dfdfab550db71df1c65463829dde446f05b2a4e67e","2000","1623","outdoor_scene","RGB","existing_damage","train","images/1391.png"
"1392","met_262612_View_on_the_Columbia,_Cascades.jpg","met_262612","1392.png","real_damaged","The Metropolitan Museum of Art","https://www.metmuseum.org/art/collection/search/262612","Public Domain","https://www.metmuseum.org/about-the-met/policies-and-documents/open-access","c54255abf9d43f10078e99cb489592f85792e35102a19a62d6eadb8b3b9f4e6d","2d04150aef7d3c6759296071feb1401dc5c549d3484a7e89463812af1fa9f6ce","2560","2019","single_portrait","RGB","existing_damage","validation","images/1392.png"
"1393","met_263608_Paul_Poujaud,_Mme._Arthur_Fontaine,_and_Degas.jpg","met_263608","1393.png","real_damaged","The Metropolitan Museum of Art","https://www.metmuseum.org/art/collection/search/263608","Public Domain","https://www.metmuseum.org/about-the-met/policies-and-documents/open-access","ecf703f84fa03e9f670a0514fa00ca10a586dba07e1e2bcd5a5abe476ac2c07c","817069382d8e0acb912b2f94c8b49017f683fb4c87e38f137fa4ced7f96063c3","2560","1887","group_portrait","RGB","existing_damage","train","images/1393.png"
"1394","met_264711_Black_Cañon,_From_Camp_8,_Looking_Above.jpg","met_264711","1394.png","real_damaged","The Metropolitan Museum of Art","https://www.metmuseum.org/art/collection/search/264711","Public Domain","https://www.metmuseum.org/about-the-met/policies-and-documents/open-access","9ca10f6ce587a12d2f0c5c44885684f8306e1d3545f365db99d4eb910e06bce0","26e6358a2fe060588f9c5ab649349f38f161a820d950fe7e8084dba3889bf470","3200","2797","single_portrait","RGB","existing_damage","train","images/1394.png"
"1395","met_265076_[Arch_of_the_Argentarii,_or,_Goldsmith's_Gate,_Rome].jpg","met_265076","1395.png","real_damaged","The Metropolitan Museum of Art","https://www.metmuseum.org/art/collection/search/265076","Public Domain","https://www.metmuseum.org/about-the-met/policies-and-documents/open-access","62b3c087dd797799350067680f41e161e2121a2c97708c47f992e3d5c8efa074","2acaaf5148da0e759d7445209c80ad2694010cfdf6a2154cc88e2ba04f703ad0","2042","2560","architecture","RGB","existing_damage","test","images/1395.png"
"1396","met_265556_Penny_Picture_Display,_Savannah.jpg","met_265556","1396.png","real_damaged","The Metropolitan Museum of Art","https://www.metmuseum.org/art/collection/search/265556","Public Domain","https://www.metmuseum.org/about-the-met/policies-and-documents/open-access","aafe40b0ad2dfef84abf5332e5bc2557f6da30dd2a59692c1aa98d0fbb6e35bf","2bbf2d746a3dd401fd35ea95b9433652bb315bdade0baa89413a95d184ee350f","2034","2560","single_portrait","RGB","existing_damage","train","images/1396.png"
"1397","met_265726_[Flower_Study,_Rose_of_Sharon].jpg","met_265726","1397.png","real_damaged","The Metropolitan Museum of Art","https://www.metmuseum.org/art/collection/search/265726","Public Domain","https://www.metmuseum.org/about-the-met/policies-and-documents/open-access","5adb5949ea489796a71f944e826fdda646271ffefebd5b74a7113027e1f359a9","61fbe8ec198f641678c7c6b9b8c076587ca312a95e498ba8f8c0451d1a5e97ea","2560","2298","other","RGB","existing_damage","train","images/1397.png"
"1398","met_265904_[Fontainebleau_Forest].jpg","met_265904","1398.png","real_damaged","The Metropolitan Museum of Art","https://www.metmuseum.org/art/collection/search/265904","Public Domain","https://www.metmuseum.org/about-the-met/policies-and-documents/open-access","187d34efa7ecb6a1d8d92081b89ccadd8a5521aaf6e43aac46c2a302da734c00","ebf11fb89f869dab47ae6333980503d5b7f9aa526e83ceb64b642bac1b9f2eb5","2560","1979","outdoor_scene","RGB","existing_damage","validation","images/1398.png"
"1399","met_265916_Articles_of_Glass.jpg","met_265916","1399.png","real_damaged","The Metropolitan Museum of Art","https://www.metmuseum.org/art/collection/search/265916","Public Domain","https://www.metmuseum.org/about-the-met/policies-and-documents/open-access","bf409ba9b45b4116166fea8941bf893a18597ee9e22e3eb354c405f2394a5fe6","803c7edc097720732b527e3cf3362690d9b0cbff35651debee5a2e1d0bc13068","2560","2087","single_portrait","RGB","existing_damage","train","images/1399.png"
"1400","met_265917_The_Jewels_of_the_Pagoda.jpg","met_265917","1400.png","real_damaged","The Metropolitan Museum of Art","https://www.metmuseum.org/art/collection/search/265917","Public Domain","https://www.metmuseum.org/about-the-met/policies-and-documents/open-access","3c73223f8404b219fe6bd6e0b891c6d670eb34fa1c73e1e4f5875bd917be9d57","cd008f7a968211f16351be8fc5dfad264be776543e924a3ec3fe8438832c5268","2560","1847","single_portrait","RGB","existing_damage","test","images/1400.png"
"1401","met_265972_[Study_for__Two_Ways_of_Life_].jpg","met_265972","1401.png","real_damaged","The Metropolitan Museum of Art","https://www.metmuseum.org/art/collection/search/265972","Public Domain","https://www.metmuseum.org/about-the-met/policies-and-documents/open-access","255bf0a1ea86f79230f94dc1c49edaf79ac176854d22bb70c9dfbfc7f0fc9ae1","b224338f47ed545398c3f148b0602b1342012e2ed887f24dae1030ccc4763f29","2560","2036","other","RGB","existing_damage","train","images/1401.png"
"1402","met_266121_Medinet-Habu.jpg","met_266121","1402.png","real_damaged","The Metropolitan Museum of Art","https://www.metmuseum.org/art/collection/search/266121","Public Domain","https://www.metmuseum.org/about-the-met/policies-and-documents/open-access","5429f969a500fe457df4ed0853fb5d45f95ec3dd49e52355656ca6e0c5391ec0","733b2758c96396800854ba63cd9dd4f617f3280e5ed690d9f9983695bae24f35","2560","2002","single_portrait","RGB","existing_damage","train","images/1402.png"
"1403","met_266133_The_Town_on_the_Hill,_New_Almaden.jpg","met_266133","1403.png","real_damaged","The Metropolitan Museum of Art","https://www.metmuseum.org/art/collection/search/266133","Public Domain","https://www.metmuseum.org/about-the-met/policies-and-documents/open-access","072fd43d42e800d301ed68874d7acf122f07e0d5a46fc0b7a3da7afa7e8c545b","ce32684a72dad1de1fcf6e8b1db6d607b8f47ad7d70f186c3fd213c53cfc50a3","3200","2485","outdoor_scene","RGB","existing_damage","train","images/1403.png"
"1404","met_266257_Circe.jpg","met_266257","1404.png","real_damaged","The Metropolitan Museum of Art","https://www.metmuseum.org/art/collection/search/266257","Public Domain","https://www.metmuseum.org/about-the-met/policies-and-documents/open-access","0e1b3c199d2fa1bd3703f4b7efacdea990958f96990a21ae2f93e4aaa51a8d0e","a0e9ef46392edc3f4be61a1207ccfcc5b9eb295c38fddf00afff441d3bfd79b9","1962","2560","single_portrait","RGB","existing_damage","test","images/1404.png"
"1405","met_266284_[Large_Figures_on_the_North_Porch,_Chartres_Cathedral].jpg","met_266284","1405.png","real_damaged","The Metropolitan Museum of Art","https://www.metmuseum.org/art/collection/search/266284","Public Domain","https://www.metmuseum.org/about-the-met/policies-and-documents/open-access","e3162a67489fd3869f1baea479a88c1dfe49319bbd62e596c87b2b39f06befba","6aaef59d88601de13e9053f979096487fd6f347591e05f37f06a1a05db1c9f07","1729","2560","architecture","RGB","existing_damage","train","images/1405.png"
"1406","met_266332_Alfred_Thompson_Gobert.jpg","met_266332","1406.png","real_damaged","The Metropolitan Museum of Art","https://www.metmuseum.org/art/collection/search/266332","Public Domain","https://www.metmuseum.org/about-the-met/policies-and-documents/open-access","2444449b042653baadf2ac4e8014e9a05a4b54bcba086f01f37b96882785107a","4e6e64e9e01d0fe4a47b0906a26b705f5d6e4388a3b8f403e0c0c005be5da309","1912","2560","single_portrait","RGB","existing_damage","validation","images/1406.png"
"1407","met_266480_Eugène_Pelletan.jpg","met_266480","1407.png","real_damaged","The Metropolitan Museum of Art","https://www.metmuseum.org/art/collection/search/266480","Public Domain","https://www.metmuseum.org/about-the-met/policies-and-documents/open-access","96e5daad847e67470baba73dd16c780139796f8bb7dd2456aed5250bf5e76213","17c627f75eedfd75d262520d66afdaafe73702b2a3ef736043f457a9f0d6bdac","1965","2560","single_portrait","RGB","existing_damage","train","images/1407.png"
"1408","met_266644_[Entrance_to_the_Port_of_Boulogne].jpg","met_266644","1408.png","real_damaged","The Metropolitan Museum of Art","https://www.metmuseum.org/art/collection/search/266644","Public Domain","https://www.metmuseum.org/about-the-met/policies-and-documents/open-access","ee0a35724df0577e0836dce2c567af3958b24dbdae00c7123da9a08f109b9649","649590ecdda5946462a7b570c99e5a5954ff0a4af57a007d536319edbbd029f3","3200","2005","outdoor_scene","RGB","existing_damage","train","images/1408.png"
"1409","met_266895_Nebuleuse_de_la_Lyre.jpg","met_266895","1409.png","real_damaged","The Metropolitan Museum of Art","https://www.metmuseum.org/art/collection/search/266895","Public Domain","https://www.metmuseum.org/about-the-met/policies-and-documents/open-access","01149d612c929900c24372057a45c8d74a8080dc1303e6db736f49c35a574128","2b590ac09e5dd11ff34bd18d3c91f579f8750ca20590cb54ea7d6e4fcb330588","1867","2560","single_portrait","RGB","existing_damage","test","images/1409.png"
"1410","met_266982_[Female_Nude,_Reclining,_in_Profile].jpg","met_266982","1410.png","real_damaged","The Metropolitan Museum of Art","https://www.metmuseum.org/art/collection/search/266982","Public Domain","https://www.metmuseum.org/about-the-met/policies-and-documents/open-access","c08c4334337fd34edc00f8f372fc0857228db71e1348aa488862dd2c42563d17","b4c273120752f78e1510177a9a9d78ef553809b5d0f3d431809cbff905252770","2560","1892","other","RGB","existing_damage","test","images/1410.png"
"1411","met_266983_[Farmyard_Scene].jpg","met_266983","1411.png","real_damaged","The Metropolitan Museum of Art","https://www.metmuseum.org/art/collection/search/266983","Public Domain","https://www.metmuseum.org/about-the-met/policies-and-documents/open-access","57af0562e1d6765c618d65f9018b217ea0357e6982a9688161ac1c85d72c7666","bd55db0d9359c97529471bdaff4a228a163cffa397dbee813d82648be7f6508f","2560","2318","outdoor_scene","RGB","existing_damage","train","images/1411.png"
"1412","met_267019_American_Barque__Jane_Tudor,__Conway_Bay.jpg","met_267019","1412.png","real_damaged","The Metropolitan Museum of Art","https://www.metmuseum.org/art/collection/search/267019","Public Domain","https://www.metmuseum.org/about-the-met/policies-and-documents/open-access","b3e91ce511226dd26c5d3ff4b5477f021b5b965ea00c957920cacee7b35d2b93","e8f2c6fd160e708e462009e7f32c916ae5a9994e5799bb5c57604d7bc0c93d35","2560","2123","outdoor_scene","RGB","existing_damage","train","images/1412.png"
"1413","met_267087_[Landscape].jpg","met_267087","1413.png","real_damaged","The Metropolitan Museum of Art","https://www.metmuseum.org/art/collection/search/267087","Public Domain","https://www.metmuseum.org/about-the-met/policies-and-documents/open-access","6a73fea304fa30226c26da7982625f728f14024b726b0c062486536146112bc9","4ad35ea0a181966e5293510583fc0f8eae6cbc557863fa45a65922d50ea68d1f","2560","1939","outdoor_scene","RGB","existing_damage","validation","images/1413.png"
"1414","met_267097_Portal_of_the_Convent_of_Sancti_Spiritu,_Salamanca.jpg","met_267097","1414.png","real_damaged","The Metropolitan Museum of Art","https://www.metmuseum.org/art/collection/search/267097","Public Domain","https://www.metmuseum.org/about-the-met/policies-and-documents/open-access","33ed2d7274f8f4fb88ce0a4fb067e6f80069e3a1420db449428ec4a2c9c0789f","69fb9524600c656895730d01cd6f1b1b41d989bfd85da479984634bf795830bf","2016","2560","outdoor_scene","RGB","existing_damage","train","images/1414.png"
"1415","met_267124_Henri-Charles_Maniglier.jpg","met_267124","1415.png","real_damaged","The Metropolitan Museum of Art","https://www.metmuseum.org/art/collection/search/267124","Public Domain","https://www.metmuseum.org/about-the-met/policies-and-documents/open-access","7437052776d7a241ec845a7ea355844a9f901bd3255ca4287da46a839b5e6727","0d8a4fbf8ed11bc9f3df67d05e246a9e7c27ec66a8d2330110f2c1ffa3d2b1cc","3144","3707","single_portrait","RGB","existing_damage","train","images/1415.png"
"1416","met_267370_Cathedral_at_Orléans.jpg","met_267370","1416.png","real_damaged","The Metropolitan Museum of Art","https://www.metmuseum.org/art/collection/search/267370","Public Domain","https://www.metmuseum.org/about-the-met/policies-and-documents/open-access","b8bb18fff6a4e56a2d1b25b49398e535257ab0fe76e9d636a998ee98c111313a","1581248fa8440568b3c0a241ae94ded8c0e4f78761b17d290d1ae9cce456d34c","2048","1680","architecture","RGB","existing_damage","train","images/1416.png"
"1417","met_267426_Julia_Jackson.jpg","met_267426","1417.png","real_damaged","The Metropolitan Museum of Art","https://www.metmuseum.org/art/collection/search/267426","Public Domain","https://www.metmuseum.org/about-the-met/policies-and-documents/open-access","946108c6bfc6b3195e15867bdeec5290a58f06e5a60e6005f376d846c7251bc3","fb0df662eccafa88eb405bb2ca9b81ab8fb04fd875b7f00627281cee25a6d6fd","1944","2560","single_portrait","RGB","existing_damage","train","images/1417.png"
"1418","met_267891_Ruins_of_Gallego_Flour_Mills,_Richmond.jpg","met_267891","1418.png","real_damaged","The Metropolitan Museum of Art","https://www.metmuseum.org/art/collection/search/267891","Public Domain","https://www.metmuseum.org/about-the-met/policies-and-documents/open-access","af8d0a734160ba1ea6af74ae950d4d0c1d82f8c1105409d4102914ace08a1532","87bce9006b2d885146ba662109c3ec6efc1a8df43ed988476f7d862f15a18dbc","1905","861","architecture","RGB","existing_damage","train","images/1418.png"
"1419","met_267989_[Winter_Quarters_of_Unidentified_Union_Army_Encampment_with_Ambrotype_and_Photog.jpg","met_267989","1419.png","real_damaged","The Metropolitan Museum of Art","https://www.metmuseum.org/art/collection/search/267989","Public Domain","https://www.metmuseum.org/about-the-met/policies-and-documents/open-access","6ccda71c78fbbf657cb4c9810c2bb6c87edeb2a2b16a83ce6827808df7eb0a75","07d26d2f0eef1e52713adadebedaaa1f0f6768820e3188f94a3a21333967aab7","2424","1635","indoor_scene","RGB","existing_damage","train","images/1419.png"
"1420","met_268326_Charles_Sumner.jpg","met_268326","1420.png","real_damaged","The Metropolitan Museum of Art","https://www.metmuseum.org/art/collection/search/268326","Public Domain","https://www.metmuseum.org/about-the-met/policies-and-documents/open-access","ce1f36a2121c19877f72cf5d3453533d456252a123d757f37bc27066e5f2a9fb","9a5783c3407f211a955ded855bbfcfff0f07fde59a49ea1220d97b2be8c83675","1918","2560","single_portrait","RGB","existing_damage","train","images/1420.png"
"1421","met_268336_William_Lloyd_Garrison.jpg","met_268336","1421.png","real_damaged","The Metropolitan Museum of Art","https://www.metmuseum.org/art/collection/search/268336","Public Domain","https://www.metmuseum.org/about-the-met/policies-and-documents/open-access","e6a6c0a6bfa3a64320bafea5807ddba26188b7e6f9e15a6bb318cee1322e5cba","77208a36ba4647f66448897870ea0056e4aefd7db1ab3e1ce2bb89485e43465e","1992","2560","single_portrait","RGB","existing_damage","train","images/1421.png"
"1422","met_268340_Harriet_Beecher_Stowe.jpg","met_268340","1422.png","real_damaged","The Metropolitan Museum of Art","https://www.metmuseum.org/art/collection/search/268340","Public Domain","https://www.metmuseum.org/about-the-met/policies-and-documents/open-access","43c20b92876fc3c378ae73f52957a28b4204790ac5ef773cd5dd2e76770058ca","05a2019f70506b671f8052d8d52864fdee1d442ca06d9c07870f7b714edd22b1","1952","2560","single_portrait","RGB","existing_damage","train","images/1422.png"
"1423","met_268621_Lemuel_Shaw.jpg","met_268621","1423.png","real_damaged","The Metropolitan Museum of Art","https://www.metmuseum.org/art/collection/search/268621","Public Domain","https://www.metmuseum.org/about-the-met/policies-and-documents/open-access","62e47c2dadcb77f810ce36d8c1dd846669833113a52f96562e296056e9813e4f","f0fa7ac7bbf0eeed0969f0fb364246abe3605008f322f563b592702f11717312","1966","2560","single_portrait","RGB","existing_damage","train","images/1423.png"
"1424","met_268659_[Rocky_Hillside].jpg","met_268659","1424.png","real_damaged","The Metropolitan Museum of Art","https://www.metmuseum.org/art/collection/search/268659","Public Domain","https://www.metmuseum.org/about-the-met/policies-and-documents/open-access","5ae5b3fc51093500b7d82873acbad037a140a8d4f67679c3c7b3ee9c3afe41d4","076e79068749203c3bb827940fdbd86d9cc61b24d8bd9e61febc51c736927493","2045","2560","outdoor_scene","RGB","existing_damage","train","images/1424.png"
"1425","met_26898_Tintype_Photograph_of_Gustave_Young_(1827–1895).jpg","met_26898","1425.png","real_damaged","The Metropolitan Museum of Art","https://www.metmuseum.org/art/collection/search/26898","Public Domain","https://www.metmuseum.org/about-the-met/policies-and-documents/open-access","f8b9f438e5ee9be844b8a8af14348b9f520d9ae15d5125c68376184d6c72cea5","b083142f01c5e593592f62a6c8d062f031b3a91509b0f2a3a47d79b018f8ff14","1978","3200","single_portrait","RGB","existing_damage","train","images/1425.png"
"1426","met_269009_[House_and_Picket_Fence].jpg","met_269009","1426.png","real_damaged","The Metropolitan Museum of Art","https://www.metmuseum.org/art/collection/search/269009","Public Domain","https://www.metmuseum.org/about-the-met/policies-and-documents/open-access","263cfe88061b27914909dea60e7dad2bdb4243b407110278084734576ae877b4","bbf5b4c6df60bca443c1dd46d19f1c7333fd135c1e7716984803977c134bc91c","2560","2168","group_portrait","RGB","existing_damage","train","images/1426.png"
"1427","met_269621_The_Upper_Gallery.jpg","met_269621","1427.png","real_damaged","The Metropolitan Museum of Art","https://www.metmuseum.org/art/collection/search/269621","Public Domain","https://www.metmuseum.org/about-the-met/policies-and-documents/open-access","cc244578065762168c5a90592faec03865602544a67e2682a8ea6f1789ceeba4","675dfae1e1b4c32e90ac03bb71b1f3b6177e4610451187599e913a60f97bcb13","2144","2560","indoor_scene","RGB","existing_damage","train","images/1427.png"
"1428","met_270202_[The_Hötel_de_Ville_after_the_Commune].jpg","met_270202","1428.png","real_damaged","The Metropolitan Museum of Art","https://www.metmuseum.org/art/collection/search/270202","Public Domain","https://www.metmuseum.org/about-the-met/policies-and-documents/open-access","ee11bebd64446bb4583a63e168ba3c9672f0d4a15bfad8def7bb0785536e70c6","373c3a878934e5820c858307fa67510c49f82593e0ede598b921096e68e32a2d","3200","2348","other","RGB","existing_damage","train","images/1428.png"
"1429","met_271522_Beatrice.jpg","met_271522","1429.png","real_damaged","The Metropolitan Museum of Art","https://www.metmuseum.org/art/collection/search/271522","Public Domain","https://www.metmuseum.org/about-the-met/policies-and-documents/open-access","6900555317c82dc853fbe167ea5f43c1e12550dc850a5c0a45d201c521423d64","0aa2d2f8fbcfe05319cdcd4c6aec1d3ad9e146879c99f016464b00804866319a","2659","3541","single_portrait","RGB","existing_damage","train","images/1429.png"
"1430","met_271885_Two_Pupils_in_Greek_Dress.jpg","met_271885","1430.png","real_damaged","The Metropolitan Museum of Art","https://www.metmuseum.org/art/collection/search/271885","Public Domain","https://www.metmuseum.org/about-the-met/policies-and-documents/open-access","47f90e59f82d2dfbab9b85db7da80670e462f9677fe93b26efbe092a0673bad2","6e84c0fe14eeb10680470acf5058dd70657ac6c0f1a4ea8ab18caf0aa2e7377a","1862","2560","group_portrait","RGB","existing_damage","train","images/1430.png"
"1431","met_271890_[Thomas_Eakins_and_John_Laurie_Wallace_on_a_Beach].jpg","met_271890","1431.png","real_damaged","The Metropolitan Museum of Art","https://www.metmuseum.org/art/collection/search/271890","Public Domain","https://www.metmuseum.org/about-the-met/policies-and-documents/open-access","2f4f78138517c4680c84f4af9708c6117c3dd3ba3df9ca2ac1cc2bc51f278007","6e223d992021c8ace3a833c9f84e24cb1c3f8672168432992ae9cc7c2c2eef46","2037","2560","outdoor_scene","RGB","existing_damage","validation","images/1431.png"
"1432","met_271963_Romesnil.jpg","met_271963","1432.png","real_damaged","The Metropolitan Museum of Art","https://www.metmuseum.org/art/collection/search/271963","Public Domain","https://www.metmuseum.org/about-the-met/policies-and-documents/open-access","059e8039dc0cc1ddf5a37ba407d5c555644c84384b83f8ac777595681a4abb23","b756d3ad82e938a4f7a757928420261e627a9afe3de09af51df3b530882904f9","2560","1972","single_portrait","RGB","existing_damage","train","images/1432.png"
"1433","met_282004_[The_Oriel_Window,_South_Gallery,_Lacock_Abbey].jpg","met_282004","1433.png","real_damaged","The Metropolitan Museum of Art","https://www.metmuseum.org/art/collection/search/282004","Public Domain","https://www.metmuseum.org/about-the-met/policies-and-documents/open-access","bd51c915f8e278e368d60ce663a51595a599b4813261ff5eacfdbbeb2bf97fbd","17b33a773db0de11923b796efba71d99948f5ab8b36234355ab243faef1998ce","2691","1966","architecture","RGB","existing_damage","validation","images/1433.png"
"1434","met_282005_Top_of_Sharington's_Tower,_Lacock_Abbey,_Taken_from_the_Roof_above_the_South_Gal.jpg","met_282005","1434.png","real_damaged","The Metropolitan Museum of Art","https://www.metmuseum.org/art/collection/search/282005","Public Domain","https://www.metmuseum.org/about-the-met/policies-and-documents/open-access","5cf96a51392a69ed50a6f2b67fc897eadf2bcd93365a4501a294872662370c57","9a03e28570dff94da6ec668cd8e4ffe77b4c46c9e6445867c145ad06a752bb74","3075","2570","architecture","RGB","existing_damage","train","images/1434.png"
"1435","met_282010_[Botanical_Specimens].jpg","met_282010","1435.png","real_damaged","The Metropolitan Museum of Art","https://www.metmuseum.org/art/collection/search/282010","Public Domain","https://www.metmuseum.org/about-the-met/policies-and-documents/open-access","a6a5e1d52a813d455f975c7b0c4fba6cb71b17f36a7b54a9ba540a80f08b6250","55df4200ae6264e8187c4f5510342daab7840c614d1cd7cc52f027d2e8eb41ed","2560","2092","other","RGB","existing_damage","validation","images/1435.png"
"1436","met_282012_Sir_David_Brewster.jpg","met_282012","1436.png","real_damaged","The Metropolitan Museum of Art","https://www.metmuseum.org/art/collection/search/282012","Public Domain","https://www.metmuseum.org/about-the-met/policies-and-documents/open-access","03938ddc191a0587831dbd7f2d3d68c800583e7413c1e7c0ba750598a7fd274d","8bf00237665bf3bc0222fc1487f82e1ae63a1bfa6a7c855f084b2f52b67ef738","1930","2560","single_portrait","RGB","existing_damage","test","images/1436.png"
"1437","met_282017_Rev._Dr._Thomas_Chalmers.jpg","met_282017","1437.png","real_damaged","The Metropolitan Museum of Art","https://www.metmuseum.org/art/collection/search/282017","Public Domain","https://www.metmuseum.org/about-the-met/policies-and-documents/open-access","65949374b43a47f723d32b5b608141841a3bac25d88ef2e19bdf01532b43d4db","f2379227c81a31bb86629b0795e1bc82fa2cae415ad3f92b32df4fccb7a6c9e5","1905","2560","single_portrait","RGB","existing_damage","test","images/1437.png"
"1438","met_282021_Lady_Ruthven.jpg","met_282021","1438.png","real_damaged","The Metropolitan Museum of Art","https://www.metmuseum.org/art/collection/search/282021","Public Domain","https://www.metmuseum.org/about-the-met/policies-and-documents/open-access","2b78af3d483fd93b7650673969a45bd7b0a276f47761e997bb13ff4873189964","a2b86f90091839bb5549fed49453aaedb9dab9baa39ad3d658aea9e5c0c30055","1950","2560","single_portrait","RGB","existing_damage","train","images/1438.png"
"1439","met_282022_[Newhaven_Fishwives].jpg","met_282022","1439.png","real_damaged","The Metropolitan Museum of Art","https://www.metmuseum.org/art/collection/search/282022","Public Domain","https://www.metmuseum.org/about-the-met/policies-and-documents/open-access","54edb3fa5f0478a188f8cbd210fc45b34bff833d39dd4d6ec2013de1ec72e1da","8af68229cd12cbf5d87cb21d1c2a66ac2bed1c820ead7d986bdf409afe1ef9a0","1907","2560","group_portrait","RGB","existing_damage","train","images/1439.png"
"1440","met_282028_[Officer_of_the_92nd_Gordon_Highlanders_Reading_to_the_Troops,_Edinburgh_Castle].jpg","met_282028","1440.png","real_damaged","The Metropolitan Museum of Art","https://www.metmuseum.org/art/collection/search/282028","Public Domain","https://www.metmuseum.org/about-the-met/policies-and-documents/open-access","04da4fa651614a9311cd5f206551190344342843e9fc9e8d285e15b0986d9b6d","b3ad101f7712afb1dbf753f95349326c82ab2927b72985049b19ea547689752f","2560","1941","architecture","RGB","existing_damage","train","images/1440.png"
"1441","met_282032_The_Fairy_Tree_at_Colinton.jpg","met_282032","1441.png","real_damaged","The Metropolitan Museum of Art","https://www.metmuseum.org/art/collection/search/282032","Public Domain","https://www.metmuseum.org/about-the-met/policies-and-documents/open-access","8cd6894dcc8557e5daff3a8aebbde7e95e945bbfa3faf03f11c97733b3b1ce85","d9fda63c74c21e7f6222d432ce9b59c55704f011d15bce65d6443aa6f7255d9c","1872","2560","outdoor_scene","RGB","existing_damage","train","images/1441.png"
"1442","met_282038_Valley_of_the_Ribble_and_Pendle_Hill.jpg","met_282038","1442.png","real_damaged","The Metropolitan Museum of Art","https://www.metmuseum.org/art/collection/search/282038","Public Domain","https://www.metmuseum.org/about-the-met/policies-and-documents/open-access","0ad910d19aaefca8886d4405643afdb0ab430c7f5119acd06315112becdec422","c75c27098e00eece57ef5d94813c217f7851647a967fef340aa713367c5d6c64","3122","2566","outdoor_scene","RGB","existing_damage","train","images/1442.png"
"1443","met_282039_[Reclining_Odalisque].jpg","met_282039","1443.png","real_damaged","The Metropolitan Museum of Art","https://www.metmuseum.org/art/collection/search/282039","Public Domain","https://www.metmuseum.org/about-the-met/policies-and-documents/open-access","786ae3ac66bdc8e720d2ae72601b80deef02cf678f9f937f6ea68b5860787bd5","03ecaecc1beaaeb62cadb79abe571f3c45757b2eb3d56aa11df44991cee1406a","2918","2169","other","RGB","existing_damage","train","images/1443.png"
"1444","met_282040_[Landscape_with_Clouds].jpg","met_282040","1444.png","real_damaged","The Metropolitan Museum of Art","https://www.metmuseum.org/art/collection/search/282040","Public Domain","https://www.metmuseum.org/about-the-met/policies-and-documents/open-access","6bdb2d733f27387bf8d27003595bf5d753ecc8307fd9fea5e97c3b4dd3a038d0","70ea0288d11cb1ed6d1434ab65aac2c968a587ae6705887da55c749d014d898c","3903","2785","outdoor_scene","RGB","existing_damage","train","images/1444.png"
"1445","met_282042_Cassiopeia.jpg","met_282042","1445.png","real_damaged","The Metropolitan Museum of Art","https://www.metmuseum.org/art/collection/search/282042","Public Domain","https://www.metmuseum.org/about-the-met/policies-and-documents/open-access","c2151794759119e72856f5a9d6a016bfd2ecda56abeff37645d24bf6d3b05ecd","5913fc40c5f1875580151ccbc79622f7da7f557fa2990c41c33e510ea0c47757","2127","2560","single_portrait","RGB","existing_damage","train","images/1445.png"
"1446","met_282043_Zoe,_Maid_of_Athens.jpg","met_282043","1446.png","real_damaged","The Metropolitan Museum of Art","https://www.metmuseum.org/art/collection/search/282043","Public Domain","https://www.metmuseum.org/about-the-met/policies-and-documents/open-access","923eaa0e54d9d7debb7aabf467316bdf1cf55438ffd5c21b96ab6e736c7d2d8d","af896d90f60db786ac28fd19ad726a2a205626d6d48dedff55ce46813b60cd72","2128","2560","single_portrait","RGB","existing_damage","train","images/1446.png"
"1447","met_282044_Sappho.jpg","met_282044","1447.png","real_damaged","The Metropolitan Museum of Art","https://www.metmuseum.org/art/collection/search/282044","Public Domain","https://www.metmuseum.org/about-the-met/policies-and-documents/open-access","dde7e3247f29d76db9304ed1d2db3de7d78cb2fec09ee524284bbc577f963512","a09823a7ac1923779d74dcee28c23d859b29ba3e54173cf9c2307822705487db","1848","2560","single_portrait","RGB","existing_damage","train","images/1447.png"
"1448","met_282045_Sculpture_Gallery,_Boston_Athenaeum.jpg","met_282045","1448.png","real_damaged","The Metropolitan Museum of Art","https://www.metmuseum.org/art/collection/search/282045","Public Domain","https://www.metmuseum.org/about-the-met/policies-and-documents/open-access","69b2bb87fe2817693a1b720d8ac66933dee517038dc1412fd15c22827e278e39","6382e3c48bd260b0d3607542d76950336e20da5d9351e747fbbf7827033c9f0e","2126","2560","single_portrait","RGB","existing_damage","train","images/1448.png"
"1449","met_282046_[Cornelius_Conway_Felton_with_His_Hat_and_Coat].jpg","met_282046","1449.png","real_damaged","The Metropolitan Museum of Art","https://www.metmuseum.org/art/collection/search/282046","Public Domain","https://www.metmuseum.org/about-the-met/policies-and-documents/open-access","f396ceda1c676f5af47566022783b8cb87cb6cd5eea8e0589e117ae7a59fc08e","8c37578591132054218e13d7ad3343ecd08d1fbd63f90bde478a0b0f8781b0bb","3811","2146","group_portrait","RGB","existing_damage","train","images/1449.png"
"1450","met_282049_Veteran_of_the_Napoleonic_Wars.jpg","met_282049","1450.png","real_damaged","The Metropolitan Museum of Art","https://www.metmuseum.org/art/collection/search/282049","Public Domain","https://www.metmuseum.org/about-the-met/policies-and-documents/open-access","3d7fca698c7d51057dbe9e319bb8f0c35b6796193cbf19696c4d269159b30e5b","d10cfe77da6518de3f2102a484eef31e76eb656fbba5bfe7a88dc9b8fe483a26","1576","1912","single_portrait","RGB","existing_damage","train","images/1450.png"
"1451","met_282050_[Nude_with_Mirror].jpg","met_282050","1451.png","real_damaged","The Metropolitan Museum of Art","https://www.metmuseum.org/art/collection/search/282050","Public Domain","https://www.metmuseum.org/about-the-met/policies-and-documents/open-access","270edff0bd3d2a6cb9bc15a6ab53f2afe252c942dc7db2fda81d7dc0479eef86","65946b4ef70fcdb1de18d7798b40116c2ac7c28c5132ac6b4c3b2b5734393f3e","2327","2560","other","RGB","existing_damage","test","images/1451.png"
"1452","met_282051_[Two_Standing_Female_Nudes].jpg","met_282051","1452.png","real_damaged","The Metropolitan Museum of Art","https://www.metmuseum.org/art/collection/search/282051","Public Domain","https://www.metmuseum.org/about-the-met/policies-and-documents/open-access","6eef52d4ecde2a7d90f92bd7db4eb9720a09db0d385756f8a68b995c8effe230","f43e5e6449c97029fa65c1202988ca5f4d7453498dae5a45393294ef9fcb19d7","2631","3200","other","RGB","existing_damage","validation","images/1452.png"
"1453","met_282052_[House_in_Winterthur,_Switzerland].jpg","met_282052","1453.png","real_damaged","The Metropolitan Museum of Art","https://www.metmuseum.org/art/collection/search/282052","Public Domain","https://www.metmuseum.org/about-the-met/policies-and-documents/open-access","d877c833e9dd4a36c31039b20fc3764ac8e66fe3bae617b80d64649f106e682a","397044a0aa463ac75db8bbe65e22bd460ed97358a0519a96255e035b34719f1b","2560","2065","group_portrait","RGB","existing_damage","train","images/1453.png"
"1454","met_282053_Grenville_Kane.jpg","met_282053","1454.png","real_damaged","The Metropolitan Museum of Art","https://www.metmuseum.org/art/collection/search/282053","Public Domain","https://www.metmuseum.org/about-the-met/policies-and-documents/open-access","ebfc28a8eae0f9729054280f822333d7689bfcda5e6efebca03beffd59113fc9","9a3a46465bd962ecccd6a99eaafcbdb59501f51df2f9f8718c7491d887ca7978","1953","1256","single_portrait","RGB","existing_damage","train","images/1454.png"
"1455","met_282055_Boys_Behind_a_Science_Experiment.jpg","met_282055","1455.png","real_damaged","The Metropolitan Museum of Art","https://www.metmuseum.org/art/collection/search/282055","Public Domain","https://www.metmuseum.org/about-the-met/policies-and-documents/open-access","be029fd87dfd135d03a0e97bddb6f88953e0056dfb8285c011b3f3ff374da9d1","28fb8645ff65bcf0d3d5a59b41ca779c6e7dd90d50bc3c511a179e1b63fc3f16","2560","2241","single_portrait","RGB","existing_damage","test","images/1455.png"
"1456","met_282066_Frederick_Douglass.jpg","met_282066","1456.png","real_damaged","The Metropolitan Museum of Art","https://www.metmuseum.org/art/collection/search/282066","Public Domain","https://www.metmuseum.org/about-the-met/policies-and-documents/open-access","538734a6c2f53eee1c5eff5bc9fa32d94149fa5e9d7563426758236f8b879733","a5b995f60061c24342f393724f1812c515ef813677240392ee23967c0000575c","2288","2560","single_portrait","RGB","existing_damage","train","images/1456.png"
"1457","met_282068_Taj_Mahal_and_Gardens.jpg","met_282068","1457.png","real_damaged","The Metropolitan Museum of Art","https://www.metmuseum.org/art/collection/search/282068","Public Domain","https://www.metmuseum.org/about-the-met/policies-and-documents/open-access","a9d6720055712bbe5a90efcf19421f9fd7f4ad6f78df82568e11853023b1689d","72aada7dfe0bc6dd3c91ad428262f9d46b588ffa7f75214d2b2d84c058e4df76","3200","2603","outdoor_scene","RGB","existing_damage","train","images/1457.png"
"1458","met_282071_Virabadra_Drug_as_seen_from_near_the_site_of_the_last_view.jpg","met_282071","1458.png","real_damaged","The Metropolitan Museum of Art","https://www.metmuseum.org/art/collection/search/282071","Public Domain","https://www.metmuseum.org/about-the-met/policies-and-documents/open-access","734bbcdac3104391314d8c16d19e1d3d3d68cfb1cf7ffbd62149037783f8da5b","3ff026f749e5405243a13269585d6f297324eac1d90fda86c58d2b31c984eb97","2560","1822","single_portrait","RGB","existing_damage","test","images/1458.png"
"1459","met_282074_Tarascon.jpg","met_282074","1459.png","real_damaged","The Metropolitan Museum of Art","https://www.metmuseum.org/art/collection/search/282074","Public Domain","https://www.metmuseum.org/about-the-met/policies-and-documents/open-access","60357bdf0f387c624fc6a2143c7d5d5aa5862163e28d119fcf6948f585b08024","7ae0486ed163f7fe3126d44144aaf4db28371746fa1a6b0d76853ab7060e0185","2560","1848","outdoor_scene","RGB","existing_damage","train","images/1459.png"
"1460","met_282163_Saint-Maclou,_Rouen.jpg","met_282163","1460.png","real_damaged","The Metropolitan Museum of Art","https://www.metmuseum.org/art/collection/search/282163","Public Domain","https://www.metmuseum.org/about-the-met/policies-and-documents/open-access","950b87ee64c2fc8161317077df5108c744c121700d71c0cbb950a6dfd5509d5c","448465e3b4007eff02cbbac240028f0bc6303703a9b31f068957e3a40f00765b","1889","2560","single_portrait","RGB","existing_damage","train","images/1460.png"
"1461","met_282190_Pierrot_Laughing.jpg","met_282190","1461.png","real_damaged","The Metropolitan Museum of Art","https://www.metmuseum.org/art/collection/search/282190","Public Domain","https://www.metmuseum.org/about-the-met/policies-and-documents/open-access","3837c89ca5fe4511749ac9b9350b8ff72133f1dcbacc777284a5ad890337f8ed","370cec625f57bc73fc1f7bc066726338e3c19a5e3fd193a319e806cf81eab9ec","2295","3200","single_portrait","RGB","existing_damage","train","images/1461.png"
"1462","met_282234_The_Refectory_of_the_Imperial_Asylum_at_Vincennes.jpg","met_282234","1462.png","real_damaged","The Metropolitan Museum of Art","https://www.metmuseum.org/art/collection/search/282234","Public Domain","https://www.metmuseum.org/about-the-met/policies-and-documents/open-access","721bb071094d3fa1e7924d6efd0ad467214535354182add8e75be4eb52d1b7d3","56b2d81d5ef6b2b953f8b63918b538468fb53f3603e5fb073f86f2b81540a1da","2560","2070","indoor_scene","RGB","existing_damage","train","images/1462.png"
"1463","met_282602_[Female_Nude_in_Studio].jpg","met_282602","1463.png","real_damaged","The Metropolitan Museum of Art","https://www.metmuseum.org/art/collection/search/282602","Public Domain","https://www.metmuseum.org/about-the-met/policies-and-documents/open-access","da51865c95eb86a751df32657cdfede5b61eb2096c4352dec80a58db0fba8c33","284755b3555aebfbceb6d53c555a33620fb02024c62032292f361304a99707af","2117","2560","other","RGB","existing_damage","train","images/1463.png"
"1464","met_282756_Wrack.jpg","met_282756","1464.png","real_damaged","The Metropolitan Museum of Art","https://www.metmuseum.org/art/collection/search/282756","Public Domain","https://www.metmuseum.org/about-the-met/policies-and-documents/open-access","66b7e9d8a0a29594c3f50ccce74a59183dc57c991c90cf025f29185b4dbc65ba","05ba7dc82222833ab0a385f19289e66a66bae94de266a26b45240170d4c9d1f4","2532","3200","single_portrait","RGB","existing_damage","train","images/1464.png"
"1465","met_283068_The_Open_Door.jpg","met_283068","1465.png","real_damaged","The Metropolitan Museum of Art","https://www.metmuseum.org/art/collection/search/283068","Public Domain","https://www.metmuseum.org/about-the-met/policies-and-documents/open-access","f2a290fb932562bdf60a745b9d6d71092ec596cd11d6000caee53fc60dd9e851","e12d2c8d4b0de15bca4e90fc881059ad56adb4a609dd83c18e8f97f4266bcd54","2560","1915","single_portrait","RGB","existing_damage","train","images/1465.png"
"1466","met_283071_[Winter_Trees,_Reflected_in_a_Pond].jpg","met_283071","1466.png","real_damaged","The Metropolitan Museum of Art","https://www.metmuseum.org/art/collection/search/283071","Public Domain","https://www.metmuseum.org/about-the-met/policies-and-documents/open-access","4b7693f3850bcb00689b4e73778be583a4c6f2566b16d97f7a664a1d5b3941c4","47ccd46f3eac9dd10f19e5ee2b3045870aad5c4116d7f9707c8b4e5883792ab4","2560","2198","outdoor_scene","RGB","existing_damage","train","images/1466.png"
"1467","met_283078_Roslin_Chapel,_South_Porch.jpg","met_283078","1467.png","real_damaged","The Metropolitan Museum of Art","https://www.metmuseum.org/art/collection/search/283078","Public Domain","https://www.metmuseum.org/about-the-met/policies-and-documents/open-access","fa2cdaad886c53ed855c04adac89189a5971c5ca1191429fa8c2851ff6431b9a","9cc85257e761864ece5f9a8e8be5e8cafc2dcaf8e9612a0ea5285f526d4b4771","2560","2147","indoor_scene","RGB","existing_damage","train","images/1467.png"
"1468","met_283099_Philip_Stanhope_Worsley.jpg","met_283099","1468.png","real_damaged","The Metropolitan Museum of Art","https://www.metmuseum.org/art/collection/search/283099","Public Domain","https://www.metmuseum.org/about-the-met/policies-and-documents/open-access","b5b2d4a3c15c149ee7163796f6d1a5bccd2b5c5b8aeadf969c5e2aee1ac2972d","13c82396b294cad4ba314fa1d7ac88e6d6196c9eadd64626ebe39fd10355cd54","1390","1861","single_portrait","RGB","existing_damage","validation","images/1468.png"
"1469","met_283103_[The_Pavillon_de_Flore_and_the_Tuileries_Gardens].jpg","met_283103","1469.png","real_damaged","The Metropolitan Museum of Art","https://www.metmuseum.org/art/collection/search/283103","Public Domain","https://www.metmuseum.org/about-the-met/policies-and-documents/open-access","7ba182ea35e9c992796906a8ea42eb9f34171c113828821d008c6b9ce0d10404","d284ef8dfda13273eec2533ce81a0b83bbb53d1cdba53f39431b24745ff8e40b","2560","2123","outdoor_scene","RGB","existing_damage","train","images/1469.png"
"1470","met_283107_The_Ramparts_of_Carcassonne.jpg","met_283107","1470.png","real_damaged","The Metropolitan Museum of Art","https://www.metmuseum.org/art/collection/search/283107","Public Domain","https://www.metmuseum.org/about-the-met/policies-and-documents/open-access","10bdedbf5cbf2f102a71eae7ffd3bfdcabafd02f05396c740dd0324c62a4c3a5","088519d9faf5331728c93d634a6ab924bd54b455858bda92a6920e06d4c54891","2560","1821","single_portrait","RGB","existing_damage","train","images/1470.png"
"1471","met_283108_Wooden_Staircase_at_Chartres.jpg","met_283108","1471.png","real_damaged","The Metropolitan Museum of Art","https://www.metmuseum.org/art/collection/search/283108","Public Domain","https://www.metmuseum.org/about-the-met/policies-and-documents/open-access","6e17a446750578a3268656236ed1c0b868184cb51321a365dbb5efde58d261d6","f12b6e0987188cd1ec6c5a56355a25fd02e204e713f3d60d87b9d27fa935d3fe","1735","2560","indoor_scene","RGB","existing_damage","train","images/1471.png"
"1472","met_283117_[Album_Containing_Photographs,_Engravings,_Drawings,_and_Publications_Pertaining.jpg","met_283117","1472.png","real_damaged","The Metropolitan Museum of Art","https://www.metmuseum.org/art/collection/search/283117","Public Domain","https://www.metmuseum.org/about-the-met/policies-and-documents/open-access","6214fc85fc8fb3cc675bbe1b0985a7481fed85ffff2f3d60efcf98e8bbc64442","45083ab5144f5357b639419c74d5d6b0c6a141474f6a2ba32427dcc1079618c8","1245","1792","document","RGB","existing_damage","train","images/1472.png"
"1473","met_283120_Emmanuel_Frémiet.jpg","met_283120","1473.png","real_damaged","The Metropolitan Museum of Art","https://www.metmuseum.org/art/collection/search/283120","Public Domain","https://www.metmuseum.org/about-the-met/policies-and-documents/open-access","736dbb0f68b30d17ab647b72fe659f8bbe54bc797e793a58db3f78c84b2d8321","460b6887f35bd8877eeeee93790c7f8a6f5428808acf391661dae3a01c566146","1837","2560","single_portrait","RGB","existing_damage","train","images/1473.png"
"1474","met_283121_[Woman_Seen_from_the_Back].jpg","met_283121","1474.png","real_damaged","The Metropolitan Museum of Art","https://www.metmuseum.org/art/collection/search/283121","Public Domain","https://www.metmuseum.org/about-the-met/policies-and-documents/open-access","edb858538f533fae268c5e838bb7447ae6ea4694782367e8bb1f2389bb1a6647","7a44597a0f2a75d456e504c393375f72a7b7735bd278fb12c13af08830e3c0f3","2115","2560","single_portrait","RGB","existing_damage","test","images/1474.png"
"1475","met_283138_Temple_of_Wingless_Victory,_Lately_Restored.jpg","met_283138","1475.png","real_damaged","The Metropolitan Museum of Art","https://www.metmuseum.org/art/collection/search/283138","Public Domain","https://www.metmuseum.org/about-the-met/policies-and-documents/open-access","24735ac99d29d46019895bd78c2e974a62da20d16d84078888f5bd3b87ec6680","46f43c66a9dfe3f94a7a5d99c51a32621e81984af0ba642cf6961c549c2b396b","2560","2100","architecture","RGB","existing_damage","train","images/1475.png"
"1476","met_283156_The_Walnut_Tree_of_Emperor_Charles_V,_Yuste.jpg","met_283156","1476.png","real_damaged","The Metropolitan Museum of Art","https://www.metmuseum.org/art/collection/search/283156","Public Domain","https://www.metmuseum.org/about-the-met/policies-and-documents/open-access","1ee10f66ba1e14ac2877b3c6a9fcca65ef01330472e341a93db59323030b2b57","16d720f1cbd478016440b93b231afe26df0415c74837e45a03fd12c452ba4272","1864","2560","outdoor_scene","RGB","existing_damage","train","images/1476.png"
"1477","met_283173_[Family_Group].jpg","met_283173","1477.png","real_damaged","The Metropolitan Museum of Art","https://www.metmuseum.org/art/collection/search/283173","Public Domain","https://www.metmuseum.org/about-the-met/policies-and-documents/open-access","abda8560b187d5e3f60287ddd1b1e80401f97bc04165742e031af44dd6e9c326","d09a1453e0892d0eccb4b16aaedd49f2df60c3947b4e3cd72cc765a3371fcd54","1882","2560","group_portrait","RGB","existing_damage","train","images/1477.png"
"1478","met_283193_Slave_Pen,_Alexandria,_Virginia.jpg","met_283193","1478.png","real_damaged","The Metropolitan Museum of Art","https://www.metmuseum.org/art/collection/search/283193","Public Domain","https://www.metmuseum.org/about-the-met/policies-and-documents/open-access","248a5f62b6275e50fbce7da13a6f9cc8bf40eacb85ad4e5b0aba87c1a1cf62ca","7ccacda95bd6589093f6312fd2ff1a26136e9d28f6312238fdb236314b2bb527","2560","1883","group_portrait","RGB","existing_damage","train","images/1478.png"
"1479","met_283206_Private_George_Ruoss,_Co._G,_7th_New_York_Volunteers.jpg","met_283206","1479.png","real_damaged","The Metropolitan Museum of Art","https://www.metmuseum.org/art/collection/search/283206","Public Domain","https://www.metmuseum.org/about-the-met/policies-and-documents/open-access","9be384e3dfd0f448c78d37aac9b15732b0c5202411d05050f97bf60987b963ca","10a13a119ee4c7ec2ade0c1e93ffe8eebbe43fd3c201451f2e24fd6f5978cedb","2560","2065","other","RGB","existing_damage","train","images/1479.png"
"1480","met_283222_Cape_Horn_near_Celilo.jpg","met_283222","1480.png","real_damaged","The Metropolitan Museum of Art","https://www.metmuseum.org/art/collection/search/283222","Public Domain","https://www.metmuseum.org/about-the-met/policies-and-documents/open-access","53fb2b1cb20175eae46b40a73d8e3e96ed6db8d0de47c4b2ff0a61922add9da0","b3d32dbbfc5ff0437d426bc65c32a4025ba474d64ef30a4ff96daa2cc1ce898a","3200","2458","single_portrait","RGB","existing_damage","train","images/1480.png"
"1481","met_283626_[Oak_Tree_and_Rocks,_Forest_of_Fontainebleau].jpg","met_283626","1481.png","real_damaged","The Metropolitan Museum of Art","https://www.metmuseum.org/art/collection/search/283626","Public Domain","https://www.metmuseum.org/about-the-met/policies-and-documents/open-access","51cc6b2a2f5b6983f74cb82306dcc660529da64a7b9be8018428f1b3fb7507a7","be06bc00682ab0e7d33cc4589c769c0bb48a724042a5a4f6f33768c0de48de40","2560","1849","outdoor_scene","RGB","existing_damage","train","images/1481.png"
"1482","met_283672_Jérusalem,_Coiffure_des_Femmes_de_Bethléem.jpg","met_283672","1482.png","real_damaged","The Metropolitan Museum of Art","https://www.metmuseum.org/art/collection/search/283672","Public Domain","https://www.metmuseum.org/about-the-met/policies-and-documents/open-access","4016e916439d4cd9ebad0daa745b4b4a31f102ebf8e7fa69db18c4e76e413db2","29729af73bacaa66171ecda3c2b05aa281eb2c17359033214de7c98b4b97751a","1554","1275","other","RGB","existing_damage","train","images/1482.png"
"1483","met_283717_Gibson's_Breaker,_Rushdale,_Pennsylvania.jpg","met_283717","1483.png","real_damaged","The Metropolitan Museum of Art","https://www.metmuseum.org/art/collection/search/283717","Public Domain","https://www.metmuseum.org/about-the-met/policies-and-documents/open-access","52af58c1e1964a37b9adcc0127f203099089bdfd4c35c94ae75dfea5110653eb","a2dadd0fdacfdf6f953e19678daaec21b5ba65696cad393077b981b5122de6aa","3200","2861","single_portrait","RGB","existing_damage","train","images/1483.png"
"1484","met_283736_A_Street_in_Grasse.jpg","met_283736","1484.png","real_damaged","The Metropolitan Museum of Art","https://www.metmuseum.org/art/collection/search/283736","Public Domain","https://www.metmuseum.org/about-the-met/policies-and-documents/open-access","b1d4087e70090c9129bf9ac3d489c2e402e2574de4ce507c749564bb80837a31","f8bf2b90fdcc934d4c8f881d52e70c4791ea09f8e6989d463aaa44ef9958a49a","1859","2560","architecture","RGB","existing_damage","validation","images/1484.png"
"1485","met_284452_Paule_Gobillard,_Jeannie_Gobillard,_Julie_Manet,_and_Geneviève_Mallarmé.jpg","met_284452","1485.png","real_damaged","The Metropolitan Museum of Art","https://www.metmuseum.org/art/collection/search/284452","Public Domain","https://www.metmuseum.org/about-the-met/policies-and-documents/open-access","25e86538bea4314613bc16a9fa2a2794b5dd7efecdd4a87407bd591d931d6ea1","790eb4ccfe8c5529ab2bcc98f7983f3a80ef10720d9b7b7a85aa4fedb9f89ffb","3200","2347","group_portrait","RGB","existing_damage","validation","images/1485.png"
"1486","met_284453_Street_Scene,_La-Queue-en-Brie_(Val-de-Marne).jpg","met_284453","1486.png","real_damaged","The Metropolitan Museum of Art","https://www.metmuseum.org/art/collection/search/284453","Public Domain","https://www.metmuseum.org/about-the-met/policies-and-documents/open-access","731685905806584ff28094f7a47bc9cb21b79197a3b8a084d6c514601220dfcb","3691aa5381342a1c1f8171694ff49d4a9ff07268701bd26db5dd62ae74a3196a","3200","2296","architecture","RGB","existing_damage","train","images/1486.png"
"1487","met_285321_[Operation_Crossroads__21_Kiloton__Baker__Bomb_Detonated_Ninety_Feet_Underwater,.jpg","met_285321","1487.png","real_damaged","The Metropolitan Museum of Art","https://www.metmuseum.org/art/collection/search/285321","Public Domain","https://www.metmuseum.org/about-the-met/policies-and-documents/open-access","7a172a270c63b6e5df2bf4d7b6f860204a3fadfc435cc3c5ea967a0342a41e72","5e0d878a193ac3bf2009b3cfc2bdb35e2493cb26f3576ba88ee417dc162a4d9f","3951","2071","architecture","RGB","existing_damage","train","images/1487.png"
"1488","met_285342_[Dandelion_Seeds].jpg","met_285342","1488.png","real_damaged","The Metropolitan Museum of Art","https://www.metmuseum.org/art/collection/search/285342","Public Domain","https://www.metmuseum.org/about-the-met/policies-and-documents/open-access","be8c9b9c9b26b53c1a4f8c433aa80eafc3a4cb022713809610864206e90a5806","7fea3a5eed522f99f4c5a169ea8df0de88e92eaee2ccb27f1f02b147192949ed","1968","2560","group_portrait","RGB","existing_damage","train","images/1488.png"
"1489","met_285438_[Waterfall,_Constantine].jpg","met_285438","1489.png","real_damaged","The Metropolitan Museum of Art","https://www.metmuseum.org/art/collection/search/285438","Public Domain","https://www.metmuseum.org/about-the-met/policies-and-documents/open-access","b147f995f868ebbdc9e63cb8c7ab893ce08641660f09e85e943617f7d2877b2d","6abf92c2ddb237514faf99e557dec1d12afef3e8b21fffb96c6ea488a5a03b8f","2560","1966","outdoor_scene","RGB","existing_damage","train","images/1489.png"
"1490","met_285444_[Self-Portrait_with_Christine_and_Yvonne_Lerolle].jpg","met_285444","1490.png","real_damaged","The Metropolitan Museum of Art","https://www.metmuseum.org/art/collection/search/285444","Public Domain","https://www.metmuseum.org/about-the-met/policies-and-documents/open-access","bf618a311ed2dae3a2a001ebb872476ea7512559d042108b5682441203db480b","f4b06f66f1ab32ae4db7c7937ad4108cef090b805d0c728f9427e630b59c749d","2291","3200","outdoor_scene","RGB","existing_damage","train","images/1490.png"
"1491","met_285657_The_Scholar's_Mate.jpg","met_285657","1491.png","real_damaged","The Metropolitan Museum of Art","https://www.metmuseum.org/art/collection/search/285657","Public Domain","https://www.metmuseum.org/about-the-met/policies-and-documents/open-access","6b6e646c74ac97c635cba31f1980d4fb10ea8a48a12693a9e22a34c59e007cb8","b35adb1069fb4fdf28715d9f7c157423a42862fe12ae4e810b1b762f74e1dbde","2126","2560","single_portrait","RGB","existing_damage","train","images/1491.png"
"1492","met_285757_Ordnance_Wharf,_City_Point,_Virginia.jpg","met_285757","1492.png","real_damaged","The Metropolitan Museum of Art","https://www.metmuseum.org/art/collection/search/285757","Public Domain","https://www.metmuseum.org/about-the-met/policies-and-documents/open-access","888c04e5ea659365021b222cef7acda54291d87d65d6e80fd97814ce1efb92ff","7133719af2e8d07734b78c1c94270f07177825465883309df6dfa8d08744b6b8","1956","1645","single_portrait","RGB","existing_damage","train","images/1492.png"
"1493","met_285808_Study_for_the_Disruption_Picture__Signing_of_the_Deed_of_Demission.jpg","met_285808","1493.png","real_damaged","The Metropolitan Museum of Art","https://www.metmuseum.org/art/collection/search/285808","Public Domain","https://www.metmuseum.org/about-the-met/policies-and-documents/open-access","cb304b72d5d1db36e3052c2df5c5dd13e220503a3c09b4906246f3498e10edde","b92ddae916ce0d9dddd9192a274ee467ceb7cb2857be2d3baf2b2184e2f43042","2560","1877","other","RGB","existing_damage","test","images/1493.png"
"1494","met_285964_[Patient,_Surrey_County_Lunatic_Asylum].jpg","met_285964","1494.png","real_damaged","The Metropolitan Museum of Art","https://www.metmuseum.org/art/collection/search/285964","Public Domain","https://www.metmuseum.org/about-the-met/policies-and-documents/open-access","bdccf792eaf4fc71c150a95cd9d4844602b180d7585713c6b769bd99f2fa56af","39410104e1274bf7e7aa89ecfdf86346d737b6ce50442db531d126022c72c1bc","1818","2560","indoor_scene","RGB","existing_damage","train","images/1494.png"
"1495","met_286079_Crater_of_Volcano,_Quetzaltenango-Guatemala.jpg","met_286079","1495.png","real_damaged","The Metropolitan Museum of Art","https://www.metmuseum.org/art/collection/search/286079","Public Domain","https://www.metmuseum.org/about-the-met/policies-and-documents/open-access","64ce213eba03a68c4d002ca2de9256d34d8ab41bed8473e4c790d49f579a01d5","72ffffe364f4f10e7a2cfa1fab3ecf7707c5a25a786b319ef00c87faf1341500","3200","1908","single_portrait","RGB","existing_damage","train","images/1495.png"
"1496","met_286114_[Portrait_of_Alice_Dieudonne_Chase].jpg","met_286114","1496.png","real_damaged","The Metropolitan Museum of Art","https://www.metmuseum.org/art/collection/search/286114","Public Domain","https://www.metmuseum.org/about-the-met/policies-and-documents/open-access","71c5e9a4166d1aa7eb3e045b5e428f26a79ab04084004c86930f63e4a7bb5cb3","3a28e9b8ba8b588506fe71e65d71fc576ca445e8691567a5237a69ef0b15d268","2075","2560","outdoor_scene","RGB","existing_damage","train","images/1496.png"
"1497","met_286212_Sir_William_Allen.jpg","met_286212","1497.png","real_damaged","The Metropolitan Museum of Art","https://www.metmuseum.org/art/collection/search/286212","Public Domain","https://www.metmuseum.org/about-the-met/policies-and-documents/open-access","a766b5e24f33cc11b4994468e05cdd0bbe9ef6aac900a066f9405b7b799f2733","df660e18ec06305b876eb3ad8b93cecb0a0835b6101c6d0272a6904c6ad12bd0","1966","2560","single_portrait","RGB","existing_damage","train","images/1497.png"
"1498","met_286214_The_Nasmyth_Tomb,_Greyfriars_Churchyard.jpg","met_286214","1498.png","real_damaged","The Metropolitan Museum of Art","https://www.metmuseum.org/art/collection/search/286214","Public Domain","https://www.metmuseum.org/about-the-met/policies-and-documents/open-access","e880d1a04b434a09d47454c78876006f74b6ee5c47f8e1848b6d1c31dfa51f41","1b0ee53f34e8e27a901d4e0a6a05a383ed19c56d1a76b6bd51ccc0b2b5f2575f","1934","2560","architecture","RGB","existing_damage","train","images/1498.png"
"1499","met_286215_Edinburgh_Monument.jpg","met_286215","1499.png","real_damaged","The Metropolitan Museum of Art","https://www.metmuseum.org/art/collection/search/286215","Public Domain","https://www.metmuseum.org/about-the-met/policies-and-documents/open-access","f29a6246dd611203660db1206a9a8e3c193335d72748404b36c88d07e9e2c2ed","3931735fcc10ff9756e998a8bcc392126982940ea907926915746cb9347b3b36","1930","2560","architecture","RGB","existing_damage","train","images/1499.png"
"1500","met_286323_Ancien_Temple_Hindou._À_Tchittour_entre_Agra_et_Bombay.jpg","met_286323","1500.png","real_damaged","The Metropolitan Museum of Art","https://www.metmuseum.org/art/collection/search/286323","Public Domain","https://www.metmuseum.org/about-the-met/policies-and-documents/open-access","553a9ddc0dd117fd8fa2366b20e358b63da77d4ca52a84ce64d3995f65496c70","4d894271e8b9911edd7a1e7a12a7e39b985d8fa524e90fe50a55f8035636b08f","2560","2255","architecture","RGB","existing_damage","validation","images/1500.png"
"1501","met_286334_McCulloch's_Tomb,_Greyfriars_Churchyard.jpg","met_286334","1501.png","real_damaged","The Metropolitan Museum of Art","https://www.metmuseum.org/art/collection/search/286334","Public Domain","https://www.metmuseum.org/about-the-met/policies-and-documents/open-access","6942300391cf9c96b415269ebfe9a8777e1374b0b6c242a259406e8138134f75","3205931d20fb6dc2bb7185608fe0ad9f675f0dcc897fda6b3385eec67da748b0","1776","2560","architecture","RGB","existing_damage","train","images/1501.png"
"1502","met_286338_Rue_du_Contrat-Social,_de_la_rue_de_la_Tonnellerie.jpg","met_286338","1502.png","real_damaged","The Metropolitan Museum of Art","https://www.metmuseum.org/art/collection/search/286338","Public Domain","https://www.metmuseum.org/about-the-met/policies-and-documents/open-access","e2e629e63625d618f96ed8f8ec6af07aacc432a02bd86f586528d3a749e4bbe2","8daba44dca4c65f44b398b7b13acbd57f796ea5093767881a5ee15d764988a2e","3200","2206","architecture","RGB","existing_damage","train","images/1502.png"
"1503","met_286447_Assault_on_Arnhem.jpg","met_286447","1503.png","real_damaged","The Metropolitan Museum of Art","https://www.metmuseum.org/art/collection/search/286447","Public Domain","https://www.metmuseum.org/about-the-met/policies-and-documents/open-access","be4afb12670577ed37208a5a71cc0cbeb50ccbfffca829cfe5a8b4d212f18008","e0fae2e696e65cad70c25ea37aa187c7af0b4a3b34af33d7230eb22c2913e0ed","2560","2023","single_portrait","RGB","existing_damage","train","images/1503.png"
"1504","met_286454_[Rustic_Pavilion_at_Eaux-Bonnes].jpg","met_286454","1504.png","real_damaged","The Metropolitan Museum of Art","https://www.metmuseum.org/art/collection/search/286454","Public Domain","https://www.metmuseum.org/about-the-met/policies-and-documents/open-access","1f1712734b4ca6465723d5e7b60621dcd7bf5604456a17b0dcfca6992817ffc4","f61814bdfac8f987463d90404d2697bf26987fa1d2a86a5d24f3cc4bad3e3d37","2560","1845","other","RGB","existing_damage","train","images/1504.png"
"1505","met_286569_Omar_Pasha.jpg","met_286569","1505.png","real_damaged","The Metropolitan Museum of Art","https://www.metmuseum.org/art/collection/search/286569","Public Domain","https://www.metmuseum.org/about-the-met/policies-and-documents/open-access","4876c85d7d3f9eea3daaa2552bcd984fa9545c91438603c04e7c9b61bb08a9e7","0c92989f479969767994aa3123a303c4f338294a5abf0c8944be65638fef92fc","1942","2560","single_portrait","RGB","existing_damage","train","images/1505.png"
"1506","met_286582_General_Robert_E._Lee.jpg","met_286582","1506.png","real_damaged","The Metropolitan Museum of Art","https://www.metmuseum.org/art/collection/search/286582","Public Domain","https://www.metmuseum.org/about-the-met/policies-and-documents/open-access","9b554eed75e56859bd2f5662e3d56fee7a19456d4e44c7b68a23d06751a3bea9","d9000f51d66feb510b374a2cb5956367fb8e1cf68fe42a02ef9a76837de94de8","1335","2000","single_portrait","RGB","existing_damage","train","images/1506.png"
"1507","met_286586_Frederick_Douglass.jpg","met_286586","1507.png","real_damaged","The Metropolitan Museum of Art","https://www.metmuseum.org/art/collection/search/286586","Public Domain","https://www.metmuseum.org/about-the-met/policies-and-documents/open-access","99d6daa5c26d6593fe94715c11fac27b32fd214838410905c8bbb9afaa3e578d","4acd983bedfc6a2f27ccecaff079d8bb2a231132e578ce7bea6c293bac0a09a4","2105","3200","single_portrait","RGB","existing_damage","validation","images/1507.png"
"1508","met_286883_Pillars_in_the_Recessed_Portico_in_the_Roya_Gopuram_with_the_Base_of_One_of_the_.jpg","met_286883","1508.png","real_damaged","The Metropolitan Museum of Art","https://www.metmuseum.org/art/collection/search/286883","Public Domain","https://www.metmuseum.org/about-the-met/policies-and-documents/open-access","790f2a21f0f46c0c001ded79ba91e3773b273d6718d315f0812ecc73e6695966","e5e4ce0e5c41947dd4dea58e8aaf83d51ab85f7f0904b05dca40f14682749c1d","2172","2560","group_portrait","RGB","existing_damage","train","images/1508.png"
"1509","met_286896_Rhodomenia_Polycarpa.jpg","met_286896","1509.png","real_damaged","The Metropolitan Museum of Art","https://www.metmuseum.org/art/collection/search/286896","Public Domain","https://www.metmuseum.org/about-the-met/policies-and-documents/open-access","801349147f224a91df46d277f4e973c7b3ae9562d6e798898278b9ca83a523cd","6dc4dea4cdf61234fc0518696a4225bf28f2970d6318abdee0210dd00f35b4c8","2090","2560","single_portrait","RGB","existing_damage","validation","images/1509.png"
"1510","met_286900_[Dead_Stag].jpg","met_286900","1510.png","real_damaged","The Metropolitan Museum of Art","https://www.metmuseum.org/art/collection/search/286900","Public Domain","https://www.metmuseum.org/about-the-met/policies-and-documents/open-access","42afc80859448543347618520d636c4fe4c38be0c68ca54f39cc0f03c6f9f51b","a51fe7fe069b24b15e5290c3d410fbd95058be5b6ad5ceb9a2aa79404432893a","2656","2170","other","RGB","existing_damage","train","images/1510.png"
"1511","met_286963_Jérusalem,_Birket-Mamillah.jpg","met_286963","1511.png","real_damaged","The Metropolitan Museum of Art","https://www.metmuseum.org/art/collection/search/286963","Public Domain","https://www.metmuseum.org/about-the-met/policies-and-documents/open-access","b57250e0161d8175a93e5b00fca62d2dd58e2dda12c3a38096094dc1e617447a","36494efbae5d1990ec47f7ee27eaee8e371b3bbeb99f63af67d59aad1d0c1f08","3200","2591","single_portrait","RGB","existing_damage","train","images/1511.png"
"1512","met_287283_Le_Moine.jpg","met_287283","1512.png","real_damaged","The Metropolitan Museum of Art","https://www.metmuseum.org/art/collection/search/287283","Public Domain","https://www.metmuseum.org/about-the-met/policies-and-documents/open-access","1363b528d7069070e60d200246aaf2b7a395dd39a980a279e61c7e1ffd983256","e93c8cc0d5b0a1cbf3bec3b594659bf26fc7b1e2ff009853934fcbab1e20a7e7","2560","2031","single_portrait","RGB","existing_damage","train","images/1512.png"
"1513","met_287322_Vienne,_Souterrain.jpg","met_287322","1513.png","real_damaged","The Metropolitan Museum of Art","https://www.metmuseum.org/art/collection/search/287322","Public Domain","https://www.metmuseum.org/about-the-met/policies-and-documents/open-access","9f6d6cf2816060813ecb95667e410f7f102263952d15701b4e9d019b49f8c546","de2c2d4a946161d5511473fdf05b5e755da18eb23401ca0d33e3e5e192eb6931","2560","1999","single_portrait","RGB","existing_damage","train","images/1513.png"
"1514","met_287368_La_Ciotat,_Bec_de_l'Aigle.jpg","met_287368","1514.png","real_damaged","The Metropolitan Museum of Art","https://www.metmuseum.org/art/collection/search/287368","Public Domain","https://www.metmuseum.org/about-the-met/policies-and-documents/open-access","6937d1ef603294a650ec1e8917875d1f0bb386f7e53408560d49037f9e0e365e","fbeb5e674b2aefbb0e271381ddfffc54b7425a6663386fa06e33d0aad51866ff","2560","1965","single_portrait","RGB","existing_damage","train","images/1514.png"
"1515","met_287727_The_Colosseum.jpg","met_287727","1515.png","real_damaged","The Metropolitan Museum of Art","https://www.metmuseum.org/art/collection/search/287727","Public Domain","https://www.metmuseum.org/about-the-met/policies-and-documents/open-access","c4b80d61067b3557ca1693b81e9a44992c27a0349d98e257b64823883db12b46","d3a640e0e7871ce08d452bfb84d8dcc898e72d5eb1bf6c98a4c9ad083b682f38","2560","2013","architecture","RGB","existing_damage","train","images/1515.png"
"1516","met_287799_Second_Attempt_to_Photograph_Our_Room_at_Delhi.jpg","met_287799","1516.png","real_damaged","The Metropolitan Museum of Art","https://www.metmuseum.org/art/collection/search/287799","Public Domain","https://www.metmuseum.org/about-the-met/policies-and-documents/open-access","f952701be6f85deeb86147fb69673116c1266c117032da981bc5a704326cbfc9","1be4467a3b50a6c4e9e02a066e2fef13069ccff6349adf9ea9c42d6f8eb526bf","2550","3200","indoor_scene","RGB","existing_damage","train","images/1516.png"
"1517","met_287891_Papa_&_Mama;_The_Birthday_Group.jpg","met_287891","1517.png","real_damaged","The Metropolitan Museum of Art","https://www.metmuseum.org/art/collection/search/287891","Public Domain","https://www.metmuseum.org/about-the-met/policies-and-documents/open-access","27f1effdbe681dd21261a44ca465f7925632f646394a826fe90e1c5a6dc87142","7399a26c3ee9e67024f2ea6450f56f7e013cff8e47b1d35f8740766e7ea6ff22","1584","3180","group_portrait","RGB","existing_damage","train","images/1517.png"
"1518","met_287893_Feeding_Poor_Puss.jpg","met_287893","1518.png","real_damaged","The Metropolitan Museum of Art","https://www.metmuseum.org/art/collection/search/287893","Public Domain","https://www.metmuseum.org/about-the-met/policies-and-documents/open-access","5f83e1c427e8b605da4841e2783afbab8c728bf60ce4058d3b4d87ebf8ff0d4f","e82edb44a524e84f2345a276fff595a760a287520ac0f243b29561956105e078","1550","1835","single_portrait","RGB","existing_damage","train","images/1518.png"
"1519","met_287894_The_Observatory;_Thereza_Llewelyn.jpg","met_287894","1519.png","real_damaged","The Metropolitan Museum of Art","https://www.metmuseum.org/art/collection/search/287894","Public Domain","https://www.metmuseum.org/about-the-met/policies-and-documents/open-access","5bb7a52cf08f3163026e879ecf46ec48911fd73e5b725bdc753ebf6d244ebdf5","07708388ad40ceb54a64bdcc19620d776908ab86fa9f43e4f1d24f542f99d275","2146","3337","single_portrait","RGB","existing_damage","train","images/1519.png"
"1520","met_287895_Caswell_Bay_with_Proldie_Point.jpg","met_287895","1520.png","real_damaged","The Metropolitan Museum of Art","https://www.metmuseum.org/art/collection/search/287895","Public Domain","https://www.metmuseum.org/about-the-met/policies-and-documents/open-access","066f76323e3a7cdb8e97bce09699c0bef6a08758d337142f5a990ad377090733","adfb8cfc62931864e6b07daa71779b73917624a4c8c3581bf8779792154d5d7f","2560","2089","group_portrait","RGB","existing_damage","train","images/1520.png"
"1521","met_287896_Winds_&_Waves.jpg","met_287896","1521.png","real_damaged","The Metropolitan Museum of Art","https://www.metmuseum.org/art/collection/search/287896","Public Domain","https://www.metmuseum.org/about-the-met/policies-and-documents/open-access","466e8da3dffe2ecd3fce2de6b6fbd8c101aeac5a5b87d2aa7502ce114780cf2d","1b4a34dbd54f7be53743d21ce81443921519f2593f869f3616a70d766de72bae","1512","1750","single_portrait","RGB","existing_damage","train","images/1521.png"
"1522","met_287898_Penllergare;_Printing.jpg","met_287898","1522.png","real_damaged","The Metropolitan Museum of Art","https://www.metmuseum.org/art/collection/search/287898","Public Domain","https://www.metmuseum.org/about-the-met/policies-and-documents/open-access","ed8183bd17677ba8353ec2c0b285a4d794e0cb8d4ec22a67412e12de8a13e6c7","2bbe3d3a2cc3315e741d44abd37f63b54a3d4397074b6a3343dfb0843b9329da","1923","3489","document","RGB","existing_damage","train","images/1522.png"
"1523","met_287900_Johnny_and_Drum;_Dead_Game.jpg","met_287900","1523.png","real_damaged","The Metropolitan Museum of Art","https://www.metmuseum.org/art/collection/search/287900","Public Domain","https://www.metmuseum.org/about-the-met/policies-and-documents/open-access","0db14d5ccb16789573c72337dd91caf658958a70f2ce8a78857be723a3276e82","745461f6e252387f8d087ff4273b4340ed566137fef6f63d8f5f1bad29650dba","1529","3177","group_portrait","RGB","existing_damage","train","images/1523.png"
"1524","met_287901_[Two_Women,_One_Kneeling_and_One_Standing,_Looking_into_Basket_Filled_with_Veget.jpg","met_287901","1524.png","real_damaged","The Metropolitan Museum of Art","https://www.metmuseum.org/art/collection/search/287901","Public Domain","https://www.metmuseum.org/about-the-met/policies-and-documents/open-access","7fe875a88c64c58aea0fc1b15ecd07e9cb044a06c81259212ba8635695bc3ce2","aa008e0eb026908e404284f2c57ae330a881c52767614602151430f72cb9d894","2078","2653","group_portrait","RGB","existing_damage","train","images/1524.png"
"1525","met_287902_Caswell_Garden;_Geneviève.jpg","met_287902","1525.png","real_damaged","The Metropolitan Museum of Art","https://www.metmuseum.org/art/collection/search/287902","Public Domain","https://www.metmuseum.org/about-the-met/policies-and-documents/open-access","34911fe5e6f90724e4e61b43539e19e47bf7f7672fad5ef08e28d1d228e4f2a6","ad0c7f3011ee65c7ff15d507634d11ddc4b5767cfea055f63f56598faf6b4e4a","1518","3495","outdoor_scene","RGB","existing_damage","train","images/1525.png"
"1526","met_287903_After_the_Storm.jpg","met_287903","1526.png","real_damaged","The Metropolitan Museum of Art","https://www.metmuseum.org/art/collection/search/287903","Public Domain","https://www.metmuseum.org/about-the-met/policies-and-documents/open-access","0b82f0a2de0a576909a59356ef3b655688954899b317242e2e9d9fa9116e41dc","ecf44afef272f37b9eb93cd2026cca8759d4604892f8569a5684d726ecbbf1c1","2135","2860","single_portrait","RGB","existing_damage","test","images/1526.png"
"1527","met_287906_Water_Lilies;_The_Photographer.jpg","met_287906","1527.png","real_damaged","The Metropolitan Museum of Art","https://www.metmuseum.org/art/collection/search/287906","Public Domain","https://www.metmuseum.org/about-the-met/policies-and-documents/open-access","8093fe19a0542db88e815e0be01feaedf7cf2330d0863ab89b4b3de4d2580aee","c43e053e87039b3d7a427c92adbd353fbe0500e0841fcbf9f5abd60b1442911e","1530","2967","single_portrait","RGB","existing_damage","test","images/1527.png"
"1528","met_287907_Blenheim.jpg","met_287907","1528.png","real_damaged","The Metropolitan Museum of Art","https://www.metmuseum.org/art/collection/search/287907","Public Domain","https://www.metmuseum.org/about-the-met/policies-and-documents/open-access","6631580de73c611d4a2ca460b6309654a2f00225e312e3d85d3a8efb8b2112de","f184f14367e0ea189e6567bf0c4f7a9b72afba4c6f212a789e0368d8b631bb3c","2560","2054","single_portrait","RGB","existing_damage","train","images/1528.png"
"1529","met_287908_In_the_Garden._Blenheim.jpg","met_287908","1529.png","real_damaged","The Metropolitan Museum of Art","https://www.metmuseum.org/art/collection/search/287908","Public Domain","https://www.metmuseum.org/about-the-met/policies-and-documents/open-access","fd16cf41331ecec53c349146398e0004bf7a349b6ff1d78e2aa35e5d0b0ed46f","20a773bec4911bcd17334d5d59837308663b9f24853fd6d039aa84d086edcb3b","2560","2165","outdoor_scene","RGB","existing_damage","train","images/1529.png"
"1530","met_287909_A_Very_Pretty_House.jpg","met_287909","1530.png","real_damaged","The Metropolitan Museum of Art","https://www.metmuseum.org/art/collection/search/287909","Public Domain","https://www.metmuseum.org/about-the-met/policies-and-documents/open-access","e07c6fe6ca613ed4c31f9b71480a51fa91c47f6b94bc3d7a346fce913c511b74","5ecf5eb48e6ec0a5854bf703d767b856dab4fc0c1a137b470016957b1fbb3305","2560","2136","single_portrait","RGB","existing_damage","train","images/1530.png"
"1531","met_287910_A_Peep_in_Leigh_Woods.jpg","met_287910","1531.png","real_damaged","The Metropolitan Museum of Art","https://www.metmuseum.org/art/collection/search/287910","Public Domain","https://www.metmuseum.org/about-the-met/policies-and-documents/open-access","07f75ba6f0cad762d2a5a4442e861774f9f51bfb0082af73941e649f9c0bd296","bd73e107cd20bfb8540fda5a90476306c82db0c18b3500ea5cc74ecebd369cd2","2560","2210","single_portrait","RGB","existing_damage","train","images/1531.png"
"1532","met_287911_The_Choristers.jpg","met_287911","1532.png","real_damaged","The Metropolitan Museum of Art","https://www.metmuseum.org/art/collection/search/287911","Public Domain","https://www.metmuseum.org/about-the-met/policies-and-documents/open-access","8563d8ca55dcc0b70652b6e2410b8ffa3a300605520d98d72b21f24e7d79805d","a54494a2ed0e954ada32376bca9cdc46c862a48502d4e3d7e8057a188beb1799","1246","1538","single_portrait","RGB","existing_damage","train","images/1532.png"
"1533","met_287912_Lucerne.jpg","met_287912","1533.png","real_damaged","The Metropolitan Museum of Art","https://www.metmuseum.org/art/collection/search/287912","Public Domain","https://www.metmuseum.org/about-the-met/policies-and-documents/open-access","db10e083d744fb8012c55dcc2f4ba74a7136bf11af90af3704085f04f2b7453c","be72052952efd481508943f2255940ab9297b59a4f7cebe0368ff3cb6094433e","2560","2151","single_portrait","RGB","existing_damage","train","images/1533.png"
"1534","met_287913_The_Boating_Party.jpg","met_287913","1534.png","real_damaged","The Metropolitan Museum of Art","https://www.metmuseum.org/art/collection/search/287913","Public Domain","https://www.metmuseum.org/about-the-met/policies-and-documents/open-access","159dc458ebdf68eef56e2307ab706dbf966772aa61a94311a7edd01159632f0d","96d1905ca41b329b9298947c6bc305618679c3c9a5a7d8bee6796c7c2fa90fdc","2807","2372","group_portrait","RGB","existing_damage","train","images/1534.png"
"1535","met_287914_[Tree_and_Brush_in_Creek_Scene].jpg","met_287914","1535.png","real_damaged","The Metropolitan Museum of Art","https://www.metmuseum.org/art/collection/search/287914","Public Domain","https://www.metmuseum.org/about-the-met/policies-and-documents/open-access","b86342bc35c665cb1413a869ec8041ac4fb9035e2137bc99697537eebe0f1e16","320a829175389d9681ccdd294f6afe1450c56790c1ead4f65a3251dce83efe3f","2560","1966","outdoor_scene","RGB","existing_damage","train","images/1535.png"
"1536","met_287915_Caswell.jpg","met_287915","1536.png","real_damaged","The Metropolitan Museum of Art","https://www.metmuseum.org/art/collection/search/287915","Public Domain","https://www.metmuseum.org/about-the-met/policies-and-documents/open-access","43c440ed2852f84c99195cf76e2ff260d36c470eb31fd8c69b2c659f89ce2882","fda374928ad5c196559462b551b97c07e6f3c06e0a5c865ab6ce5af4541bfce5","2781","2255","single_portrait","RGB","existing_damage","train","images/1536.png"
"1537","met_287916_Remember,_remember_the_5th_of_November!.jpg","met_287916","1537.png","real_damaged","The Metropolitan Museum of Art","https://www.metmuseum.org/art/collection/search/287916","Public Domain","https://www.metmuseum.org/about-the-met/policies-and-documents/open-access","378e5c3fc1ca0d3e447396938742bff55c16b83376e9331f5187d8bd93ecd10e","13cccdfdb12e7b9f62cfca929ef83d5d229d9ddc1be3aea27223b2b9c54e49ce","2667","2281","other","RGB","existing_damage","train","images/1537.png"
"1538","met_287918_The_Donkey_Party;_The_Upper_Lake.jpg","met_287918","1538.png","real_damaged","The Metropolitan Museum of Art","https://www.metmuseum.org/art/collection/search/287918","Public Domain","https://www.metmuseum.org/about-the-met/policies-and-documents/open-access","19f94bdd72e1ef4bb60113210965674a1b1875c8b3d7a489cd4fa54a6adf093b","22317d6da1535a6ad53fc182acb4f2c8d05e69a400fc9ed456151637f0378ba5","1976","2945","outdoor_scene","RGB","existing_damage","train","images/1538.png"
"1539","met_287919_The_School_Path;_The_Shanty;_Haymakers.jpg","met_287919","1539.png","real_damaged","The Metropolitan Museum of Art","https://www.metmuseum.org/art/collection/search/287919","Public Domain","https://www.metmuseum.org/about-the-met/policies-and-documents/open-access","0e73c890cf676b24449dd16cf3d752c4ab9f9cd20cd313127c71d99d79dbe00b","8454497f4b31b2e08525bcfaef1b97e30d200f2cc25c0abc00fd69cba328c904","2352","3099","outdoor_scene","RGB","existing_damage","train","images/1539.png"
"1540","met_287921_The_Lonely_Glen.jpg","met_287921","1540.png","real_damaged","The Metropolitan Museum of Art","https://www.metmuseum.org/art/collection/search/287921","Public Domain","https://www.metmuseum.org/about-the-met/policies-and-documents/open-access","cffe2f307762fe0b992ae8cfd0c463685e9daec8c84ff5cd04ee0f28f58fa129","b17708f54a1a9cb75f551093c4a6da905189325e27bdd68ebd9587a09ebb4e27","2886","2284","single_portrait","RGB","existing_damage","test","images/1540.png"
"1541","met_287922_Thereza.jpg","met_287922","1541.png","real_damaged","The Metropolitan Museum of Art","https://www.metmuseum.org/art/collection/search/287922","Public Domain","https://www.metmuseum.org/about-the-met/policies-and-documents/open-access","8c1a92a7fe5b7277aae705d33f7a7a0517c6a22342d45bc1e8eaf83008e81de8","8345d9b06c906c1293f64b47d79b888494ad5c12eafdf0a67cd6e0300a9b4fee","2027","2560","single_portrait","RGB","existing_damage","train","images/1541.png"
"1542","met_287923_The_Sweet_Water_Fountain.jpg","met_287923","1542.png","real_damaged","The Metropolitan Museum of Art","https://www.metmuseum.org/art/collection/search/287923","Public Domain","https://www.metmuseum.org/about-the-met/policies-and-documents/open-access","6996861ba6e9c039aca98f086f83c984c7bc88df9170f467e815268abf033904","629495546c6844418ddb8141285578c678e0ad4dc10afe4a76427bc205e0b97b","1689","2150","single_portrait","RGB","existing_damage","train","images/1542.png"
"1543","met_287925_Yucca_Gloriosa.jpg","met_287925","1543.png","real_damaged","The Metropolitan Museum of Art","https://www.metmuseum.org/art/collection/search/287925","Public Domain","https://www.metmuseum.org/about-the-met/policies-and-documents/open-access","563f96f68b4d84e39309846d0a0917af9ce67854216c29e38f1bd9dd8b011bf1","8839cb086a98ec626e227ef1151a62f2422e98fcf0c1f921d98f0cf06dfb3d6b","2109","2797","single_portrait","RGB","existing_damage","train","images/1543.png"
"1544","met_287926_The_Upper_Lake.jpg","met_287926","1544.png","real_damaged","The Metropolitan Museum of Art","https://www.metmuseum.org/art/collection/search/287926","Public Domain","https://www.metmuseum.org/about-the-met/policies-and-documents/open-access","117a384719bfbc5a8f00e9902ee249c88d22183a1dfb998e6e9494d91f41334f","85df0cf525d40eff8644ce3bad569ea1bef0a7a5113595bcbe56eff9f31af532","1881","2343","outdoor_scene","RGB","existing_damage","validation","images/1544.png"
"1545","met_287928_The_Approach;_In_the_Wood;_By_the_Lake.jpg","met_287928","1545.png","real_damaged","The Metropolitan Museum of Art","https://www.metmuseum.org/art/collection/search/287928","Public Domain","https://www.metmuseum.org/about-the-met/policies-and-documents/open-access","42b4615486455ef16b094b518a80dd84eea3310ce98c0da875b4c504c1f2151d","e9c1d881065d6fb41f8372c9cececa99fc221df264884cf044ef9e604583cf07","2005","3146","outdoor_scene","RGB","existing_damage","train","images/1545.png"
"1547","met_287934_Captain_of_the_Tenby_Lifeboat.jpg","met_287934","1547.png","real_damaged","The Metropolitan Museum of Art","https://www.metmuseum.org/art/collection/search/287934","Public Domain","https://www.metmuseum.org/about-the-met/policies-and-documents/open-access","70c3d00796f841c239bcd4ce64fd96b944c8fbbd8c2234b60a3d51c63f31f420","da3b89360d774b5c6b2123fcdac105e64dfd93dedcc7701e876eb2909261eb89","1572","2292","single_portrait","RGB","existing_damage","train","images/1547.png"
"1548","met_287936_Tenby_Sands.jpg","met_287936","1548.png","real_damaged","The Metropolitan Museum of Art","https://www.metmuseum.org/art/collection/search/287936","Public Domain","https://www.metmuseum.org/about-the-met/policies-and-documents/open-access","d17f6dd754852ba588d8a3c8647616863d3a52b09fa06fd8caf8549b9c1e9adb","b0b94b423dbee3c380d9596d56739acc22e1c6cce58170c57aee29783c487c7f","2867","2306","group_portrait","RGB","existing_damage","train","images/1548.png"
"1549","met_287937_Upper_Lake.jpg","met_287937","1549.png","real_damaged","The Metropolitan Museum of Art","https://www.metmuseum.org/art/collection/search/287937","Public Domain","https://www.metmuseum.org/about-the-met/policies-and-documents/open-access","418d324d2edbc2bc4d3ed8b5abafc3ec26541587e4e4e3158bcc17ed2ff1595b","21abb8b405600ca0894b30809fcc146453e32014774b0dee5cc60aa832bfc8e4","2560","2108","outdoor_scene","RGB","existing_damage","train","images/1549.png"
"1550","met_287940_The_Lewitha.jpg","met_287940","1550.png","real_damaged","The Metropolitan Museum of Art","https://www.metmuseum.org/art/collection/search/287940","Public Domain","https://www.metmuseum.org/about-the-met/policies-and-documents/open-access","e088c78045915b8f7b439d41b058592806c9b34c8a051c2d1a32bb0cf64a11ae","96b7a6121afcabcc4e1a59ebbae12f1f03b2e8d99e69a0747ab10a35538e21cd","2560","2135","group_portrait","RGB","existing_damage","validation","images/1550.png"
"1551","met_287941_Dunraven_Cliffs_-_Low_Tide.jpg","met_287941","1551.png","real_damaged","The Metropolitan Museum of Art","https://www.metmuseum.org/art/collection/search/287941","Public Domain","https://www.metmuseum.org/about-the-met/policies-and-documents/open-access","ec445bec61b92969bdf556e528767003eb98ed13cf86b5679898121d684188d1","69719b164195bcb7d2f352abba0f3bfbfdb7cf3539212206650869fd30b22023","2792","2305","outdoor_scene","RGB","existing_damage","train","images/1551.png"
"1552","met_287942_Birthday_Group.jpg","met_287942","1552.png","real_damaged","The Metropolitan Museum of Art","https://www.metmuseum.org/art/collection/search/287942","Public Domain","https://www.metmuseum.org/about-the-met/policies-and-documents/open-access","e4d8bed31670b30967be08d3d18c17bbe4e95a72221b4fa1f9246dc8649ec0a4","8db3bcb05e74ca6186346b31af951bb876b899f22a3e5720729b909da39642bd","2804","2320","group_portrait","RGB","existing_damage","test","images/1552.png"
"1553","met_287944_Penrice_Garden.jpg","met_287944","1553.png","real_damaged","The Metropolitan Museum of Art","https://www.metmuseum.org/art/collection/search/287944","Public Domain","https://www.metmuseum.org/about-the-met/policies-and-documents/open-access","da30d8d22febea3c3495ca03eb17ad4b27bc6c6ee88a872c8aab5940d9172aab","04ed60e24b92ee50bc42338759d70d01e00b2f1818e75eeac2d867cd81fb51c2","2560","2099","outdoor_scene","RGB","existing_damage","train","images/1553.png"
"1554","met_287945_Cureuleo_Meadow.jpg","met_287945","1554.png","real_damaged","The Metropolitan Museum of Art","https://www.metmuseum.org/art/collection/search/287945","Public Domain","https://www.metmuseum.org/about-the-met/policies-and-documents/open-access","bae371c1c13e0b0c537894d750fd847a25656347b7a1268c38c48a1e3e7b8a10","4957c826fc2cc788fa814405b4e8f726f77e96b03ff7af67d0e49cb698420e8b","2560","2061","outdoor_scene","RGB","existing_damage","test","images/1554.png"
"1555","met_287947_Oakley_Cottage.jpg","met_287947","1555.png","real_damaged","The Metropolitan Museum of Art","https://www.metmuseum.org/art/collection/search/287947","Public Domain","https://www.metmuseum.org/about-the-met/policies-and-documents/open-access","bc82561309f21ee1d47b80e19f0963b941702aa0dddfb0b29ef15f955bdadfa5","20ef2aa7f8f989607601bb985a15367db63e87b1a5c97b9a7f9e23e2e4c5c76d","2560","2132","single_portrait","RGB","existing_damage","train","images/1555.png"
"1556","met_287949_Penllergare_Garden_From_the_Morning_Room.jpg","met_287949","1556.png","real_damaged","The Metropolitan Museum of Art","https://www.metmuseum.org/art/collection/search/287949","Public Domain","https://www.metmuseum.org/about-the-met/policies-and-documents/open-access","6b791286e01681f8ee5660fe4a72f463a1a18ece6e37a865ce7c42aef4ecfebe","1b91f7ee2e5fa5dcbcf25c9c60cc509ecd43d6fb796fbf282c6042e119994312","2741","2233","outdoor_scene","RGB","existing_damage","validation","images/1556.png"
"1557","met_287952_Penllergare;_Coedriglan.jpg","met_287952","1557.png","real_damaged","The Metropolitan Museum of Art","https://www.metmuseum.org/art/collection/search/287952","Public Domain","https://www.metmuseum.org/about-the-met/policies-and-documents/open-access","9ce4d1ab5297c651b072a2217cf9702c105438122d1894c6b9c2e5dbea7b7c49","79e50eab41cce647e077c39b5ee6ce182f294c55ed25ca99e9e2f97d816c1919","1985","3372","single_portrait","RGB","existing_damage","test","images/1557.png"
"1558","met_287953_Biaritz;_SIr_Baldwin_Leighton,_Miss_M._Leighton,_Miss_Leighton.jpg","met_287953","1558.png","real_damaged","The Metropolitan Museum of Art","https://www.metmuseum.org/art/collection/search/287953","Public Domain","https://www.metmuseum.org/about-the-met/policies-and-documents/open-access","2d406f23ef8fbad1e2a90533c2a72ab89b625bc62d469de7b01fdb452b9acbb7","d00c719557e69cfac6d74ec3dd7f36be6c23b6f29501a2342953bf0c188fa22c","2239","3163","single_portrait","RGB","existing_damage","train","images/1558.png"
"1559","met_287955_The_Hyde,_Cheltenham.jpg","met_287955","1559.png","real_damaged","The Metropolitan Museum of Art","https://www.metmuseum.org/art/collection/search/287955","Public Domain","https://www.metmuseum.org/about-the-met/policies-and-documents/open-access","865903c53da4182d6284247d51553b4d08c397c766dbf325c88e37f52fcc8cd9","06bc8f2482525e3ad3aeaaa452686e9cdc08f5fcb355ef89a0cd1979265c8486","2957","2397","single_portrait","RGB","existing_damage","train","images/1559.png"
"1560","met_287956_Stone_Pines,_Villa_Pamfili_Doria,_Rome.jpg","met_287956","1560.png","real_damaged","The Metropolitan Museum of Art","https://www.metmuseum.org/art/collection/search/287956","Public Domain","https://www.metmuseum.org/about-the-met/policies-and-documents/open-access","1435a3a1f3094cbe6e8ae9e57e6b1b6cfcf8a0abc0ed89651c31188507b6a46c","15217cfafc2923a3619730f12c5e2ba8bd2c25b8eb0a225c05b8b6079934643a","2560","2126","outdoor_scene","RGB","existing_damage","train","images/1560.png"
"1561","met_287967_The_Heron.jpg","met_287967","1561.png","real_damaged","The Metropolitan Museum of Art","https://www.metmuseum.org/art/collection/search/287967","Public Domain","https://www.metmuseum.org/about-the-met/policies-and-documents/open-access","162cd3376f72136fdd3d0947f8c3b807fd516f0142f95bd7c127fc4fb286cfda","9d5c25ea94c6b4f999643264f4be5d358f38747d7aa0fe4568d762023ea8c740","1940","2560","single_portrait","RGB","existing_damage","validation","images/1561.png"
"1562","met_287970_[Arch_of_Titus].jpg","met_287970","1562.png","real_damaged","The Metropolitan Museum of Art","https://www.metmuseum.org/art/collection/search/287970","Public Domain","https://www.metmuseum.org/about-the-met/policies-and-documents/open-access","af71f15548ad1f50e1fedaef84010d34c03414fdd782781753928080d2116b63","1364d391992948327bcc2e8cb8776ba1063a3b42f81ff3c972d2803f5449a72a","2560","2029","other","RGB","existing_damage","validation","images/1562.png"
"1563","met_287973_The_Wharfe,_Yorkshire.jpg","met_287973","1563.png","real_damaged","The Metropolitan Museum of Art","https://www.metmuseum.org/art/collection/search/287973","Public Domain","https://www.metmuseum.org/about-the-met/policies-and-documents/open-access","77a149b7f5caa10e19d0d55f3c445a34991816385ae91ef185a2f5b5c8317e40","184fd702ac7cee5bbd4e185ba8ccb75aa8ea0b16df086e8669b7dff47f62295e","2560","2054","single_portrait","RGB","existing_damage","train","images/1563.png"
"1564","met_287974_Guy_Fawkes.jpg","met_287974","1564.png","real_damaged","The Metropolitan Museum of Art","https://www.metmuseum.org/art/collection/search/287974","Public Domain","https://www.metmuseum.org/about-the-met/policies-and-documents/open-access","dfdd9568d9aa05c42f596b0bcf0a6007b40fea1e5b3579f8f392db04c8be514f","b4c45e93006ec4a72c727992193290fa168f11b8b89d777d7572c6c8a6b5101e","2678","2029","single_portrait","RGB","existing_damage","train","images/1564.png"
"1565","met_288026_Arts_et_Métiers_(Ancien_Modèle).jpg","met_288026","1565.png","real_damaged","The Metropolitan Museum of Art","https://www.metmuseum.org/art/collection/search/288026","Public Domain","https://www.metmuseum.org/about-the-met/policies-and-documents/open-access","35255329977e09d93edb2cfd19c8f65fd7db62a2fd8c425172db0a58c13b5e9b","4a45d0823ce0c08ad91a68b4cb91bf5c1d2b628247da566cf48ebb93f9759a75","2309","3838","single_portrait","RGB","existing_damage","train","images/1565.png"
"1566","met_288053_[Miss_Macrae_of_Inverinate,_Wife_of_Horatio_Ross].jpg","met_288053","1566.png","real_damaged","The Metropolitan Museum of Art","https://www.metmuseum.org/art/collection/search/288053","Public Domain","https://www.metmuseum.org/about-the-met/policies-and-documents/open-access","5c53328e4f665e76839166cc6abcca2461f969feef267676a04bca859c80475c","34a5232304b1764c8665478fb968389e5c7dd467c3d03c5467eb89e560b8fe2a","1593","2092","single_portrait","RGB","existing_damage","validation","images/1566.png"
"1567","met_288054_[Peel_Ross,_Son_of_Horatio_Ross].jpg","met_288054","1567.png","real_damaged","The Metropolitan Museum of Art","https://www.metmuseum.org/art/collection/search/288054","Public Domain","https://www.metmuseum.org/about-the-met/policies-and-documents/open-access","6de8bdc6ec3418431668c2eaee05cf2b07316c799d29f6c4e66529174ff2bd9a","0d594d4fa73823cc4154e0b9cfbe036731efc0f943c6ea5d026cb8cafc2ddf6a","1646","2179","single_portrait","RGB","existing_damage","train","images/1567.png"
"1568","met_288055_[Edward_Ross,_Youngest_Son_of_Horatio_Ross].jpg","met_288055","1568.png","real_damaged","The Metropolitan Museum of Art","https://www.metmuseum.org/art/collection/search/288055","Public Domain","https://www.metmuseum.org/about-the-met/policies-and-documents/open-access","e5400ce2d3ddde34f3a87f0b40656f557687d29ee50d15761b02626607d0d72b","1fdc62464390270703d58a741805659724a4a399a5f4ee959ae9d17a10dd0012","1979","2585","indoor_scene","RGB","existing_damage","train","images/1568.png"
"1569","met_288056_[Ned_and_Colin_Ross_with_Hunt_Trophy].jpg","met_288056","1569.png","real_damaged","The Metropolitan Museum of Art","https://www.metmuseum.org/art/collection/search/288056","Public Domain","https://www.metmuseum.org/about-the-met/policies-and-documents/open-access","24d3bbcb65e8ccf4e562fd301b1778d7aac37a834d75efc7c79588ef824c881b","4a3602bede188d7b95bcc89b1adb41104aecce35c9f7d701cab8ad2403192395","2251","1732","group_portrait","RGB","existing_damage","train","images/1569.png"
"1570","met_288057_[Mrs._Kennedy].jpg","met_288057","1570.png","real_damaged","The Metropolitan Museum of Art","https://www.metmuseum.org/art/collection/search/288057","Public Domain","https://www.metmuseum.org/about-the-met/policies-and-documents/open-access","59c997932a3b044c0b7624eec169955a9442d7b2633223aaa3e33d27797c8841","9ce81532677097cb82f3da5dbd02679391bd3cd4ec2995e504b761dcffd37d66","1633","2010","single_portrait","RGB","existing_damage","validation","images/1570.png"
"1571","met_288058_[Macrae,_Ross,_and_Warner_Families_Outdoors].jpg","met_288058","1571.png","real_damaged","The Metropolitan Museum of Art","https://www.metmuseum.org/art/collection/search/288058","Public Domain","https://www.metmuseum.org/about-the-met/policies-and-documents/open-access","0d6033ef3215ba220e02d7895ed960a4077a2b91542473c79329d4bb7dca99c6","00585cbd1c8d0b40aae9cf41ee0289c9874e0536d9568f26a3d26700c5d899ff","2076","1707","group_portrait","RGB","existing_damage","test","images/1571.png"
"1572","met_288059_[Picnic_Near_a_Stream].jpg","met_288059","1572.png","real_damaged","The Metropolitan Museum of Art","https://www.metmuseum.org/art/collection/search/288059","Public Domain","https://www.metmuseum.org/about-the-met/policies-and-documents/open-access","4495d7fbbadcc041a94245e2e693bcc142ed7074b82c7c577c7c6e850b95733e","7c86d7b0cefe6b0e229284435cfc33d5c9877db7b7228a07883322d45ba7c996","2065","1474","outdoor_scene","RGB","existing_damage","train","images/1572.png"
"1573","met_288060_[Stag_Trophy_Head,_Killed_by_Ned_Ross].jpg","met_288060","1573.png","real_damaged","The Metropolitan Museum of Art","https://www.metmuseum.org/art/collection/search/288060","Public Domain","https://www.metmuseum.org/about-the-met/policies-and-documents/open-access","bb0ecccea59aab79f7fa5416b0a125a3c226fc6e543ba74c4b673a2af7005546","5a6ab3e422b62df6c7a46cf15362b68280cd9af91f4ec5aa5f5909e931323b4c","1617","1949","single_portrait","RGB","existing_damage","validation","images/1573.png"
"1574","met_288061_[Two_Stags,_One_Shot_by_Mr._Ross_and_the_Other_by_Mrs._Ross].jpg","met_288061","1574.png","real_damaged","The Metropolitan Museum of Art","https://www.metmuseum.org/art/collection/search/288061","Public Domain","https://www.metmuseum.org/about-the-met/policies-and-documents/open-access","004ee11253dd5ff268fa01aa6e0b2c0516c503ba8542a948115dbc34220a7f5e","90c52e5f578313005d8cc5a6b6aab69bc822ffa7b946c4f821de1e25289d143f","2353","1937","group_portrait","RGB","existing_damage","train","images/1574.png"
"1575","met_288062_[Dead_Roe_Buck].jpg","met_288062","1575.png","real_damaged","The Metropolitan Museum of Art","https://www.metmuseum.org/art/collection/search/288062","Public Domain","https://www.metmuseum.org/about-the-met/policies-and-documents/open-access","998fb8d5ed524ddf3ba0052368d4452f8134c98149e5a08e057c54e8965ae5af","b23a8348b7c35be47f83bbf56e4eda89ac0846d2cffe896d42f13d4b2c050e6a","2093","1655","other","RGB","existing_damage","train","images/1575.png"
"1576","met_288063_[Two_Stags_and_Roe_Buck].jpg","met_288063","1576.png","real_damaged","The Metropolitan Museum of Art","https://www.metmuseum.org/art/collection/search/288063","Public Domain","https://www.metmuseum.org/about-the-met/policies-and-documents/open-access","ab26627287ab03d16bf09baa6d52c8636d6639963baee26f5f97d9f30aef9ea6","aef6dee5fb8359db759758f2bf9fcca89f5344b39c1c4fec359d301819dbb98a","2644","2104","group_portrait","RGB","existing_damage","test","images/1576.png"
"1577","met_288064_Jack_Gralloching_a_Stag.jpg","met_288064","1577.png","real_damaged","The Metropolitan Museum of Art","https://www.metmuseum.org/art/collection/search/288064","Public Domain","https://www.metmuseum.org/about-the-met/policies-and-documents/open-access","cd5ca22f16ac4b8c18c624cd7d64f643502b8c1c709a2b0bda43619b92139253","7a921e89a5069519fed52ba4d1d937576c9067f419a68c969c63aa1386b86415","2576","2237","single_portrait","RGB","existing_damage","train","images/1577.png"
"1578","met_288065_[Dead_Stag].jpg","met_288065","1578.png","real_damaged","The Metropolitan Museum of Art","https://www.metmuseum.org/art/collection/search/288065","Public Domain","https://www.metmuseum.org/about-the-met/policies-and-documents/open-access","22c39234f0122f5aa7b4fd66cd6f917d6341a5c8bbf5001436b6b38493233922","53bb6ee45732a30dfd53087eebfe577d4b6fe4b296ce1dd66c15510bd0038082","2772","2223","other","RGB","existing_damage","train","images/1578.png"
"1579","met_288066_[Dead_Female_Deer_and_Game_Bird].jpg","met_288066","1579.png","real_damaged","The Metropolitan Museum of Art","https://www.metmuseum.org/art/collection/search/288066","Public Domain","https://www.metmuseum.org/about-the-met/policies-and-documents/open-access","c3ae539e7fc384dc2ba5134e2edfe5f0c23bdd46278cae8d7dff254e5b4458a9","e7acbd958c695bad5e45d2cf24c9e07a6fcd0ce3c17e31b56477d4e3a7a08c37","2727","2050","group_portrait","RGB","existing_damage","train","images/1579.png"
"1580","met_288067_[Stag_Trophy_Head_Killed_by_Ned_Ross].jpg","met_288067","1580.png","real_damaged","The Metropolitan Museum of Art","https://www.metmuseum.org/art/collection/search/288067","Public Domain","https://www.metmuseum.org/about-the-met/policies-and-documents/open-access","aab10cb707425a01aadb6a15a41fbcc221c73c5c7e0d49e5da52db0a1c8a40f5","0c6526c1f019be4211f0fd37d7a11cb3d22c1b25ad27d4ae9d0ca820b9de97d1","1714","2170","single_portrait","RGB","existing_damage","train","images/1580.png"
"1581","met_288068_[Stags_Heads_-_Dibedale].jpg","met_288068","1581.png","real_damaged","The Metropolitan Museum of Art","https://www.metmuseum.org/art/collection/search/288068","Public Domain","https://www.metmuseum.org/about-the-met/policies-and-documents/open-access","1ea563b6a64404d426ba61e2c88682376e603785f5a2765e5fbe9478d17c03ad","42e6ba6d1e99f492498d9f37c550230022f7efc700574de3225090f026227300","2203","1729","single_portrait","RGB","existing_damage","test","images/1581.png"
"1582","met_288069_[Portrait_of_a_Seated_Gentleman].jpg","met_288069","1582.png","real_damaged","The Metropolitan Museum of Art","https://www.metmuseum.org/art/collection/search/288069","Public Domain","https://www.metmuseum.org/about-the-met/policies-and-documents/open-access","e42243b830ae4fcaad769c6d979f9f847a3fc280c8b5eff420e93f883606eb78","9921a08257d2567a0ea559222dd746a8c89ab2362dc3c96267d61408e0ed320f","1542","1950","outdoor_scene","RGB","existing_damage","train","images/1582.png"
"1583","met_288070_[Portrait_of_Major_Anderson].jpg","met_288070","1583.png","real_damaged","The Metropolitan Museum of Art","https://www.metmuseum.org/art/collection/search/288070","Public Domain","https://www.metmuseum.org/about-the-met/policies-and-documents/open-access","3efcad3dc35b42380a908cb7ff344dd19f184060a961de9bb691f5b26e0d803e","c3130b51cb96e3c3012c9e9829319bc63151a08834749d4452f6a350580abcbb","1684","2024","outdoor_scene","RGB","existing_damage","train","images/1583.png"
"1584","met_288071_[Portrait_of_Man_in_Hunting_Garb].jpg","met_288071","1584.png","real_damaged","The Metropolitan Museum of Art","https://www.metmuseum.org/art/collection/search/288071","Public Domain","https://www.metmuseum.org/about-the-met/policies-and-documents/open-access","a20577d2b54d15145e95edc9d084a0b658a78f18543f5daa084df0c9717cccf6","7e02fcd2f4a906a7888d228d0979dd7b967bdde14ef7c14966d0f479dc410950","1563","2126","outdoor_scene","RGB","existing_damage","train","images/1584.png"
"1585","met_288072_[Old_Tom].jpg","met_288072","1585.png","real_damaged","The Metropolitan Museum of Art","https://www.metmuseum.org/art/collection/search/288072","Public Domain","https://www.metmuseum.org/about-the-met/policies-and-documents/open-access","8f0e948999328175868b8263ade1fe1aa344ddb43342d5ec511510dad09e6625","d05cd556de1f5374130e1f77ab63ea631e83f22de33dc93f29e7ea7f43751c60","1661","2186","other","RGB","existing_damage","train","images/1585.png"
"1586","met_288073_[Elegant_Group_Outdoors].jpg","met_288073","1586.png","real_damaged","The Metropolitan Museum of Art","https://www.metmuseum.org/art/collection/search/288073","Public Domain","https://www.metmuseum.org/about-the-met/policies-and-documents/open-access","2acfc6a6c263cecaaf065acb7b486eec7eb92d003f2a02f9c9443d048c85d7e8","f03ff52bd053743d714bd2ea4ea3bbe17ba9ce15a0064b51b2a1f630b424493f","2178","1650","group_portrait","RGB","existing_damage","train","images/1586.png"
"1587","met_288074_[Peel_Ross_Fishing].jpg","met_288074","1587.png","real_damaged","The Metropolitan Museum of Art","https://www.metmuseum.org/art/collection/search/288074","Public Domain","https://www.metmuseum.org/about-the-met/policies-and-documents/open-access","fa5492b1b126e6a762684a737b38c3d7a8921bcf058670cde13eb50ae8e47322","ca3d21c295b76af622599658663c24df5be256c36b2a7ad35cbeae11d894f4bb","2290","1870","other","RGB","existing_damage","test","images/1587.png"
"1588","met_288075_[Peel_Ross_with_Hunting_Trophies].jpg","met_288075","1588.png","real_damaged","The Metropolitan Museum of Art","https://www.metmuseum.org/art/collection/search/288075","Public Domain","https://www.metmuseum.org/about-the-met/policies-and-documents/open-access","02fc90d1ed0692e5c12f9d252c363b9f45286efb4912faa19bab9a1236a46821","c45969e5c1b903a5669569ccf2a0e0dea43510704b9469f820d232864ac00576","2365","2021","group_portrait","RGB","existing_damage","train","images/1588.png"
"1589","met_288076_[Charlie_and_Peel_Ross_with_Horse_after_a_Hunt].jpg","met_288076","1589.png","real_damaged","The Metropolitan Museum of Art","https://www.metmuseum.org/art/collection/search/288076","Public Domain","https://www.metmuseum.org/about-the-met/policies-and-documents/open-access","878b582adeac5909f26c0bbc307d2822c16bdd4c9e451e7f4d10ccc573f53418","6660bbdc32857ff1e339a145d3f3e15b5584cb2647cad65a125a087e2869fa6d","2274","1876","group_portrait","RGB","existing_damage","train","images/1589.png"
"1590","met_288077_[Colin_and_Horatio_Ross_Reading_with_Jessie_Macrae].jpg","met_288077","1590.png","real_damaged","The Metropolitan Museum of Art","https://www.metmuseum.org/art/collection/search/288077","Public Domain","https://www.metmuseum.org/about-the-met/policies-and-documents/open-access","190da88d3238e8ff704620af245dcafb7a8fe9b0d14527c6f4650fa4d30e98de","b3d89850f4b609ade9187179f485f7eb8455ccfc8710952a4c55c2d780128127","1476","1735","group_portrait","RGB","existing_damage","train","images/1590.png"
"1591","met_288078_[Man_and_Boys_Fishing].jpg","met_288078","1591.png","real_damaged","The Metropolitan Museum of Art","https://www.metmuseum.org/art/collection/search/288078","Public Domain","https://www.metmuseum.org/about-the-met/policies-and-documents/open-access","5a7ebdc2acd6a3f4632d43b0aa7d93b3994ea896c5f44e83850b6c270ee6880d","d130124c5e8c7744211a0be6662ec2392322d517899e291282a240301a01f388","2465","2068","group_portrait","RGB","existing_damage","train","images/1591.png"
"1592","met_288079_[Stag_Shot_by_Mrs._Ross].jpg","met_288079","1592.png","real_damaged","The Metropolitan Museum of Art","https://www.metmuseum.org/art/collection/search/288079","Public Domain","https://www.metmuseum.org/about-the-met/policies-and-documents/open-access","9b4e7484ab5a9d15f2a5c12f474b3ca6f5bd9e00394c73fab619923e528f5fcd","5cb83db7cf33cf457b5a3e9e1342f2ec5ca679e8c3db187d3433a449a96cb4ac","2490","2105","single_portrait","RGB","existing_damage","train","images/1592.png"
"1593","met_288080_[View_in_the_Gardens_at_Netherley].jpg","met_288080","1593.png","real_damaged","The Metropolitan Museum of Art","https://www.metmuseum.org/art/collection/search/288080","Public Domain","https://www.metmuseum.org/about-the-met/policies-and-documents/open-access","bf02fdf835a2fe0786ff11cdc408fb8e8e265ef77a5f53d2803267bd60b43807","a516097777de931c565da25bc508116dfd4625f440342e78db11e22c6fa660e7","2600","2078","outdoor_scene","RGB","existing_damage","train","images/1593.png"
"1594","met_288081_[Colin's_Royal_Stag].jpg","met_288081","1594.png","real_damaged","The Metropolitan Museum of Art","https://www.metmuseum.org/art/collection/search/288081","Public Domain","https://www.metmuseum.org/about-the-met/policies-and-documents/open-access","b223290f0eabf3253d08717245f6833a30a193b0b1bcc5b7fe0b4325ae0030bf","9a7dc895eaf310f70dbd6e9c72083cef86b18bbde3169b10b3917154001189d7","1631","2107","other","RGB","existing_damage","train","images/1594.png"
"1595","met_288082_[Spying_in_Glenfeshie].jpg","met_288082","1595.png","real_damaged","The Metropolitan Museum of Art","https://www.metmuseum.org/art/collection/search/288082","Public Domain","https://www.metmuseum.org/about-the-met/policies-and-documents/open-access","2799cd20fc639c78454c34fedc15ad20d5b976f9014d043fbaba9eeafce48c9d","b9eeb4d3284faacf68f769f70ebd038e1877b1466222efde074350d14a90fd01","2511","2026","other","RGB","existing_damage","test","images/1595.png"
"1596","met_288083_[Hunters_Stalking_a_Deer].jpg","met_288083","1596.png","real_damaged","The Metropolitan Museum of Art","https://www.metmuseum.org/art/collection/search/288083","Public Domain","https://www.metmuseum.org/about-the-met/policies-and-documents/open-access","411218b1a778a6d4396143d2a41f41e87376c45b1ed2d74ab2f826f583a35e16","4c6006c2e8d67db0cbd8010bdadb47e771ae161e1bd5c419940a014266f3fb30","1996","1464","single_portrait","RGB","existing_damage","train","images/1596.png"
"1597","met_288084_[Prize_Cow_and_Calf].jpg","met_288084","1597.png","real_damaged","The Metropolitan Museum of Art","https://www.metmuseum.org/art/collection/search/288084","Public Domain","https://www.metmuseum.org/about-the-met/policies-and-documents/open-access","309cca5131b9b749fde3cb59fe98a7ad1cedc500873feaf6a09908faffe83e5e","579b913c664af39f06794163b5429bb48e78c70f759efe8c6b7f2755dcdb032e","2111","1670","group_portrait","RGB","existing_damage","train","images/1597.png"
"1598","met_288085_[Portrait_of_a_Man_in_Military_Regalia].jpg","met_288085","1598.png","real_damaged","The Metropolitan Museum of Art","https://www.metmuseum.org/art/collection/search/288085","Public Domain","https://www.metmuseum.org/about-the-met/policies-and-documents/open-access","3762f75df05c986e8f4072a9fdecec7b5c09a9e7399cfae5674064423bd7d5f9","7a168ea05e186281cead58e931cd65acbebde788737ba98d5f4927227e6c9d63","1636","2093","outdoor_scene","RGB","existing_damage","train","images/1598.png"
"1599","met_288840_Lulah_Falls,_Lookout_Mountain,_Georgia.jpg","met_288840","1599.png","real_damaged","The Metropolitan Museum of Art","https://www.metmuseum.org/art/collection/search/288840","Public Domain","https://www.metmuseum.org/about-the-met/policies-and-documents/open-access","3c0c9cb3b18c053fd2177b76547c6b7c7582d679cefc7cdcfa8cefc0150f4907","07cb81fe6639156fd9f8a563e362bc5c75af3750c265e7003204b75a1736471d","2560","2112","outdoor_scene","RGB","existing_damage","train","images/1599.png"
"1600","met_289043_[Construction_Site].jpg","met_289043","1600.png","real_damaged","The Metropolitan Museum of Art","https://www.metmuseum.org/art/collection/search/289043","Public Domain","https://www.metmuseum.org/about-the-met/policies-and-documents/open-access","a41ddbc7dbb007026b103a74c0d5993e5062eaa56935bf4525648c022aafe6e7","edf63929d354afbb688d7c929dda5b55de647dc1921ae7376f4377ba4e53250b","2560","1971","outdoor_scene","RGB","existing_damage","train","images/1600.png"
"1601","met_289721_Rue_du_Haut-Pave_(Pantheon_in_Distance).jpg","met_289721","1601.png","real_damaged","The Metropolitan Museum of Art","https://www.metmuseum.org/art/collection/search/289721","Public Domain","https://www.metmuseum.org/about-the-met/policies-and-documents/open-access","7abd55706c8bdc67437f91e8c654d4009b7cf35c18e368cbd1ebb550c5db766e","81fefba2530417c0ede5e7925f121c0ed8e167848498805c1453a84ef5adf3ce","3200","2238","architecture","RGB","existing_damage","train","images/1601.png"
"1602","met_291060_The_Great_Elephant.jpg","met_291060","1602.png","real_damaged","The Metropolitan Museum of Art","https://www.metmuseum.org/art/collection/search/291060","Public Domain","https://www.metmuseum.org/about-the-met/policies-and-documents/open-access","7b53969d6293275d73ccce764b08d2204275e940b3f838d7de772ead74eb84b0","b1e83cfb8c5033ad498785020e95c9defbc57a677ed61e166750dc1666e39c7a","2142","2560","single_portrait","RGB","existing_damage","train","images/1602.png"
"1603","met_291411_untitled.jpg","met_291411","1603.png","real_damaged","The Metropolitan Museum of Art","https://www.metmuseum.org/art/collection/search/291411","Public Domain","https://www.metmuseum.org/about-the-met/policies-and-documents/open-access","27e1b5243504fa551ed1b3e35039bd4019af51a934484baf51d81d33912acfcf","04a7a94bdfaa4c549faf2c44b0dbdbccdf7ff14f2869dc5fe44a768e0975d229","3200","2484","single_portrait","RGB","existing_damage","train","images/1603.png"
"1604","met_291419_untitled.jpg","met_291419","1604.png","real_damaged","The Metropolitan Museum of Art","https://www.metmuseum.org/art/collection/search/291419","Public Domain","https://www.metmuseum.org/about-the-met/policies-and-documents/open-access","3129109e2eb992367d4d603f7b2491b118bd72508640b07c7c16607b28e4fceb","31c732c32ea638a8b5a9db17a0f846121cc3b8bbf32234db80db112040adf080","2560","2011","single_portrait","RGB","existing_damage","train","images/1604.png"
"1606","met_291553_Enteromorpha_ramulosa.jpg","met_291553","1606.png","real_damaged","The Metropolitan Museum of Art","https://www.metmuseum.org/art/collection/search/291553","Public Domain","https://www.metmuseum.org/about-the-met/policies-and-documents/open-access","96799a092ed1770d3d9f3519c434b33cd0435c385fddb6a489acf671833ffa51","4868f5a6e315c0a397bca449e49b7525100186463a4e38b6cb1d7a7b996f92d6","2090","2560","single_portrait","RGB","existing_damage","test","images/1606.png"
"1690","met_291637_Ulva_latissima.jpg","met_291637","1690.png","real_damaged","The Metropolitan Museum of Art","https://www.metmuseum.org/art/collection/search/291637","Public Domain","https://www.metmuseum.org/about-the-met/policies-and-documents/open-access","d2b29b89e45fd8be8634942389a97c74c668738faae7e8f7fb4ca1f5e684cf6d","be2041b9c4e11ff8a9cf4fb7d2940e9a17be72fc65deac2f8b57c7b00004ad82","2160","2560","single_portrait","RGB","existing_damage","train","images/1690.png"
"1696","met_291643_Enteromorpha_intestinalis.jpg","met_291643","1696.png","real_damaged","The Metropolitan Museum of Art","https://www.metmuseum.org/art/collection/search/291643","Public Domain","https://www.metmuseum.org/about-the-met/policies-and-documents/open-access","42283fcffe8d13a71ebc80138a5091193c05389d4626ec3d20f643af07a5ea1c","dd9e9d82b9d8c74229bcb801879fb9e0ccf9a6b33eadb7ced4b89b13c2aea5cf","2160","2560","single_portrait","RGB","existing_damage","train","images/1696.png"
"1704","met_291651_Artillery,_Quartermaster_Sergeant.jpg","met_291651","1704.png","real_damaged","The Metropolitan Museum of Art","https://www.metmuseum.org/art/collection/search/291651","Public Domain","https://www.metmuseum.org/about-the-met/policies-and-documents/open-access","29ac47f175396b4fce7eba628ff6757b738bf9933da37bd357e0637707f00bda","a9a71271140c0d4e3aa481f4d202a20f9fa2f72f0781e7566c80bf4dcb637a5c","1500","1894","single_portrait","RGB","existing_damage","train","images/1704.png"
"1705","met_291652_Artillery,_Musician.jpg","met_291652","1705.png","real_damaged","The Metropolitan Museum of Art","https://www.metmuseum.org/art/collection/search/291652","Public Domain","https://www.metmuseum.org/about-the-met/policies-and-documents/open-access","a3a7d7d980c2a47ef963ccf647f285b3bc733b861431b8975f3f894cb1c11bd8","6b5ba18c9a653f4a0a4a20d7234a12a69af9edb6ad60b2958c29a56335c8d2c2","1468","1870","single_portrait","RGB","existing_damage","train","images/1705.png"
"1706","met_291653_Light_Artillery,_Sergeant_Major.jpg","met_291653","1706.png","real_damaged","The Metropolitan Museum of Art","https://www.metmuseum.org/art/collection/search/291653","Public Domain","https://www.metmuseum.org/about-the-met/policies-and-documents/open-access","8c05a4b342e5e555698df736f5f946e365eed234ad5c4745deebec930184393f","17f3b34d06460a4ea63ae81c2dc89d2054a61d93e75e73f615e629466f071532","1452","1864","single_portrait","RGB","existing_damage","train","images/1706.png"
"1707","met_291654_Ordnance,_Private.jpg","met_291654","1707.png","real_damaged","The Metropolitan Museum of Art","https://www.metmuseum.org/art/collection/search/291654","Public Domain","https://www.metmuseum.org/about-the-met/policies-and-documents/open-access","9026e3b6f3aab26c5083e63ece5efb697f0df55f476439b88d7db36ee3683863","5114baedaefe4ea10c04ba0df988381fe637c3704663cefa6ee427cd54c5ef87","1500","1861","single_portrait","RGB","existing_damage","train","images/1707.png"
"1708","met_291655_Fatigue,_Marching_Order.jpg","met_291655","1708.png","real_damaged","The Metropolitan Museum of Art","https://www.metmuseum.org/art/collection/search/291655","Public Domain","https://www.metmuseum.org/about-the-met/policies-and-documents/open-access","9355c6b93bd33753b73ef12e9d81cab200ffb7dd9cd5951902fd7a5e854c8be5","97f2418c02c9e234651b6629eab4e7000d5aeb727c7224be353ea24f7e9dd1c3","1500","1870","single_portrait","RGB","existing_damage","train","images/1708.png"
"1709","met_291656_[Fencer].jpg","met_291656","1709.png","real_damaged","The Metropolitan Museum of Art","https://www.metmuseum.org/art/collection/search/291656","Public Domain","https://www.metmuseum.org/about-the-met/policies-and-documents/open-access","5fa70e5d3a5af4ed599267fd2fb42b55e2e0b37b4b2a3c4ef5bba75f8c476722","81389404622bbd4e190027e283b05ec74e78997d98e4aaa320d67159a6374fa0","3200","2136","single_portrait","RGB","existing_damage","train","images/1709.png"
"1710","met_291739_[The_Salon_of_Baron_Gros].jpg","met_291739","1710.png","real_damaged","The Metropolitan Museum of Art","https://www.metmuseum.org/art/collection/search/291739","Public Domain","https://www.metmuseum.org/about-the-met/policies-and-documents/open-access","b5c4167d06fa892483ccaf72a2efb88f19f33a396a9c6772e553422cbce8966e","4e4896635ba98aac1168a24a3b00493db598f756c6c57507778642c148305f2f","1993","2560","indoor_scene","RGB","existing_damage","train","images/1710.png"
"1711","met_292071_[Grenadier_Guards_Drummer].jpg","met_292071","1711.png","real_damaged","The Metropolitan Museum of Art","https://www.metmuseum.org/art/collection/search/292071","Public Domain","https://www.metmuseum.org/about-the-met/policies-and-documents/open-access","739fd3a2f4d4b5f51cbb2f18e83a4f8c452cf41b1bc4b45bae18473d73615458","9ce583021b21c7cb92188327a2015f630088ec925b4d6233c0dca79a134b7aef","1979","2560","single_portrait","RGB","existing_damage","train","images/1711.png"
"1712","met_296359_Château_de_St.-Germain-en-Laye,_Intérieur_de_la_cour,_Chapelle.jpg","met_296359","1712.png","real_damaged","The Metropolitan Museum of Art","https://www.metmuseum.org/art/collection/search/296359","Public Domain","https://www.metmuseum.org/about-the-met/policies-and-documents/open-access","0fe361aa6f9bcf304430559bcfcd2f25b564140373b65515de1387472a60e420","0f4133fa03ee6e68166db9d26b7fabb275cd242413d30c0a30f208c4769f0331","1939","2560","architecture","RGB","existing_damage","train","images/1712.png"
"1713","met_299407_[Standing_Male_Nude].jpg","met_299407","1713.png","real_damaged","The Metropolitan Museum of Art","https://www.metmuseum.org/art/collection/search/299407","Public Domain","https://www.metmuseum.org/about-the-met/policies-and-documents/open-access","b0d31cc1c1e10a8e7cf88adb2a2e139aff38e78b53804ebdc1e7f36a949ba16f","89f7cf3b9b1a99771182f580db82dc772eafebad159d1b5a623f815099800367","1717","2560","other","RGB","existing_damage","train","images/1713.png"
"1714","met_299408_[Standing_Female_Nude].jpg","met_299408","1714.png","real_damaged","The Metropolitan Museum of Art","https://www.metmuseum.org/art/collection/search/299408","Public Domain","https://www.metmuseum.org/about-the-met/policies-and-documents/open-access","2f42a588afdc71e5eb6aa4e557ab8550f9a3c4540cdfe3611878ef3e13d6bde8","c44e13d4375ba8dc375f95191461dc1de8ccd047804af185c22b355ee85bd15f","1710","2560","other","RGB","existing_damage","train","images/1714.png"
"1715","met_299469_[Man_in_Chainmail_Tunic_Posing_as_a_Dying_Soldier].jpg","met_299469","1715.png","real_damaged","The Metropolitan Museum of Art","https://www.metmuseum.org/art/collection/search/299469","Public Domain","https://www.metmuseum.org/about-the-met/policies-and-documents/open-access","c498f57a4ab4d09d41bac1a8f0cac8a4d9a5d6f2005b7f5d0a3162eccb0ba1ae","62ad7e83b18fda3d14682ecca92a0078b3ea07e48e8b432a38ffc6367f06c9b9","2560","1898","single_portrait","RGB","existing_damage","train","images/1715.png"
"1716","met_299472_[Plaster_Casts_of_Bodies,_Pompeii].jpg","met_299472","1716.png","real_damaged","The Metropolitan Museum of Art","https://www.metmuseum.org/art/collection/search/299472","Public Domain","https://www.metmuseum.org/about-the-met/policies-and-documents/open-access","d512bd31fa1d8f538f7e0175f630c960cf506024d3e7c4ac5c94b2756e7ed10b","15c7309c06897af7fcdfa367eaa0a33bfbd4858156b037c7e8a08bfd9a62d6e2","2560","1869","other","RGB","existing_damage","train","images/1716.png"
"1717","met_301891_[Frustules_of_Diatoms].jpg","met_301891","1717.png","real_damaged","The Metropolitan Museum of Art","https://www.metmuseum.org/art/collection/search/301891","Public Domain","https://www.metmuseum.org/about-the-met/policies-and-documents/open-access","7d1917cae093c49c4872bdccb0c2b1f32db3d23f1bf7c5e41f55472b578339ff","4044cfd979fceffeca517bab0fb0ad9af3cc690b7a622e2d0ef48cb4cb86a5b1","2266","2560","other","RGB","existing_damage","validation","images/1717.png"
"1718","met_301892_Oak_Struck_by_Lightning,_Badger,_1856.jpg","met_301892","1718.png","real_damaged","The Metropolitan Museum of Art","https://www.metmuseum.org/art/collection/search/301892","Public Domain","https://www.metmuseum.org/about-the-met/policies-and-documents/open-access","5dc08d6d3ad1bee9742928913f9cdba1774a4d3bc1f7e0286a7d42e5e915ff4a","1b9f41428ecfc65add843de50243f9a9902daa3196408a0eaec3ff3f4776c5a1","2560","2115","outdoor_scene","RGB","existing_damage","train","images/1718.png"
"1719","met_301976_Alonzo_H._Sterrett,_Late_Adjutant,_Fortieth_U.S._Infantry.jpg","met_301976","1719.png","real_damaged","The Metropolitan Museum of Art","https://www.metmuseum.org/art/collection/search/301976","Public Domain","https://www.metmuseum.org/about-the-met/policies-and-documents/open-access","b41362c6b86bfcca4185682de3734d0fee8ef0f8aef780d5c21ca0e0f565ae05","43c7c9ae64d43b5e1c3390f15abb7c0857a23681b04e888b0d1619c79b61e92f","1031","1626","single_portrait","RGB","existing_damage","train","images/1719.png"
"1720","met_302000_[Young_Woman_with_Beckers_Tabletop_Stereoscope].jpg","met_302000","1720.png","real_damaged","The Metropolitan Museum of Art","https://www.metmuseum.org/art/collection/search/302000","Public Domain","https://www.metmuseum.org/about-the-met/policies-and-documents/open-access","ce8c688acacb55470d76bef78761f0303f83b24605c19b0d4dd7cf571801dead","7ac05a95bcadd11a9126d7c3bace39af0a2597ab0a415227adc581488241301a","996","1619","group_portrait","RGB","existing_damage","train","images/1720.png"
"1721","met_302241_Electro–Physiologie,_Figure_64.jpg","met_302241","1721.png","real_damaged","The Metropolitan Museum of Art","https://www.metmuseum.org/art/collection/search/302241","Public Domain","https://www.metmuseum.org/about-the-met/policies-and-documents/open-access","9a266c5714111b296133b51e74b4f607ed2e2cfa6311912b70f8a27e8ccfc2cb","f54b997f20d62a754c97b0a89a888f9eba2670a80244e055be6880e39473927e","2348","3200","single_portrait","RGB","existing_damage","train","images/1721.png"
"1722","met_302332_[Two_Girls].jpg","met_302332","1722.png","real_damaged","The Metropolitan Museum of Art","https://www.metmuseum.org/art/collection/search/302332","Public Domain","https://www.metmuseum.org/about-the-met/policies-and-documents/open-access","45e2db4fd119fd79694d45105025841addb3572a6a65bf7bc331c2bb1ab7548d","52b2be888d582f506689a4e5c19177404c04855d393c6658c3f32a5537b7a77a","1606","1882","single_portrait","RGB","existing_damage","train","images/1722.png"
"1723","met_302358_[Union_Cavalry_Soldier_with_Pistol_in_Holster].jpg","met_302358","1723.png","real_damaged","The Metropolitan Museum of Art","https://www.metmuseum.org/art/collection/search/302358","Public Domain","https://www.metmuseum.org/about-the-met/policies-and-documents/open-access","7404395e93732a205ca4daaaff9fd5926079548442266e89bb564b727eb4578e","f9193e2ad88d1fc509a344e95613bbcc5bf3235055f151560ab10675167d75c2","1137","1851","group_portrait","RGB","existing_damage","train","images/1723.png"
"1724","met_302466_The_Ghost_in_the_Stereoscope.jpg","met_302466","1724.png","real_damaged","The Metropolitan Museum of Art","https://www.metmuseum.org/art/collection/search/302466","Public Domain","https://www.metmuseum.org/about-the-met/policies-and-documents/open-access","aea8ae0c24b9b95c8891b0045b4196cabadd1f052d8547607f56c20e0c4c058b","96ea1d344e257723e973ba35ac054fd96881023bb32a253831aa85199f70d2b7","3550","1725","single_portrait","RGB","existing_damage","train","images/1724.png"
"1725","met_306173_Prenant_un_Ris_à_Bord_de_L'Astrée.jpg","met_306173","1725.png","real_damaged","The Metropolitan Museum of Art","https://www.metmuseum.org/art/collection/search/306173","Public Domain","https://www.metmuseum.org/about-the-met/policies-and-documents/open-access","5f0a2acb32de9e55967987ba31ae235b6dc367525e123e7c4d63e8759aafbf7b","8532d388ae9197c29b8917aa8dfff86ffec74209cba8b929f2ae21f0d5943b63","2357","3200","other","RGB","existing_damage","train","images/1725.png"
"1726","met_306202_Garden_of_Selvia,_Syracuse,_Sicily.jpg","met_306202","1726.png","real_damaged","The Metropolitan Museum of Art","https://www.metmuseum.org/art/collection/search/306202","Public Domain","https://www.metmuseum.org/about-the-met/policies-and-documents/open-access","f3ccb9327293732e72d4598e850ab8cd916961b5a10c11c9cdefa21f6e931810","3b25e04d298f8865141cf1196618f9b336e6dfd0334ff32072981e54b62c75f8","2560","2132","outdoor_scene","RGB","existing_damage","train","images/1726.png"
"1727","met_306203_Benedictine_Convent,_Catania.jpg","met_306203","1727.png","real_damaged","The Metropolitan Museum of Art","https://www.metmuseum.org/art/collection/search/306203","Public Domain","https://www.metmuseum.org/about-the-met/policies-and-documents/open-access","5569a46d27be7b71dc987ad55e6a8c3ee0fae24d5487bd0231237ead48687551","3675e0b71c532d97e3342b643a2a3d5c19d1444674baa63abb8da05e48fa0ab4","2560","2008","single_portrait","RGB","existing_damage","test","images/1727.png"
"1728","met_306204_King_Lear_Alotting_His_Kingdom_to_His_Three_Daughters.jpg","met_306204","1728.png","real_damaged","The Metropolitan Museum of Art","https://www.metmuseum.org/art/collection/search/306204","Public Domain","https://www.metmuseum.org/about-the-met/policies-and-documents/open-access","0f759b57ec6e29c005339a703937b7953799315d154c52e03ff6d537e171726d","10548a84a2479264249f8ce4d06794d3411f9fe5d7c5ec70f7e52902f074486b","2071","2560","single_portrait","RGB","existing_damage","test","images/1728.png"
"1729","met_306205_[Alice_Liddell].jpg","met_306205","1729.png","real_damaged","The Metropolitan Museum of Art","https://www.metmuseum.org/art/collection/search/306205","Public Domain","https://www.metmuseum.org/about-the-met/policies-and-documents/open-access","fdf8d64b54928e1390d5c4eab1288a8624c391e33abc5ad5bd0df915764e9b9a","9396e6df416a63bdec0e82384196d23369aba72a38e4a0b23e14a2f0847dd57a","2244","2560","single_portrait","RGB","existing_damage","train","images/1729.png"
"1730","met_306206_Edith,_Ina_and_Alice_Liddell_on_a_Sofa.jpg","met_306206","1730.png","real_damaged","The Metropolitan Museum of Art","https://www.metmuseum.org/art/collection/search/306206","Public Domain","https://www.metmuseum.org/about-the-met/policies-and-documents/open-access","4be8610bcb5d2100c6da90d2b0d0e9db0c131ba208c5d3ba19362e05aceae7b3","ea99fa6a62c0752e4cf39c47d6c7e9c14e3e85a0d297aef3d055270d5008126c","2560","1695","group_portrait","RGB","existing_damage","train","images/1730.png"
"1731","met_306207_Edith_Liddell_Seated_Beside_a_Vase_of_Foxgloves.jpg","met_306207","1731.png","real_damaged","The Metropolitan Museum of Art","https://www.metmuseum.org/art/collection/search/306207","Public Domain","https://www.metmuseum.org/about-the-met/policies-and-documents/open-access","a8221ddbfa577bd7fb95fc9ac26d82fb9f41d94e7c65a73594fbb40cb035e6c5","1c60bb83d89d7d7e26d4645b80f95d3ac594d0030837567785a2dbf938f8d779","1923","2048","single_portrait","RGB","existing_damage","train","images/1731.png"
"1732","met_306208_The_Alms_House.jpg","met_306208","1732.png","real_damaged","The Metropolitan Museum of Art","https://www.metmuseum.org/art/collection/search/306208","Public Domain","https://www.metmuseum.org/about-the-met/policies-and-documents/open-access","7891be57aa34ec6c3606137681dc571a69a5055e413862bd931115643f1224ac","74c1f1f3a5b643936da2bee1910acac0cc79fc9135337a8df0e5b49236439cc6","2256","3200","single_portrait","RGB","existing_damage","validation","images/1732.png"
"1733","met_306226_David_Young_and_Unknown_Man,_Newhaven.jpg","met_306226","1733.png","real_damaged","The Metropolitan Museum of Art","https://www.metmuseum.org/art/collection/search/306226","Public Domain","https://www.metmuseum.org/about-the-met/policies-and-documents/open-access","72dde00e334274e0af854dd21218ad24ed2142abe0364f96e9c3024db19356cb","14330ce4330518704a5089006e5e08d7521632fb1a1e6b43b6d709ef6bbd97a2","1348","1838","group_portrait","RGB","existing_damage","train","images/1733.png"
"1734","met_306228_Three_Unknown_Boys_and_James_Linton,_Newhaven.jpg","met_306228","1734.png","real_damaged","The Metropolitan Museum of Art","https://www.metmuseum.org/art/collection/search/306228","Public Domain","https://www.metmuseum.org/about-the-met/policies-and-documents/open-access","4e732182674b363006b4ec15d3c64656ac465d95f38cd0c65565a2b36955c751","8c7cfcf34fc44af0dd6963ad6e3336cb9ecd83b69eaac14515f74e81b1b3cf70","2102","2560","group_portrait","RGB","existing_damage","train","images/1734.png"
"1735","met_306248_Seated_Lad.jpg","met_306248","1735.png","real_damaged","The Metropolitan Museum of Art","https://www.metmuseum.org/art/collection/search/306248","Public Domain","https://www.metmuseum.org/about-the-met/policies-and-documents/open-access","7e82f7d91730d585ece7dbcbdfa65a02927f7c287fa1bbe9d8f126c632b118c5","551f23e5841a0eb2387f145c0827a6e95726e0ada3f265f8381f2ed8e0e3419e","2089","2560","outdoor_scene","RGB","existing_damage","validation","images/1735.png"
"1736","met_306249_Family_Group_Portrait_Posed_in_Doorway.jpg","met_306249","1736.png","real_damaged","The Metropolitan Museum of Art","https://www.metmuseum.org/art/collection/search/306249","Public Domain","https://www.metmuseum.org/about-the-met/policies-and-documents/open-access","8ab42f4a5d2e7c681d8d43b54362920deeffd8376c402622aff559b2f0e74572","856aada118daa606316cc08cd5204d9344b6c90f6fc55ab9adfb4051d4b74e6c","2560","2052","outdoor_scene","RGB","existing_damage","train","images/1736.png"
"1737","met_306250_Portrait_of_the_Gardener,_possibly_David_Roderick.jpg","met_306250","1737.png","real_damaged","The Metropolitan Museum of Art","https://www.metmuseum.org/art/collection/search/306250","Public Domain","https://www.metmuseum.org/about-the-met/policies-and-documents/open-access","e66d4111254de64d0d86a2525f8ac4ef970e1bc2fe4c5e270ead9333cea27757","cc4e7e63cd12e4b654e5e6eab86877ad7afc937b38a29be5d5a66bac49f981f4","2560","2071","outdoor_scene","RGB","existing_damage","train","images/1737.png"
"1738","met_306251_[Contact_sheet_of_four_group_portraits_in_a_doorway].jpg","met_306251","1738.png","real_damaged","The Metropolitan Museum of Art","https://www.metmuseum.org/art/collection/search/306251","Public Domain","https://www.metmuseum.org/about-the-met/policies-and-documents/open-access","53f6df4f1da541787478f1fb8d0e6752330f416a61d83bfd9959527c82eb095b","acbc9f8fc07b40aa12824dd593d817959f90732d6f086bc166ac56700f766dd4","2560","2084","outdoor_scene","RGB","existing_damage","train","images/1738.png"
"1739","met_306252_Two_Young_Men_Resting_on_a_Pier.jpg","met_306252","1739.png","real_damaged","The Metropolitan Museum of Art","https://www.metmuseum.org/art/collection/search/306252","Public Domain","https://www.metmuseum.org/about-the-met/policies-and-documents/open-access","8c08851ac604d896a76fffc0ef51e27d693d06f51843999882b9bc0e97e61294","948c74cfa2464064820a402a400247d789c92284020f1e1994277c6d74990c14","2560","2124","group_portrait","RGB","existing_damage","train","images/1739.png"
"1740","met_306253_Duomo_Milan.jpg","met_306253","1740.png","real_damaged","The Metropolitan Museum of Art","https://www.metmuseum.org/art/collection/search/306253","Public Domain","https://www.metmuseum.org/about-the-met/policies-and-documents/open-access","450cc68501b068cdb3a7830738ebf697ae6b2356a073e411b3ca8503192e6a85","af61211c956577b00ae15d0d221f5d97f98e6ec3e53aa8527adc00c347637567","2081","2560","single_portrait","RGB","existing_damage","train","images/1740.png"
"1741","met_306254_67._Colosseum,_Rome,_Second_View.jpg","met_306254","1741.png","real_damaged","The Metropolitan Museum of Art","https://www.metmuseum.org/art/collection/search/306254","Public Domain","https://www.metmuseum.org/about-the-met/policies-and-documents/open-access","14c50dc5737fe404375165cd2e0c9fa925ab37e007bef7d2a77fc04096ce99d0","e82d19bda0af97bd9f1ff163d7a259806142268817fe74748af5e5eaa24a9c7c","2560","2127","architecture","RGB","existing_damage","train","images/1741.png"
"1742","met_306255_Lady_in_Open_Window_with_Bird_Cage.jpg","met_306255","1742.png","real_damaged","The Metropolitan Museum of Art","https://www.metmuseum.org/art/collection/search/306255","Public Domain","https://www.metmuseum.org/about-the-met/policies-and-documents/open-access","b461e23d5d86ada412ff6524b10b91017720237ed01819d438c57255c2f868fe","40b20ab87ef218f3abb6837b62b38237045d6a6551c25af9c9a13fc31dda2b0f","2155","2560","group_portrait","RGB","existing_damage","train","images/1742.png"
"1743","met_306319_Two_Ships_Heading_Away_from_Shore.jpg","met_306319","1743.png","real_damaged","The Metropolitan Museum of Art","https://www.metmuseum.org/art/collection/search/306319","Public Domain","https://www.metmuseum.org/about-the-met/policies-and-documents/open-access","802a2abb6f54f78199b19d7f18105184ff84e42d0b3acbdc7125847a8959894a","b16cc0359ac1172a5533b6ee9844f1769a11c37324440730b13e18dec0212571","2560","1992","outdoor_scene","RGB","existing_damage","test","images/1743.png"
"1744","met_306320_The_French_and_English_Fleets,_Cherbourg.jpg","met_306320","1744.png","real_damaged","The Metropolitan Museum of Art","https://www.metmuseum.org/art/collection/search/306320","Public Domain","https://www.metmuseum.org/about-the-met/policies-and-documents/open-access","fb0969bd3c50b9b73de2af8abb693a4d625d344af81c83451bcd1dea3637d726","4f57ac6c30a059db105d55d76d78260c713745bf981edea690bc09662b4f386c","3200","2400","group_portrait","RGB","existing_damage","train","images/1744.png"
"1745","met_306323_The_Chess_Players.jpg","met_306323","1745.png","real_damaged","The Metropolitan Museum of Art","https://www.metmuseum.org/art/collection/search/306323","Public Domain","https://www.metmuseum.org/about-the-met/policies-and-documents/open-access","bd0d196dd8a204ae7d05ffd44d4e124da611edd9200cd4abd56bc86e7a965f1f","3da470a979918992778573351632ae7431e09da54bfd14ab5f8c1d4803c0e4a3","2063","2560","single_portrait","RGB","existing_damage","train","images/1745.png"
"1746","met_306330_His_Country's_Hope.jpg","met_306330","1746.png","real_damaged","The Metropolitan Museum of Art","https://www.metmuseum.org/art/collection/search/306330","Public Domain","https://www.metmuseum.org/about-the-met/policies-and-documents/open-access","2e57dbf22414b457b8d0d16c1a597d9eab70a997df970ff6b744e8fc7c189c75","b6377dfe4f8ba6725c7f4172bb09e1a347e891888805884de7d47c39aa77e853","2560","1857","single_portrait","RGB","existing_damage","train","images/1746.png"
"1747","met_306333_Group_Taking_Tea_at_Lacock_Abbey.jpg","met_306333","1747.png","real_damaged","The Metropolitan Museum of Art","https://www.metmuseum.org/art/collection/search/306333","Public Domain","https://www.metmuseum.org/about-the-met/policies-and-documents/open-access","61a9290e57693d4d5ef2cea7bf3dd275434d6b74370868cf70ba3c8220c17e8e","2427f983b79cff8fb1271b9d860090ba765d531c96ebe60b91f1d5bc76609f4e","2560","2119","architecture","RGB","existing_damage","test","images/1747.png"
"1748","met_306337_Group_of_Gentlemen_Conversing_over_a_Glass_of_Wine.jpg","met_306337","1748.png","real_damaged","The Metropolitan Museum of Art","https://www.metmuseum.org/art/collection/search/306337","Public Domain","https://www.metmuseum.org/about-the-met/policies-and-documents/open-access","e6774b3c1997b2f4d573de52283cd4e3fdb889ea0553fddd2103d53b5469dc77","0a76ba3e3b3d1995f655134e44fe94a7e7223f2ebc9eba9b1854313316937df8","2560","2039","group_portrait","RGB","existing_damage","train","images/1748.png"
"1749","met_306343_View_of_the_Boulevards_of_Paris.jpg","met_306343","1749.png","real_damaged","The Metropolitan Museum of Art","https://www.metmuseum.org/art/collection/search/306343","Public Domain","https://www.metmuseum.org/about-the-met/policies-and-documents/open-access","6c53f64cf5ca21b5dcce8fa48cbcbf62a41cd640f0eacf2b28794bde76c4ed8b","8d89b8f1e5417e22630b3184de45d880abc96433f15741fc6420d5e87a2128c9","2560","2157","outdoor_scene","RGB","existing_damage","train","images/1749.png"
"1750","met_307108_William_Holman_Hunt.jpg","met_307108","1750.png","real_damaged","The Metropolitan Museum of Art","https://www.metmuseum.org/art/collection/search/307108","Public Domain","https://www.metmuseum.org/about-the-met/policies-and-documents/open-access","5ae578f996a3b115938bcc561c3a7cf83651f1fd37e369da561d40018226433f","7a0f42b627cb3d661ef65a430ed2e787acd0971101391cdc651253fb0f11fcd2","2503","3200","single_portrait","RGB","existing_damage","train","images/1750.png"
"1751","met_369698_Hon._Abraham_Lincoln,_born_in_Kentucky,_February_12,_1809_(from__Harper's_Weekly.jpg","met_369698","1751.png","real_damaged","The Metropolitan Museum of Art","https://www.metmuseum.org/art/collection/search/369698","Public Domain","https://www.metmuseum.org/about-the-met/policies-and-documents/open-access","bc1f9ec7b67ed2915d7527ec47ebff86463e7ebbeb416b58c2939b299bc81606","9d156c189ef64c50a5ef8425d73fd6e478c342a783572717ab7a4b531ad2d133","1681","2560","other","RGB","existing_damage","test","images/1751.png"
"1752","met_416912_David_Maitland_Armstrong_as_a_Boy.jpg","met_416912","1752.png","real_damaged","The Metropolitan Museum of Art","https://www.metmuseum.org/art/collection/search/416912","Public Domain","https://www.metmuseum.org/about-the-met/policies-and-documents/open-access","9bdbb4f591dedc37eb19e303349c3c59f6b6f3d622dc7d8d50523ae4ed511538","c4d2009358b856b21bd5ead4d78a533ea7a20783e00b7efd7bf50978a0fb8582","1265","1905","group_portrait","RGB","existing_damage","test","images/1752.png"
"1753","met_513805_View_of_Antsahatsiroa,_Madagascar.jpg","met_513805","1753.png","real_damaged","The Metropolitan Museum of Art","https://www.metmuseum.org/art/collection/search/513805","Public Domain","https://www.metmuseum.org/about-the-met/policies-and-documents/open-access","c5e53c61216193dbb41a7190b179c9f8b24e851b2f768f75f8362c0f953c9b42","d3aba6d564a9e1e11ce0ed84a79704e2b06e09c47ac37fbe78c313e2889c88bc","2252","2560","outdoor_scene","RGB","existing_damage","train","images/1753.png"
"1754","met_629811_Pompeii,_Pompey’s_Lane,_Tomb_Monument_of_Mamia.jpg","met_629811","1754.png","real_damaged","The Metropolitan Museum of Art","https://www.metmuseum.org/art/collection/search/629811","Public Domain","https://www.metmuseum.org/about-the-met/policies-and-documents/open-access","1d8b7c21ee865ace8802c2ae95c5c77e0dfc0cd31ea006938c60a4b17176bd68","f6ef39954d2b99994ce3fe0b23c78c13a1e50ff4917fab6e6cddca74d450dfb4","2560","1880","architecture","RGB","existing_damage","test","images/1754.png"
"1755","met_629831_Amalfi,_Cathedral.jpg","met_629831","1755.png","real_damaged","The Metropolitan Museum of Art","https://www.metmuseum.org/art/collection/search/629831","Public Domain","https://www.metmuseum.org/about-the-met/policies-and-documents/open-access","2a0461896571f3fb074015eecf0a1d07457d56df100287b15de058d328df7b5d","3cc4b868dfe9050bd084e6e1bb672548842fca4975ea2ab00616c762d09c279b","1780","2560","architecture","RGB","existing_damage","train","images/1755.png"
"1756","met_631032_[Dome_of_the_Rock,_Jerusalem].jpg","met_631032","1756.png","real_damaged","The Metropolitan Museum of Art","https://www.metmuseum.org/art/collection/search/631032","Public Domain","https://www.metmuseum.org/about-the-met/policies-and-documents/open-access","cb2a968d06b851dc2e56cc86979a0c9a28b2deb9273152eb8613d9198197b003","e73b0e4aa402e27b762f187f0fbd175e8e7345334067018c94e65b1dd82b349b","2560","2033","architecture","RGB","existing_damage","validation","images/1756.png"
"1757","met_646973_untitled.jpg","met_646973","1757.png","real_damaged","The Metropolitan Museum of Art","https://www.metmuseum.org/art/collection/search/646973","Public Domain","https://www.metmuseum.org/about-the-met/policies-and-documents/open-access","eeb4a7426acd1eb18787cc7ac43f03573799f7ab9b1cac4f27a8de895412aeac","86dbeb299596c2e6d5de017738660249626e38b5ab920a870d66ad803afec4a2","1576","2771","single_portrait","RGB","existing_damage","validation","images/1757.png"
"1758","met_651553_Grands_Travaux_de_Marseille,_Boulevard_de_l'Empereur,_Percée_du_Fort_St._Nicolas.jpg","met_651553","1758.png","real_damaged","The Metropolitan Museum of Art","https://www.metmuseum.org/art/collection/search/651553","Public Domain","https://www.metmuseum.org/about-the-met/policies-and-documents/open-access","bd5239461d33459378123a7afa3a73e3f1c4246ed875b8c3cff3c8c45fe55ff4","164f0ef7aaddf4653348c0761363437bd94057ca6f31593fec574e988a0fdeff","3200","2420","group_portrait","RGB","existing_damage","train","images/1758.png"
"1759","met_682875_La_Frayeur.jpg","met_682875","1759.png","real_damaged","The Metropolitan Museum of Art","https://www.metmuseum.org/art/collection/search/682875","Public Domain","https://www.metmuseum.org/about-the-met/policies-and-documents/open-access","751880f8cff456a3373943c0f880895e1b460456b61c97644ea6111247250cd7","c416cd980ac3885492f639b328bc88dcf14c7225e1dbed1c9444d40d65dc842e","2041","2560","single_portrait","RGB","existing_damage","train","images/1759.png"
"1760","met_704683_Photograph_of_George_A._Schastey_&_Co.,_1681-1683_Broadway.jpg","met_704683","1760.png","real_damaged","The Metropolitan Museum of Art","https://www.metmuseum.org/art/collection/search/704683","Public Domain","https://www.metmuseum.org/about-the-met/policies-and-documents/open-access","9440adb95d2e4e2d50c37417870f9babd8265cfc747caef3f5ffe5de9483f916","75fb83c6330a7e85bc603ebdd84662b03c419d7d2b20c377446da6f87916d214","2015","2560","outdoor_scene","RGB","existing_damage","train","images/1760.png"
"1761","met_906040_Globules_du_sang_del’homme_grossissement_250,000_en_Surface_[Human_Blood_Cells].jpg","met_906040","1761.png","real_damaged","The Metropolitan Museum of Art","https://www.metmuseum.org/art/collection/search/906040","Public Domain","https://www.metmuseum.org/about-the-met/policies-and-documents/open-access","10e373dd5454cc232ad97d3486ddaddef0cac599476e8a458fea5d98c473414c","289d5f95163348adeca0113b73172ffd129525c19bd72df69dd920bee92c8ab5","2178","2560","single_portrait","RGB","existing_damage","train","images/1761.png"
"1762","met_917740_[Merchants'_Carnival_Portrait__Dr._H.E._Douglass,_Dentist,_Ticonderoga,_New_York.jpg","met_917740","1762.png","real_damaged","The Metropolitan Museum of Art","https://www.metmuseum.org/art/collection/search/917740","Public Domain","https://www.metmuseum.org/about-the-met/policies-and-documents/open-access","efeb4dfd795eea814dc6c6ee49780240c9fe45c53f6175e6601d1b484585da26","59fe2178a557cb25fc7772f538d1226409ec345a00307015b21b6e29c517a975","2050","3094","outdoor_scene","RGB","existing_damage","test","images/1762.png"
"1763","met_917927_[Merchants'_Carnival_Portrait__Geo._H._Van_Norman_Photography_Studio,_Waltham,_M.jpg","met_917927","1763.png","real_damaged","The Metropolitan Museum of Art","https://www.metmuseum.org/art/collection/search/917927","Public Domain","https://www.metmuseum.org/about-the-met/policies-and-documents/open-access","9643a737380e40a64aef7bc3bd248395a814532d02f14e8f4195b941fc829bd3","86f8861a1fe82682b592ecfed802463d79125996cadaf3caf849666fa6c11bd2","2002","3017","outdoor_scene","RGB","existing_damage","train","images/1763.png"
"1764","met_926744_[Firing_Range_Target_for_Krupp_155_mm_Tank_Gun,_13_shots,_Krupp_Steelworks,_Esse.jpg","met_926744","1764.png","real_damaged","The Metropolitan Museum of Art","https://www.metmuseum.org/art/collection/search/926744","Public Domain","https://www.metmuseum.org/about-the-met/policies-and-documents/open-access","ab04c4ff7ce168fbb02e3ddc6168286fe0af4896a9038e4f22f22bdeda8bdfd5","2b5b269786b50e86d43b3d44fb21b4a00caa79c225612f845de21e72966b0b78","2560","2021","other","RGB","existing_damage","train","images/1764.png"
"1765","met_926745_[Firing_Range_Target_for_Krupp_155_mm_Tank_Gun,_26_shots,_Krupp_Steelworks,_Esse.jpg","met_926745","1765.png","real_damaged","The Metropolitan Museum of Art","https://www.metmuseum.org/art/collection/search/926745","Public Domain","https://www.metmuseum.org/about-the-met/policies-and-documents/open-access","aa6377fcd6df71eb2cacbc0c3ac623a89127b9a7c96874ac6f15c9a94f455e3e","9487c2bbd87f51770ce5e70d3eefbda9c3ffe17efe2325550b9eb12063f93a35","2560","1994","other","RGB","existing_damage","train","images/1765.png"
"1766","met_926746_[Firing_Range_Target_for_Krupp_155_mm_Tank_Gun,_25_shots,_Krupp_Steelworks,_Esse.jpg","met_926746","1766.png","real_damaged","The Metropolitan Museum of Art","https://www.metmuseum.org/art/collection/search/926746","Public Domain","https://www.metmuseum.org/about-the-met/policies-and-documents/open-access","1dff3014669d7cb9e087f4fe44dedbef01f73270cc58e152fff805cdc7ece7a6","e0538260a5b05407857b2b0da529e72035c760ee34269be30b2106ff5ef6a5df","2560","2001","other","RGB","existing_damage","train","images/1766.png"
"1767","smithsonian_ld1-1643398738600-1643398746435-0_Photographic_crayon_portrait_of_Roseanna_May.tif","smithsonian_ld1-1643398738600-1643398746435-0","1767.png","real_damaged","Smithsonian Open Access","https://nmaahc.si.edu/object/nmaahc_2012.42.16.1","CC0","https://www.si.edu/openaccess","053a800666b1a121fd293a06ce856485f72b95028b26fcec66ec5daf1b251e1c","d0e22f1e06c11cca4912d934fe9d7e29fdf6ec5f127777d87c941e709c5c948d","2018","2560","single_portrait","RGB","existing_damage","train","images/1767.png"
"1768","smithsonian_ld1-1643398738600-1643398746436-0_Photographic_crayon_portrait_of_Squire_May.tif","smithsonian_ld1-1643398738600-1643398746436-0","1768.png","real_damaged","Smithsonian Open Access","https://nmaahc.si.edu/object/nmaahc_2012.42.16.2","CC0","https://www.si.edu/openaccess","f632c997f7719c6b8a185a7bf248b460b77d8b684f34d289cdc898267e45ea7b","4f03f398208fc8bb12b76d900f7d88c04f5ea251f9de361221d53454320fd586","2086","2560","single_portrait","RGB","existing_damage","train","images/1768.png"
"1770","smithsonian_ld1-1643398738600-1643398749656-1_Photographic_print_of_damaged_Jackson_Funeral_Home_ambulance.tif","smithsonian_ld1-1643398738600-1643398749656-1","1770.png","real_damaged","Smithsonian Open Access","https://nmaahc.si.edu/object/nmaahc_2014.75.3","CC0","https://www.si.edu/openaccess","9b5e01156fbdfe1a18500912f5b4f1f9893047a3085d15955d8c016b069eb3dc","fe506c4dc537facb78d55b0e6e4c4f4485658b22a91ba9f4b7025915e4c9b1b3","3200","2196","document","RGB","existing_damage","train","images/1770.png"
"1771","smithsonian_ld1-1643398912743-1643398960905-1_Bartholemew_Diggins,_Medal_of_Honor_Recipient.tif","smithsonian_ld1-1643398912743-1643398960905-1","1771.png","real_damaged","Smithsonian Open Access","","CC0","https://www.si.edu/openaccess","e542c2e8be04c054fc6f4d34990748e7169d74fe49b9aba8103e14185b98724c","9458748f667cf1fce4cd92b40a74e68e164a2b6663e1883ac7f7d78d1cac88d1","1882","2560","other","RGB","existing_damage","train","images/1771.png"
"1772","smithsonian_ld1-1643398912743-1643398960914-0_William_McKnight,_Medal_of_Honor_Recipient.tif","smithsonian_ld1-1643398912743-1643398960914-0","1772.png","real_damaged","Smithsonian Open Access","","CC0","https://www.si.edu/openaccess","81c80a4959c9fdbd27ed9cf958100260252b1837de2fa70f7e9972e51fc04c70","fe93b2a14d33e46617837615b8f12064a6b7d60f9fbea9c9e19b583dd1d792b3","1752","2560","other","RGB","existing_damage","train","images/1772.png"
"1773","smithsonian_ld1-1643398912743-1643398960918-0_William_D._Newland,_Medal_of_Honor_Recipient.tif","smithsonian_ld1-1643398912743-1643398960918-0","1773.png","real_damaged","Smithsonian Open Access","","CC0","https://www.si.edu/openaccess","12f9cb0f056836943049972171d976f9afa75433fba4e6db26424b0aa397ef8d","1efa8c2aaf82357e07d31b2e9ef10bf0ba7b18156a71bb6d50e8dea0fbb5e919","1713","2560","group_portrait","RGB","existing_damage","train","images/1773.png"
"1775","smithsonian_ld1-1643399842277-1643399852365-1_Photograph_of_airmail_pilot_William_Fillmore.tif","smithsonian_ld1-1643399842277-1643399852365-1","1775.png","real_damaged","Smithsonian Open Access","https://postalmuseum.si.edu/object/npm_A.2009-8","CC0","https://www.si.edu/openaccess","cf454c8b392ac3ebe531e4a041ee60387a787352ccc834436eb775e5def30eec","1b28cdc14ebe13dd3c2c3135823dbb2ff2929d78f87fdc01b6faf91af7cb1778","1935","2560","other","RGB","existing_damage","test","images/1775.png"
"1776","smithsonian_ld1-1643399842277-1643399852385-0_Photograph_of_damaged_packages_[that]_slow_up_the_mail_service.tif","smithsonian_ld1-1643399842277-1643399852385-0","1776.png","real_damaged","Smithsonian Open Access","https://postalmuseum.si.edu/object/npm_A.2009-41","CC0","https://www.si.edu/openaccess","ae4aad3d5727c8206dba76a708d5c95211b5794a9267f1318383b8efaaa8bb9c","02993b42accad8ba3449d7dd96ccc92b7a9a9a58c4de0efc380b4c221b33067a","2560","1817","other","RGB","existing_damage","train","images/1776.png"
"1777","smithsonian_ld1-1643399887910-1643399972976-0_Jackson__Sideboard.jpg","smithsonian_ld1-1643399887910-1643399972976-0","1777.png","real_damaged","Smithsonian Open Access","https://collection.cooperhewitt.org/view/objects/asitem/id/215799","CC0","https://www.si.edu/openaccess","69058da35c5020dbe872a36efef00a3b0fe2c9df111e8e0f889b84c93e454401","bfff602224d944330ba604824824c82fa6cfd985a28813df7900d1ffd6b3623b","2560","2212","other","RGB","existing_damage","train","images/1777.png"
"1778","smithsonian_ld1-1643399887910-1643399973091-1_Tall_China_Cabinet_with_Eagle_Motif.jpg","smithsonian_ld1-1643399887910-1643399973091-1","1778.png","real_damaged","Smithsonian Open Access","https://collection.cooperhewitt.org/view/objects/asitem/id/216088","CC0","https://www.si.edu/openaccess","aa7bcdbdd02db5e1c17e1d353f57ab68bed13a52d899d0da2cd2111b582b09cd","2f96478b8499a813cde53fd9a763da37cb535e74f3a0e88af388588a24852bde","2067","2560","group_portrait","RGB","existing_damage","train","images/1778.png"
"1779","smithsonian_ld1-1643400021979-1643400033073-0_Camera,_Lunar_Mapping,_Apollo.tif","smithsonian_ld1-1643400021979-1643400033073-0","1779.png","real_damaged","Smithsonian Open Access","http://n2t.net/ark:/65665/nv94c74d475-d505-49a2-a40f-79bdf25ce26e","CC0","https://www.si.edu/openaccess","b6838f111424fc4de0c23438478c3cff464a9cbde99c4bde27db8a4b9bcb9424","b091d0ba922da39839e369337872abbe630718e88cc06717f5578a599719770f","4096","2713","document","RGB","existing_damage","train","images/1779.png"
"1780","smithsonian_ld1-1643414028222-1643414083863-1_Petroscirtes_xestus_Jordan_&_Seale.tif","smithsonian_ld1-1643414028222-1643414083863-1","1780.png","real_damaged","Smithsonian Open Access","http://n2t.net/ark:/65665/34e1835b1-7f9c-4bae-b383-d84ffeeef81d","CC0","https://www.si.edu/openaccess","377313ffad653dbaa0e6bf2cef1e823122cd921740184bfac4bcc76a6b9c8dc6","e2766a982ce4f5243b6ea4a6ed68f7064764a1d3fb581e71e54f25923d1268f4","3200","2164","outdoor_scene","RGB","existing_damage","train","images/1780.png"
"1781","smithsonian_ld1-1643414028222-1643414083867-1_Enneapterygius_cerasinus_Jordan_&_Seale.jpg","smithsonian_ld1-1643414028222-1643414083867-1","1781.png","real_damaged","Smithsonian Open Access","http://n2t.net/ark:/65665/393b720b7-dbfb-413e-823b-4db01bae76a6","CC0","https://www.si.edu/openaccess","74d025476d4eea7c60e95671d34208e84e3f1ab5f6660b85b8c3e6560dbbae32","02ae88beeeabdcba1d40f98cea44213a814c157336f0de6b39da1a6753828ba6","3071","960","outdoor_scene","RGB","existing_damage","validation","images/1781.png"
"1783","smithsonian_ld1-1646149545906-1646150518990-1_Lower_Main_Hall_Exhibits,_Smithsonian_Institution_Building,_or_Castle.tif","smithsonian_ld1-1646149545906-1646150518990-1","1783.png","real_damaged","Smithsonian Open Access","https://siarchives.si.edu/collections/siris_arc_401657","CC0","https://www.si.edu/openaccess","95c5e5a4e994216466f1fd03e25dcba81450b57fff7c138b7762fd6ee9dd64a7","5f48da63f572e23669dbb5bae2cae3e5c92e7d7e46a8b9b7d148b870d3cd9792","2087","2560","architecture","RGB","existing_damage","test","images/1783.png"
"1784","smithsonian_ld1-1646149545906-1646150751446-2_Egyptian_Tanis_Stone.tif","smithsonian_ld1-1646149545906-1646150751446-2","1784.png","real_damaged","Smithsonian Open Access","https://siarchives.si.edu/collections/siris_arc_387765","CC0","https://www.si.edu/openaccess","89bd52e5c5cd59b97c6bde290d00ed95d84e0721dd9ce4675f938945b563b75e","71e94865edd7e0d897072babc8decad074e1ac1441099f7fee14111b1467a08b","1916","2560","other","RGB","existing_damage","train","images/1784.png"
"1785","smithsonian_ld1-1696063492069-1696063503850-0_Carte-de-visite_of_a_young_man_wearing_a_long_overcoat_in_Napa,_California.tif","smithsonian_ld1-1696063492069-1696063503850-0","1785.png","real_damaged","Smithsonian Open Access","https://nmaahc.si.edu/object/nmaahc_2020.10.10.12","CC0","https://www.si.edu/openaccess","e2583ec03f5a55fdbcc194c507f8247aac3cc6af1dcaea0d5ce93afc0e4c5753","44f2fb115e79e9681275c124ec9c322d626e017d092ab149b8e4ebe4b0b3703e","1724","2560","single_portrait","RGB","existing_damage","train","images/1785.png"
"1786","smithsonian_ld1-1722680953733-1722680966524-0_Page_from_a_photograph_album_with_six_mounted_photographs.tif","smithsonian_ld1-1722680953733-1722680966524-0","1786.png","real_damaged","Smithsonian Open Access","https://nmaahc.si.edu/object/nmaahc_2021.13.13a-f","CC0","https://www.si.edu/openaccess","b4be585e63193335c483a6880c9af9fc23d71606250ade75349607c4818153a2","33f9b9fa795840c42280a6c025c693b2b8a43dcb4613a33e6c7a4abc6a175f7d","2560","1741","group_portrait","RGB","existing_damage","train","images/1786.png"
"1787","smithsonian_ld1-1722680953733-1722680966531-0_Page_from_a_photograph_album_with_five_mounted_photographs.tif","smithsonian_ld1-1722680953733-1722680966531-0","1787.png","real_damaged","Smithsonian Open Access","https://nmaahc.si.edu/object/nmaahc_2021.13.20a-e","CC0","https://www.si.edu/openaccess","32898242e50604df15459c85152982694cc215d4f0caa0495c2dee7f16366456","b871f51253b16f6f9c2a07aa544d468d2b6eff96c2d52988081b39e4ff9adb3f","2560","1993","group_portrait","RGB","existing_damage","train","images/1787.png"
"1788","smithsonian_ld1-1722680953733-1722680966532-0_Photograph_studio_portrait_of_a_woman_standing_with_a_wooden_chair.tif","smithsonian_ld1-1722680953733-1722680966532-0","1788.png","real_damaged","Smithsonian Open Access","https://nmaahc.si.edu/object/nmaahc_2021.13.21","CC0","https://www.si.edu/openaccess","8f65859f7da687f2191b370ba85c05b5a33ac3ead7ac8ad9b59b622999b9af34","ff4716f4b69ff3006c6cdae8d4f3e49ecbf05b74e960f2c9b26d710eb3b80346","1627","2560","single_portrait","RGB","existing_damage","validation","images/1788.png"
"1789","smithsonian_ld1-1722680953733-1722680966537-0_Cabinet_card_studio_portrait_of_a_young_woman_standing_with_a_pedestal_table.tif","smithsonian_ld1-1722680953733-1722680966537-0","1789.png","real_damaged","Smithsonian Open Access","https://nmaahc.si.edu/object/nmaahc_2021.13.7","CC0","https://www.si.edu/openaccess","d3529dc9709d46042649a5f34dcbe60d7b78ef0c8f84ae4e25d8447884e524d9","45ae5c77f906fea3c639f9bda3196a4cded4eec244450bbe2d252bf4189a61f1","2162","3200","single_portrait","RGB","existing_damage","train","images/1789.png"
"1790","smithsonian_ld1-1727784523374-1727784527892-0_Negative_of_young_child_standing_in_front_of_trees.tif","smithsonian_ld1-1727784523374-1727784527892-0","1790.png","real_damaged","Smithsonian Open Access","https://nmaahc.si.edu/object/nmaahc_2011.36.68.9","CC0","https://www.si.edu/openaccess","40e14a8be9076a603dcec2eaf17624e3ecac388ee047c8cbf26b7ed5bf799e0f","3f8e5db62b113d4a210de53dc8d52e60fee766f719dc3f9de628596407a63ac9","1922","3200","single_portrait","RGB","existing_damage","train","images/1790.png"
"1791","smithsonian_ld1-1727866808604-1727866813515-0_Photograph_of_Professor_W._H._Singleton.tif","smithsonian_ld1-1727866808604-1727866813515-0","1791.png","real_damaged","Smithsonian Open Access","https://nmaahc.si.edu/object/nmaahc_2011.36.147","CC0","https://www.si.edu/openaccess","eb1db12893e9c30aedb12ee5cc9a7dfbbb2984e2916a293018af78a50be4fc93","099fdb257e574b79804eb972e230830ae39e06adeab7985ba8df2c929d8d8295","2189","3200","other","RGB","existing_damage","train","images/1791.png"
"1792","image-001.png","image-001","1792.png","real_damaged","托马斯·查尔德中国摄影集（Lothar Lehmann 藏）","","","","997bfc359355ed9ac6d3f965f51e76db46d1f6de134aa78d4f6034d1b591dcf9","997bfc359355ed9ac6d3f965f51e76db46d1f6de134aa78d4f6034d1b591dcf9","1688","1309","outdoor_scene","RGB","existing_damage","train","images/1792.png"
"1793","image-002.png","image-002","1793.png","real_damaged","托马斯·查尔德中国摄影集（Lothar Lehmann 藏）","","","","0b777816464b3fceff7a187edfca70d79b06f9a1792115dba0022d5f7c112cf9","0b777816464b3fceff7a187edfca70d79b06f9a1792115dba0022d5f7c112cf9","1524","1185","outdoor_scene","RGB","existing_damage","train","images/1793.png"
"1794","image-003.png","image-003","1794.png","real_damaged","托马斯·查尔德中国摄影集（Lothar Lehmann 藏）","","","","dbcf4ef7d82b35fa74e1cd5dec210b9b3b749756134a9ba4d6a178296d7a83f0","dbcf4ef7d82b35fa74e1cd5dec210b9b3b749756134a9ba4d6a178296d7a83f0","1510","1125","architecture","RGB","existing_damage","train","images/1794.png"
"1795","image-004.png","image-004","1795.png","real_damaged","托马斯·查尔德中国摄影集（Lothar Lehmann 藏）","","","","f0acc3d249319c300fcdbe7f621b7d505c17d3a3562188e223099d205a18cdaa","f0acc3d249319c300fcdbe7f621b7d505c17d3a3562188e223099d205a18cdaa","1197","971","outdoor_scene","RGB","existing_damage","train","images/1795.png"
"1796","image-005.png","image-005","1796.png","real_damaged","托马斯·查尔德中国摄影集（Lothar Lehmann 藏）","","","","b6c7bc225e2e5ec36bf80292336a23f2a904f875bd2f6e248b141269261c9e71","b6c7bc225e2e5ec36bf80292336a23f2a904f875bd2f6e248b141269261c9e71","1629","1157","outdoor_scene","RGB","existing_damage","train","images/1796.png"
"1797","image-006.png","image-006","1797.png","real_damaged","托马斯·查尔德中国摄影集（Lothar Lehmann 藏）","","","","f3be156138ed7db12747140df82df4d8fc055a5ec20371bc3921a942eb1d777f","f3be156138ed7db12747140df82df4d8fc055a5ec20371bc3921a942eb1d777f","1365","963","group_portrait","RGB","existing_damage","train","images/1797.png"
"1798","image-007.png","image-007","1798.png","real_damaged","托马斯·查尔德中国摄影集（Lothar Lehmann 藏）","","","","89356521855a8a9766ceedb87d1fe1d8b4f221b462d912da7a2431722873a257","89356521855a8a9766ceedb87d1fe1d8b4f221b462d912da7a2431722873a257","1650","1322","architecture","RGB","existing_damage","validation","images/1798.png"
"1799","image-008.png","image-008","1799.png","real_damaged","托马斯·查尔德中国摄影集（Lothar Lehmann 藏）","","","","ea20bdb41e395d53d6ff13c87020c4e65daffa907c43afd70822f6354048e439","ea20bdb41e395d53d6ff13c87020c4e65daffa907c43afd70822f6354048e439","1225","1011","outdoor_scene","RGB","existing_damage","validation","images/1799.png"
"1800","image-009.png","image-009","1800.png","real_damaged","托马斯·查尔德中国摄影集（Lothar Lehmann 藏）","","","","fb9603c32b4cc94017be136d26423b4ed18d153835f78302a2a46624d18f25ee","fb9603c32b4cc94017be136d26423b4ed18d153835f78302a2a46624d18f25ee","1682","1302","outdoor_scene","RGB","existing_damage","train","images/1800.png"
"1801","image-010.png","image-010","1801.png","real_damaged","托马斯·查尔德中国摄影集（Lothar Lehmann 藏）","","","","bcbf5c9c099d6a10586d450a7a13f8d7473f12d824cc97ec28ba8b7e64c1d404","bcbf5c9c099d6a10586d450a7a13f8d7473f12d824cc97ec28ba8b7e64c1d404","1191","970","outdoor_scene","RGB","existing_damage","test","images/1801.png"
"1802","image-011.png","image-011","1802.png","real_damaged","托马斯·查尔德中国摄影集（Lothar Lehmann 藏）","","","","9d40d1dcd6b75dc291e95c7f8b72c971e628242f13bb792a3277707288cd99d8","9d40d1dcd6b75dc291e95c7f8b72c971e628242f13bb792a3277707288cd99d8","1685","1314","indoor_scene","RGB","existing_damage","train","images/1802.png"
"1803","image-012.png","image-012","1803.png","real_damaged","托马斯·查尔德中国摄影集（Lothar Lehmann 藏）","","","","6a74682b160626a30ce70c149c8d9717c89619cdd2fd5da54be415ab15c5d528","6a74682b160626a30ce70c149c8d9717c89619cdd2fd5da54be415ab15c5d528","1321","1027","outdoor_scene","RGB","existing_damage","test","images/1803.png"
"1804","image-013.png","image-013","1804.png","real_damaged","托马斯·查尔德中国摄影集（Lothar Lehmann 藏）","","","","6627356ed76338d7bcc6be641a3a4e7bc3b681f0c8769550af4449d0f372fcfd","6627356ed76338d7bcc6be641a3a4e7bc3b681f0c8769550af4449d0f372fcfd","1645","1270","outdoor_scene","RGB","existing_damage","train","images/1804.png"
"1805","image-014.png","image-014","1805.png","real_damaged","托马斯·查尔德中国摄影集（Lothar Lehmann 藏）","","","","4c7ddb357f5e3efd9d044a6bf82e7cc4b2523b4d2135679defe535420d2ef879","4c7ddb357f5e3efd9d044a6bf82e7cc4b2523b4d2135679defe535420d2ef879","1246","1022","outdoor_scene","RGB","existing_damage","train","images/1805.png"
"1806","image-015.png","image-015","1806.png","real_damaged","托马斯·查尔德中国摄影集（Lothar Lehmann 藏）","","","","c3057af08bca0c3e694e4ef20beb7d1c324eb2cce24c4a69ad6eb357df87d270","c3057af08bca0c3e694e4ef20beb7d1c324eb2cce24c4a69ad6eb357df87d270","1671","1310","outdoor_scene","RGB","existing_damage","validation","images/1806.png"
"1807","image-016.png","image-016","1807.png","real_damaged","托马斯·查尔德中国摄影集（Lothar Lehmann 藏）","","","","46c0748dbcd9540d4226ccdc9775d9e8cbef816cebd0fa6902230151c27d1bb2","46c0748dbcd9540d4226ccdc9775d9e8cbef816cebd0fa6902230151c27d1bb2","1619","1311","outdoor_scene","RGB","existing_damage","train","images/1807.png"
"1808","image-017.png","image-017","1808.png","real_damaged","托马斯·查尔德中国摄影集（Lothar Lehmann 藏）","","","","0b5a72a514830f2aa411b4aa7c02a37b0e9f427c2a98eff8203d74bdb4e6e974","0b5a72a514830f2aa411b4aa7c02a37b0e9f427c2a98eff8203d74bdb4e6e974","1697","1326","architecture","RGB","existing_damage","test","images/1808.png"
"1809","image-018.png","image-018","1809.png","real_damaged","托马斯·查尔德中国摄影集（Lothar Lehmann 藏）","","","","538cda7edc918f65cd90f12b942441b7c6850f723dd0e09a0c6fb7d111697b78","e8fe99d4017122497b9b2c518cacb1d548104473f34f27f6dba73845747b85ed","1645","1320","group_portrait","RGB","existing_damage","validation","images/1809.png"
"1810","image-019.png","image-019","1810.png","real_damaged","托马斯·查尔德中国摄影集（Lothar Lehmann 藏）","","","","259406fa5c8b0d3e9b3d5c115db668fc8cfc0a019f6fd11207e9d732e39c4b47","259406fa5c8b0d3e9b3d5c115db668fc8cfc0a019f6fd11207e9d732e39c4b47","1698","1330","group_portrait","RGB","existing_damage","train","images/1810.png"
"1811","image-020.png","image-020","1811.png","real_damaged","托马斯·查尔德中国摄影集（Lothar Lehmann 藏）","","","","f49f0b539e2864512fb92784a5c05110e90570f704672a13eebd18960db20574","f49f0b539e2864512fb92784a5c05110e90570f704672a13eebd18960db20574","1331","988","outdoor_scene","RGB","existing_damage","train","images/1811.png"
"1812","image-021.png","image-021","1812.png","real_damaged","托马斯·查尔德中国摄影集（Lothar Lehmann 藏）","","","","6ff23528824247af1259a188eb3604e87b842dba710fc44f7ca4d167781c5541","6ff23528824247af1259a188eb3604e87b842dba710fc44f7ca4d167781c5541","1698","1331","group_portrait","RGB","existing_damage","train","images/1812.png"
"1813","image-022.png","image-022","1813.png","real_damaged","托马斯·查尔德中国摄影集（Lothar Lehmann 藏）","","","","94c26263fa8081cf9e63f3d7fc33314ca577e3655e8945d5272f1fa1f2dcd0e0","94c26263fa8081cf9e63f3d7fc33314ca577e3655e8945d5272f1fa1f2dcd0e0","1700","1323","indoor_scene","RGB","existing_damage","train","images/1813.png"
"1814","image-023.png","image-023","1814.png","real_damaged","托马斯·查尔德中国摄影集（Lothar Lehmann 藏）","","","","30d2e69c7cdb88acf6f6b8a17f9974c46afd2e7cca30397dc4697746fe68e844","30d2e69c7cdb88acf6f6b8a17f9974c46afd2e7cca30397dc4697746fe68e844","1695","1303","other","RGB","existing_damage","train","images/1814.png"
"1815","image-024.png","image-024","1815.png","real_damaged","托马斯·查尔德中国摄影集（Lothar Lehmann 藏）","","","","19601079447e3be5661524d927f906c9564172d6536af4969a2f735ad9d4953a","19601079447e3be5661524d927f906c9564172d6536af4969a2f735ad9d4953a","1404","1051","indoor_scene","RGB","existing_damage","train","images/1815.png"
"1816","image-025.png","image-025","1816.png","real_damaged","托马斯·查尔德中国摄影集（Lothar Lehmann 藏）","","","","3203d52446e56882ebf4621a4f01a94354d094ed718900ee3b4decb3b74b669e","3203d52446e56882ebf4621a4f01a94354d094ed718900ee3b4decb3b74b669e","1693","1326","architecture","RGB","existing_damage","train","images/1816.png"
"1817","image-026.png","image-026","1817.png","real_damaged","托马斯·查尔德中国摄影集（Lothar Lehmann 藏）","","","","dde10071b37875475d6441f8271358d165a71410d9ccf3546c38f52c1238316a","dde10071b37875475d6441f8271358d165a71410d9ccf3546c38f52c1238316a","1217","1001","outdoor_scene","RGB","existing_damage","train","images/1817.png"
"1818","image-027.png","image-027","1818.png","real_damaged","托马斯·查尔德中国摄影集（Lothar Lehmann 藏）","","","","fd419ac027d08ddbcd4fdcc9683c3ad70dbb2594334d0d94058799b1f555215a","fd419ac027d08ddbcd4fdcc9683c3ad70dbb2594334d0d94058799b1f555215a","1694","1325","architecture","RGB","existing_damage","train","images/1818.png"
"1819","image-028.png","image-028","1819.png","real_damaged","托马斯·查尔德中国摄影集（Lothar Lehmann 藏）","","","","69a275580a62f190f6acd18eb801e6226d05903dd175ed66d5fcc666fe6d2e34","69a275580a62f190f6acd18eb801e6226d05903dd175ed66d5fcc666fe6d2e34","1299","1613","single_portrait","RGB","existing_damage","train","images/1819.png"
"1820","image-029.png","image-029","1820.png","real_damaged","托马斯·查尔德中国摄影集（Lothar Lehmann 藏）","","","","1152e665a916ea89943af8348c13614ad72a01416598d2d7c48ae9b20daa6e6f","1152e665a916ea89943af8348c13614ad72a01416598d2d7c48ae9b20daa6e6f","1692","1311","architecture","RGB","existing_damage","train","images/1820.png"
"1821","image-030.png","image-030","1821.png","real_damaged","托马斯·查尔德中国摄影集（Lothar Lehmann 藏）","","","","c268b92ea9fd965a544fa9fb12fab824c4960f52d5788ac630538b58fe756585","93678d7c5c2ca32f304165ff917fa6b45c414debf09285eead47883ce713208a","1640","1300","architecture","RGB","existing_damage","train","images/1821.png"
"1822","image-031.png","image-031","1822.png","real_damaged","托马斯·查尔德中国摄影集（Lothar Lehmann 藏）","","","","cb2f9ebc85c6faf33d360948632e1c08e48de9453f6fb26876834836202d5f3a","cb2f9ebc85c6faf33d360948632e1c08e48de9453f6fb26876834836202d5f3a","1682","1299","indoor_scene","RGB","existing_damage","train","images/1822.png"
"1823","image-032.png","image-032","1823.png","real_damaged","托马斯·查尔德中国摄影集（Lothar Lehmann 藏）","","","","ce640deca4054d1bc2d8b5e39e3f68c4eb653b8d5a8de75f4ef07dbfd62b2c1f","ce640deca4054d1bc2d8b5e39e3f68c4eb653b8d5a8de75f4ef07dbfd62b2c1f","1231","977","outdoor_scene","RGB","existing_damage","train","images/1823.png"
"1824","image-033.png","image-033","1824.png","real_damaged","托马斯·查尔德中国摄影集（Lothar Lehmann 藏）","","","","640494bec3d527b8ec26da70c0cc04febcd7f971f69de119d6b61315e94b64e4","640494bec3d527b8ec26da70c0cc04febcd7f971f69de119d6b61315e94b64e4","1650","1276","group_portrait","RGB","existing_damage","test","images/1824.png"
"1825","image-034.png","image-034","1825.png","real_damaged","托马斯·查尔德中国摄影集（Lothar Lehmann 藏）","","","","88cc74631eaed2c74c7e2c4a15556fff218a9093859bf1b382de458ea375a76e","88cc74631eaed2c74c7e2c4a15556fff218a9093859bf1b382de458ea375a76e","1267","1662","group_portrait","RGB","existing_damage","train","images/1825.png"
"1826","image-035.png","image-035","1826.png","real_damaged","托马斯·查尔德中国摄影集（Lothar Lehmann 藏）","","","","b359e35a20fa2ee81a938053d1e3858af61db17c6c278d4f7d4c1175541b7452","b359e35a20fa2ee81a938053d1e3858af61db17c6c278d4f7d4c1175541b7452","1672","1259","indoor_scene","RGB","existing_damage","train","images/1826.png"
"1827","image-036.png","image-036","1827.png","real_damaged","托马斯·查尔德中国摄影集（Lothar Lehmann 藏）","","","","9493f2c2c0410b1ff06ee0398976546b0debd659e8839eb58c487dd6272ea679","9493f2c2c0410b1ff06ee0398976546b0debd659e8839eb58c487dd6272ea679","1217","987","group_portrait","RGB","existing_damage","validation","images/1827.png"
"1828","image-037.png","image-037","1828.png","real_damaged","托马斯·查尔德中国摄影集（Lothar Lehmann 藏）","","","","c86a7ff44ccbd11edfe0f7c2efeb60c61e924e9fc5862d69ab857fb59d0a9f1b","c86a7ff44ccbd11edfe0f7c2efeb60c61e924e9fc5862d69ab857fb59d0a9f1b","1370","1077","outdoor_scene","RGB","existing_damage","test","images/1828.png"
"1829","image-038.png","image-038","1829.png","real_damaged","托马斯·查尔德中国摄影集（Lothar Lehmann 藏）","","","","04bf05e4211e39477a536dbe4ed65eaf17f1423f73af3749eaf3f4268feff4aa","04bf05e4211e39477a536dbe4ed65eaf17f1423f73af3749eaf3f4268feff4aa","1576","1292","outdoor_scene","RGB","existing_damage","train","images/1829.png"
"1830","image-039.png","image-039","1830.png","real_damaged","托马斯·查尔德中国摄影集（Lothar Lehmann 藏）","","","","b44a06e529cbe2bd8312f3021b3dbb9e9a5717d8146d983c08560cce34f53fda","b44a06e529cbe2bd8312f3021b3dbb9e9a5717d8146d983c08560cce34f53fda","1661","1316","architecture","RGB","existing_damage","train","images/1830.png"
"1831","image-040.png","image-040","1831.png","real_damaged","托马斯·查尔德中国摄影集（Lothar Lehmann 藏）","","","","89aa78f65351bb777db8d87ff5213f8bd394438f22ae14d7e531ca163fc6104c","89aa78f65351bb777db8d87ff5213f8bd394438f22ae14d7e531ca163fc6104c","1232","998","group_portrait","RGB","existing_damage","train","images/1831.png"
"1832","image-041.png","image-041","1832.png","real_damaged","托马斯·查尔德中国摄影集（Lothar Lehmann 藏）","","","","e5babbda528e937f610b3bb8683b2150fd949ebb736215908273710a1fa37a0c","e5babbda528e937f610b3bb8683b2150fd949ebb736215908273710a1fa37a0c","1264","957","group_portrait","RGB","existing_damage","train","images/1832.png"
"1833","image-042.png","image-042","1833.png","real_damaged","托马斯·查尔德中国摄影集（Lothar Lehmann 藏）","","","","0d1731d0aa217ad887f99c6ad3e0d985f6c54dbede05129a1d837ea9f5347497","0d1731d0aa217ad887f99c6ad3e0d985f6c54dbede05129a1d837ea9f5347497","1270","1024","group_portrait","RGB","existing_damage","train","images/1833.png"
"1834","image-043.png","image-043","1834.png","real_damaged","托马斯·查尔德中国摄影集（Lothar Lehmann 藏）","","","","e85f5780efe6b81bc389042c9b67e868b63e0357396bf65d4c9c1cc07e7d8333","e85f5780efe6b81bc389042c9b67e868b63e0357396bf65d4c9c1cc07e7d8333","1699","1332","group_portrait","RGB","existing_damage","train","images/1834.png"
"1835","image-044.png","image-044","1835.png","real_damaged","托马斯·查尔德中国摄影集（Lothar Lehmann 藏）","","","","8a68b735041b49b0e5ff393ec5827b27a01550e01a594d08df767f5971347ba9","8a68b735041b49b0e5ff393ec5827b27a01550e01a594d08df767f5971347ba9","1382","1071","group_portrait","RGB","existing_damage","train","images/1835.png"
"1836","image-045.png","image-045","1836.png","real_damaged","托马斯·查尔德中国摄影集（Lothar Lehmann 藏）","","","","771624feb7bcbd43519adefdb2677579c43c8d32af51da6c059bba2d651b3258","771624feb7bcbd43519adefdb2677579c43c8d32af51da6c059bba2d651b3258","1689","1305","group_portrait","RGB","existing_damage","train","images/1836.png"
"1837","image-046.png","image-046","1837.png","real_damaged","托马斯·查尔德中国摄影集（Lothar Lehmann 藏）","","","","381969af98e7ff860b5dbb54763c79596c457ffc894219d9dbda2c052dbcf517","381969af98e7ff860b5dbb54763c79596c457ffc894219d9dbda2c052dbcf517","1547","1191","group_portrait","RGB","existing_damage","train","images/1837.png"
"1838","image-047.png","image-047","1838.png","real_damaged","托马斯·查尔德中国摄影集（Lothar Lehmann 藏）","","","","2344164cee124d6a4eeb96c163b2cd5911b26d8aa169b5ff3953f81462427e14","2344164cee124d6a4eeb96c163b2cd5911b26d8aa169b5ff3953f81462427e14","1700","1319","group_portrait","RGB","existing_damage","train","images/1838.png"
"1839","image-048.png","image-048","1839.png","real_damaged","托马斯·查尔德中国摄影集（Lothar Lehmann 藏）","","","","982b26f83e9913937be89efa4e71e7fa0d895a4cc980bc8b86a0d17d35ea6b03","982b26f83e9913937be89efa4e71e7fa0d895a4cc980bc8b86a0d17d35ea6b03","1243","1023","group_portrait","RGB","existing_damage","train","images/1839.png"
"1840","image-049.png","image-049","1840.png","real_damaged","托马斯·查尔德中国摄影集（Lothar Lehmann 藏）","","","","282b908bc08ea1456d8060e22e99540b02c4855de64cada14a1a904dbeb17ac4","282b908bc08ea1456d8060e22e99540b02c4855de64cada14a1a904dbeb17ac4","981","1190","single_portrait","RGB","existing_damage","train","images/1840.png"
"1841","image-050.png","image-050","1841.png","real_damaged","托马斯·查尔德中国摄影集（Lothar Lehmann 藏）","","","","54434692296ac930884e9af5f58a0c3c369e090415c114486f7064eaa060ea2b","54434692296ac930884e9af5f58a0c3c369e090415c114486f7064eaa060ea2b","1567","1302","group_portrait","RGB","existing_damage","train","images/1841.png"
"1842","image-051.png","image-051","1842.png","real_damaged","托马斯·查尔德中国摄影集（Lothar Lehmann 藏）","","","","4228db8c5f851e2b837132fd8f235336047c3dac2814fcfd5df477a1a01d3535","4228db8c5f851e2b837132fd8f235336047c3dac2814fcfd5df477a1a01d3535","1533","1215","outdoor_scene","RGB","existing_damage","train","images/1842.png"
"1843","image-052.png","image-052","1843.png","real_damaged","托马斯·查尔德中国摄影集（Lothar Lehmann 藏）","","","","1442188d20c43bbdffd08e2ba5b3bfc98c2455c1b43f2694378fc17366042bb1","1442188d20c43bbdffd08e2ba5b3bfc98c2455c1b43f2694378fc17366042bb1","1632","1317","architecture","RGB","existing_damage","train","images/1843.png"
"1844","image-053.png","image-053","1844.png","real_damaged","托马斯·查尔德中国摄影集（Lothar Lehmann 藏）","","","","ab0e4091dfa8acbbc365a65be0b5569053a98a479c4ab22a3c7331aceadd84f2","ab0e4091dfa8acbbc365a65be0b5569053a98a479c4ab22a3c7331aceadd84f2","1522","1075","outdoor_scene","RGB","existing_damage","train","images/1844.png"
"1845","image-054.png","image-054","1845.png","real_damaged","托马斯·查尔德中国摄影集（Lothar Lehmann 藏）","","","","18fead643b1bb3ce8a0e32941a5f86336ad16e3017af8db3b7a950bef1879020","18fead643b1bb3ce8a0e32941a5f86336ad16e3017af8db3b7a950bef1879020","1571","1145","outdoor_scene","RGB","existing_damage","train","images/1845.png"
"1846","image-055.png","image-055","1846.png","real_damaged","托马斯·查尔德中国摄影集（Lothar Lehmann 藏）","","","","0cd163e9bbcb8d65a6b9ba102e99415c0544b218a8eb0bdbb2b90ce0cc8612fd","0cd163e9bbcb8d65a6b9ba102e99415c0544b218a8eb0bdbb2b90ce0cc8612fd","1705","1273","outdoor_scene","RGB","existing_damage","test","images/1846.png"
"1847","image-056.png","image-056","1847.png","real_damaged","托马斯·查尔德中国摄影集（Lothar Lehmann 藏）","","","","e73b85988e2a6b3e67e6d6292f432625a6711c0972ef124d8cff0f6a4f58e459","e73b85988e2a6b3e67e6d6292f432625a6711c0972ef124d8cff0f6a4f58e459","1579","1143","outdoor_scene","RGB","existing_damage","test","images/1847.png"
"1848","image-057.png","image-057","1848.png","real_damaged","托马斯·查尔德中国摄影集（Lothar Lehmann 藏）","","","","aeb383b0b883753ead85a7549f5393fe8ab8ede5aeafb5757242340733d46ee2","aeb383b0b883753ead85a7549f5393fe8ab8ede5aeafb5757242340733d46ee2","1630","1296","outdoor_scene","RGB","existing_damage","train","images/1848.png"
"1849","image-058.png","image-058","1849.png","real_damaged","托马斯·查尔德中国摄影集（Lothar Lehmann 藏）","","","","54604f78fdc6b4b9e0a1a17fd06402b58c644edde98beafe7d3e9de885884d15","54604f78fdc6b4b9e0a1a17fd06402b58c644edde98beafe7d3e9de885884d15","1406","1120","outdoor_scene","RGB","existing_damage","test","images/1849.png"
"1850","image-059.png","image-059","1850.png","real_damaged","托马斯·查尔德中国摄影集（Lothar Lehmann 藏）","","","","caa3aa9c078dcadd9ff5886f1ba8a60677415d0ec43b39ebf73c40ceed9c0f18","caa3aa9c078dcadd9ff5886f1ba8a60677415d0ec43b39ebf73c40ceed9c0f18","1715","1317","outdoor_scene","RGB","existing_damage","test","images/1850.png"
"1851","image-060.png","image-060","1851.png","real_damaged","托马斯·查尔德中国摄影集（Lothar Lehmann 藏）","","","","6164509cadfb7b06ad1701d5a45fa8d96cc268547f234d90fa016bc55e6e071e","6164509cadfb7b06ad1701d5a45fa8d96cc268547f234d90fa016bc55e6e071e","1596","1272","outdoor_scene","RGB","existing_damage","train","images/1851.png"
"1852","image-061.png","image-061","1852.png","real_damaged","托马斯·查尔德中国摄影集（Lothar Lehmann 藏）","","","","cd60e7bf68c1a134a88cb15a0ccb32796a13bbf5c91391629ad2c7180fd77225","cd60e7bf68c1a134a88cb15a0ccb32796a13bbf5c91391629ad2c7180fd77225","1636","1298","architecture","RGB","existing_damage","train","images/1852.png"
"1853","image-062.png","image-062","1853.png","real_damaged","托马斯·查尔德中国摄影集（Lothar Lehmann 藏）","","","","0ac0c1daf12fe33c7bbe2dba0e9b510775ddd9eab647d56ca1fa4ca6f383c55c","0ac0c1daf12fe33c7bbe2dba0e9b510775ddd9eab647d56ca1fa4ca6f383c55c","1604","1311","outdoor_scene","RGB","existing_damage","train","images/1853.png"
"1854","image-063.png","image-063","1854.png","real_damaged","托马斯·查尔德中国摄影集（Lothar Lehmann 藏）","","","","49d48a816390d3fc5bc93ae1a5f84dc1d89b4782b5db3c660ce8bf38634fdb78","49d48a816390d3fc5bc93ae1a5f84dc1d89b4782b5db3c660ce8bf38634fdb78","1584","1197","outdoor_scene","RGB","existing_damage","validation","images/1854.png"
"1855","image-064.png","image-064","1855.png","real_damaged","托马斯·查尔德中国摄影集（Lothar Lehmann 藏）","","","","a06fb32de9d340950a44748e638a5dcf9fb0b692a34fe574c1f362bb11883270","a06fb32de9d340950a44748e638a5dcf9fb0b692a34fe574c1f362bb11883270","1212","1002","architecture","RGB","existing_damage","train","images/1855.png"
"1856","image-065.png","image-065","1856.png","real_damaged","托马斯·查尔德中国摄影集（Lothar Lehmann 藏）","","","","78293d8e459444d73c32ce5613b81699a21b6c86cc72225039ce7a19db40f5ae","78293d8e459444d73c32ce5613b81699a21b6c86cc72225039ce7a19db40f5ae","1627","1211","outdoor_scene","RGB","existing_damage","train","images/1856.png"
"1857","image-066.png","image-066","1857.png","real_damaged","托马斯·查尔德中国摄影集（Lothar Lehmann 藏）","","","","0ac37aa5a4e0917957c7c06fda9c7a9ab1fb52034d6843940371d7eff99d246c","0ac37aa5a4e0917957c7c06fda9c7a9ab1fb52034d6843940371d7eff99d246c","1352","1020","architecture","RGB","existing_damage","train","images/1857.png"
"1858","image-067.png","image-067","1858.png","real_damaged","托马斯·查尔德中国摄影集（Lothar Lehmann 藏）","","","","f5ed8d4153a57989e68ba3e9f16a79a2a39d69f7176bfaedf01559739b3fb5f0","f5ed8d4153a57989e68ba3e9f16a79a2a39d69f7176bfaedf01559739b3fb5f0","1639","1324","outdoor_scene","RGB","existing_damage","train","images/1858.png"
"1859","image-068.png","image-068","1859.png","real_damaged","托马斯·查尔德中国摄影集（Lothar Lehmann 藏）","","","","ab0ce92eb1fa993c560af43eee632ce62fff281d5564ec01e14d7f9921b0ba76","ab0ce92eb1fa993c560af43eee632ce62fff281d5564ec01e14d7f9921b0ba76","1582","1187","outdoor_scene","RGB","existing_damage","train","images/1859.png"
"1860","image-069.png","image-069","1860.png","real_damaged","托马斯·查尔德中国摄影集（Lothar Lehmann 藏）","","","","5fd255bdaa7cb68c95af1055852946d0e01e46b77868df3fcd997268f258a05b","5fd255bdaa7cb68c95af1055852946d0e01e46b77868df3fcd997268f258a05b","1665","1299","outdoor_scene","RGB","existing_damage","train","images/1860.png"
"1861","image-070.png","image-070","1861.png","real_damaged","托马斯·查尔德中国摄影集（Lothar Lehmann 藏）","","","","c1f49a276416dca0d769158521f5717da45b01d040e224668ee2799fc9d9ae01","c1f49a276416dca0d769158521f5717da45b01d040e224668ee2799fc9d9ae01","1294","1005","outdoor_scene","RGB","existing_damage","train","images/1861.png"
"1862","image-071.png","image-071","1862.png","real_damaged","托马斯·查尔德中国摄影集（Lothar Lehmann 藏）","","","","f2649260630e185bf4dd9994ca80445f78e20f5bc246f03e475ba167017b4f17","f2649260630e185bf4dd9994ca80445f78e20f5bc246f03e475ba167017b4f17","1626","1305","outdoor_scene","RGB","existing_damage","train","images/1862.png"
"1863","image-072.png","image-072","1863.png","real_damaged","托马斯·查尔德中国摄影集（Lothar Lehmann 藏）","","","","ed8b29a48c9c279bbc879f0e67c3eb016fea3cd6af71a45bb7d599153a29e040","ed8b29a48c9c279bbc879f0e67c3eb016fea3cd6af71a45bb7d599153a29e040","1376","1118","outdoor_scene","RGB","existing_damage","train","images/1863.png"
"1864","image-073.png","image-073","1864.png","real_damaged","托马斯·查尔德中国摄影集（Lothar Lehmann 藏）","","","","d9418f791f15702525b7ac47bf14893ccfe49bf1cadbb288f8a63f64b6b89afd","d9418f791f15702525b7ac47bf14893ccfe49bf1cadbb288f8a63f64b6b89afd","1682","1249","outdoor_scene","RGB","existing_damage","train","images/1864.png"
"1865","image-074.png","image-074","1865.png","real_damaged","托马斯·查尔德中国摄影集（Lothar Lehmann 藏）","","","","981a009fef7867e8c27e1d044ad6ba95310ceb1ef9f01b09488871e1c6640126","981a009fef7867e8c27e1d044ad6ba95310ceb1ef9f01b09488871e1c6640126","1323","963","outdoor_scene","RGB","existing_damage","train","images/1865.png"
"1866","image-075.png","image-075","1866.png","real_damaged","托马斯·查尔德中国摄影集（Lothar Lehmann 藏）","","","","add1c4df9f5747c7bc914a3b5644bbe1268dbde2c2f677bf102524581422f7be","add1c4df9f5747c7bc914a3b5644bbe1268dbde2c2f677bf102524581422f7be","1249","970","outdoor_scene","RGB","existing_damage","train","images/1866.png"
"1867","image-076.png","image-076","1867.png","real_damaged","托马斯·查尔德中国摄影集（Lothar Lehmann 藏）","","","","4d1640f6ed67881c58b2a1703e38c7b40815a4469a1646dfffbe49b2e35ad2fd","4d1640f6ed67881c58b2a1703e38c7b40815a4469a1646dfffbe49b2e35ad2fd","1554","1292","outdoor_scene","RGB","existing_damage","train","images/1867.png"
"1868","image-077.png","image-077","1868.png","real_damaged","托马斯·查尔德中国摄影集（Lothar Lehmann 藏）","","","","d00b132c37dec1b91b46f487a0b0e6a6eaf1fc7a48c99046cb6f3a004a37ad61","d00b132c37dec1b91b46f487a0b0e6a6eaf1fc7a48c99046cb6f3a004a37ad61","1624","1243","outdoor_scene","RGB","existing_damage","train","images/1868.png"
"1869","image-078.png","image-078","1869.png","real_damaged","托马斯·查尔德中国摄影集（Lothar Lehmann 藏）","","","","bb27cfef87d73bbd3e131238ab7b8e5998a89d7377b9aa03f2911a2c11d0e25f","bb27cfef87d73bbd3e131238ab7b8e5998a89d7377b9aa03f2911a2c11d0e25f","1320","1008","outdoor_scene","RGB","existing_damage","test","images/1869.png"
"1870","image-079.png","image-079","1870.png","real_damaged","托马斯·查尔德中国摄影集（Lothar Lehmann 藏）","","","","370b5b79b376a77ba84e50e2a976b1073308ad9a89f02dda03ff6b5df1d92a1b","370b5b79b376a77ba84e50e2a976b1073308ad9a89f02dda03ff6b5df1d92a1b","1542","1092","outdoor_scene","RGB","existing_damage","train","images/1870.png"
"1871","image-080.png","image-080","1871.png","real_damaged","托马斯·查尔德中国摄影集（Lothar Lehmann 藏）","","","","ecd6bc1ae884bc015971168eb023b200386640136bfa257233099f46ec5e457c","ecd6bc1ae884bc015971168eb023b200386640136bfa257233099f46ec5e457c","1640","1322","outdoor_scene","RGB","existing_damage","train","images/1871.png"
"1872","image-081.png","image-081","1872.png","real_damaged","托马斯·查尔德中国摄影集（Lothar Lehmann 藏）","","","","f2a91b6f0b4700159b65190658ddb16cdaf9a3aa07115de17bdc95a826fb7685","f2a91b6f0b4700159b65190658ddb16cdaf9a3aa07115de17bdc95a826fb7685","1549","1273","group_portrait","RGB","existing_damage","train","images/1872.png"
"1873","image-082.png","image-082","1873.png","real_damaged","托马斯·查尔德中国摄影集（Lothar Lehmann 藏）","","","","78ae88633d6d1665c8347e1083e9c8810aab9bc75a9f3edc340bc46fc49faa54","78ae88633d6d1665c8347e1083e9c8810aab9bc75a9f3edc340bc46fc49faa54","1187","1602","outdoor_scene","RGB","existing_damage","train","images/1873.png"
"1874","image-083.png","image-083","1874.png","real_damaged","托马斯·查尔德中国摄影集（Lothar Lehmann 藏）","","","","d27518cbac047d398e4e5e934a551a2e77256c0e903df05718f19d953026ac20","d27518cbac047d398e4e5e934a551a2e77256c0e903df05718f19d953026ac20","1623","1305","outdoor_scene","RGB","existing_damage","train","images/1874.png"
"1875","image-084.png","image-084","1875.png","real_damaged","托马斯·查尔德中国摄影集（Lothar Lehmann 藏）","","","","a53c533223e2c48bddd2c71a6694f1bd56965a70598966b916325a928086fb05","a53c533223e2c48bddd2c71a6694f1bd56965a70598966b916325a928086fb05","1464","1216","architecture","RGB","existing_damage","train","images/1875.png"
"1876","image-085.png","image-085","1876.png","real_damaged","托马斯·查尔德中国摄影集（Lothar Lehmann 藏）","","","","0f3676c4c51ed4b70323cc8c718539c663becae0379fe9e532909914c3b86e24","0f3676c4c51ed4b70323cc8c718539c663becae0379fe9e532909914c3b86e24","1476","1166","outdoor_scene","RGB","existing_damage","validation","images/1876.png"
"1877","image-086.png","image-086","1877.png","real_damaged","托马斯·查尔德中国摄影集（Lothar Lehmann 藏）","","","","df1faa332973cf4d6ea468543d7cbc6b8111ab36d162665fee97f416ca67d40c","df1faa332973cf4d6ea468543d7cbc6b8111ab36d162665fee97f416ca67d40c","1384","988","architecture","RGB","existing_damage","train","images/1877.png"
"1878","image-087.png","image-087","1878.png","real_damaged","托马斯·查尔德中国摄影集（Lothar Lehmann 藏）","","","","18224b745e83c993b89224be4b501967190331fbf8677427dae6ee2754c183ac","18224b745e83c993b89224be4b501967190331fbf8677427dae6ee2754c183ac","1436","1142","outdoor_scene","RGB","existing_damage","validation","images/1878.png"
"1879","image-088.png","image-088","1879.png","real_damaged","托马斯·查尔德中国摄影集（Lothar Lehmann 藏）","","","","63d3879f8a77f54d7503f1daff6a7d90968f8b83653032c95c710a497951f45d","63d3879f8a77f54d7503f1daff6a7d90968f8b83653032c95c710a497951f45d","1443","1121","outdoor_scene","RGB","existing_damage","train","images/1879.png"
"1880","image-089.png","image-089","1880.png","real_damaged","托马斯·查尔德中国摄影集（Lothar Lehmann 藏）","","","","b648132c7d62840daad9ccda9db80ece794870c56d45ef078e295e3094b8dad6","b648132c7d62840daad9ccda9db80ece794870c56d45ef078e295e3094b8dad6","1471","1160","architecture","RGB","existing_damage","train","images/1880.png"
"1881","image-090.png","image-090","1881.png","real_damaged","托马斯·查尔德中国摄影集（Lothar Lehmann 藏）","","","","4987a93b2927f15c7516e41dcb2854ca484f8134e2e76aba84e994f57c3f4e46","4987a93b2927f15c7516e41dcb2854ca484f8134e2e76aba84e994f57c3f4e46","1425","1003","group_portrait","RGB","existing_damage","train","images/1881.png"
"1882","image-091.png","image-091","1882.png","real_damaged","托马斯·查尔德中国摄影集（Lothar Lehmann 藏）","","","","28fc1f6ee9c727c33b97757e07a11d942962892b7196cdf2dd06f475353f25a6","28fc1f6ee9c727c33b97757e07a11d942962892b7196cdf2dd06f475353f25a6","1521","1151","outdoor_scene","RGB","existing_damage","train","images/1882.png"
"1883","image-092.png","image-092","1883.png","real_damaged","托马斯·查尔德中国摄影集（Lothar Lehmann 藏）","","","","8c80f990fdc1fb44cc362fa0244a0d77e8fc6f6a27b0e0db299bd0d1890a8fca","8c80f990fdc1fb44cc362fa0244a0d77e8fc6f6a27b0e0db299bd0d1890a8fca","1535","1165","architecture","RGB","existing_damage","train","images/1883.png"
"1884","image-093.png","image-093","1884.png","real_damaged","托马斯·查尔德中国摄影集（Lothar Lehmann 藏）","","","","d9b64dbd16f293887fd7ec70d10fe7b3e14234f81a145f67dfc88949c78ea5b8","d9b64dbd16f293887fd7ec70d10fe7b3e14234f81a145f67dfc88949c78ea5b8","1512","1121","architecture","RGB","existing_damage","train","images/1884.png"
"1885","image-094.png","image-094","1885.png","real_damaged","托马斯·查尔德中国摄影集（Lothar Lehmann 藏）","","","","98bb48684c262a824f038952cdb91a5da83f48de8d7c9bfd9c9836554aea3a68","98bb48684c262a824f038952cdb91a5da83f48de8d7c9bfd9c9836554aea3a68","1523","1157","architecture","RGB","existing_damage","train","images/1885.png"
"1886","image-095.png","image-095","1886.png","real_damaged","托马斯·查尔德中国摄影集（Lothar Lehmann 藏）","","","","28bb3f5a37288dc85fa6ab2a61c7a1d50d7d71cfabcbc70c1449197b4af0d8c2","28bb3f5a37288dc85fa6ab2a61c7a1d50d7d71cfabcbc70c1449197b4af0d8c2","1157","1510","other","RGB","existing_damage","train","images/1886.png"
"1887","image-096.png","image-096","1887.png","real_damaged","托马斯·查尔德中国摄影集（Lothar Lehmann 藏）","","","","cdf3dc57f84515ab55d2a344f3180a12fe82776529495f5f1a3bc251c7a7cad4","cdf3dc57f84515ab55d2a344f3180a12fe82776529495f5f1a3bc251c7a7cad4","1470","1100","architecture","RGB","existing_damage","train","images/1887.png"
"1888","image-097.png","image-097","1888.png","real_damaged","托马斯·查尔德中国摄影集（Lothar Lehmann 藏）","","","","8bcc174b420a8f17e076fef8c6b99b38b5f860d2870bb616f2daba4c12bcb161","8bcc174b420a8f17e076fef8c6b99b38b5f860d2870bb616f2daba4c12bcb161","1485","1177","outdoor_scene","RGB","existing_damage","train","images/1888.png"
"1889","image-098.png","image-098","1889.png","real_damaged","托马斯·查尔德中国摄影集（Lothar Lehmann 藏）","","","","084c3d730145da4093d19fc2951f865e52edb12d573b5be8169854500f15c08e","084c3d730145da4093d19fc2951f865e52edb12d573b5be8169854500f15c08e","1495","1055","architecture","RGB","existing_damage","train","images/1889.png"
"1890","image-099.png","image-099","1890.png","real_damaged","托马斯·查尔德中国摄影集（Lothar Lehmann 藏）","","","","61bafb091d87c4a57925b0dbc37a6cb30593b5a40b4912c4b3f3ada73e1857e1","61bafb091d87c4a57925b0dbc37a6cb30593b5a40b4912c4b3f3ada73e1857e1","1329","986","architecture","RGB","existing_damage","train","images/1890.png"
"1891","image-100.png","image-100","1891.png","real_damaged","托马斯·查尔德中国摄影集（Lothar Lehmann 藏）","","","","599eb26fd445b1992cf38a3dfcc299d9bf5d8034af6066189d4900f8ead67cae","599eb26fd445b1992cf38a3dfcc299d9bf5d8034af6066189d4900f8ead67cae","1486","1172","architecture","RGB","existing_damage","train","images/1891.png"
"1892","image-101.png","image-101","1892.png","real_damaged","托马斯·查尔德中国摄影集（Lothar Lehmann 藏）","","","","e0447906da6c3cdf4edb63baab947d444993bf80a569335796066a3feb4cfa4a","e0447906da6c3cdf4edb63baab947d444993bf80a569335796066a3feb4cfa4a","1482","1167","architecture","RGB","existing_damage","train","images/1892.png"
"1893","image-102.png","image-102","1893.png","real_damaged","托马斯·查尔德中国摄影集（Lothar Lehmann 藏）","","","","a8de8df1e1f124579007e2cf564a44315a344e7751aa2cfba5badd6ca59b215d","a8de8df1e1f124579007e2cf564a44315a344e7751aa2cfba5badd6ca59b215d","1488","1167","outdoor_scene","RGB","existing_damage","train","images/1893.png"
"1894","image-103.png","image-103","1894.png","real_damaged","托马斯·查尔德中国摄影集（Lothar Lehmann 藏）","","","","e1e946d1d10a26f54714ffd1450852f2f745ffb097c9246c2ecbaa64f453a2c5","e1e946d1d10a26f54714ffd1450852f2f745ffb097c9246c2ecbaa64f453a2c5","1527","1152","architecture","RGB","existing_damage","test","images/1894.png"
"1895","image-104.png","image-104","1895.png","real_damaged","托马斯·查尔德中国摄影集（Lothar Lehmann 藏）","","","","a3649ffb7a90984ec9a1e765fda1f3073bcc548afd0c245748cd5e4c0c88ac5d","a3649ffb7a90984ec9a1e765fda1f3073bcc548afd0c245748cd5e4c0c88ac5d","1501","1158","architecture","RGB","existing_damage","train","images/1895.png"
"1896","image-105.png","image-105","1896.png","real_damaged","托马斯·查尔德中国摄影集（Lothar Lehmann 藏）","","","","c7d40d82dd1ea621ba745027fe23d14693a66431d1db19ec5416806cf8bf71ea","c7d40d82dd1ea621ba745027fe23d14693a66431d1db19ec5416806cf8bf71ea","1509","1160","architecture","RGB","existing_damage","train","images/1896.png"
"1897","image-106.png","image-106","1897.png","real_damaged","托马斯·查尔德中国摄影集（Lothar Lehmann 藏）","","","","73c67c9b1d881042d7ae8b985a1f30fdd5492846138332393f2d288a66f82ac1","73c67c9b1d881042d7ae8b985a1f30fdd5492846138332393f2d288a66f82ac1","1494","1191","outdoor_scene","RGB","existing_damage","test","images/1897.png"
"1898","image-107.png","image-107","1898.png","real_damaged","托马斯·查尔德中国摄影集（Lothar Lehmann 藏）","","","","efc846b1ef9fc14ed7e49045f4d0a50fd970dfc4ffefc4cae71109d54f186ad7","efc846b1ef9fc14ed7e49045f4d0a50fd970dfc4ffefc4cae71109d54f186ad7","1505","1157","architecture","RGB","existing_damage","test","images/1898.png"
"1899","image-108.png","image-108","1899.png","real_damaged","托马斯·查尔德中国摄影集（Lothar Lehmann 藏）","","","","5737b2a91c2d28c002de9f195c4af8cb6010bee8dfd1466194b24094436e3c5d","5737b2a91c2d28c002de9f195c4af8cb6010bee8dfd1466194b24094436e3c5d","1466","1135","architecture","RGB","existing_damage","train","images/1899.png"
"1900","image-109.png","image-109","1900.png","real_damaged","托马斯·查尔德中国摄影集（Lothar Lehmann 藏）","","","","3590df083dd6b56f1a219591b0a52b2e3e849f46848fad903f0ce8eb911d4d1f","3590df083dd6b56f1a219591b0a52b2e3e849f46848fad903f0ce8eb911d4d1f","1125","1467","architecture","RGB","existing_damage","train","images/1900.png"
"1901","image-110.png","image-110","1901.png","real_damaged","托马斯·查尔德中国摄影集（Lothar Lehmann 藏）","","","","be126637cee9f317262fc1dc48d5ff6ce0cd760340df37f33f5c4d39f9a6b0ce","be126637cee9f317262fc1dc48d5ff6ce0cd760340df37f33f5c4d39f9a6b0ce","1489","1148","outdoor_scene","RGB","existing_damage","train","images/1901.png"
"1902","image-111.png","image-111","1902.png","real_damaged","托马斯·查尔德中国摄影集（Lothar Lehmann 藏）","","","","3435b2d6dd3d13730e41fe700c72084101b8869a96d11a0dee1546455ffa37a6","3435b2d6dd3d13730e41fe700c72084101b8869a96d11a0dee1546455ffa37a6","1149","1519","architecture","RGB","existing_damage","train","images/1902.png"
"1903","image-112.png","image-112","1903.png","real_damaged","托马斯·查尔德中国摄影集（Lothar Lehmann 藏）","","","","5abe612a405e80d8ccddf2eb4170d1acc8bba8a0d9ca1d6fe69aa70a3f14649c","5abe612a405e80d8ccddf2eb4170d1acc8bba8a0d9ca1d6fe69aa70a3f14649c","1507","1154","architecture","RGB","existing_damage","train","images/1903.png"
"1904","image-113.png","image-113","1904.png","real_damaged","托马斯·查尔德中国摄影集（Lothar Lehmann 藏）","","","","3fff7f109e0a920e557665ee1b4dc724717007fe0b478ec33ad544317cf6aee9","3fff7f109e0a920e557665ee1b4dc724717007fe0b478ec33ad544317cf6aee9","1431","1161","architecture","RGB","existing_damage","train","images/1904.png"
"1905","image-114.png","image-114","1905.png","real_damaged","托马斯·查尔德中国摄影集（Lothar Lehmann 藏）","","","","9eaa4435eedbfbae08be82d6724493841443b3f9202af3ab7539c006468830f2","9eaa4435eedbfbae08be82d6724493841443b3f9202af3ab7539c006468830f2","1164","1478","architecture","RGB","existing_damage","train","images/1905.png"
"1906","image-115.png","image-115","1906.png","real_damaged","托马斯·查尔德中国摄影集（Lothar Lehmann 藏）","","","","bb3f1bd5f8f57363c4863b8e279358a8f7c4d38224cbef930836ee6d0694f75e","bb3f1bd5f8f57363c4863b8e279358a8f7c4d38224cbef930836ee6d0694f75e","1524","1161","architecture","RGB","existing_damage","train","images/1906.png"
"1907","image-116.png","image-116","1907.png","real_damaged","托马斯·查尔德中国摄影集（Lothar Lehmann 藏）","","","","3edaaa938036f5e6a72265288a29466676131b03053878aafb061507cbadbdb1","3edaaa938036f5e6a72265288a29466676131b03053878aafb061507cbadbdb1","1491","1178","outdoor_scene","RGB","existing_damage","train","images/1907.png"
"1908","image-117.png","image-117","1908.png","real_damaged","托马斯·查尔德中国摄影集（Lothar Lehmann 藏）","","","","1f8e7b0855b65dacf94f694ed71856e043819284526dc70ee9cce62518fe4f6c","1f8e7b0855b65dacf94f694ed71856e043819284526dc70ee9cce62518fe4f6c","1487","1159","architecture","RGB","existing_damage","train","images/1908.png"
"1909","image-118.png","image-118","1909.png","real_damaged","托马斯·查尔德中国摄影集（Lothar Lehmann 藏）","","","","28f75599a02cbe57047edeff1ce30cc9aa74174e82803bdd81783a9c66a088cf","28f75599a02cbe57047edeff1ce30cc9aa74174e82803bdd81783a9c66a088cf","1379","1131","architecture","RGB","existing_damage","train","images/1909.png"
"1910","image-119.png","image-119","1910.png","real_damaged","托马斯·查尔德中国摄影集（Lothar Lehmann 藏）","","","","e69fbb070d5572a4a4215bde8267ee32b652c86ee66b9dc163a8567e6213c9e3","e69fbb070d5572a4a4215bde8267ee32b652c86ee66b9dc163a8567e6213c9e3","1488","1170","architecture","RGB","existing_damage","validation","images/1910.png"
"1911","image-120.png","image-120","1911.png","real_damaged","托马斯·查尔德中国摄影集（Lothar Lehmann 藏）","","","","8defdcd09faae96e8e7d97dc05896fc3046c39cc83a23e73219af2f6104b4666","8defdcd09faae96e8e7d97dc05896fc3046c39cc83a23e73219af2f6104b4666","1165","1535","architecture","RGB","existing_damage","train","images/1911.png"
"1912","image-121.png","image-121","1912.png","real_damaged","托马斯·查尔德中国摄影集（Lothar Lehmann 藏）","","","","3df2b703a23f9dbcea187c16c3c2e8bc0b7219110d18dc51de9fb22688d0f7f3","3df2b703a23f9dbcea187c16c3c2e8bc0b7219110d18dc51de9fb22688d0f7f3","1485","1118","outdoor_scene","RGB","existing_damage","train","images/1912.png"
"1913","image-122.png","image-122","1913.png","real_damaged","托马斯·查尔德中国摄影集（Lothar Lehmann 藏）","","","","12e2da28d500a128a39676dd0b96de9e74643f9468e0b0fa03a86ad8af9695ea","12e2da28d500a128a39676dd0b96de9e74643f9468e0b0fa03a86ad8af9695ea","1521","1085","architecture","RGB","existing_damage","train","images/1913.png"
"1914","image-123.png","image-123","1914.png","real_damaged","托马斯·查尔德中国摄影集（Lothar Lehmann 藏）","","","","c0c4e601baa08e070c6bfa4a991bfacffbd6e8846fb2a6635dcda72822773dfc","c0c4e601baa08e070c6bfa4a991bfacffbd6e8846fb2a6635dcda72822773dfc","1529","1158","architecture","RGB","existing_damage","validation","images/1914.png"
"1915","image-124.png","image-124","1915.png","real_damaged","托马斯·查尔德中国摄影集（Lothar Lehmann 藏）","","","","c2c044225805988d4de457e1ffdbdbfea0a09daf9d067575ad070be36f82fc7c","c2c044225805988d4de457e1ffdbdbfea0a09daf9d067575ad070be36f82fc7c","1485","1156","architecture","RGB","existing_damage","test","images/1915.png"
"1916","image-125.png","image-125","1916.png","real_damaged","托马斯·查尔德中国摄影集（Lothar Lehmann 藏）","","","","b2ffa5cdc1dc58044a9123f6769f6e905a558a07ac92aeb73da5de72e8515e4c","b2ffa5cdc1dc58044a9123f6769f6e905a558a07ac92aeb73da5de72e8515e4c","1498","1162","architecture","RGB","existing_damage","train","images/1916.png"
"1917","image-126.png","image-126","1917.png","real_damaged","托马斯·查尔德中国摄影集（Lothar Lehmann 藏）","","","","71fc685bc07a8c5da60b5898c66da53562009ce314af320e0c50343f6bf7954d","71fc685bc07a8c5da60b5898c66da53562009ce314af320e0c50343f6bf7954d","1152","1473","architecture","RGB","existing_damage","train","images/1917.png"
"1918","image-127.png","image-127","1918.png","real_damaged","托马斯·查尔德中国摄影集（Lothar Lehmann 藏）","","","","acaeed4d5321c463b8eaffe1ec9a6e824bd9892c3d3768b897ba6e7cbab10ebf","acaeed4d5321c463b8eaffe1ec9a6e824bd9892c3d3768b897ba6e7cbab10ebf","1531","1214","architecture","RGB","existing_damage","train","images/1918.png"
"1919","image-128.png","image-128","1919.png","real_damaged","托马斯·查尔德中国摄影集（Lothar Lehmann 藏）","","","","4c7c4e7267c258135aecf98d8b109f6f5e92a75fb853b438be1f71428de78313","4c7c4e7267c258135aecf98d8b109f6f5e92a75fb853b438be1f71428de78313","1507","1157","architecture","RGB","existing_damage","train","images/1919.png"
"1920","image-129.png","image-129","1920.png","real_damaged","托马斯·查尔德中国摄影集（Lothar Lehmann 藏）","","","","0328bed8e37c191907e44acc32375494af5430a0faeb44f884ebb3024f6f8901","0328bed8e37c191907e44acc32375494af5430a0faeb44f884ebb3024f6f8901","1523","1170","architecture","RGB","existing_damage","train","images/1920.png"
"1921","image-130.png","image-130","1921.png","real_damaged","托马斯·查尔德中国摄影集（Lothar Lehmann 藏）","","","","62d656dd098df17d6213f3dbe69e083c5f28f33b66651204ed057a9adb680641","62d656dd098df17d6213f3dbe69e083c5f28f33b66651204ed057a9adb680641","1507","1188","architecture","RGB","existing_damage","train","images/1921.png"
"1922","image-131.png","image-131","1922.png","real_damaged","托马斯·查尔德中国摄影集（Lothar Lehmann 藏）","","","","663266e46f940f6d680d57767c2cebd72e14adf685ee05c4b2eb3c80e5a9fe18","663266e46f940f6d680d57767c2cebd72e14adf685ee05c4b2eb3c80e5a9fe18","1528","1168","architecture","RGB","existing_damage","train","images/1922.png"
"1923","image-132.png","image-132","1923.png","real_damaged","托马斯·查尔德中国摄影集（Lothar Lehmann 藏）","","","","28ad94553964696b056c1928601b2d1a2d2b5a6ba85c1ac7d3ae2af0cb7dd575","28ad94553964696b056c1928601b2d1a2d2b5a6ba85c1ac7d3ae2af0cb7dd575","1161","1521","architecture","RGB","existing_damage","train","images/1923.png"
"1924","image-133.png","image-133","1924.png","real_damaged","托马斯·查尔德中国摄影集（Lothar Lehmann 藏）","","","","54d3ae704131b80e4b08ec0a519a7b0a6da561879ce9f0e00532acc0c24c8bfb","54d3ae704131b80e4b08ec0a519a7b0a6da561879ce9f0e00532acc0c24c8bfb","1523","1156","architecture","RGB","existing_damage","train","images/1924.png"
"1925","image-134.png","image-134","1925.png","real_damaged","托马斯·查尔德中国摄影集（Lothar Lehmann 藏）","","","","c554c200dc03d190445a8998ba6066698a328f47d7e7de5e44a5a2f9a6456384","c554c200dc03d190445a8998ba6066698a328f47d7e7de5e44a5a2f9a6456384","1166","1480","architecture","RGB","existing_damage","train","images/1925.png"
"1926","image-135.png","image-135","1926.png","real_damaged","托马斯·查尔德中国摄影集（Lothar Lehmann 藏）","","","","b326f58a99c91b1918f56447504a1671687c2d94d9df3fcbcca8951ac14897fa","b326f58a99c91b1918f56447504a1671687c2d94d9df3fcbcca8951ac14897fa","1526","1079","other","RGB","existing_damage","test","images/1926.png"
"1927","image-136.png","image-136","1927.png","real_damaged","托马斯·查尔德中国摄影集（Lothar Lehmann 藏）","","","","5aed63da987c234fe423f2a85e24afe8ae5479e534b3c264200f474e9e374ad6","5aed63da987c234fe423f2a85e24afe8ae5479e534b3c264200f474e9e374ad6","1168","1482","architecture","RGB","existing_damage","train","images/1927.png"
"1928","image-137.png","image-137","1928.png","real_damaged","托马斯·查尔德中国摄影集（Lothar Lehmann 藏）","","","","21497f17dde081ee9f72aa2f877b0ba7930a5f22a803bd29b588d22a0d49ae48","21497f17dde081ee9f72aa2f877b0ba7930a5f22a803bd29b588d22a0d49ae48","1273","1650","architecture","RGB","existing_damage","train","images/1928.png"
"1929","image-138.png","image-138","1929.png","real_damaged","托马斯·查尔德中国摄影集（Lothar Lehmann 藏）","","","","2fc3f520096683f7adbadc8feda8527e2763b75d2f239ca353543d65e7232d9c","2fc3f520096683f7adbadc8feda8527e2763b75d2f239ca353543d65e7232d9c","1471","1130","other","RGB","existing_damage","train","images/1929.png"
"1930","image-139.png","image-139","1930.png","real_damaged","托马斯·查尔德中国摄影集（Lothar Lehmann 藏）","","","","5facdbcdf996c34d6c5bbc9eea2a4e1dd44e6c56532ef1b53a76daab2abc216c","313e46b556a103f6bad7fc5af1a1850fd7ee427a3fea985399c59282abf963da","950","1320","architecture","RGB","existing_damage","test","images/1930.png"
"1931","image-140.png","image-140","1931.png","real_damaged","托马斯·查尔德中国摄影集（Lothar Lehmann 藏）","","","","fd97b2c74280ae9368807543ba9d8a4a94e8810377a7430d8937813d2c45548e","fd97b2c74280ae9368807543ba9d8a4a94e8810377a7430d8937813d2c45548e","1459","1137","architecture","RGB","existing_damage","train","images/1931.png"
"1932","image-141.png","image-141","1932.png","real_damaged","托马斯·查尔德中国摄影集（Lothar Lehmann 藏）","","","","6f2c50d00c9c3eb224a474fcdd4b635c791578980592ebc70ddc852da514b88d","6f2c50d00c9c3eb224a474fcdd4b635c791578980592ebc70ddc852da514b88d","1495","1174","architecture","RGB","existing_damage","train","images/1932.png"
"1933","image-142.png","image-142","1933.png","real_damaged","托马斯·查尔德中国摄影集（Lothar Lehmann 藏）","","","","010df3b973d4fbe9772850b828ae2712bc9e10ee4453ec6d3d5a361634a49f5d","010df3b973d4fbe9772850b828ae2712bc9e10ee4453ec6d3d5a361634a49f5d","936","1302","architecture","RGB","existing_damage","test","images/1933.png"
"1934","image-143.png","image-143","1934.png","real_damaged","托马斯·查尔德中国摄影集（Lothar Lehmann 藏）","","","","7be068c3f777d800ac33192d6422d3e229d1d98c7e4aed189e57d5231735ed3b","7be068c3f777d800ac33192d6422d3e229d1d98c7e4aed189e57d5231735ed3b","1504","1166","architecture","RGB","existing_damage","train","images/1934.png"
"1935","image-144.png","image-144","1935.png","real_damaged","托马斯·查尔德中国摄影集（Lothar Lehmann 藏）","","","","614b0adbd969565f6498f12966d6c4ba2b821c182a2e63ae7cde32c86d10c13f","614b0adbd969565f6498f12966d6c4ba2b821c182a2e63ae7cde32c86d10c13f","1156","1515","architecture","RGB","existing_damage","test","images/1935.png"
"1936","image-145.png","image-145","1936.png","real_damaged","托马斯·查尔德中国摄影集（Lothar Lehmann 藏）","","","","54d4a0030c588d26bcd3c6d1518817689363a775e246db325b30de871e1feae3","54d4a0030c588d26bcd3c6d1518817689363a775e246db325b30de871e1feae3","1496","1178","other","RGB","existing_damage","train","images/1936.png"
"1937","image-147.png","image-147","1937.png","real_damaged","托马斯·查尔德中国摄影集（Lothar Lehmann 藏）","","","","8ac190868aefa6bc5a6531c4ae9706107ad34f21dcedc1b80d826cec47b9bad2","8ac190868aefa6bc5a6531c4ae9706107ad34f21dcedc1b80d826cec47b9bad2","1470","1190","architecture","RGB","existing_damage","validation","images/1937.png"
"1938","image-148.png","image-148","1938.png","real_damaged","托马斯·查尔德中国摄影集（Lothar Lehmann 藏）","","","","7cc50847743febfc8333e007c2fa1559b962f89d2e9f9e8a23c790ba8eed7639","7cc50847743febfc8333e007c2fa1559b962f89d2e9f9e8a23c790ba8eed7639","998","1378","architecture","RGB","existing_damage","train","images/1938.png"
"1939","image-149.png","image-149","1939.png","real_damaged","托马斯·查尔德中国摄影集（Lothar Lehmann 藏）","","","","f1630b367405ee6a340f817875914367220046047859c58872cdc3157f8cbbc6","f1630b367405ee6a340f817875914367220046047859c58872cdc3157f8cbbc6","1517","1140","other","RGB","existing_damage","train","images/1939.png"
"1940","image-150.png","image-150","1940.png","real_damaged","托马斯·查尔德中国摄影集（Lothar Lehmann 藏）","","","","13dc46c0ebc71b7674cf4a09486e72cd8d56e9309fa5479a6ab66662b96a7d11","13dc46c0ebc71b7674cf4a09486e72cd8d56e9309fa5479a6ab66662b96a7d11","1421","1156","architecture","RGB","existing_damage","train","images/1940.png"
"1941","image-151.png","image-151","1941.png","real_damaged","托马斯·查尔德中国摄影集（Lothar Lehmann 藏）","","","","b546870b3e83bbfa4b52047119c3160f17771c248c657f07fd159e0940305371","b546870b3e83bbfa4b52047119c3160f17771c248c657f07fd159e0940305371","1489","1157","architecture","RGB","existing_damage","train","images/1941.png"
"1942","image-152.png","image-152","1942.png","real_damaged","托马斯·查尔德中国摄影集（Lothar Lehmann 藏）","","","","467413129114de9b2ec462bd8591ddd3fa2ed06d299b0b54261ff381f8b84d5f","467413129114de9b2ec462bd8591ddd3fa2ed06d299b0b54261ff381f8b84d5f","1471","1138","outdoor_scene","RGB","existing_damage","train","images/1942.png"
"1943","image-153.png","image-153","1943.png","real_damaged","托马斯·查尔德中国摄影集（Lothar Lehmann 藏）","","","","e6f0ca8055c87334ed19dcf98266930fb8e9fdc38748619b1d05178cda4b2f22","e6f0ca8055c87334ed19dcf98266930fb8e9fdc38748619b1d05178cda4b2f22","1078","1525","other","RGB","existing_damage","train","images/1943.png"
"1944","image-154.png","image-154","1944.png","real_damaged","托马斯·查尔德中国摄影集（Lothar Lehmann 藏）","","","","7c092784dfbba925c1036e843aa595705cf19462891f192e610d8508a0757085","7c092784dfbba925c1036e843aa595705cf19462891f192e610d8508a0757085","1487","1142","outdoor_scene","RGB","existing_damage","train","images/1944.png"
"1945","image-155.png","image-155","1945.png","real_damaged","托马斯·查尔德中国摄影集（Lothar Lehmann 藏）","","","","b2f7949c5a6b656e5dcbc699d782a6387ec3f5650e3c6a30cd4c5d7f1b67c68f","b2f7949c5a6b656e5dcbc699d782a6387ec3f5650e3c6a30cd4c5d7f1b67c68f","1139","1485","architecture","RGB","existing_damage","train","images/1945.png"
"1946","image-156.png","image-156","1946.png","real_damaged","托马斯·查尔德中国摄影集（Lothar Lehmann 藏）","","","","48ccbd508444d0d408047a8819a69a2c4562268cd3d67061c391035842650081","48ccbd508444d0d408047a8819a69a2c4562268cd3d67061c391035842650081","1495","1181","architecture","RGB","existing_damage","train","images/1946.png"
"1947","image-157.png","image-157","1947.png","real_damaged","托马斯·查尔德中国摄影集（Lothar Lehmann 藏）","","","","1ae3697bab022f3f916d895ff30bc6747f6f8b224d8634956fc514d6079196a1","1ae3697bab022f3f916d895ff30bc6747f6f8b224d8634956fc514d6079196a1","1489","1168","architecture","RGB","existing_damage","train","images/1947.png"
"1948","image-158.png","image-158","1948.png","real_damaged","托马斯·查尔德中国摄影集（Lothar Lehmann 藏）","","","","7fa321a3a09f9a9360d3a14f1aa72926e18424702dc03e582dddabc568b1dca9","7fa321a3a09f9a9360d3a14f1aa72926e18424702dc03e582dddabc568b1dca9","1190","1473","single_portrait","RGB","existing_damage","train","images/1948.png"
"1949","image-159.png","image-159","1949.png","real_damaged","托马斯·查尔德中国摄影集（Lothar Lehmann 藏）","","","","5dcb7a543a9b9911cb943a72ca20f653014c4e8ebdc2740f6d0ccad35838bdc1","5dcb7a543a9b9911cb943a72ca20f653014c4e8ebdc2740f6d0ccad35838bdc1","1514","1150","outdoor_scene","RGB","existing_damage","train","images/1949.png"
"1950","image-160.png","image-160","1950.png","real_damaged","托马斯·查尔德中国摄影集（Lothar Lehmann 藏）","","","","e59f76f70b906aa49f9105c7928ed4c0197a9aff41869ced94182b7d9b5809f3","e59f76f70b906aa49f9105c7928ed4c0197a9aff41869ced94182b7d9b5809f3","1486","1158","outdoor_scene","RGB","existing_damage","train","images/1950.png"
"1951","image-161.png","image-161","1951.png","real_damaged","托马斯·查尔德中国摄影集（Lothar Lehmann 藏）","","","","c1becf47a14950197ba05e130717e7f4cc4ffeab0d928e7089af639068abf905","c1becf47a14950197ba05e130717e7f4cc4ffeab0d928e7089af639068abf905","1467","1182","architecture","RGB","existing_damage","train","images/1951.png"
"1952","image-162.png","image-162","1952.png","real_damaged","托马斯·查尔德中国摄影集（Lothar Lehmann 藏）","","","","07d66d0bebecd9515a01804cbfa22cfce6a1c03a3f3dcff0e33aff44c525eca8","07d66d0bebecd9515a01804cbfa22cfce6a1c03a3f3dcff0e33aff44c525eca8","1485","1146","outdoor_scene","RGB","existing_damage","train","images/1952.png"
"1953","image-163.png","image-163","1953.png","real_damaged","托马斯·查尔德中国摄影集（Lothar Lehmann 藏）","","","","f3f45c053f393c52b393ca64c45c4381af4c1e5e68efb45b8938357b57c441d6","f3f45c053f393c52b393ca64c45c4381af4c1e5e68efb45b8938357b57c441d6","1367","1133","architecture","RGB","existing_damage","train","images/1953.png"
"1954","image-164.png","image-164","1954.png","real_damaged","托马斯·查尔德中国摄影集（Lothar Lehmann 藏）","","","","8d72d9786b35dc0de0d3aeddd245c9cf8fc5a932b7b35083480ca1f8a851164b","8d72d9786b35dc0de0d3aeddd245c9cf8fc5a932b7b35083480ca1f8a851164b","1453","1157","outdoor_scene","RGB","existing_damage","validation","images/1954.png"
"1955","image-165.png","image-165","1955.png","real_damaged","托马斯·查尔德中国摄影集（Lothar Lehmann 藏）","","","","5de7a944f7fe1e1e60eee26cfae63c8caa5ef3d6b5bdf617080113caf212455a","5de7a944f7fe1e1e60eee26cfae63c8caa5ef3d6b5bdf617080113caf212455a","1457","1125","indoor_scene","RGB","existing_damage","validation","images/1955.png"
"1956","image-166.png","image-166","1956.png","real_damaged","托马斯·查尔德中国摄影集（Lothar Lehmann 藏）","","","","9fcf0fe3d74392fe8d06dd437988ae271a2fea6d0902d8e0c234f804f5c698b8","9fcf0fe3d74392fe8d06dd437988ae271a2fea6d0902d8e0c234f804f5c698b8","1166","1491","architecture","RGB","existing_damage","train","images/1956.png"
"1957","image-167.png","image-167","1957.png","real_damaged","托马斯·查尔德中国摄影集（Lothar Lehmann 藏）","","","","2d7c37c22457dc2daa803a3c5f14841df0a97d400aafb201dca7c418720f1e79","2d7c37c22457dc2daa803a3c5f14841df0a97d400aafb201dca7c418720f1e79","1482","1151","outdoor_scene","RGB","existing_damage","train","images/1957.png"
"1958","image-168.png","image-168","1958.png","real_damaged","托马斯·查尔德中国摄影集（Lothar Lehmann 藏）","","","","026963cbe533cf0ff476ffb49bca188959e6f0a619d876ecdd0d63b4bb2d49b2","026963cbe533cf0ff476ffb49bca188959e6f0a619d876ecdd0d63b4bb2d49b2","1479","1146","outdoor_scene","RGB","existing_damage","train","images/1958.png"
"1959","image-169.png","image-169","1959.png","real_damaged","托马斯·查尔德中国摄影集（Lothar Lehmann 藏）","","","","6f31ddc8538ba2622fd9dfda93ce30910a2c475f6ae599d2de66229b907133a9","6f31ddc8538ba2622fd9dfda93ce30910a2c475f6ae599d2de66229b907133a9","1479","1168","architecture","RGB","existing_damage","test","images/1959.png"
"1960","image-170.png","image-170","1960.png","real_damaged","托马斯·查尔德中国摄影集（Lothar Lehmann 藏）","","","","78f5d1f3b78f9f06fcd7bbc2585c4cbacb726c6136d015ca23431a3348a02ac2","78f5d1f3b78f9f06fcd7bbc2585c4cbacb726c6136d015ca23431a3348a02ac2","1480","1170","outdoor_scene","RGB","existing_damage","train","images/1960.png"
"1961","image-171.png","image-171","1961.png","real_damaged","托马斯·查尔德中国摄影集（Lothar Lehmann 藏）","","","","e8abe51bf1c0f47f024f7908e31e23ef1d226f8a3ac2bb8ad3f319cd405441ce","e8abe51bf1c0f47f024f7908e31e23ef1d226f8a3ac2bb8ad3f319cd405441ce","1150","1422","group_portrait","RGB","existing_damage","train","images/1961.png"
"1962","image-172.png","image-172","1962.png","real_damaged","托马斯·查尔德中国摄影集（Lothar Lehmann 藏）","","","","8cd705bbb4b9ec0047ce509b6e737e86d5050f5f6079f0f7d480818074303537","8cd705bbb4b9ec0047ce509b6e737e86d5050f5f6079f0f7d480818074303537","1060","1284","group_portrait","RGB","existing_damage","train","images/1962.png"
"1963","image-173.png","image-173","1963.png","real_damaged","托马斯·查尔德中国摄影集（Lothar Lehmann 藏）","","","","331a3ec39ce14d47d4f34a4b3a745112fdfd4bd0cf2c22358cf4904f3b135f37","331a3ec39ce14d47d4f34a4b3a745112fdfd4bd0cf2c22358cf4904f3b135f37","1451","1038","group_portrait","RGB","existing_damage","train","images/1963.png"
"1964","image-174.png","image-174","1964.png","real_damaged","托马斯·查尔德中国摄影集（Lothar Lehmann 藏）","","","","82c76e7c2f7765d97156f701514613e3b83d55ac104d9cc76dd2a62896e86383","82c76e7c2f7765d97156f701514613e3b83d55ac104d9cc76dd2a62896e86383","1467","1037","architecture","RGB","existing_damage","test","images/1964.png"
"1965","image-175.png","image-175","1965.png","real_damaged","托马斯·查尔德中国摄影集（Lothar Lehmann 藏）","","","","5019faba096bc5a2f2dce8d1b4281615b01a5ee3b8aa06fc206f25ae827421f6","5019faba096bc5a2f2dce8d1b4281615b01a5ee3b8aa06fc206f25ae827421f6","982","1287","other","RGB","existing_damage","train","images/1965.png"
"1966","image-176.png","image-176","1966.png","real_damaged","托马斯·查尔德中国摄影集（Lothar Lehmann 藏）","","","","d2e577cd27d734a8df8b6f8aa62952e355c7688b995b27189af39018094053f2","d2e577cd27d734a8df8b6f8aa62952e355c7688b995b27189af39018094053f2","1487","1152","architecture","RGB","existing_damage","train","images/1966.png"
"1967","image-177.png","image-177","1967.png","real_damaged","托马斯·查尔德中国摄影集（Lothar Lehmann 藏）","","","","e7f85db381e4ad1729fcd9394d2249ae8c243cd7352bdee4f962d352c963fd38","e7f85db381e4ad1729fcd9394d2249ae8c243cd7352bdee4f962d352c963fd38","1513","1196","group_portrait","RGB","existing_damage","train","images/1967.png"
"1968","image-178.png","image-178","1968.png","real_damaged","托马斯·查尔德中国摄影集（Lothar Lehmann 藏）","","","","e4dfb7725f1e6abed01ca87698a4a8ea61ac192c6394dbd36c0e48eb641e5eeb","e4dfb7725f1e6abed01ca87698a4a8ea61ac192c6394dbd36c0e48eb641e5eeb","1491","1153","architecture","RGB","existing_damage","train","images/1968.png"
"1969","image-179.png","image-179","1969.png","real_damaged","托马斯·查尔德中国摄影集（Lothar Lehmann 藏）","","","","c26c7c953d664e0c72a779ac17dc294e713836d2627c283cdcc6ce50e3905e56","aa757068327cdb6b82be1ed7ea86c41312e963d0ec40fd0a7a58ed25135566b5","1160","1485","outdoor_scene","RGB","existing_damage","train","images/1969.png"
"1970","image-180.png","image-180","1970.png","real_damaged","托马斯·查尔德中国摄影集（Lothar Lehmann 藏）","","","","c68cc32e410b266f3397fe0f063fbb2b8e7fbaa31e2e85119fbc77c1f7c706e8","c68cc32e410b266f3397fe0f063fbb2b8e7fbaa31e2e85119fbc77c1f7c706e8","1283","954","group_portrait","RGB","existing_damage","test","images/1970.png"
"1971","image-181.png","image-181","1971.png","real_damaged","托马斯·查尔德中国摄影集（Lothar Lehmann 藏）","","","","d9e5c19a0f90c96891c3b4da644d36b4ce1dec3976866f4232b66308e9dfbab3","d9e5c19a0f90c96891c3b4da644d36b4ce1dec3976866f4232b66308e9dfbab3","1490","1172","outdoor_scene","RGB","existing_damage","train","images/1971.png"
"1972","image-182.png","image-182","1972.png","real_damaged","托马斯·查尔德中国摄影集（Lothar Lehmann 藏）","","","","6b0ba94f452b2b13b0ef678cfed97daeefed640b9505ba80def7d44e467d6296","6b0ba94f452b2b13b0ef678cfed97daeefed640b9505ba80def7d44e467d6296","1313","967","group_portrait","RGB","existing_damage","train","images/1972.png"
"1973","image-183.png","image-183","1973.png","real_damaged","托马斯·查尔德中国摄影集（Lothar Lehmann 藏）","","","","845cfa5cf9385a83e6c1a6efbcbace88f99607188c4f47677cf1b97f68abb3db","845cfa5cf9385a83e6c1a6efbcbace88f99607188c4f47677cf1b97f68abb3db","1518","1168","architecture","RGB","existing_damage","train","images/1973.png"
"1974","image-184.png","image-184","1974.png","real_damaged","托马斯·查尔德中国摄影集（Lothar Lehmann 藏）","","","","48f2d487144b4fbd20e91eb9ce185f12d4c842a27bafd37f0e5cc31ea9c0e72b","48f2d487144b4fbd20e91eb9ce185f12d4c842a27bafd37f0e5cc31ea9c0e72b","1483","1186","architecture","RGB","existing_damage","train","images/1974.png"
"1975","image-185.png","image-185","1975.png","real_damaged","托马斯·查尔德中国摄影集（Lothar Lehmann 藏）","","","","792fa5a6a8e72a0f350dbc27e46bc103f16b78b564f4356410deec2cb62cc831","792fa5a6a8e72a0f350dbc27e46bc103f16b78b564f4356410deec2cb62cc831","1493","1156","outdoor_scene","RGB","existing_damage","train","images/1975.png"
"1976","image-186.png","image-186","1976.png","real_damaged","托马斯·查尔德中国摄影集（Lothar Lehmann 藏）","","","","7979be0ce6d8f6a032864a6c1896d2b46adc1e4c7867a34b84a75c0a1fda4dcb","7979be0ce6d8f6a032864a6c1896d2b46adc1e4c7867a34b84a75c0a1fda4dcb","1475","1161","outdoor_scene","RGB","existing_damage","train","images/1976.png"
"1977","image-187.png","image-187","1977.png","real_damaged","托马斯·查尔德中国摄影集（Lothar Lehmann 藏）","","","","4e95c96f014ecf8f5e2df5bbb10d074cb3f9b9dcef81f12792881eb474342601","4e95c96f014ecf8f5e2df5bbb10d074cb3f9b9dcef81f12792881eb474342601","1483","1168","architecture","RGB","existing_damage","train","images/1977.png"
"1978","image-188.png","image-188","1978.png","real_damaged","托马斯·查尔德中国摄影集（Lothar Lehmann 藏）","","","","17f0d10e7be9b99679a62f1a4885598e3807e96a6c72f8dfccb46e0777baf5f9","17f0d10e7be9b99679a62f1a4885598e3807e96a6c72f8dfccb46e0777baf5f9","1502","1113","outdoor_scene","RGB","existing_damage","train","images/1978.png"
"1979","image-189.png","image-189","1979.png","real_damaged","托马斯·查尔德中国摄影集（Lothar Lehmann 藏）","","","","118b573e45bb3044d735d4a1a0f544e04c8cf512832ac2bb2c38dd4b712f5200","118b573e45bb3044d735d4a1a0f544e04c8cf512832ac2bb2c38dd4b712f5200","1523","1160","outdoor_scene","RGB","existing_damage","train","images/1979.png"
"1980","image-190.png","image-190","1980.png","real_damaged","托马斯·查尔德中国摄影集（Lothar Lehmann 藏）","","","","747071f8c2f2f75ae1b2b753f6c1ec0453bc823dcdcfbb69929a5a401e3bc345","747071f8c2f2f75ae1b2b753f6c1ec0453bc823dcdcfbb69929a5a401e3bc345","1483","1161","architecture","RGB","existing_damage","train","images/1980.png"
"1981","image-191.png","image-191","1981.png","real_damaged","托马斯·查尔德中国摄影集（Lothar Lehmann 藏）","","","","644e01e1395e9732e793cea5f06172d67c0e3cbdbcc431c7ee409ff903bd5238","644e01e1395e9732e793cea5f06172d67c0e3cbdbcc431c7ee409ff903bd5238","1494","1113","outdoor_scene","RGB","existing_damage","train","images/1981.png"
"1982","image-192.png","image-192","1982.png","real_damaged","托马斯·查尔德中国摄影集（Lothar Lehmann 藏）","","","","9769cd2c7a088849a5a0764ae78f155f1732ff3a325bf677c5db58a6519b1e1a","9769cd2c7a088849a5a0764ae78f155f1732ff3a325bf677c5db58a6519b1e1a","1317","981","group_portrait","RGB","existing_damage","train","images/1982.png"
"1983","image-193.png","image-193","1983.png","real_damaged","托马斯·查尔德中国摄影集（Lothar Lehmann 藏）","","","","3baa63a4ab6ce75ee0c85a94bbb49d30bf9e091e70197c948e49f99fbf3f30ce","3baa63a4ab6ce75ee0c85a94bbb49d30bf9e091e70197c948e49f99fbf3f30ce","1518","1085","architecture","RGB","existing_damage","train","images/1983.png"
"1984","image-194.png","image-194","1984.png","real_damaged","托马斯·查尔德中国摄影集（Lothar Lehmann 藏）","","","","0e8349fdb92bd7e6487ef5ac3e325d49da6276d8d4f246b62f9e70b481f64326","0e8349fdb92bd7e6487ef5ac3e325d49da6276d8d4f246b62f9e70b481f64326","1538","1165","architecture","RGB","existing_damage","train","images/1984.png"
"1985","image-195.png","image-195","1985.png","real_damaged","托马斯·查尔德中国摄影集（Lothar Lehmann 藏）","","","","df496dde9f9ebc142241338f0f1b03fdf9cd7e1e02a7a90e851c2a0de91ff672","df496dde9f9ebc142241338f0f1b03fdf9cd7e1e02a7a90e851c2a0de91ff672","1485","1186","outdoor_scene","RGB","existing_damage","train","images/1985.png"
"1986","image-196.png","image-196","1986.png","real_damaged","托马斯·查尔德中国摄影集（Lothar Lehmann 藏）","","","","d45c53eb2ac2a3c7680f675798f901a09ac37ca9ca671cb859f03762e9607f7d","d45c53eb2ac2a3c7680f675798f901a09ac37ca9ca671cb859f03762e9607f7d","1595","1239","outdoor_scene","RGB","existing_damage","train","images/1986.png"
"1987","image-197.png","image-197","1987.png","real_damaged","托马斯·查尔德中国摄影集（Lothar Lehmann 藏）","","","","364848f505179a7e3f26a887e8369d5b81b584d618790b8a4de36b5d9df8d37e","364848f505179a7e3f26a887e8369d5b81b584d618790b8a4de36b5d9df8d37e","1517","1070","architecture","RGB","existing_damage","train","images/1987.png"
"1988","image-198.png","image-198","1988.png","real_damaged","托马斯·查尔德中国摄影集（Lothar Lehmann 藏）","","","","8840ab91a515fc774418c14bbf7f7e12b8e4a44937b4048487113230462e7df5","8840ab91a515fc774418c14bbf7f7e12b8e4a44937b4048487113230462e7df5","1503","1241","outdoor_scene","RGB","existing_damage","train","images/1988.png"
"1989","image-199.png","image-199","1989.png","real_damaged","托马斯·查尔德中国摄影集（Lothar Lehmann 藏）","","","","d13c1c868ab468d9b94b0120a74b2b895430fdd2dda9d8b6999be92d65c8987b","d13c1c868ab468d9b94b0120a74b2b895430fdd2dda9d8b6999be92d65c8987b","1164","1409","architecture","RGB","existing_damage","train","images/1989.png"
"1990","image-200.png","image-200","1990.png","real_damaged","托马斯·查尔德中国摄影集（Lothar Lehmann 藏）","","","","e57b1671b1d519284bb69075af73a717162e62cae444f4674602063ff689aa7e","e57b1671b1d519284bb69075af73a717162e62cae444f4674602063ff689aa7e","1483","1130","outdoor_scene","RGB","existing_damage","train","images/1990.png"
"1991","image-201.png","image-201","1991.png","real_damaged","托马斯·查尔德中国摄影集（Lothar Lehmann 藏）","","","","e22018755ff18d0cf67bd676db69aaf98ca44fa5612bbe24f4d1c6d97177bbac","e22018755ff18d0cf67bd676db69aaf98ca44fa5612bbe24f4d1c6d97177bbac","1375","1028","architecture","RGB","existing_damage","train","images/1991.png"
"1992","image-202.png","image-202","1992.png","real_damaged","托马斯·查尔德中国摄影集（Lothar Lehmann 藏）","","","","40a326865218b4f5911e7590ccfe52b564563c6892290ba1e10481ee25b4e7f8","40a326865218b4f5911e7590ccfe52b564563c6892290ba1e10481ee25b4e7f8","1504","1088","outdoor_scene","RGB","existing_damage","train","images/1992.png"
"1993","image-203.png","image-203","1993.png","real_damaged","托马斯·查尔德中国摄影集（Lothar Lehmann 藏）","","","","96ecd648bf4cb89939f18fbf8407c4cdb74ede01b975bef111857d223de1a115","96ecd648bf4cb89939f18fbf8407c4cdb74ede01b975bef111857d223de1a115","1516","1246","outdoor_scene","RGB","existing_damage","train","images/1993.png"
"1994","image-204.png","image-204","1994.png","real_damaged","托马斯·查尔德中国摄影集（Lothar Lehmann 藏）","","","","9e8d60cdf9930065930177b4fbfc0de3c3170f4a65769d0a8dbea9e3ea3d3bf1","9e8d60cdf9930065930177b4fbfc0de3c3170f4a65769d0a8dbea9e3ea3d3bf1","1454","1181","outdoor_scene","RGB","existing_damage","train","images/1994.png"
"1995","image-205.png","image-205","1995.png","real_damaged","托马斯·查尔德中国摄影集（Lothar Lehmann 藏）","","","","7c0db711fed1d88f1445dcded2c302def0787b365ba00ed022465e08088161f0","7c0db711fed1d88f1445dcded2c302def0787b365ba00ed022465e08088161f0","1481","1167","architecture","RGB","existing_damage","train","images/1995.png"
"1996","image-206.png","image-206","1996.png","real_damaged","托马斯·查尔德中国摄影集（Lothar Lehmann 藏）","","","","bd3b3594a0486be6a8e7a365bc70786c897eb4b6fd58577c53d2086422289657","bd3b3594a0486be6a8e7a365bc70786c897eb4b6fd58577c53d2086422289657","1484","1173","outdoor_scene","RGB","existing_damage","train","images/1996.png"
"1997","image-207.png","image-207","1997.png","real_damaged","托马斯·查尔德中国摄影集（Lothar Lehmann 藏）","","","","1d67ed8342bb2bc125c9f8900ea7559c290dc316b79cdba4a181acdea4d9baa5","1d67ed8342bb2bc125c9f8900ea7559c290dc316b79cdba4a181acdea4d9baa5","1508","1116","architecture","RGB","existing_damage","test","images/1997.png"
"1998","image-208.png","image-208","1998.png","real_damaged","托马斯·查尔德中国摄影集（Lothar Lehmann 藏）","","","","df4450b93c5cc8b46e7a1b1cf67466377b22685f76292aae7b1a19f000e9689c","df4450b93c5cc8b46e7a1b1cf67466377b22685f76292aae7b1a19f000e9689c","1219","1603","outdoor_scene","RGB","existing_damage","train","images/1998.png"
"1999","image-209.png","image-209","1999.png","real_damaged","托马斯·查尔德中国摄影集（Lothar Lehmann 藏）","","","","341d945eba0224980958e21bd115c58f380343c93b411229d81518f68f40b28e","341d945eba0224980958e21bd115c58f380343c93b411229d81518f68f40b28e","1240","1594","outdoor_scene","RGB","existing_damage","train","images/1999.png"
"2000","image-210.png","image-210","2000.png","real_damaged","托马斯·查尔德中国摄影集（Lothar Lehmann 藏）","","","","91885d7a383da41e927c80a1185cad3013211a29fa3aec7efdcb8874e2db9d1a","91885d7a383da41e927c80a1185cad3013211a29fa3aec7efdcb8874e2db9d1a","1504","1232","outdoor_scene","RGB","existing_damage","train","images/2000.png"
"2001","image-211.png","image-211","2001.png","real_damaged","托马斯·查尔德中国摄影集（Lothar Lehmann 藏）","","","","15a213b1ab22b6cc5c07c972b8cdf73f8e6aeb3c2de9369af55301bb17e7ebd4","15a213b1ab22b6cc5c07c972b8cdf73f8e6aeb3c2de9369af55301bb17e7ebd4","1592","1159","outdoor_scene","RGB","existing_damage","validation","images/2001.png"
"2002","image-212.png","image-212","2002.png","real_damaged","托马斯·查尔德中国摄影集（Lothar Lehmann 藏）","","","","8da3b09cdf901a815d585d9d06333200a48b9621e6782d838062abfb698a5db9","8da3b09cdf901a815d585d9d06333200a48b9621e6782d838062abfb698a5db9","1324","1082","outdoor_scene","RGB","existing_damage","train","images/2002.png"
"2003","image-213.png","image-213","2003.png","real_damaged","托马斯·查尔德中国摄影集（Lothar Lehmann 藏）","","","","8ec0c738a05bd139cf427bacb39ed2e6d10411dab34ec540684c7576c608577b","8ec0c738a05bd139cf427bacb39ed2e6d10411dab34ec540684c7576c608577b","1233","1594","architecture","RGB","existing_damage","test","images/2003.png"
"2004","image-214.png","image-214","2004.png","real_damaged","托马斯·查尔德中国摄影集（Lothar Lehmann 藏）","","","","26310dfaabf59deaa8e65936051c1f68b1ee9494efd37aea88ec96b40c6de7d1","26310dfaabf59deaa8e65936051c1f68b1ee9494efd37aea88ec96b40c6de7d1","1488","1205","outdoor_scene","RGB","existing_damage","train","images/2004.png"
"2005","image-215.png","image-215","2005.png","real_damaged","托马斯·查尔德中国摄影集（Lothar Lehmann 藏）","","","","d80be779942b81d3864c7e4820eac4cc33f28302f9e113aae88f2cdb20855250","d80be779942b81d3864c7e4820eac4cc33f28302f9e113aae88f2cdb20855250","1459","1154","outdoor_scene","RGB","existing_damage","train","images/2005.png"
"2006","image-216.png","image-216","2006.png","real_damaged","托马斯·查尔德中国摄影集（Lothar Lehmann 藏）","","","","05c51a1b6f719ca9ed159cf9f3dbd0cf93c423e00f6f9a2a7f3276c74d226538","05c51a1b6f719ca9ed159cf9f3dbd0cf93c423e00f6f9a2a7f3276c74d226538","1405","1140","outdoor_scene","RGB","existing_damage","train","images/2006.png"
"2007","image-217.png","image-217","2007.png","real_damaged","托马斯·查尔德中国摄影集（Lothar Lehmann 藏）","","","","4a7f24913a278afbdb798d07046eb68ef25025546d6c950e36efe2951aeb6b80","4a7f24913a278afbdb798d07046eb68ef25025546d6c950e36efe2951aeb6b80","1506","1147","outdoor_scene","RGB","existing_damage","train","images/2007.png"
"2008","image-218.png","image-218","2008.png","real_damaged","托马斯·查尔德中国摄影集（Lothar Lehmann 藏）","","","","64ad17f2e9ff4d9855f9e1b218a3608fdee61811a5e8d4f5249eedcd5489aa53","64ad17f2e9ff4d9855f9e1b218a3608fdee61811a5e8d4f5249eedcd5489aa53","1489","1130","outdoor_scene","RGB","existing_damage","train","images/2008.png"
"2009","image-219.png","image-219","2009.png","real_damaged","托马斯·查尔德中国摄影集（Lothar Lehmann 藏）","","","","a99d49292ff94f92f65d0e0e412d23b93dc297066523752dd935e5cafc00a68f","a99d49292ff94f92f65d0e0e412d23b93dc297066523752dd935e5cafc00a68f","1014","1258","architecture","RGB","existing_damage","train","images/2009.png"
"2010","image-220.png","image-220","2010.png","real_damaged","托马斯·查尔德中国摄影集（Lothar Lehmann 藏）","","","","9d40e0b1ad9a5419e7d5a83122a2ddf755dba72bb869cac699ca33d9964e11f4","9d40e0b1ad9a5419e7d5a83122a2ddf755dba72bb869cac699ca33d9964e11f4","1177","1442","architecture","RGB","existing_damage","train","images/2010.png"
"2011","image-221.png","image-221","2011.png","real_damaged","托马斯·查尔德中国摄影集（Lothar Lehmann 藏）","","","","a2706478ae6d043ae1fc7614986fe43d763b5467bdc447a630fdc5166ee783df","a2706478ae6d043ae1fc7614986fe43d763b5467bdc447a630fdc5166ee783df","1475","1224","architecture","RGB","existing_damage","train","images/2011.png"
"2012","image-222.png","image-222","2012.png","real_damaged","托马斯·查尔德中国摄影集（Lothar Lehmann 藏）","","","","8d279e900547aeb55240c18938b74ea13074559782fe5c12a90ddeca6c137357","8d279e900547aeb55240c18938b74ea13074559782fe5c12a90ddeca6c137357","1493","1151","architecture","RGB","existing_damage","train","images/2012.png"
"2013","image-223.png","image-223","2013.png","real_damaged","托马斯·查尔德中国摄影集（Lothar Lehmann 藏）","","","","acdfd4e6da3aab6146c8542aa16b72e0f3fdf00de5d6ca609bb074f60111a3ac","acdfd4e6da3aab6146c8542aa16b72e0f3fdf00de5d6ca609bb074f60111a3ac","1489","1182","architecture","RGB","existing_damage","train","images/2013.png"
"2014","image-224.png","image-224","2014.png","real_damaged","托马斯·查尔德中国摄影集（Lothar Lehmann 藏）","","","","2962e3dd0fa991dc283c849477830d033466de593ce67bd5452c8a8aad851e97","2962e3dd0fa991dc283c849477830d033466de593ce67bd5452c8a8aad851e97","1495","1147","indoor_scene","RGB","existing_damage","train","images/2014.png"
"2015","image-225.png","image-225","2015.png","real_damaged","托马斯·查尔德中国摄影集（Lothar Lehmann 藏）","","","","ff5a069393d4b981370cb9d8c305bc20e4d60a5e2cbab0443910210b94c0e0b6","ff5a069393d4b981370cb9d8c305bc20e4d60a5e2cbab0443910210b94c0e0b6","1413","1162","architecture","RGB","existing_damage","train","images/2015.png"
"2016","image-226.png","image-226","2016.png","real_damaged","托马斯·查尔德中国摄影集（Lothar Lehmann 藏）","","","","d3fcdf1be6034e373e187ed1c44b4314f924019c103bd0b6d1a4a433f46ea53a","d3fcdf1be6034e373e187ed1c44b4314f924019c103bd0b6d1a4a433f46ea53a","1372","971","architecture","RGB","existing_damage","train","images/2016.png"
"2017","image-227.png","image-227","2017.png","real_damaged","托马斯·查尔德中国摄影集（Lothar Lehmann 藏）","","","","b50a7ed450035e1ab54deb0b3c0171810f978eab1a3c1e3aee057b3bada067d2","b50a7ed450035e1ab54deb0b3c0171810f978eab1a3c1e3aee057b3bada067d2","1480","1121","outdoor_scene","RGB","existing_damage","train","images/2017.png"
"2018","image-228.png","image-228","2018.png","real_damaged","托马斯·查尔德中国摄影集（Lothar Lehmann 藏）","","","","291aaa562fe181f95500f29f31c3e9f0e116eaa765cf2326a5049aceb4ef98e0","291aaa562fe181f95500f29f31c3e9f0e116eaa765cf2326a5049aceb4ef98e0","1238","1014","architecture","RGB","existing_damage","train","images/2018.png"
"2019","image-229.png","image-229","2019.png","real_damaged","托马斯·查尔德中国摄影集（Lothar Lehmann 藏）","","","","8b0dda24ed2450929ccaf291965ea620cbebcadfa170e030e58d5e9f87bee43b","8b0dda24ed2450929ccaf291965ea620cbebcadfa170e030e58d5e9f87bee43b","1009","1277","outdoor_scene","RGB","existing_damage","train","images/2019.png"
"2020","image-230.png","image-230","2020.png","real_damaged","托马斯·查尔德中国摄影集（Lothar Lehmann 藏）","","","","9cc170823a5cc4683dca145bc81ae81f503fc7cca6c86692dc3965fb66d2a5ee","9cc170823a5cc4683dca145bc81ae81f503fc7cca6c86692dc3965fb66d2a5ee","999","1275","outdoor_scene","RGB","existing_damage","validation","images/2020.png"
"2021","image-231.png","image-231","2021.png","real_damaged","托马斯·查尔德中国摄影集（Lothar Lehmann 藏）","","","","891083f1adc170e57e6e7021f99fc9eae5273a4b39a43e6d45b027028cfff560","891083f1adc170e57e6e7021f99fc9eae5273a4b39a43e6d45b027028cfff560","1397","995","architecture","RGB","existing_damage","test","images/2021.png"
"2022","image-232.png","image-232","2022.png","real_damaged","托马斯·查尔德中国摄影集（Lothar Lehmann 藏）","","","","a930af62d738263e5f2b187628338777f1a7ef10673a2e5d586fcd94110b5743","a930af62d738263e5f2b187628338777f1a7ef10673a2e5d586fcd94110b5743","1297","989","outdoor_scene","RGB","existing_damage","train","images/2022.png"
"2023","image-233.png","image-233","2023.png","real_damaged","托马斯·查尔德中国摄影集（Lothar Lehmann 藏）","","","","d239519921b7e4a7ac46e481cadbc7ff46eb6efbbff4999bb4864ddbb430ca71","d239519921b7e4a7ac46e481cadbc7ff46eb6efbbff4999bb4864ddbb430ca71","1571","1162","outdoor_scene","RGB","existing_damage","train","images/2023.png"
"2024","image-234.png","image-234","2024.png","real_damaged","托马斯·查尔德中国摄影集（Lothar Lehmann 藏）","","","","42fa18394711794e0462114a55ec0839726be2d70137c602c892cb93879f537d","42fa18394711794e0462114a55ec0839726be2d70137c602c892cb93879f537d","1114","1415","outdoor_scene","RGB","existing_damage","test","images/2024.png"
"2025","image-235.png","image-235","2025.png","real_damaged","托马斯·查尔德中国摄影集（Lothar Lehmann 藏）","","","","84725a2e9f8c8d385197cea0cb2a7a59a368419b3ee6ee34af25f27e9462d63f","84725a2e9f8c8d385197cea0cb2a7a59a368419b3ee6ee34af25f27e9462d63f","1008","1245","outdoor_scene","RGB","existing_damage","train","images/2025.png"
"2026","image-236.png","image-236","2026.png","real_damaged","托马斯·查尔德中国摄影集（Lothar Lehmann 藏）","","","","e0662eae5feae6d966cec12d1de12782e57506bb7172d7a2f1d99981f32fd609","e0662eae5feae6d966cec12d1de12782e57506bb7172d7a2f1d99981f32fd609","1251","1020","architecture","RGB","existing_damage","train","images/2026.png"
"2027","image-237.png","image-237","2027.png","real_damaged","托马斯·查尔德中国摄影集（Lothar Lehmann 藏）","","","","e6caded051db76a2ebad41a1e7f8698f4060c61874ab110117cc8023f8876637","e6caded051db76a2ebad41a1e7f8698f4060c61874ab110117cc8023f8876637","1231","1560","outdoor_scene","RGB","existing_damage","train","images/2027.png"
"2028","image-238.png","image-238","2028.png","real_damaged","托马斯·查尔德中国摄影集（Lothar Lehmann 藏）","","","","f230e23adc8fd178f0a7f78a30c1801b7b74dab486ea481867ac735d524e2a19","f230e23adc8fd178f0a7f78a30c1801b7b74dab486ea481867ac735d524e2a19","1036","1462","outdoor_scene","RGB","existing_damage","train","images/2028.png"
"2029","image-239.png","image-239","2029.png","real_damaged","托马斯·查尔德中国摄影集（Lothar Lehmann 藏）","","","","3b253a40562fd93ce32bd1fcc9856817c5e0b99e663580a56c1965cae1d96851","3b253a40562fd93ce32bd1fcc9856817c5e0b99e663580a56c1965cae1d96851","1035","1311","outdoor_scene","RGB","existing_damage","train","images/2029.png"
"2030","image-240.png","image-240","2030.png","real_damaged","托马斯·查尔德中国摄影集（Lothar Lehmann 藏）","","","","d84e8176db6a42e972baf21633d93eee5dba9b4837eb8cb9777a01953e2c72aa","d84e8176db6a42e972baf21633d93eee5dba9b4837eb8cb9777a01953e2c72aa","1234","1556","architecture","RGB","existing_damage","train","images/2030.png"
"2031","image-241.png","image-241","2031.png","real_damaged","托马斯·查尔德中国摄影集（Lothar Lehmann 藏）","","","","c6ce4bb12792f41dc8566d9b878727fedd5a64e99fe4967b2572177004276c99","c6ce4bb12792f41dc8566d9b878727fedd5a64e99fe4967b2572177004276c99","1595","1179","architecture","RGB","existing_damage","train","images/2031.png"
"2032","image-242.png","image-242","2032.png","real_damaged","托马斯·查尔德中国摄影集（Lothar Lehmann 藏）","","","","69a26ab3872f5007c287fcda17bff6d41b611694a55932fe0237f0be4e5853be","69a26ab3872f5007c287fcda17bff6d41b611694a55932fe0237f0be4e5853be","1241","965","outdoor_scene","RGB","existing_damage","train","images/2032.png"
"2033","image-243.png","image-243","2033.png","real_damaged","托马斯·查尔德中国摄影集（Lothar Lehmann 藏）","","","","1b6aa3d8b6a1f30b5359e333f8583416fce60d722dbdf13fdab2722a99709586","1b6aa3d8b6a1f30b5359e333f8583416fce60d722dbdf13fdab2722a99709586","1324","1020","outdoor_scene","RGB","existing_damage","train","images/2033.png"
"2034","image-244.png","image-244","2034.png","real_damaged","托马斯·查尔德中国摄影集（Lothar Lehmann 藏）","","","","f1d576fe92fdf8d2e2452cb576e0b8c20724b5a0795d163df6c5abde4e336600","f1d576fe92fdf8d2e2452cb576e0b8c20724b5a0795d163df6c5abde4e336600","1025","1269","outdoor_scene","RGB","existing_damage","train","images/2034.png"
"2035","image-245.png","image-245","2035.png","real_damaged","托马斯·查尔德中国摄影集（Lothar Lehmann 藏）","","","","556bc8316bdc0b04124db8ff3de85f8472ab0bd858a1045fe8777bf5ee43d639","556bc8316bdc0b04124db8ff3de85f8472ab0bd858a1045fe8777bf5ee43d639","998","1222","outdoor_scene","RGB","existing_damage","train","images/2035.png"
"2036","image-246.png","image-246","2036.png","real_damaged","托马斯·查尔德中国摄影集（Lothar Lehmann 藏）","","","","ac7b64671548270a8e9c423acf57e96842b768f9ba18ca339c173179b0e15c10","ac7b64671548270a8e9c423acf57e96842b768f9ba18ca339c173179b0e15c10","1014","1311","outdoor_scene","RGB","existing_damage","train","images/2036.png"
"2037","image-247.png","image-247","2037.png","real_damaged","托马斯·查尔德中国摄影集（Lothar Lehmann 藏）","","","","8727a17485ddaf89fff4c74d27153181de7c13fae3ce48703b6eeff6a3f07777","8727a17485ddaf89fff4c74d27153181de7c13fae3ce48703b6eeff6a3f07777","1020","1352","architecture","RGB","existing_damage","train","images/2037.png"
"2038","image-248.png","image-248","2038.png","real_damaged","托马斯·查尔德中国摄影集（Lothar Lehmann 藏）","","","","6aae5c02f8b4bad58cebf4497f67c28b475c658fd9614e77c5a904dbce77a24c","6aae5c02f8b4bad58cebf4497f67c28b475c658fd9614e77c5a904dbce77a24c","968","1318","outdoor_scene","RGB","existing_damage","train","images/2038.png"
"2039","image-249.png","image-249","2039.png","real_damaged","托马斯·查尔德中国摄影集（Lothar Lehmann 藏）","","","","89b1b655eec95b58ceff8b27b80fdc44cc98fc8b0c1ea72ddb8f105c64a2a567","89b1b655eec95b58ceff8b27b80fdc44cc98fc8b0c1ea72ddb8f105c64a2a567","1558","1174","outdoor_scene","RGB","existing_damage","train","images/2039.png"
"2040","image-250.png","image-250","2040.png","real_damaged","托马斯·查尔德中国摄影集（Lothar Lehmann 藏）","","","","dbbf52b9413b8630607f5c00577e901fce1aebe374e4311e6eff115c60878013","dbbf52b9413b8630607f5c00577e901fce1aebe374e4311e6eff115c60878013","1627","1168","outdoor_scene","RGB","existing_damage","train","images/2040.png"
"2041","image-251.png","image-251","2041.png","real_damaged","托马斯·查尔德中国摄影集（Lothar Lehmann 藏）","","","","b0fe368beb8f29c074c05f4c6889006be75ec86b701a48be238bc48e30b90613","b0fe368beb8f29c074c05f4c6889006be75ec86b701a48be238bc48e30b90613","1613","1148","outdoor_scene","RGB","existing_damage","train","images/2041.png"
"2042","image-252.png","image-252","2042.png","real_damaged","托马斯·查尔德中国摄影集（Lothar Lehmann 藏）","","","","129a54d788e6583619a7ef02e0fea40ea22aaf96993738f04399081592a92f8b","129a54d788e6583619a7ef02e0fea40ea22aaf96993738f04399081592a92f8b","1022","1368","architecture","RGB","existing_damage","train","images/2042.png"
"2043","image-253.png","image-253","2043.png","real_damaged","托马斯·查尔德中国摄影集（Lothar Lehmann 藏）","","","","5b27867a7fc5144253fed9dea1b244e262fe6ae52326a9230e631fc1302eeaad","5b27867a7fc5144253fed9dea1b244e262fe6ae52326a9230e631fc1302eeaad","1650","1360","architecture","RGB","existing_damage","train","images/2043.png"
"2044","image-254.png","image-254","2044.png","real_damaged","托马斯·查尔德中国摄影集（Lothar Lehmann 藏）","","","","2fb98fcac3be94f5b83b0a759a1d0e14b2e802b3303a0d760156e92f26c969ff","2fb98fcac3be94f5b83b0a759a1d0e14b2e802b3303a0d760156e92f26c969ff","1278","988","architecture","RGB","existing_damage","train","images/2044.png"
"2045","image-255.png","image-255","2045.png","real_damaged","托马斯·查尔德中国摄影集（Lothar Lehmann 藏）","","","","b86e2f0d351caee7c3dc9f9464d44bc89fc6c89bc41968d72fcd533946ef2c88","81d9cfcc3ff6ca2f0142b32363e2daf1233452dfff0a61f9f4c8e6b0248b6b80","1495","1170","architecture","RGB","existing_damage","train","images/2045.png"
"2046","image-256.png","image-256","2046.png","real_damaged","托马斯·查尔德中国摄影集（Lothar Lehmann 藏）","","","","ad647d3e8957855ed225cadc4c133f65099302b1c5a498c2ef0eaa52777091f6","ad647d3e8957855ed225cadc4c133f65099302b1c5a498c2ef0eaa52777091f6","1463","1110","architecture","RGB","existing_damage","train","images/2046.png"
"2047","image-257.png","image-257","2047.png","real_damaged","托马斯·查尔德中国摄影集（Lothar Lehmann 藏）","","","","9b211cc25840e96f8caf03061bd76a4762b3ee38157e21a187c40d2ebaf9e5df","9b211cc25840e96f8caf03061bd76a4762b3ee38157e21a187c40d2ebaf9e5df","1469","1138","architecture","RGB","existing_damage","train","images/2047.png"
"2048","image-258.png","image-258","2048.png","real_damaged","托马斯·查尔德中国摄影集（Lothar Lehmann 藏）","","","","2a52deed273736a3765c3d19d743d56b2c6c0530730be1aa2fa8d96310e49a73","2a52deed273736a3765c3d19d743d56b2c6c0530730be1aa2fa8d96310e49a73","1079","1337","architecture","RGB","existing_damage","test","images/2048.png"
"2049","image-259.png","image-259","2049.png","real_damaged","托马斯·查尔德中国摄影集（Lothar Lehmann 藏）","","","","23bcce79cdcb573ffc0bf5e5ebe95de407dd9a04beb950f7519e705e63727d52","23bcce79cdcb573ffc0bf5e5ebe95de407dd9a04beb950f7519e705e63727d52","1477","1139","architecture","RGB","existing_damage","train","images/2049.png"
"2050","image-260.png","image-260","2050.png","real_damaged","托马斯·查尔德中国摄影集（Lothar Lehmann 藏）","","","","c0c45daa8405893d0e36881bb0dcce58ecdda1f0442df201b5d2dac639c5402d","c0c45daa8405893d0e36881bb0dcce58ecdda1f0442df201b5d2dac639c5402d","1485","1110","outdoor_scene","RGB","existing_damage","train","images/2050.png"
"2051","image-261.png","image-261","2051.png","real_damaged","托马斯·查尔德中国摄影集（Lothar Lehmann 藏）","","","","466023394270790c7fc81d4db660055bad26b54340950c17ea0e618eddde02bd","466023394270790c7fc81d4db660055bad26b54340950c17ea0e618eddde02bd","1476","1151","architecture","RGB","existing_damage","train","images/2051.png"
"2052","image-262.png","image-262","2052.png","real_damaged","托马斯·查尔德中国摄影集（Lothar Lehmann 藏）","","","","803e50f1eab8f2f4256098dcdd2dbfe04d01be189fb504a5b649c1d01dd5a7ac","803e50f1eab8f2f4256098dcdd2dbfe04d01be189fb504a5b649c1d01dd5a7ac","1436","1087","outdoor_scene","RGB","existing_damage","train","images/2052.png"
"2053","image-263.png","image-263","2053.png","real_damaged","托马斯·查尔德中国摄影集（Lothar Lehmann 藏）","","","","0afaaa5e3dd8ef60397a2136bbc88a6815ca38ec51b3d6a496739fb3e7ca92c9","0afaaa5e3dd8ef60397a2136bbc88a6815ca38ec51b3d6a496739fb3e7ca92c9","1142","1380","single_portrait","RGB","existing_damage","train","images/2053.png"
"2054","image-264.png","image-264","2054.png","real_damaged","托马斯·查尔德中国摄影集（Lothar Lehmann 藏）","","","","f60a98efbb7d0a0973c3881e0d12f5d1590dae0eaee65c8f3647ca8fdcf9d9ef","f60a98efbb7d0a0973c3881e0d12f5d1590dae0eaee65c8f3647ca8fdcf9d9ef","1262","972","outdoor_scene","RGB","existing_damage","test","images/2054.png"
"2055","image-265.png","image-265","2055.png","real_damaged","托马斯·查尔德中国摄影集（Lothar Lehmann 藏）","","","","b798e6c937d35ba873ffc0201772323c0ab1f289b96c316763360f4fdd333559","b798e6c937d35ba873ffc0201772323c0ab1f289b96c316763360f4fdd333559","1265","986","outdoor_scene","RGB","existing_damage","train","images/2055.png"
"2056","image-266.png","image-266","2056.png","real_damaged","托马斯·查尔德中国摄影集（Lothar Lehmann 藏）","","","","11c69557e79fb925ab4d0b262745654e4a66e242814af83848ea3e45740cb315","11c69557e79fb925ab4d0b262745654e4a66e242814af83848ea3e45740cb315","1293","960","group_portrait","RGB","existing_damage","train","images/2056.png"
"2057","image-267.png","image-267","2057.png","real_damaged","托马斯·查尔德中国摄影集（Lothar Lehmann 藏）","","","","4505d12dceb8ba4805d9919cfa57eefb19e975b19b2cb964f241caef058b9f21","4505d12dceb8ba4805d9919cfa57eefb19e975b19b2cb964f241caef058b9f21","1063","1345","single_portrait","RGB","existing_damage","train","images/2057.png"
"2058","image-268.png","image-268","2058.png","real_damaged","托马斯·查尔德中国摄影集（Lothar Lehmann 藏）","","","","154a3e6b73f63ccdae3fc6bae8339292ca7cd19628104f5b652d11f9cb08f15d","154a3e6b73f63ccdae3fc6bae8339292ca7cd19628104f5b652d11f9cb08f15d","1475","1143","architecture","RGB","existing_damage","train","images/2058.png"
"2059","image-269.png","image-269","2059.png","real_damaged","托马斯·查尔德中国摄影集（Lothar Lehmann 藏）","","","","9b6aa556852ae105c7022d36bf60324373554e59c13a41837672262b8f39a186","9b6aa556852ae105c7022d36bf60324373554e59c13a41837672262b8f39a186","1475","1139","outdoor_scene","RGB","existing_damage","train","images/2059.png"
"2060","image-270.png","image-270","2060.png","real_damaged","托马斯·查尔德中国摄影集（Lothar Lehmann 藏）","","","","c6eea67dfe51cbf50c3dae73a06088364ef30fa2d5c90e364793549d0a0b7f61","c6eea67dfe51cbf50c3dae73a06088364ef30fa2d5c90e364793549d0a0b7f61","1327","1014","architecture","RGB","existing_damage","test","images/2060.png"
"2061","image-271.png","image-271","2061.png","real_damaged","托马斯·查尔德中国摄影集（Lothar Lehmann 藏）","","","","d1c989e914e49ef5675ac0f6331f1e017dd3f95fdb990afc2fcd6bac0d038e7d","d1c989e914e49ef5675ac0f6331f1e017dd3f95fdb990afc2fcd6bac0d038e7d","1421","1119","outdoor_scene","RGB","existing_damage","train","images/2061.png"
"2062","image-272.png","image-272","2062.png","real_damaged","托马斯·查尔德中国摄影集（Lothar Lehmann 藏）","","","","e6149aa64f5c908adc4d46abb74b0bf9fb6915c9c8b912dd0fced27c9ae188ba","e6149aa64f5c908adc4d46abb74b0bf9fb6915c9c8b912dd0fced27c9ae188ba","1460","1146","architecture","RGB","existing_damage","validation","images/2062.png"
"2063","image-273.png","image-273","2063.png","real_damaged","托马斯·查尔德中国摄影集（Lothar Lehmann 藏）","","","","74498199523edcb51e18547442f8c1a5dfc5cb3dd14ebad0d250194200eef215","74498199523edcb51e18547442f8c1a5dfc5cb3dd14ebad0d250194200eef215","1320","1012","architecture","RGB","existing_damage","train","images/2063.png"
"2064","image-274.png","image-274","2064.png","real_damaged","托马斯·查尔德中国摄影集（Lothar Lehmann 藏）","","","","ff7d92b86ac5ec52907c2076ca808a84390292d382bd001a540707879f521e3d","ff7d92b86ac5ec52907c2076ca808a84390292d382bd001a540707879f521e3d","1081","1391","architecture","RGB","existing_damage","train","images/2064.png"
"2065","image-275.png","image-275","2065.png","real_damaged","托马斯·查尔德中国摄影集（Lothar Lehmann 藏）","","","","f7af2adf3403b31386b8c6913ae2b3c2f3fbe346baea6b79575e237a34fe2c12","f7af2adf3403b31386b8c6913ae2b3c2f3fbe346baea6b79575e237a34fe2c12","1354","990","other","RGB","existing_damage","train","images/2065.png"
"2066","image-276.png","image-276","2066.png","real_damaged","托马斯·查尔德中国摄影集（Lothar Lehmann 藏）","","","","eae10a7851037f5e4f68243a6dc90132fd19858b5ea7c8b81216f83857c7f237","eae10a7851037f5e4f68243a6dc90132fd19858b5ea7c8b81216f83857c7f237","1481","1121","group_portrait","RGB","existing_damage","train","images/2066.png"
"2067","image-277.png","image-277","2067.png","real_damaged","托马斯·查尔德中国摄影集（Lothar Lehmann 藏）","","","","99961064768550fb76c223186c5f5d370dbeddaf47500cc529d5d9f01db981ba","99961064768550fb76c223186c5f5d370dbeddaf47500cc529d5d9f01db981ba","1453","1073","architecture","RGB","existing_damage","train","images/2067.png"
"2068","image-278.png","image-278","2068.png","real_damaged","托马斯·查尔德中国摄影集（Lothar Lehmann 藏）","","","","cd7d240ef907ff3c9ae5479748d0efe0fa8921be94825cc82b3ead025d133949","cd7d240ef907ff3c9ae5479748d0efe0fa8921be94825cc82b3ead025d133949","1199","990","architecture","RGB","existing_damage","train","images/2068.png"
"2069","image-279.png","image-279","2069.png","real_damaged","托马斯·查尔德中国摄影集（Lothar Lehmann 藏）","","","","d7d3e6ec9e47c822620b607b1a0695fdd57daf5ff73cec445c9d0f79f51971ea","d7d3e6ec9e47c822620b607b1a0695fdd57daf5ff73cec445c9d0f79f51971ea","1410","1096","outdoor_scene","RGB","existing_damage","test","images/2069.png"
"2070","image-280.png","image-280","2070.png","real_damaged","托马斯·查尔德中国摄影集（Lothar Lehmann 藏）","","","","c47c227a01db84457c337750bd9fd811b1b986f90ed5c8429d79e0ece1a4e5d9","c47c227a01db84457c337750bd9fd811b1b986f90ed5c8429d79e0ece1a4e5d9","1458","1140","architecture","RGB","existing_damage","train","images/2070.png"
"2071","image-281.png","image-281","2071.png","real_damaged","托马斯·查尔德中国摄影集（Lothar Lehmann 藏）","","","","6a6848457ac663ae4ba917e68efed1af18814d7115352e436f0162be6f4ea57e","707bcbfc7acddc9b19bed4a031737e830e212cc925d02f955c7128c46db7bb3f","3457","1400","outdoor_scene","RGB","existing_damage","train","images/2071.png"
"2072","image-282.png","image-282","2072.png","real_damaged","托马斯·查尔德中国摄影集（Lothar Lehmann 藏）","","","","c6ce315bed8fcd32c68aac6622e60110624e7f286da47ad2d35351d2599ac24d","e5e2e99bd57ad9e9fe3690818e57e6a18c2322f404cb0b4945f9584f6f2d724e","3243","1359","outdoor_scene","RGB","existing_damage","test","images/2072.png"
"2073","image-283.png","image-283","2073.png","real_damaged","托马斯·查尔德中国摄影集（Lothar Lehmann 藏）","","","","5e93b956cc6c337179039952a7f31d1d1b49a1d9da41957eacd652724f3a65a1","8b40713a05b252d47572e86f087b77cd2d3bbea19e67be5a4a6fbb11f767ed15","4096","1089","outdoor_scene","RGB","existing_damage","test","images/2073.png"
"2074","image-284.png","image-284","2074.png","real_damaged","托马斯·查尔德中国摄影集（Lothar Lehmann 藏）","","","","a8c0cf486ca47eba62a4959b821d5221a0a0d3c5d20d1f965095bc01879e3c84","450926988d54a626002321fefa4f2c0390be02ee662761ebf29226f5876f6c95","3551","1392","outdoor_scene","RGB","existing_damage","test","images/2074.png"
"2075","image-285.png","image-285","2075.png","real_damaged","托马斯·查尔德中国摄影集（Lothar Lehmann 藏）","","","","e2effeae35fc2d1245372061b9a5e0b0918d4b21dac5722920ca350a2aa3624c","e2effeae35fc2d1245372061b9a5e0b0918d4b21dac5722920ca350a2aa3624c","1745","1324","group_portrait","RGB","existing_damage","train","images/2075.png"
"2076","image-286.png","image-286","2076.png","real_damaged","托马斯·查尔德中国摄影集（Lothar Lehmann 藏）","","","","53933e4bcde1572bd0b76d36c96488fe15b5db7d6a17810e4cb3e741bc33c95a","53933e4bcde1572bd0b76d36c96488fe15b5db7d6a17810e4cb3e741bc33c95a","1666","1310","group_portrait","RGB","existing_damage","validation","images/2076.png"
"2077","image-287.png","image-287","2077.png","real_damaged","托马斯·查尔德中国摄影集（Lothar Lehmann 藏）","","","","bd98763b5f05c5cd653c9de28e894bca627a1aa355553eacaa689e35586336b1","66c8caf9f276933b95b84d19fcc167f52006b75e04d0054aae64f4333b147b9a","1805","1318","group_portrait","RGB","existing_damage","train","images/2077.png"
"2078","image-288.png","image-288","2078.png","real_damaged","托马斯·查尔德中国摄影集（Lothar Lehmann 藏）","","","","acd9e5c8cf9e99a547129c51c7d275359ac8d3730f2ac91c99e781b8e478d637","acd9e5c8cf9e99a547129c51c7d275359ac8d3730f2ac91c99e781b8e478d637","1328","1740","outdoor_scene","RGB","existing_damage","train","images/2078.png"
"2079","image-289.png","image-289","2079.png","real_damaged","托马斯·查尔德中国摄影集（Lothar Lehmann 藏）","","","","ec7425c184c60b0afd552d8f24ba99e43aeefaeddfbe4b2b70ecc7f203bb7497","ec7425c184c60b0afd552d8f24ba99e43aeefaeddfbe4b2b70ecc7f203bb7497","1695","1307","outdoor_scene","RGB","existing_damage","train","images/2079.png"
"2080","image-290.png","image-290","2080.png","real_damaged","托马斯·查尔德中国摄影集（Lothar Lehmann 藏）","","","","a0bd109e9930d5c7522e8b5bc5c3aade0e446ac97b2f8819e62de7326d9d10b6","a0bd109e9930d5c7522e8b5bc5c3aade0e446ac97b2f8819e62de7326d9d10b6","1387","1105","architecture","RGB","existing_damage","train","images/2080.png"
"2081","image-291.png","image-291","2081.png","real_damaged","托马斯·查尔德中国摄影集（Lothar Lehmann 藏）","","","","4c2259508b22034aa740b165fb6fab74d0cac1718a921a89d7cd31f9aab437d0","4c2259508b22034aa740b165fb6fab74d0cac1718a921a89d7cd31f9aab437d0","1792","1399","outdoor_scene","RGB","existing_damage","test","images/2081.png"
"2082","image-292.png","image-292","2082.png","real_damaged","托马斯·查尔德中国摄影集（Lothar Lehmann 藏）","","","","4971b31772c67ab8751f8b7308c06e0151091d72147e6ec13c989c81271a9af7","4971b31772c67ab8751f8b7308c06e0151091d72147e6ec13c989c81271a9af7","1534","1178","outdoor_scene","RGB","existing_damage","train","images/2082.png"
"2083","image-293.png","image-293","2083.png","real_damaged","托马斯·查尔德中国摄影集（Lothar Lehmann 藏）","","","","c29a959b5cb8d32d551c518ea705435ace9db7c4f4596d86e174e4595e0ee31f","c29a959b5cb8d32d551c518ea705435ace9db7c4f4596d86e174e4595e0ee31f","1490","1150","architecture","RGB","existing_damage","train","images/2083.png"
"2084","image-294.png","image-294","2084.png","real_damaged","托马斯·查尔德中国摄影集（Lothar Lehmann 藏）","","","","5ece0c4e381b54b7fa326a00f13d2ee053d4253461ada9a7bfeb650de68d5cae","5ece0c4e381b54b7fa326a00f13d2ee053d4253461ada9a7bfeb650de68d5cae","1385","1057","architecture","RGB","existing_damage","train","images/2084.png"
"2085","image-295.png","image-295","2085.png","real_damaged","托马斯·查尔德中国摄影集（Lothar Lehmann 藏）","","","","bbc63d40c52d6cae1705c571999c0e34cfa3f7213cf86669b30c44ab815d6a66","bbc63d40c52d6cae1705c571999c0e34cfa3f7213cf86669b30c44ab815d6a66","1759","1264","outdoor_scene","RGB","existing_damage","test","images/2085.png"
"2086","image-296.png","image-296","2086.png","real_damaged","托马斯·查尔德中国摄影集（Lothar Lehmann 藏）","","","","bcfbfd858bf9200c1e9b2d2613b82d62579ddb186c757f37a466392d690efbfe","bcfbfd858bf9200c1e9b2d2613b82d62579ddb186c757f37a466392d690efbfe","1188","968","outdoor_scene","RGB","existing_damage","train","images/2086.png"
"2087","image-297.png","image-297","2087.png","real_damaged","托马斯·查尔德中国摄影集（Lothar Lehmann 藏）","","","","377b901092adb931971b5571e143e755381e476d18a840402c3c309ba516ef2a","377b901092adb931971b5571e143e755381e476d18a840402c3c309ba516ef2a","1035","1318","architecture","RGB","existing_damage","train","images/2087.png"
"2088","image-298.png","image-298","2088.png","real_damaged","托马斯·查尔德中国摄影集（Lothar Lehmann 藏）","","","","95ff9661fd8bca281d7c8f2f9bde07518bde1b9e903fb76297bfbb10364dd739","95ff9661fd8bca281d7c8f2f9bde07518bde1b9e903fb76297bfbb10364dd739","1033","1259","indoor_scene","RGB","existing_damage","train","images/2088.png"
"2089","image-299.png","image-299","2089.png","real_damaged","托马斯·查尔德中国摄影集（Lothar Lehmann 藏）","","","","df437973ad6d5aa87f32e71397e0fbdf0c4125f0f5102df4e1f950ce2c9ae052","df437973ad6d5aa87f32e71397e0fbdf0c4125f0f5102df4e1f950ce2c9ae052","1389","1131","group_portrait","RGB","existing_damage","validation","images/2089.png"
"2090","image-300.png","image-300","2090.png","real_damaged","托马斯·查尔德中国摄影集（Lothar Lehmann 藏）","","","","6df85fba3bb6322d96e945f76e38f3f22415a75c8113c396e5b208f2f318f51c","6df85fba3bb6322d96e945f76e38f3f22415a75c8113c396e5b208f2f318f51c","1668","1232","outdoor_scene","RGB","existing_damage","train","images/2090.png"
"2091","image-301.png","image-301","2091.png","real_damaged","托马斯·查尔德中国摄影集（Lothar Lehmann 藏）","","","","a09abef1a509660df0746e5e5ead24be24fcbed142304ce637ad6453172b965f","a09abef1a509660df0746e5e5ead24be24fcbed142304ce637ad6453172b965f","1780","1278","outdoor_scene","RGB","existing_damage","train","images/2091.png"
"2092","image-302.png","image-302","2092.png","real_damaged","托马斯·查尔德中国摄影集（Lothar Lehmann 藏）","","","","9f740c53e54b088fe0a8060b71bae6209fff48736e7aac29669621b6c0c806db","9f740c53e54b088fe0a8060b71bae6209fff48736e7aac29669621b6c0c806db","1000","1327","outdoor_scene","RGB","existing_damage","train","images/2092.png"
"2093","image-303.png","image-303","2093.png","real_damaged","托马斯·查尔德中国摄影集（Lothar Lehmann 藏）","","","","95cc45997b05dbb7719994be7e528b5a7d4f53bc4ad0542393d63d37da6d7a4c","95cc45997b05dbb7719994be7e528b5a7d4f53bc4ad0542393d63d37da6d7a4c","1633","1191","outdoor_scene","RGB","existing_damage","train","images/2093.png"
"2094","image-304.png","image-304","2094.png","real_damaged","托马斯·查尔德中国摄影集（Lothar Lehmann 藏）","","","","66da9a4f911c35b66a3839055d06738856a0b9f1afe93626b317aded6431c3e8","66da9a4f911c35b66a3839055d06738856a0b9f1afe93626b317aded6431c3e8","1354","1116","outdoor_scene","RGB","existing_damage","train","images/2094.png"
"2095","image-305.png","image-305","2095.png","real_damaged","托马斯·查尔德中国摄影集（Lothar Lehmann 藏）","","","","8feb746a964a54a057a5ce45ae54e9be49874ae6019b16b45ed00ec5f0d4af97","f5595ad3a840f7509527bc51a357cc1efe008a289c78496f061e7187a3a621bc","1796","1406","outdoor_scene","RGB","existing_damage","train","images/2095.png"
"2096","image-306.png","image-306","2096.png","real_damaged","托马斯·查尔德中国摄影集（Lothar Lehmann 藏）","","","","8128337976e67572de43f69c2297043519f12bcdfe604377c3863356e07107cc","8128337976e67572de43f69c2297043519f12bcdfe604377c3863356e07107cc","1282","974","architecture","RGB","existing_damage","train","images/2096.png"
"2097","image-307.png","image-307","2097.png","real_damaged","托马斯·查尔德中国摄影集（Lothar Lehmann 藏）","","","","81c46fdb679d17be2e69bfd05b2453d94536f47cf89928783c973428b5296e71","81c46fdb679d17be2e69bfd05b2453d94536f47cf89928783c973428b5296e71","1261","967","outdoor_scene","RGB","existing_damage","train","images/2097.png"
"2098","image-308.png","image-308","2098.png","real_damaged","托马斯·查尔德中国摄影集（Lothar Lehmann 藏）","","","","ef598d807beb356d4db6a66a4f3cdf360c2ab8e8a1effeccab71508bd9c69301","ef598d807beb356d4db6a66a4f3cdf360c2ab8e8a1effeccab71508bd9c69301","1488","1050","architecture","RGB","existing_damage","train","images/2098.png"
"2099","image-309.png","image-309","2099.png","real_damaged","托马斯·查尔德中国摄影集（Lothar Lehmann 藏）","","","","4d866978530b95d0563cf5810ff6017b3699e994d8b20b2622bce9c313a54e06","f0a2208ae970425726e93980bd006e867189eacd714bba9a7d39284839fc3be0","1755","1405","architecture","RGB","existing_damage","train","images/2099.png"
"2100","image-310.png","image-310","2100.png","real_damaged","托马斯·查尔德中国摄影集（Lothar Lehmann 藏）","","","","71b30cf8079522b36051e63c093382f994a902bb8ee3b67e4b11418a4fb7d104","71b30cf8079522b36051e63c093382f994a902bb8ee3b67e4b11418a4fb7d104","1407","1044","outdoor_scene","RGB","existing_damage","train","images/2100.png"
"2101","image-311.png","image-311","2101.png","real_damaged","托马斯·查尔德中国摄影集（Lothar Lehmann 藏）","","","","ca6f6b93851f4bfc7c141fd6e7e3c0d16aa4e4044973e9bc05164a2293f5a334","ca6f6b93851f4bfc7c141fd6e7e3c0d16aa4e4044973e9bc05164a2293f5a334","1764","1320","outdoor_scene","RGB","existing_damage","validation","images/2101.png"
"2102","image-312.png","image-312","2102.png","real_damaged","托马斯·查尔德中国摄影集（Lothar Lehmann 藏）","","","","bc9f7d9e32b5b7cc5e4e1b1d783527d4b026d0d11f57d30ac8e838d65083022c","bc9f7d9e32b5b7cc5e4e1b1d783527d4b026d0d11f57d30ac8e838d65083022c","1362","1106","outdoor_scene","RGB","existing_damage","train","images/2102.png"
"2103","image-313.png","image-313","2103.png","real_damaged","托马斯·查尔德中国摄影集（Lothar Lehmann 藏）","","","","f48d471a1679a9d3e23d00432ab6e4e5d968f3a07a4ed619e17be5ff45c6e7b2","f48d471a1679a9d3e23d00432ab6e4e5d968f3a07a4ed619e17be5ff45c6e7b2","1785","1323","outdoor_scene","RGB","existing_damage","train","images/2103.png"
"2104","image-314.png","image-314","2104.png","real_damaged","托马斯·查尔德中国摄影集（Lothar Lehmann 藏）","","","","169d5b4f5e80b4c8a00c6399e7b5607e375dac7484df605b6095421bb38e1552","169d5b4f5e80b4c8a00c6399e7b5607e375dac7484df605b6095421bb38e1552","1184","964","architecture","RGB","existing_damage","train","images/2104.png"
"2105","image-315.png","image-315","2105.png","real_damaged","托马斯·查尔德中国摄影集（Lothar Lehmann 藏）","","","","1617024c5ede4c385a6c5963fa931f26ed486d02d28fd6e7166d35b02de8b8ed","1617024c5ede4c385a6c5963fa931f26ed486d02d28fd6e7166d35b02de8b8ed","1714","1229","architecture","RGB","existing_damage","train","images/2105.png"
"2106","image-316.png","image-316","2106.png","real_damaged","托马斯·查尔德中国摄影集（Lothar Lehmann 藏）","","","","02d3725bdd46aa84cd9135ec07683500805ae1ad15c8957145be4f8a54cf0723","02d3725bdd46aa84cd9135ec07683500805ae1ad15c8957145be4f8a54cf0723","1221","966","outdoor_scene","RGB","existing_damage","train","images/2106.png"
"2107","image-317.png","image-317","2107.png","real_damaged","托马斯·查尔德中国摄影集（Lothar Lehmann 藏）","","","","0a6afed82579a56490d164c060e76bb53ccaef228ba486a0f34c710e39fd48c4","0a6afed82579a56490d164c060e76bb53ccaef228ba486a0f34c710e39fd48c4","1615","1151","outdoor_scene","RGB","existing_damage","train","images/2107.png"
"2108","image-318.png","image-318","2108.png","real_damaged","托马斯·查尔德中国摄影集（Lothar Lehmann 藏）","","","","b226fcb81f6ee46c65f09cfd2e72539316bfb5a89f85c04346c3843e3dbe5598","b226fcb81f6ee46c65f09cfd2e72539316bfb5a89f85c04346c3843e3dbe5598","1279","968","architecture","RGB","existing_damage","test","images/2108.png"
"2109","image-319.png","image-319","2109.png","real_damaged","托马斯·查尔德中国摄影集（Lothar Lehmann 藏）","","","","1797b003090cb2e2c8c79b8c33f33aa1a4fbd7e75fe9b862b1930c16490da218","1797b003090cb2e2c8c79b8c33f33aa1a4fbd7e75fe9b862b1930c16490da218","1797","1305","outdoor_scene","RGB","existing_damage","train","images/2109.png"
"2110","image-320.png","image-320","2110.png","real_damaged","托马斯·查尔德中国摄影集（Lothar Lehmann 藏）","","","","ff8d9333202d600175842779682b0d82d4bb506148b0626aa177d713c2d44d18","ff8d9333202d600175842779682b0d82d4bb506148b0626aa177d713c2d44d18","1616","1180","outdoor_scene","RGB","existing_damage","test","images/2110.png"
"2111","image-321.png","image-321","2111.png","real_damaged","托马斯·查尔德中国摄影集（Lothar Lehmann 藏）","","","","c379b7d9c8f843dac8c427945242b45dd903a303f7d07f22d94ce2040308afb6","c379b7d9c8f843dac8c427945242b45dd903a303f7d07f22d94ce2040308afb6","1188","975","outdoor_scene","RGB","existing_damage","train","images/2111.png"
"2112","image-322.png","image-322","2112.png","real_damaged","托马斯·查尔德中国摄影集（Lothar Lehmann 藏）","","","","8c888cc72aabf8efc81788eacf3167f0d70d49fff91236741a0a29c3f0e5133f","8c888cc72aabf8efc81788eacf3167f0d70d49fff91236741a0a29c3f0e5133f","1575","1149","outdoor_scene","RGB","existing_damage","train","images/2112.png"
"2113","image-323.png","image-323","2113.png","real_damaged","托马斯·查尔德中国摄影集（Lothar Lehmann 藏）","","","","156049aa60061dd2a4b580569e7702c59c22b57a1765b671caeca3aa5df130e0","156049aa60061dd2a4b580569e7702c59c22b57a1765b671caeca3aa5df130e0","1658","1169","outdoor_scene","RGB","existing_damage","train","images/2113.png"
"2114","image-324.png","image-324","2114.png","real_damaged","托马斯·查尔德中国摄影集（Lothar Lehmann 藏）","","","","7cef191e612f848bd3023a0c10690eaf94f1b54bcc6d10d532261e2fc9ef99bb","7cef191e612f848bd3023a0c10690eaf94f1b54bcc6d10d532261e2fc9ef99bb","1275","982","outdoor_scene","RGB","existing_damage","validation","images/2114.png"
"2115","image-325.png","image-325","2115.png","real_damaged","托马斯·查尔德中国摄影集（Lothar Lehmann 藏）","","","","b5ec0ca3a2e5081044b44e9e2eaa11da3878ef76030b603334c9dd7747f90c18","f150312a6711618a99de846b6da967e6a3bcb1a63442bb716c85a4f193c7f570","3333","1089","outdoor_scene","RGB","existing_damage","train","images/2115.png"
"2116","image-326.png","image-326","2116.png","real_damaged","托马斯·查尔德中国摄影集（Lothar Lehmann 藏）","","","","bf8f865c933ec1583ce4257462e911b4d192635c3af3aa68aa7ba72cce85fa18","3b88ecf5475c80615a30b34f7dc758ce6a5f151da8b64aebfc39e641b807744d","3437","1225","outdoor_scene","RGB","existing_damage","train","images/2116.png"
"2117","image-327.png","image-327","2117.png","real_damaged","托马斯·查尔德中国摄影集（Lothar Lehmann 藏）","","","","90972f513136fbd65c386719f6a8b2830323a6c2263e6ff921820893175da912","90972f513136fbd65c386719f6a8b2830323a6c2263e6ff921820893175da912","1778","1301","group_portrait","RGB","existing_damage","train","images/2117.png"
"2118","image-328.png","image-328","2118.png","real_damaged","托马斯·查尔德中国摄影集（Lothar Lehmann 藏）","","","","560688672f691d8b4bb814074a3f9a6854f9482613e098cd746629b35bca9900","560688672f691d8b4bb814074a3f9a6854f9482613e098cd746629b35bca9900","1473","1055","group_portrait","RGB","existing_damage","train","images/2118.png"
"2119","image-329.png","image-329","2119.png","real_damaged","托马斯·查尔德中国摄影集（Lothar Lehmann 藏）","","","","98129edb9fbcc6d8a4734e8ab2c87da7e700b5552e0ef1277732a6162aa74677","98129edb9fbcc6d8a4734e8ab2c87da7e700b5552e0ef1277732a6162aa74677","1787","1393","group_portrait","RGB","existing_damage","validation","images/2119.png"
"2120","image-330.png","image-330","2120.png","real_damaged","托马斯·查尔德中国摄影集（Lothar Lehmann 藏）","","","","b40a54186f86108a12ff2fa1afcec821c7c072c745f89abf0a5a56596671cec7","b40a54186f86108a12ff2fa1afcec821c7c072c745f89abf0a5a56596671cec7","1661","1266","group_portrait","RGB","existing_damage","train","images/2120.png"
"2121","image-331.png","image-331","2121.png","real_damaged","托马斯·查尔德中国摄影集（Lothar Lehmann 藏）","","","","095a211b5493a6c488747bdecaae1425f9b4bb7cc8092b82f57f0188a00e6a3a","095a211b5493a6c488747bdecaae1425f9b4bb7cc8092b82f57f0188a00e6a3a","1424","1108","architecture","RGB","existing_damage","validation","images/2121.png"
"2122","image-332.png","image-332","2122.png","real_damaged","托马斯·查尔德中国摄影集（Lothar Lehmann 藏）","","","","e5c9b480a1bc94b6c9d1009338aaf4164c8a556fcc796117f7f1109344f4cc77","e5c9b480a1bc94b6c9d1009338aaf4164c8a556fcc796117f7f1109344f4cc77","1529","1186","outdoor_scene","RGB","existing_damage","train","images/2122.png"
"2123","image-333.png","image-333","2123.png","real_damaged","托马斯·查尔德中国摄影集（Lothar Lehmann 藏）","","","","6668b4d3d7ee9389ae588dd3ef62885173f6737d617451850ec843d7573deed2","6668b4d3d7ee9389ae588dd3ef62885173f6737d617451850ec843d7573deed2","1778","1318","architecture","RGB","existing_damage","train","images/2123.png"
"2124","image-334.png","image-334","2124.png","real_damaged","托马斯·查尔德中国摄影集（Lothar Lehmann 藏）","","","","2ee9b7dd1ddcfa9fcf88f071ceefa516502a9feddcc87e1721430f5a9fb74cfe","2ee9b7dd1ddcfa9fcf88f071ceefa516502a9feddcc87e1721430f5a9fb74cfe","1323","1686","architecture","RGB","existing_damage","test","images/2124.png"
"2125","image-335.png","image-335","2125.png","real_damaged","托马斯·查尔德中国摄影集（Lothar Lehmann 藏）","","","","1a4544dae0b779bd3428d3d94dcaba5680312e405bbf025d072f801a8dec97fa","612ca196df451a767400c352827c8ff7f385f5dd2bd9ee6640eddd28f61c6322","1806","1318","architecture","RGB","existing_damage","train","images/2125.png"
"2126","image-336.png","image-336","2126.png","real_damaged","托马斯·查尔德中国摄影集（Lothar Lehmann 藏）","","","","72a3452a267b5da8661bf39e8d03997a8da629ed4bda49b56c1beb730de1148d","fcf2000ec71ab1becae4a23a782990c95fe89c1719811874a42383aea2b366e0","4096","1050","outdoor_scene","RGB","existing_damage","train","images/2126.png"
"2127","image-337.png","image-337","2127.png","real_damaged","托马斯·查尔德中国摄影集（Lothar Lehmann 藏）","","","","967c1630a0cce83451af90cc3d4d5f5cb8c399e8067ab1e1de1c597846073a8a","967c1630a0cce83451af90cc3d4d5f5cb8c399e8067ab1e1de1c597846073a8a","1805","1362","architecture","RGB","existing_damage","test","images/2127.png"
"2128","image-338.png","image-338","2128.png","real_damaged","托马斯·查尔德中国摄影集（Lothar Lehmann 藏）","","","","741f3a77b7b8221b244d24e1982b30316e34b340bf93d521e9e3e3808f7875e0","741f3a77b7b8221b244d24e1982b30316e34b340bf93d521e9e3e3808f7875e0","1698","1252","architecture","RGB","existing_damage","validation","images/2128.png"
"2129","image-339.png","image-339","2129.png","real_damaged","托马斯·查尔德中国摄影集（Lothar Lehmann 藏）","","","","6bd22611513f5b4b6a9775d1f9ddfc650497bc0cd343314c186d343b029ac7f1","6bd22611513f5b4b6a9775d1f9ddfc650497bc0cd343314c186d343b029ac7f1","1563","1288","outdoor_scene","RGB","existing_damage","train","images/2129.png"
"2130","image-340.png","image-340","2130.png","real_damaged","托马斯·查尔德中国摄影集（Lothar Lehmann 藏）","","","","86aee6ff9414ec37a5fee8c590a7fa3d17438248f9dfe2d265f8a7db2aa8fd2b","86aee6ff9414ec37a5fee8c590a7fa3d17438248f9dfe2d265f8a7db2aa8fd2b","1797","1351","architecture","RGB","existing_damage","validation","images/2130.png"
"2131","image-341.png","image-341","2131.png","real_damaged","托马斯·查尔德中国摄影集（Lothar Lehmann 藏）","","","","1c0bc7525d2ab49387f04b7eaaf7ef038ca7b5afc09992576844906265bcbfbe","1c0bc7525d2ab49387f04b7eaaf7ef038ca7b5afc09992576844906265bcbfbe","1016","1270","group_portrait","RGB","existing_damage","train","images/2131.png"
"2132","image-342.png","image-342","2132.png","real_damaged","托马斯·查尔德中国摄影集（Lothar Lehmann 藏）","","","","67cb42f308df56560cc148c4e139be31390077a10c8bba98c7174adbbdc0fed6","67cb42f308df56560cc148c4e139be31390077a10c8bba98c7174adbbdc0fed6","1317","1633","single_portrait","RGB","existing_damage","train","images/2132.png"
"2133","image-343.png","image-343","2133.png","real_damaged","托马斯·查尔德中国摄影集（Lothar Lehmann 藏）","","","","623f8122ffef01396fe6a7172ef2765aa6777bddb95ed034b9c500985524ee1c","623f8122ffef01396fe6a7172ef2765aa6777bddb95ed034b9c500985524ee1c","1306","1647","single_portrait","RGB","existing_damage","train","images/2133.png"
"2134","image-344.png","image-344","2134.png","real_damaged","托马斯·查尔德中国摄影集（Lothar Lehmann 藏）","","","","546806c194f8af86aa4cdaacf92d19390555d467f501cd914dc2e9c8b61ecabe","546806c194f8af86aa4cdaacf92d19390555d467f501cd914dc2e9c8b61ecabe","1626","1298","group_portrait","RGB","existing_damage","train","images/2134.png"
"2135","image-345.png","image-345","2135.png","real_damaged","托马斯·查尔德中国摄影集（Lothar Lehmann 藏）","","","","21f6924a465377f6c37bd66a100c62febbbc281070464bab25e9e6576f2bc147","21f6924a465377f6c37bd66a100c62febbbc281070464bab25e9e6576f2bc147","1670","1338","outdoor_scene","RGB","existing_damage","train","images/2135.png"
"2136","image-346.png","image-346","2136.png","real_damaged","托马斯·查尔德中国摄影集（Lothar Lehmann 藏）","","","","71ca5dc3959c497c133931bfbbe6823983866d777baa58d559b17992c7f485d7","71ca5dc3959c497c133931bfbbe6823983866d777baa58d559b17992c7f485d7","1773","1390","architecture","RGB","existing_damage","train","images/2136.png"
"2137","image-347.png","image-347","2137.png","real_damaged","托马斯·查尔德中国摄影集（Lothar Lehmann 藏）","","","","a9ee2cd14250f9d2ec2717354726f9a03ec25995692c4b3ae75b42715f13d29d","a9ee2cd14250f9d2ec2717354726f9a03ec25995692c4b3ae75b42715f13d29d","1211","987","outdoor_scene","RGB","existing_damage","train","images/2137.png"
"2138","image-348.png","image-348","2138.png","real_damaged","托马斯·查尔德中国摄影集（Lothar Lehmann 藏）","","","","b4eba01e4b3fb795f92b603f7fdf67a996fc1ee871d48ad9ebe12ef9d9353553","b4eba01e4b3fb795f92b603f7fdf67a996fc1ee871d48ad9ebe12ef9d9353553","1775","1307","outdoor_scene","RGB","existing_damage","train","images/2138.png"
"2139","image-349.png","image-349","2139.png","real_damaged","托马斯·查尔德中国摄影集（Lothar Lehmann 藏）","","","","cffc07c109521318126d9df19f258f9f24643223c46ad611e66d230e38b1c258","cffc07c109521318126d9df19f258f9f24643223c46ad611e66d230e38b1c258","1392","1150","architecture","RGB","existing_damage","train","images/2139.png"
"2140","image-350.png","image-350","2140.png","real_damaged","托马斯·查尔德中国摄影集（Lothar Lehmann 藏）","","","","90b01cb8ec3063bc40320c28fb69ad02a562f90918f747a696e7c2db65f3757b","90b01cb8ec3063bc40320c28fb69ad02a562f90918f747a696e7c2db65f3757b","1744","1232","group_portrait","RGB","existing_damage","train","images/2140.png"
"2141","image-351.png","image-351","2141.png","real_damaged","托马斯·查尔德中国摄影集（Lothar Lehmann 藏）","","","","947c2cdd5dbbf36e654725fbebf1efe3d87921abf6581eb166e11ed703daf1a5","947c2cdd5dbbf36e654725fbebf1efe3d87921abf6581eb166e11ed703daf1a5","1579","1300","group_portrait","RGB","existing_damage","validation","images/2141.png"
"2142","image-352.png","image-352","2142.png","real_damaged","托马斯·查尔德中国摄影集（Lothar Lehmann 藏）","","","","255083212460af933ee7920f1441212e278eae4b5006e37868fdd92a702f0b36","255083212460af933ee7920f1441212e278eae4b5006e37868fdd92a702f0b36","1657","1228","group_portrait","RGB","existing_damage","train","images/2142.png"
"2143","image-353.png","image-353","2143.png","real_damaged","托马斯·查尔德中国摄影集（Lothar Lehmann 藏）","","","","46c4753d470af93fbf27b61eab1eb5f6f4f72dfd6534ad78c83971b7f9aa29ea","46c4753d470af93fbf27b61eab1eb5f6f4f72dfd6534ad78c83971b7f9aa29ea","1478","1188","group_portrait","RGB","existing_damage","train","images/2143.png"
"2144","image-354.png","image-354","2144.png","real_damaged","托马斯·查尔德中国摄影集（Lothar Lehmann 藏）","","","","4b18a512615af56e30e21ec923cd85be8f16751924fd6d86073d2878e4731a7d","4b18a512615af56e30e21ec923cd85be8f16751924fd6d86073d2878e4731a7d","1286","1557","single_portrait","RGB","existing_damage","train","images/2144.png"
"2145","image-355.png","image-355","2145.png","real_damaged","托马斯·查尔德中国摄影集（Lothar Lehmann 藏）","","","","1a20c2f8c87af1cea57bcd9f6716b83ae4c3e9c7e4f4649febf6c526c702c0d8","1a20c2f8c87af1cea57bcd9f6716b83ae4c3e9c7e4f4649febf6c526c702c0d8","1389","1118","group_portrait","RGB","existing_damage","train","images/2145.png"
"2146","image-356.png","image-356","2146.png","real_damaged","托马斯·查尔德中国摄影集（Lothar Lehmann 藏）","","","","03d65ac3493fba90dec268c0a92cd1f6deac60c2b92dbd810386acd08cbf6b94","03d65ac3493fba90dec268c0a92cd1f6deac60c2b92dbd810386acd08cbf6b94","1647","1284","group_portrait","RGB","existing_damage","train","images/2146.png"
"2147","image-357.png","image-357","2147.png","real_damaged","托马斯·查尔德中国摄影集（Lothar Lehmann 藏）","","","","fce7eadea895f3f0220828d396a41aa4b90aca3771c9fff597c1eb60dc3e27ad","fce7eadea895f3f0220828d396a41aa4b90aca3771c9fff597c1eb60dc3e27ad","1413","1008","outdoor_scene","RGB","existing_damage","train","images/2147.png"
"2148","image-358.png","image-358","2148.png","real_damaged","托马斯·查尔德中国摄影集（Lothar Lehmann 藏）","","","","39078de1100e947b8de358e331b68d7e48159f3717d73d5f0c0d8f094e3bea7d","39078de1100e947b8de358e331b68d7e48159f3717d73d5f0c0d8f094e3bea7d","1253","1511","single_portrait","RGB","existing_damage","train","images/2148.png"
"2149","image-359.png","image-359","2149.png","real_damaged","托马斯·查尔德中国摄影集（Lothar Lehmann 藏）","","","","00b3d660150578fed75c6fd3b3802622e9df79b2484a23d98266f70551088734","00b3d660150578fed75c6fd3b3802622e9df79b2484a23d98266f70551088734","1280","1572","group_portrait","RGB","existing_damage","train","images/2149.png"
"2150","image-360.png","image-360","2150.png","real_damaged","托马斯·查尔德中国摄影集（Lothar Lehmann 藏）","","","","b08ae9ecc9335443a46b6fca37eb8a9d3e7b181ae1e0af543584dbf98317339c","b08ae9ecc9335443a46b6fca37eb8a9d3e7b181ae1e0af543584dbf98317339c","1437","1113","group_portrait","RGB","existing_damage","train","images/2150.png"
"2151","image-361.png","image-361","2151.png","real_damaged","托马斯·查尔德中国摄影集（Lothar Lehmann 藏）","","","","18b674019dc3f0873e72647484fdcfc4e965d490db6ff16c61bb1a32dc9ad78d","18b674019dc3f0873e72647484fdcfc4e965d490db6ff16c61bb1a32dc9ad78d","1346","1763","outdoor_scene","RGB","existing_damage","train","images/2151.png"
"2152","image-362.png","image-362","2152.png","real_damaged","托马斯·查尔德中国摄影集（Lothar Lehmann 藏）","","","","a9d474b4eb5d44367d6bd1daa3c7a0a2ca6f3c42f7d2a4ba24811dd38d02890b","a9d474b4eb5d44367d6bd1daa3c7a0a2ca6f3c42f7d2a4ba24811dd38d02890b","1363","994","architecture","RGB","existing_damage","train","images/2152.png"
"2153","image-363.png","image-363","2153.png","real_damaged","托马斯·查尔德中国摄影集（Lothar Lehmann 藏）","","","","50463dde01a3f5386ee356899c4df3d68b8baac3294014c34d326020e3047a88","50463dde01a3f5386ee356899c4df3d68b8baac3294014c34d326020e3047a88","1500","1164","architecture","RGB","existing_damage","train","images/2153.png"
"2154","image-364.png","image-364","2154.png","real_damaged","托马斯·查尔德中国摄影集（Lothar Lehmann 藏）","","","","3e1aed95a1b2c75add6ad3669795e2efdbe9438e6f981655ed16475c14352f11","3e1aed95a1b2c75add6ad3669795e2efdbe9438e6f981655ed16475c14352f11","1740","1317","architecture","RGB","existing_damage","train","images/2154.png"
"2155","image-365.png","image-365","2155.png","real_damaged","托马斯·查尔德中国摄影集（Lothar Lehmann 藏）","","","","fe561c933122ad56b7b83e3bcd784b626780c6a21f9cc42c2361084ba7e882af","fe561c933122ad56b7b83e3bcd784b626780c6a21f9cc42c2361084ba7e882af","1577","1311","outdoor_scene","RGB","existing_damage","train","images/2155.png"
"2156","image-366.png","image-366","2156.png","real_damaged","托马斯·查尔德中国摄影集（Lothar Lehmann 藏）","","","","087c9ad8567fa23d518648d4c1391dd651013f8c83618b0c868142fdcbc94978","087c9ad8567fa23d518648d4c1391dd651013f8c83618b0c868142fdcbc94978","1416","1137","architecture","RGB","existing_damage","train","images/2156.png"
"2157","image-367.png","image-367","2157.png","real_damaged","托马斯·查尔德中国摄影集（Lothar Lehmann 藏）","","","","5b91cf8c882963a318b2f352824b614470456116ca9023d31407ee5bc84a4546","5b91cf8c882963a318b2f352824b614470456116ca9023d31407ee5bc84a4546","1648","1299","outdoor_scene","RGB","existing_damage","train","images/2157.png"
"2158","image-368.png","image-368","2158.png","real_damaged","托马斯·查尔德中国摄影集（Lothar Lehmann 藏）","","","","78043b2e0cfd38d2c750bcbc2c66d97bcd2f2805918ef52c12f52ad71a7445b6","78043b2e0cfd38d2c750bcbc2c66d97bcd2f2805918ef52c12f52ad71a7445b6","1318","982","outdoor_scene","RGB","existing_damage","train","images/2158.png"
"2159","image-369.png","image-369","2159.png","real_damaged","托马斯·查尔德中国摄影集（Lothar Lehmann 藏）","","","","efed072f94c5712bc48d172bd28f1728a04d940fc8619bf17c58f29c86903bae","efed072f94c5712bc48d172bd28f1728a04d940fc8619bf17c58f29c86903bae","1462","1197","architecture","RGB","existing_damage","train","images/2159.png"
"2160","image-370.png","image-370","2160.png","real_damaged","托马斯·查尔德中国摄影集（Lothar Lehmann 藏）","","","","61b3439b0dc7294bfd2d0373b7a01b637abf0e0212b4019013f590d86d7c8b72","61b3439b0dc7294bfd2d0373b7a01b637abf0e0212b4019013f590d86d7c8b72","1262","1537","architecture","RGB","existing_damage","train","images/2160.png"
"2161","image-371.png","image-371","2161.png","real_damaged","托马斯·查尔德中国摄影集（Lothar Lehmann 藏）","","","","0fa9ededcc4101068e0f9e9ea0d4f4d0bf9320593a255af1d468fe902cc93cb1","0fa9ededcc4101068e0f9e9ea0d4f4d0bf9320593a255af1d468fe902cc93cb1","1408","1164","other","RGB","existing_damage","train","images/2161.png"
"2162","image-372.png","image-372","2162.png","real_damaged","托马斯·查尔德中国摄影集（Lothar Lehmann 藏）","","","","2d40f7dcfb7e16d36892bc0cbb7b6c9fa18242feb1d303beb7863f04965fce93","2d40f7dcfb7e16d36892bc0cbb7b6c9fa18242feb1d303beb7863f04965fce93","1798","1292","architecture","RGB","existing_damage","train","images/2162.png"
"2163","image-373.png","image-373","2163.png","real_damaged","托马斯·查尔德中国摄影集（Lothar Lehmann 藏）","","","","ba2ec8a8011b87a0861d1352d36d4892ba3f2042c85328c6bcb6dcf8938cae27","ba2ec8a8011b87a0861d1352d36d4892ba3f2042c85328c6bcb6dcf8938cae27","1322","1056","outdoor_scene","RGB","existing_damage","validation","images/2163.png"
"2164","image-374.png","image-374","2164.png","real_damaged","托马斯·查尔德中国摄影集（Lothar Lehmann 藏）","","","","288a6c39163d3367cbb842b82c7aeb3af7e231c6df44ecbd708bf04824936fc6","288a6c39163d3367cbb842b82c7aeb3af7e231c6df44ecbd708bf04824936fc6","1806","1275","architecture","RGB","existing_damage","validation","images/2164.png"
"2165","image-375.png","image-375","2165.png","real_damaged","托马斯·查尔德中国摄影集（Lothar Lehmann 藏）","","","","7e949d8ce1467b687ec9149142d47f6a715eb92a3e67090f33122f5bd45801a4","7e949d8ce1467b687ec9149142d47f6a715eb92a3e67090f33122f5bd45801a4","1201","960","architecture","RGB","existing_damage","test","images/2165.png"
"2166","image-376.png","image-376","2166.png","real_damaged","托马斯·查尔德中国摄影集（Lothar Lehmann 藏）","","","","7fe3152d6ce3dacc9b5a7b2a669a4394f0dc4078e1d86c3e070fa1c08407cc99","7fe3152d6ce3dacc9b5a7b2a669a4394f0dc4078e1d86c3e070fa1c08407cc99","1627","1340","architecture","RGB","existing_damage","train","images/2166.png"
"2167","image-377.png","image-377","2167.png","real_damaged","托马斯·查尔德中国摄影集（Lothar Lehmann 藏）","","","","7a6fa2f648c702aae1f59592d8309edceace5a20b1e3c4d414d93918a5cd4271","7a6fa2f648c702aae1f59592d8309edceace5a20b1e3c4d414d93918a5cd4271","1429","1031","outdoor_scene","RGB","existing_damage","train","images/2167.png"
"2168","image-378.png","image-378","2168.png","real_damaged","托马斯·查尔德中国摄影集（Lothar Lehmann 藏）","","","","fadfda0ecf8f691f848a18717bb6871995b328e1ce6eab560777c28137e01356","fadfda0ecf8f691f848a18717bb6871995b328e1ce6eab560777c28137e01356","1712","1308","outdoor_scene","RGB","existing_damage","train","images/2168.png"
"2169","image-379.png","image-379","2169.png","real_damaged","托马斯·查尔德中国摄影集（Lothar Lehmann 藏）","","","","fc5565e0dc4185fe1ee40c3ed6c0bc002d3576546657ee46f5cf20e482394b14","fc5565e0dc4185fe1ee40c3ed6c0bc002d3576546657ee46f5cf20e482394b14","1668","1323","outdoor_scene","RGB","existing_damage","train","images/2169.png"
"2170","image-380.png","image-380","2170.png","real_damaged","托马斯·查尔德中国摄影集（Lothar Lehmann 藏）","","","","082451fb355592a59d8860c9e24916d3be2e3622813f2be5ec4883ff8e6868c9","e923bbd9c4c6830b4f6eb4e3a04a8156394ee27e58b95728c9fa9ad1613a6767","1400","1155","outdoor_scene","RGB","existing_damage","train","images/2170.png"
"2171","image-381.png","image-381","2171.png","real_damaged","托马斯·查尔德中国摄影集（Lothar Lehmann 藏）","","","","068e5af8a09abb486ff8853396d9cf37ca14dd3844fb53824f51927637d55dc3","068e5af8a09abb486ff8853396d9cf37ca14dd3844fb53824f51927637d55dc3","1390","1062","outdoor_scene","RGB","existing_damage","train","images/2171.png"
"2172","image-382.png","image-382","2172.png","real_damaged","托马斯·查尔德中国摄影集（Lothar Lehmann 藏）","","","","9e22db8727ef6c595f35cc9a49e1635e2b7e27428375612e672894b4d07e18df","9e22db8727ef6c595f35cc9a49e1635e2b7e27428375612e672894b4d07e18df","1751","1308","outdoor_scene","RGB","existing_damage","validation","images/2172.png"
"2173","image-383.png","image-383","2173.png","real_damaged","托马斯·查尔德中国摄影集（Lothar Lehmann 藏）","","","","03f3b1e6b38ab5819f51ebbe2fbea28f3d1338835e0301286bbd42d7d4625822","03f3b1e6b38ab5819f51ebbe2fbea28f3d1338835e0301286bbd42d7d4625822","1330","1029","architecture","RGB","existing_damage","test","images/2173.png"
"2174","image-384.png","image-384","2174.png","real_damaged","托马斯·查尔德中国摄影集（Lothar Lehmann 藏）","","","","8afd1f765b9aaaefc884353b25df8819e182b22906a73e2f00f784c77e27a24e","8afd1f765b9aaaefc884353b25df8819e182b22906a73e2f00f784c77e27a24e","1676","1184","architecture","RGB","existing_damage","train","images/2174.png"
"2175","image-385.png","image-385","2175.png","real_damaged","托马斯·查尔德中国摄影集（Lothar Lehmann 藏）","","","","11ae72ebfd049e97f1420f124e990ddad11f4150f819ebdc3ec22c5b44434212","11ae72ebfd049e97f1420f124e990ddad11f4150f819ebdc3ec22c5b44434212","1664","1285","outdoor_scene","RGB","existing_damage","test","images/2175.png"
"2176","image-386.png","image-386","2176.png","real_damaged","托马斯·查尔德中国摄影集（Lothar Lehmann 藏）","","","","2b7e3e2fb8d599edeea328b579f5b3c219099dc4454b316b07885606edb7ebba","2b7e3e2fb8d599edeea328b579f5b3c219099dc4454b316b07885606edb7ebba","1390","1030","architecture","RGB","existing_damage","train","images/2176.png"
"2177","image-387.png","image-387","2177.png","real_damaged","托马斯·查尔德中国摄影集（Lothar Lehmann 藏）","","","","e6aa1fe31a3baa001927d1356c6aad80f24010cc5b8e640057e9e305b4a36e09","e6aa1fe31a3baa001927d1356c6aad80f24010cc5b8e640057e9e305b4a36e09","1677","1297","architecture","RGB","existing_damage","train","images/2177.png"
"2178","image-388.png","image-388","2178.png","real_damaged","托马斯·查尔德中国摄影集（Lothar Lehmann 藏）","","","","635886314e72bcc3ce70884199f79529db203fe5e86c486cdc3a1f19bbe628a8","635886314e72bcc3ce70884199f79529db203fe5e86c486cdc3a1f19bbe628a8","1032","1262","architecture","RGB","existing_damage","train","images/2178.png"
"2179","image-389.png","image-389","2179.png","real_damaged","托马斯·查尔德中国摄影集（Lothar Lehmann 藏）","","","","5682ab171ff3f62aac273ff6f86dd8b5460bf7fdea0c8cace789d29741742556","5682ab171ff3f62aac273ff6f86dd8b5460bf7fdea0c8cace789d29741742556","1270","1764","outdoor_scene","RGB","existing_damage","train","images/2179.png"
"2180","image-390.png","image-390","2180.png","real_damaged","托马斯·查尔德中国摄影集（Lothar Lehmann 藏）","","","","95b20e630f8445930e2770661ee76e40b722ce6c025ab19d4c227f86adadc855","95b20e630f8445930e2770661ee76e40b722ce6c025ab19d4c227f86adadc855","1626","1318","architecture","RGB","existing_damage","train","images/2180.png"
"2181","image-391.png","image-391","2181.png","real_damaged","托马斯·查尔德中国摄影集（Lothar Lehmann 藏）","","","","083d899a7f412845e998bf0ebc69857da2c2db02fddf8cce572577abab8dc2b2","083d899a7f412845e998bf0ebc69857da2c2db02fddf8cce572577abab8dc2b2","1363","1105","outdoor_scene","RGB","existing_damage","train","images/2181.png"
"2182","image-392.png","image-392","2182.png","real_damaged","托马斯·查尔德中国摄影集（Lothar Lehmann 藏）","","","","2a741f35c41b56c78764187b5440aafafd1e2298a844177b59d6dd9be48b090f","2a741f35c41b56c78764187b5440aafafd1e2298a844177b59d6dd9be48b090f","1799","1387","architecture","RGB","existing_damage","train","images/2182.png"
"2183","image-393.png","image-393","2183.png","real_damaged","托马斯·查尔德中国摄影集（Lothar Lehmann 藏）","","","","d25446f1857d5c20326eb2d3590800fbf80f9b2afd0a615863faf858b2e8c3cf","d25446f1857d5c20326eb2d3590800fbf80f9b2afd0a615863faf858b2e8c3cf","962","1228","architecture","RGB","existing_damage","test","images/2183.png"
"2184","image-394.png","image-394","2184.png","real_damaged","托马斯·查尔德中国摄影集（Lothar Lehmann 藏）","","","","55490a7c2397a26e08d8924104d19041c7a2f903cc6d51f9a62a49f7556e4f96","55490a7c2397a26e08d8924104d19041c7a2f903cc6d51f9a62a49f7556e4f96","1797","1298","architecture","RGB","existing_damage","test","images/2184.png"
"2185","image-395.png","image-395","2185.png","real_damaged","托马斯·查尔德中国摄影集（Lothar Lehmann 藏）","","","","6208f33490596bfb153805f3d5e512bc9ec7e03bf166127dc2931cf6102fb995","2c66c564441e3b13e7a72a119f1be0923c97b017af4cd4e90bef15f27c97b10c","1700","1305","architecture","RGB","existing_damage","train","images/2185.png"
"2186","image-396.png","image-396","2186.png","real_damaged","托马斯·查尔德中国摄影集（Lothar Lehmann 藏）","","","","b764db30f2c5c5002c1e5f03d25b2c50ce5002a82ad25429f902156b5c06c632","b764db30f2c5c5002c1e5f03d25b2c50ce5002a82ad25429f902156b5c06c632","1368","1040","outdoor_scene","RGB","existing_damage","train","images/2186.png"
"2187","image-397.png","image-397","2187.png","real_damaged","托马斯·查尔德中国摄影集（Lothar Lehmann 藏）","","","","caefe407e3f8df964d43df3d0dc9263cd186b5d2be682190c3a909c498d981c5","caefe407e3f8df964d43df3d0dc9263cd186b5d2be682190c3a909c498d981c5","1592","1305","outdoor_scene","RGB","existing_damage","test","images/2187.png"
"2188","image-398.png","image-398","2188.png","real_damaged","托马斯·查尔德中国摄影集（Lothar Lehmann 藏）","","","","74cd50a1232c567a2d63fd2642b82068eafde5abf5555793339f87f026f23d81","74cd50a1232c567a2d63fd2642b82068eafde5abf5555793339f87f026f23d81","1782","1300","outdoor_scene","RGB","existing_damage","train","images/2188.png"
"2189","image-399.png","image-399","2189.png","real_damaged","托马斯·查尔德中国摄影集（Lothar Lehmann 藏）","","","","03779cda4e46a3a78e324d3d653f1002c1251d9c9e9a820364ebd207da23bcf8","03779cda4e46a3a78e324d3d653f1002c1251d9c9e9a820364ebd207da23bcf8","1347","977","indoor_scene","RGB","existing_damage","validation","images/2189.png"
"2190","image-400.png","image-400","2190.png","real_damaged","托马斯·查尔德中国摄影集（Lothar Lehmann 藏）","","","","b7b5389ebbcee0a3e10af9098757cae182a0f1382bba67ce28bfe0c907001be5","b7b5389ebbcee0a3e10af9098757cae182a0f1382bba67ce28bfe0c907001be5","1767","1313","outdoor_scene","RGB","existing_damage","train","images/2190.png"
"2191","image-401.png","image-401","2191.png","real_damaged","托马斯·查尔德中国摄影集（Lothar Lehmann 藏）","","","","650d893241f4f94044e8e64694339dace2fabd85a3fda1de7cb01fc85f1d87c3","650d893241f4f94044e8e64694339dace2fabd85a3fda1de7cb01fc85f1d87c3","1323","998","outdoor_scene","RGB","existing_damage","train","images/2191.png"
"2192","image-402.png","image-402","2192.png","real_damaged","托马斯·查尔德中国摄影集（Lothar Lehmann 藏）","","","","258836e7bfa29e919ce293692b7c3aa07d52c9ded72a37bfd15a67186255ba00","258836e7bfa29e919ce293692b7c3aa07d52c9ded72a37bfd15a67186255ba00","1502","1202","architecture","RGB","existing_damage","train","images/2192.png"
"2193","image-403.png","image-403","2193.png","real_damaged","托马斯·查尔德中国摄影集（Lothar Lehmann 藏）","","","","e0f828b3c1d34d6fcafcb084c0eb820bc7c9f0f6537abb0df190c42e2fe4c82a","e0f828b3c1d34d6fcafcb084c0eb820bc7c9f0f6537abb0df190c42e2fe4c82a","1362","1037","outdoor_scene","RGB","existing_damage","train","images/2193.png"
"2194","image-404.png","image-404","2194.png","real_damaged","托马斯·查尔德中国摄影集（Lothar Lehmann 藏）","","","","72aa7d0cef7bf9f3bb484444f3e74ab94d8dd2d739b92f1cfcdaac8b9faad2f1","72aa7d0cef7bf9f3bb484444f3e74ab94d8dd2d739b92f1cfcdaac8b9faad2f1","1791","1267","architecture","RGB","existing_damage","train","images/2194.png"
"2195","image-405.png","image-405","2195.png","real_damaged","托马斯·查尔德中国摄影集（Lothar Lehmann 藏）","","","","7fd7a784c4dbdff606b1aaf7c1223e453a5598eacb41d8009c4da6b9ec195ebd","7fd7a784c4dbdff606b1aaf7c1223e453a5598eacb41d8009c4da6b9ec195ebd","1193","963","architecture","RGB","existing_damage","train","images/2195.png"
"2196","image-406.png","image-406","2196.png","real_damaged","托马斯·查尔德中国摄影集（Lothar Lehmann 藏）","","","","37259430bd7f4377d6abfad7b0aecacdeca51354a26546ad218f2af96f752867","37259430bd7f4377d6abfad7b0aecacdeca51354a26546ad218f2af96f752867","1679","1324","outdoor_scene","RGB","existing_damage","train","images/2196.png"
"2197","image-407.png","image-407","2197.png","real_damaged","托马斯·查尔德中国摄影集（Lothar Lehmann 藏）","","","","7369b4abbd544d060a7b19595131fa1aff6d927fd25f22e7a1b426f583ccf7e0","7369b4abbd544d060a7b19595131fa1aff6d927fd25f22e7a1b426f583ccf7e0","1308","966","architecture","RGB","existing_damage","train","images/2197.png"
"2198","image-408.png","image-408","2198.png","real_damaged","托马斯·查尔德中国摄影集（Lothar Lehmann 藏）","","","","e1d00cc33482b1513ee8818aeb78630eb64d104f718f1d501d4f36c21b3c0238","e1d00cc33482b1513ee8818aeb78630eb64d104f718f1d501d4f36c21b3c0238","1787","1322","indoor_scene","RGB","existing_damage","validation","images/2198.png"
"2199","image-409.png","image-409","2199.png","real_damaged","托马斯·查尔德中国摄影集（Lothar Lehmann 藏）","","","","e625328d4297ed49f20b65a0ca4ddc52846844261344e0eeb12f4b57a23fe1c6","e625328d4297ed49f20b65a0ca4ddc52846844261344e0eeb12f4b57a23fe1c6","1545","1283","indoor_scene","RGB","existing_damage","train","images/2199.png"
"2200","image-410.png","image-410","2200.png","real_damaged","托马斯·查尔德中国摄影集（Lothar Lehmann 藏）","","","","96ad2fc31dbca3d2f25d16f70d3f6ac43137131034b770fd098137f10b28c3a1","96ad2fc31dbca3d2f25d16f70d3f6ac43137131034b770fd098137f10b28c3a1","1784","1324","architecture","RGB","existing_damage","train","images/2200.png"
"2201","image-411.png","image-411","2201.png","real_damaged","托马斯·查尔德中国摄影集（Lothar Lehmann 藏）","","","","a3b8ea829cb6f847f30891559127479734522eac9569c77e18142160165ea69f","a3b8ea829cb6f847f30891559127479734522eac9569c77e18142160165ea69f","1681","1279","architecture","RGB","existing_damage","train","images/2201.png"
"2202","image-412.png","image-412","2202.png","real_damaged","托马斯·查尔德中国摄影集（Lothar Lehmann 藏）","","","","f470efc3abf79cb9929ac652a96b7a503e7e75508d374af11883e509c129de12","f470efc3abf79cb9929ac652a96b7a503e7e75508d374af11883e509c129de12","1364","1664","outdoor_scene","RGB","existing_damage","train","images/2202.png"
"2203","image-413.png","image-413","2203.png","real_damaged","托马斯·查尔德中国摄影集（Lothar Lehmann 藏）","","","","7069704bfbf5c36cbeaac5e689fb5410715a330f69ac7ba9cbc93551e6e12a8e","7069704bfbf5c36cbeaac5e689fb5410715a330f69ac7ba9cbc93551e6e12a8e","1486","1078","outdoor_scene","RGB","existing_damage","train","images/2203.png"
"2204","image-414.png","image-414","2204.png","real_damaged","托马斯·查尔德中国摄影集（Lothar Lehmann 藏）","","","","19d875f4328f2b24936d8ac4c46f3e2f4cd02cf0699733728f17db7da4d85c0a","19d875f4328f2b24936d8ac4c46f3e2f4cd02cf0699733728f17db7da4d85c0a","1663","1373","indoor_scene","RGB","existing_damage","train","images/2204.png"
"2205","image-415.png","image-415","2205.png","real_damaged","托马斯·查尔德中国摄影集（Lothar Lehmann 藏）","","","","ded9c35ed587c06326b1060d393d35fec0bb2744edef445cef1ff8877f3b4b15","ded9c35ed587c06326b1060d393d35fec0bb2744edef445cef1ff8877f3b4b15","1389","1061","outdoor_scene","RGB","existing_damage","test","images/2205.png"
"2206","image-416.png","image-416","2206.png","real_damaged","托马斯·查尔德中国摄影集（Lothar Lehmann 藏）","","","","0880f3fb8116918d1c78cc0274d8e4bfd003d2c025277811927f04fbdae0ba92","0880f3fb8116918d1c78cc0274d8e4bfd003d2c025277811927f04fbdae0ba92","1799","1416","outdoor_scene","RGB","existing_damage","train","images/2206.png"
"2207","image-417.png","image-417","2207.png","real_damaged","托马斯·查尔德中国摄影集（Lothar Lehmann 藏）","","","","a19e0dfdab24aac4c966be428a95d35f9d49fe50c9782acbeb6069e0d2b34376","a19e0dfdab24aac4c966be428a95d35f9d49fe50c9782acbeb6069e0d2b34376","1435","1071","architecture","RGB","existing_damage","test","images/2207.png"
"2208","image-418.png","image-418","2208.png","real_damaged","托马斯·查尔德中国摄影集（Lothar Lehmann 藏）","","","","776f612b76e94bd95b577a5af81034bc9613ded40162413f004b9e339c1ee678","776f612b76e94bd95b577a5af81034bc9613ded40162413f004b9e339c1ee678","1282","964","other","RGB","existing_damage","train","images/2208.png"
"2209","image-419.png","image-419","2209.png","real_damaged","托马斯·查尔德中国摄影集（Lothar Lehmann 藏）","","","","be03e4ac4a958c038b98c4c0dd1d9d176323d7a6bc65e300ebc1d0c5813de648","be03e4ac4a958c038b98c4c0dd1d9d176323d7a6bc65e300ebc1d0c5813de648","1209","993","outdoor_scene","RGB","existing_damage","test","images/2209.png"
"2210","image-420.png","image-420","2210.png","real_damaged","托马斯·查尔德中国摄影集（Lothar Lehmann 藏）","","","","8d457db17a6106efd8ef548d34396e37528cd5d296070824b51d4b8a9a42da33","8d457db17a6106efd8ef548d34396e37528cd5d296070824b51d4b8a9a42da33","1774","1339","outdoor_scene","RGB","existing_damage","train","images/2210.png"
"2211","image-421.png","image-421","2211.png","real_damaged","托马斯·查尔德中国摄影集（Lothar Lehmann 藏）","","","","4ea6e4b2a285e2eab913676d023e4f1e09b92b56300a7487f7d1e48052417095","4ea6e4b2a285e2eab913676d023e4f1e09b92b56300a7487f7d1e48052417095","1286","987","outdoor_scene","RGB","existing_damage","train","images/2211.png"
"2212","image-422.png","image-422","2212.png","real_damaged","托马斯·查尔德中国摄影集（Lothar Lehmann 藏）","","","","5a015b62c523affddc5d7616a9e81b1c1448d20186bb29ad6589cb2d923855ea","5a015b62c523affddc5d7616a9e81b1c1448d20186bb29ad6589cb2d923855ea","1767","1314","outdoor_scene","RGB","existing_damage","test","images/2212.png"
"2213","image-423.png","image-423","2213.png","real_damaged","托马斯·查尔德中国摄影集（Lothar Lehmann 藏）","","","","80018030b4f4e9520ef03fe4ee4176dac1cdcef01d4c7213f22f7060f0e4f638","80018030b4f4e9520ef03fe4ee4176dac1cdcef01d4c7213f22f7060f0e4f638","1416","1005","outdoor_scene","RGB","existing_damage","train","images/2213.png"
"2214","image-424.png","image-424","2214.png","real_damaged","托马斯·查尔德中国摄影集（Lothar Lehmann 藏）","","","","3e71a316aad3d74f7ebb10b80d608f7f94f8bc9356642c4845f3bb4f33b15183","3e71a316aad3d74f7ebb10b80d608f7f94f8bc9356642c4845f3bb4f33b15183","1172","1486","group_portrait","RGB","existing_damage","train","images/2214.png"
"2215","image-425.png","image-425","2215.png","real_damaged","托马斯·查尔德中国摄影集（Lothar Lehmann 藏）","","","","8e07b78e0d2ebf637c102f28b914e41679a4241551ec0c3083da8748413b18cb","8e07b78e0d2ebf637c102f28b914e41679a4241551ec0c3083da8748413b18cb","1040","1305","indoor_scene","RGB","existing_damage","validation","images/2215.png"
"2216","image-426.png","image-426","2216.png","real_damaged","托马斯·查尔德中国摄影集（Lothar Lehmann 藏）","","","","940d904dc3b208b9875723776296160e201f497063a059afdaf4a20680dacb8b","940d904dc3b208b9875723776296160e201f497063a059afdaf4a20680dacb8b","1707","1327","architecture","RGB","existing_damage","train","images/2216.png"
"2217","image-427.png","image-427","2217.png","real_damaged","托马斯·查尔德中国摄影集（Lothar Lehmann 藏）","","","","93972af4562ddc79506dd4061a1c00494af7ee45a3ea9a3f9f15a065c37927ad","93972af4562ddc79506dd4061a1c00494af7ee45a3ea9a3f9f15a065c37927ad","1522","1233","outdoor_scene","RGB","existing_damage","validation","images/2217.png"
"2218","image-428.png","image-428","2218.png","real_damaged","托马斯·查尔德中国摄影集（Lothar Lehmann 藏）","","","","46c3da954a5e0b23180a0167edf79b6dd5089248352f8c8be5f0dacf2bc0c55e","46c3da954a5e0b23180a0167edf79b6dd5089248352f8c8be5f0dacf2bc0c55e","1002","1219","other","RGB","existing_damage","test","images/2218.png"
"2219","image-429.png","image-429","2219.png","real_damaged","托马斯·查尔德中国摄影集（Lothar Lehmann 藏）","","","","2ea4e69f4b4de0cdeae13802437f6334ea045fe02f9f5eb16b509383804067bd","2ea4e69f4b4de0cdeae13802437f6334ea045fe02f9f5eb16b509383804067bd","1662","1292","outdoor_scene","RGB","existing_damage","train","images/2219.png"
"2220","image-430.png","image-430","2220.png","real_damaged","托马斯·查尔德中国摄影集（Lothar Lehmann 藏）","","","","f3f2a4804ffc776d1919c75971f311d00834ce05d4c52881d55d72a30816fa45","f3f2a4804ffc776d1919c75971f311d00834ce05d4c52881d55d72a30816fa45","1815","1359","outdoor_scene","RGB","existing_damage","train","images/2220.png"
"2221","image-431.png","image-431","2221.png","real_damaged","托马斯·查尔德中国摄影集（Lothar Lehmann 藏）","","","","56f7ff7a6c61a9f5e4b06a5194493b54a58990d8bf11126c45887f286dd7b4ea","56f7ff7a6c61a9f5e4b06a5194493b54a58990d8bf11126c45887f286dd7b4ea","1633","1308","architecture","RGB","existing_damage","train","images/2221.png"
"2222","image-432.png","image-432","2222.png","real_damaged","托马斯·查尔德中国摄影集（Lothar Lehmann 藏）","","","","ec43e1c0b751586084ea56a9ff79f7e16ac2d8a7e5c0fd10e7a006dd1ae2a9c0","ec43e1c0b751586084ea56a9ff79f7e16ac2d8a7e5c0fd10e7a006dd1ae2a9c0","1774","1317","outdoor_scene","RGB","existing_damage","train","images/2222.png"
"2223","image-433.png","image-433","2223.png","real_damaged","托马斯·查尔德中国摄影集（Lothar Lehmann 藏）","","","","9cd79a579fed020ab719d31acfb122b9b2f668f6f41ee67a600d6f0498eb4411","9cd79a579fed020ab719d31acfb122b9b2f668f6f41ee67a600d6f0498eb4411","1549","1272","outdoor_scene","RGB","existing_damage","train","images/2223.png"
"2224","image-434.png","image-434","2224.png","real_damaged","托马斯·查尔德中国摄影集（Lothar Lehmann 藏）","","","","03282d1f964f97664b68591a835207adaf6c2740b376454b76248271f0f0b623","03282d1f964f97664b68591a835207adaf6c2740b376454b76248271f0f0b623","1406","1137","outdoor_scene","RGB","existing_damage","train","images/2224.png"
"2225","image-435.png","image-435","2225.png","real_damaged","托马斯·查尔德中国摄影集（Lothar Lehmann 藏）","","","","7140a5c9db8974fc1ced7bd3d19b63bcde0e76064378b71b1d539e8ab09fb6dc","7140a5c9db8974fc1ced7bd3d19b63bcde0e76064378b71b1d539e8ab09fb6dc","1323","1012","architecture","RGB","existing_damage","test","images/2225.png"
"2226","image-436.png","image-436","2226.png","real_damaged","托马斯·查尔德中国摄影集（Lothar Lehmann 藏）","","","","d865def8ec0b41d2f90a6eb0e8a351ea6059bb055422616eb35b386b5bb853b5","d865def8ec0b41d2f90a6eb0e8a351ea6059bb055422616eb35b386b5bb853b5","1769","1289","outdoor_scene","RGB","existing_damage","train","images/2226.png"
"2227","image-437.png","image-437","2227.png","real_damaged","托马斯·查尔德中国摄影集（Lothar Lehmann 藏）","","","","810a61879d4e894001e853b15d14521ec085056bf400c0ef1e38d7eb5ef9785b","810a61879d4e894001e853b15d14521ec085056bf400c0ef1e38d7eb5ef9785b","1595","1258","other","RGB","existing_damage","validation","images/2227.png"
"2228","image-438.png","image-438","2228.png","real_damaged","托马斯·查尔德中国摄影集（Lothar Lehmann 藏）","","","","4e6998e6ecd72297ea7ca5b170e178f928ed20a0241860f2ab7e14426e410d03","4e6998e6ecd72297ea7ca5b170e178f928ed20a0241860f2ab7e14426e410d03","1741","1281","architecture","RGB","existing_damage","test","images/2228.png"
"2229","image-439.png","image-439","2229.png","real_damaged","托马斯·查尔德中国摄影集（Lothar Lehmann 藏）","","","","e2445c8f10aba4eeeeff943f266875592e26915f748f698cdc43e931a7220158","e2445c8f10aba4eeeeff943f266875592e26915f748f698cdc43e931a7220158","1064","1298","other","RGB","existing_damage","train","images/2229.png"
"2230","image-440.png","image-440","2230.png","real_damaged","托马斯·查尔德中国摄影集（Lothar Lehmann 藏）","","","","3666d3a5cc53421dc7d26dabf93aefa45f8fb1d7edd69fa41654e0a0d0f2e3a7","3666d3a5cc53421dc7d26dabf93aefa45f8fb1d7edd69fa41654e0a0d0f2e3a7","976","1184","group_portrait","RGB","existing_damage","train","images/2230.png"
"2231","image-441.png","image-441","2231.png","real_damaged","托马斯·查尔德中国摄影集（Lothar Lehmann 藏）","","","","6e35d743fa1ec53bbf321f0e5c9c5479a455ed808326eb60e0d86fec78207a21","6e35d743fa1ec53bbf321f0e5c9c5479a455ed808326eb60e0d86fec78207a21","1487","1212","group_portrait","RGB","existing_damage","train","images/2231.png"
