"dataset_seq","dataset_id","dataset_class","class_seq","source_id","original_filename","export_filename","export_path","source_sha256","width","height","content_type","color_mode","quality_label","split","dataset_kind","provider","source_url","license","rights_url","damage_label_list","damage_label_count","damage_label_method","texture_match_label_list","texture_match_scores","texture_match_files","damage_scratch","damage_crack","damage_fold","damage_dust","damage_stain","damage_mold","damage_tear","damage_missing_region","damage_fading","damage_color_cast","damage_blur","damage_noise","damage_jpeg_artifact","damage_uneven_exposure","export_sha256","file_size_bytes","actual_format"
"3","clean_near_000001","clean_near","1","cma_153597","0003.png","clean_near_000001.png","dataset_images/clean_near/clean_near_000001.png","46110be6961290d98b76b5a1fd22152153da81cf99f7404ce3c6a0b08969f3ef","2560","1870","outdoor_scene","RGB","existing_damage","train","real_damaged","Cleveland Museum of Art","https://clevelandart.org/art/1987.130","CC0","https://www.clevelandart.org/open-access","","0","texture_catalog_match_v1+source_attribute_v1","","{""crack"": 0.0176, ""dust"": 0.0361, ""fold"": 0.1018, ""missing_region"": 0.0468, ""mold"": 0.0794, ""scratch"": 0.0304, ""stain"": 0.0949, ""tear"": 0.085}","{}","0","0","0","0","0","0","0","0","0","0","0","0","0","0","46110be6961290d98b76b5a1fd22152153da81cf99f7404ce3c6a0b08969f3ef","3589044","png"
"4","clean_near_000002","clean_near","2","cma_155859","0004.png","clean_near_000002.png","dataset_images/clean_near/clean_near_000002.png","663dbca6a79a9cf11027ea064972fca0303676634c5c16a330ca13cb355a91fb","3200","2152","outdoor_scene","RGB","existing_damage","validation","real_damaged","Cleveland Museum of Art","https://clevelandart.org/art/1991.162","CC0","https://www.clevelandart.org/open-access","","0","texture_catalog_match_v1+source_attribute_v1","","{""crack"": 0.0297, ""dust"": 0.0404, ""fold"": 0.1061, ""missing_region"": 0.0422, ""mold"": 0.1372, ""scratch"": 0.0388, ""stain"": 0.1571, ""tear"": 0.1034}","{}","0","0","0","0","0","0","0","0","0","0","0","0","0","0","663dbca6a79a9cf11027ea064972fca0303676634c5c16a330ca13cb355a91fb","3974851","png"
"5","clean_near_000003","clean_near","3","cma_156101","0005.png","clean_near_000003.png","dataset_images/clean_near/clean_near_000003.png","48442cb74f6a1f7b4e66b6832ee70b0eab3bf58ca467fb8f5979deb5734bdc09","2560","1700","architecture","RGB","existing_damage","train","real_damaged","Cleveland Museum of Art","https://clevelandart.org/art/1991.35","CC0","https://www.clevelandart.org/open-access","","0","texture_catalog_match_v1+source_attribute_v1","","{""crack"": 0.0121, ""dust"": 0.0245, ""fold"": 0.0592, ""missing_region"": 0.0707, ""mold"": 0.0705, ""scratch"": 0.0236, ""stain"": 0.1635, ""tear"": 0.0707}","{}","0","0","0","0","0","0","0","0","0","0","0","0","0","0","48442cb74f6a1f7b4e66b6832ee70b0eab3bf58ca467fb8f5979deb5734bdc09","3847028","png"
"7","clean_near_000004","clean_near","4","met_291412","0007.png","clean_near_000004.png","dataset_images/clean_near/clean_near_000004.png","270e048268c7ef90f4aaca088a92170bf5b216046a5c82b5f449d1031b316db8","2129","1508","architecture","RGB","existing_damage","test","real_damaged","The Metropolitan Museum of Art","https://www.metmuseum.org/art/collection/search/291412","Public Domain","https://www.metmuseum.org/about-the-met/policies-and-documents/open-access","","0","texture_catalog_match_v1+source_attribute_v1","","{""crack"": 0.0236, ""dust"": 0.0411, ""fold"": 0.1135, ""missing_region"": 0.0428, ""mold"": 0.1434, ""scratch"": 0.0339, ""stain"": 0.1542, ""tear"": 0.0919}","{}","0","0","0","0","0","0","0","0","0","0","0","0","0","0","930e0b82b982630dd09d34a55ba3f44684f9b69ca639b303b87f897f5191c526","4670681","png"
"8","clean_near_000005","clean_near","5","met_291413","0008.png","clean_near_000005.png","dataset_images/clean_near/clean_near_000005.png","df31550a10317107480a91893d0b3c5379b9febcfeefb1925590b027275d4e6a","2061","1554","architecture","RGB","existing_damage","train","real_damaged","The Metropolitan Museum of Art","https://www.metmuseum.org/art/collection/search/291413","Public Domain","https://www.metmuseum.org/about-the-met/policies-and-documents/open-access","","0","texture_catalog_match_v1+source_attribute_v1","","{""crack"": 0.0219, ""dust"": 0.0316, ""fold"": 0.0929, ""missing_region"": 0.0514, ""mold"": 0.1039, ""scratch"": 0.0299, ""stain"": 0.0785, ""tear"": 0.0818}","{}","0","0","0","0","0","0","0","0","0","0","0","0","0","0","008d40e4169d0e2b801fcfe4822c88289983e951d65454fbbfec5fc379fdf76d","4459959","png"
"22","clean_near_000006","clean_near","6","cma_152229","0028.png","clean_near_000006.png","dataset_images/clean_near/clean_near_000006.png","2f8ea1fa02833213c47ea72110c1c0e806c5e33017e2f74cb06cff30cba94c58","2003","2560","outdoor_scene","RGB","existing_damage","train","real_damaged","Cleveland Museum of Art","https://clevelandart.org/art/1985.115","CC0","https://www.clevelandart.org/open-access","","0","texture_catalog_match_v1+source_attribute_v1","","{""crack"": 0.027, ""dust"": 0.0281, ""fold"": 0.0774, ""missing_region"": 0.0327, ""mold"": 0.0732, ""scratch"": 0.0335, ""stain"": 0.0789, ""tear"": 0.0614}","{}","0","0","0","0","0","0","0","0","0","0","0","0","0","0","2f8ea1fa02833213c47ea72110c1c0e806c5e33017e2f74cb06cff30cba94c58","3442133","png"
"23","clean_near_000007","clean_near","7","cma_152264","0029.png","clean_near_000007.png","dataset_images/clean_near/clean_near_000007.png","154bdfe5ee4650162634862c4530261622a21f16dee749f4f77a67601c5fb3a6","1961","2560","other","RGB","existing_damage","train","real_damaged","Cleveland Museum of Art","https://clevelandart.org/art/1985.144","CC0","https://www.clevelandart.org/open-access","","0","texture_catalog_match_v1+source_attribute_v1","","{""crack"": 0.0131, ""dust"": 0.0351, ""fold"": 0.0789, ""missing_region"": 0.0756, ""mold"": 0.0974, ""scratch"": 0.0361, ""stain"": 0.1266, ""tear"": 0.0794}","{}","0","0","0","0","0","0","0","0","0","0","0","0","0","0","154bdfe5ee4650162634862c4530261622a21f16dee749f4f77a67601c5fb3a6","3516341","png"
"25","clean_near_000008","clean_near","8","cma_152859","0031.png","clean_near_000008.png","dataset_images/clean_near/clean_near_000008.png","45ef6a5c03eb0e1636987e0255125f5378f03faef513b6c5b16d053394140bce","2560","1515","outdoor_scene","RGB","existing_damage","train","real_damaged","Cleveland Museum of Art","https://clevelandart.org/art/1985.94","CC0","https://www.clevelandart.org/open-access","","0","texture_catalog_match_v1+source_attribute_v1","","{""crack"": 0.0241, ""dust"": 0.0288, ""fold"": 0.0972, ""missing_region"": 0.0812, ""mold"": 0.1258, ""scratch"": 0.0283, ""stain"": 0.1277, ""tear"": 0.1164}","{}","0","0","0","0","0","0","0","0","0","0","0","0","0","0","45ef6a5c03eb0e1636987e0255125f5378f03faef513b6c5b16d053394140bce","3287221","png"
"35","clean_near_000009","clean_near","9","cma_159467","0041.png","clean_near_000009.png","dataset_images/clean_near/clean_near_000009.png","7187bd4dd3566b768c2e4c6ab1eecfec11652bef8fe56c03965b23b95e823cde","1901","2560","outdoor_scene","RGB","existing_damage","train","real_damaged","Cleveland Museum of Art","https://clevelandart.org/art/1996.242","CC0","https://www.clevelandart.org/open-access","","0","texture_catalog_match_v1+source_attribute_v1","","{""crack"": 0.0149, ""dust"": 0.0365, ""fold"": 0.0866, ""missing_region"": 0.0512, ""mold"": 0.0912, ""scratch"": 0.031, ""stain"": 0.1121, ""tear"": 0.0998}","{}","0","0","0","0","0","0","0","0","0","0","0","0","0","0","7187bd4dd3566b768c2e4c6ab1eecfec11652bef8fe56c03965b23b95e823cde","3990146","png"
"36","clean_near_000010","clean_near","10","cma_159470","0042.png","clean_near_000010.png","dataset_images/clean_near/clean_near_000010.png","8b6a6a99fb284835e199bc3e16bd3d725722eaabfca8dcb08a44e859457e5dbe","2008","2560","single_portrait","RGB","existing_damage","train","real_damaged","Cleveland Museum of Art","https://clevelandart.org/art/1996.245","CC0","https://www.clevelandart.org/open-access","","0","texture_catalog_match_v1+source_attribute_v1","","{""crack"": 0.02, ""dust"": 0.0278, ""fold"": 0.0456, ""missing_region"": 0.0352, ""mold"": 0.0574, ""scratch"": 0.0233, ""stain"": 0.0707, ""tear"": 0.0949}","{}","0","0","0","0","0","0","0","0","0","0","0","0","0","0","8b6a6a99fb284835e199bc3e16bd3d725722eaabfca8dcb08a44e859457e5dbe","3387784","png"
"38","clean_near_000011","clean_near","11","cma_160778","0044.png","clean_near_000011.png","dataset_images/clean_near/clean_near_000011.png","30ee891aa80a52e81657e742138017bf2f8c1fbf7857a8c3b248bed2dc760d6d","1837","2560","single_portrait","RGB","existing_damage","train","real_damaged","Cleveland Museum of Art","https://clevelandart.org/art/1999.109","CC0","https://www.clevelandart.org/open-access","","0","texture_catalog_match_v1+source_attribute_v1","","{""crack"": 0.0055, ""dust"": 0.0121, ""fold"": 0.0333, ""missing_region"": 0.0388, ""mold"": 0.0376, ""scratch"": 0.0166, ""stain"": 0.0332, ""tear"": 0.0388}","{}","0","0","0","0","0","0","0","0","0","0","0","0","0","0","30ee891aa80a52e81657e742138017bf2f8c1fbf7857a8c3b248bed2dc760d6d","3894827","png"
"52","clean_near_000012","clean_near","12","digitaltmuseum_S-TEK_TEKA0013196","0058.png","clean_near_000012.png","dataset_images/clean_near/clean_near_000012.png","a9a939b2d2c9517c579a2d93925415519727a959a43de054876a6606cb2c6662","2048","1549","other","RGB","existing_damage","test","real_damaged","DigitaltMuseum","https://digitaltmuseum.org/S-TEK/TEKA0013196","Public Domain","https://creativecommons.org/publicdomain/mark/1.0/","","0","texture_catalog_match_v1+source_attribute_v1","","{""crack"": 0.0156, ""dust"": 0.0276, ""fold"": 0.0861, ""missing_region"": 0.0336, ""mold"": 0.0656, ""scratch"": 0.034, ""stain"": 0.0883, ""tear"": 0.1395}","{}","0","0","0","0","0","0","0","0","0","0","0","0","0","0","a9a939b2d2c9517c579a2d93925415519727a959a43de054876a6606cb2c6662","1398754","png"
"60","clean_near_000013","clean_near","13","digitaltmuseum_S-TEK_TEKA0114272","0066.png","clean_near_000013.png","dataset_images/clean_near/clean_near_000013.png","fa63403a7b3d1d69ea708fb7d140ff6c429abdd6c4868c093130ab25ac510e73","1558","2048","single_portrait","RGB","existing_damage","train","real_damaged","DigitaltMuseum","https://digitaltmuseum.org/S-TEK/TEKA0114272","Public Domain","https://creativecommons.org/publicdomain/mark/1.0/","","0","texture_catalog_match_v1+source_attribute_v1","","{""crack"": 0.0349, ""dust"": 0.0345, ""fold"": 0.0626, ""missing_region"": 0.0416, ""mold"": 0.0745, ""scratch"": 0.0313, ""stain"": 0.082, ""tear"": 0.115}","{}","0","0","0","0","0","0","0","0","0","0","0","0","0","0","fa63403a7b3d1d69ea708fb7d140ff6c429abdd6c4868c093130ab25ac510e73","1262304","png"
"73","clean_near_000014","clean_near","14","digitaltmuseum_S-TEK_TEKA0227914","0079.png","clean_near_000014.png","dataset_images/clean_near/clean_near_000014.png","9db1770c45f2e37ba5c5c6abcaa5faef9fdc58c1b12e6894d973d640e5968cd6","2048","1452","outdoor_scene","RGB","existing_damage","train","real_damaged","DigitaltMuseum","https://digitaltmuseum.org/S-TEK/TEKA0227914","Public Domain","https://creativecommons.org/publicdomain/mark/1.0/","","0","texture_catalog_match_v1+source_attribute_v1","","{""crack"": 0.0275, ""dust"": 0.03, ""fold"": 0.059, ""missing_region"": 0.031, ""mold"": 0.0385, ""scratch"": 0.0293, ""stain"": 0.0584, ""tear"": 0.1056}","{}","0","0","0","0","0","0","0","0","0","0","0","0","0","0","9db1770c45f2e37ba5c5c6abcaa5faef9fdc58c1b12e6894d973d640e5968cd6","1057007","png"
"79","clean_near_000015","clean_near","15","digitaltmuseum_S-TEK_TEKA0227994","0085.png","clean_near_000015.png","dataset_images/clean_near/clean_near_000015.png","10c45e786ceea3401aecac40aff42cc1ffde4e73e7372c00e69b0f70a29b74b9","2048","1352","document","RGB","existing_damage","train","real_damaged","DigitaltMuseum","https://digitaltmuseum.org/S-TEK/TEKA0227994","Public Domain","https://creativecommons.org/publicdomain/mark/1.0/","","0","texture_catalog_match_v1+source_attribute_v1","","{""crack"": 0.0096, ""dust"": 0.0364, ""fold"": 0.0701, ""missing_region"": 0.0557, ""mold"": 0.081, ""scratch"": 0.0296, ""stain"": 0.1116, ""tear"": 0.1074}","{}","0","0","0","0","0","0","0","0","0","0","0","0","0","0","10c45e786ceea3401aecac40aff42cc1ffde4e73e7372c00e69b0f70a29b74b9","1568938","png"
"81","clean_near_000016","clean_near","16","digitaltmuseum_S-TEK_TEKA0228033","0087.png","clean_near_000016.png","dataset_images/clean_near/clean_near_000016.png","6acb74c4ad4651cb107e6d61ea3d0cbb68f05a7b1faf500e33f7bab87e40ceab","2048","1466","outdoor_scene","RGB","existing_damage","test","real_damaged","DigitaltMuseum","https://digitaltmuseum.org/S-TEK/TEKA0228033","Public Domain","https://creativecommons.org/publicdomain/mark/1.0/","","0","texture_catalog_match_v1+source_attribute_v1","","{""crack"": 0.0268, ""dust"": 0.03, ""fold"": 0.0527, ""missing_region"": 0.0255, ""mold"": 0.0432, ""scratch"": 0.0282, ""stain"": 0.0469, ""tear"": 0.0846}","{}","0","0","0","0","0","0","0","0","0","0","0","0","0","0","6acb74c4ad4651cb107e6d61ea3d0cbb68f05a7b1faf500e33f7bab87e40ceab","927608","png"
"92","clean_near_000017","clean_near","17","digitaltmuseum_S-UVLM_Vlm-A 3571","0098.png","clean_near_000017.png","dataset_images/clean_near/clean_near_000017.png","ad433eaea46c46682af292fcd3f497ef526bdbf2c79ea7e59f7a1921abd1f3ff","2048","1391","outdoor_scene","RGB","existing_damage","train","real_damaged","DigitaltMuseum","https://digitaltmuseum.org/S-UVLM/Vlm-A 3571","Public Domain","https://creativecommons.org/publicdomain/mark/1.0/","","0","texture_catalog_match_v1+source_attribute_v1","","{""crack"": 0.0013, ""dust"": 0.007, ""fold"": 0.0106, ""missing_region"": 0.0142, ""mold"": 0.0121, ""scratch"": 0.0099, ""stain"": 0.0304, ""tear"": 0.0143}","{}","0","0","0","0","0","0","0","0","0","0","0","0","0","0","ad433eaea46c46682af292fcd3f497ef526bdbf2c79ea7e59f7a1921abd1f3ff","1912745","png"
"97","clean_near_000018","clean_near","18","digitaltmuseum_S-UVLM_Vlm-Åhm 06917-A","0103.png","clean_near_000018.png","dataset_images/clean_near/clean_near_000018.png","2892bcf1f7f7fb0398aeeb64b8d7e95066972adf7ff74f6c730674fdeef24549","2048","1481","single_portrait","RGB","existing_damage","train","real_damaged","DigitaltMuseum","https://digitaltmuseum.org/S-UVLM/Vlm-Åhm 06917-A","Public Domain","https://creativecommons.org/publicdomain/mark/1.0/","","0","texture_catalog_match_v1+source_attribute_v1","","{""crack"": 0.0252, ""dust"": 0.0198, ""fold"": 0.0297, ""missing_region"": 0.025, ""mold"": 0.0378, ""scratch"": 0.0294, ""stain"": 0.0536, ""tear"": 0.0512}","{}","0","0","0","0","0","0","0","0","0","0","0","0","0","0","2892bcf1f7f7fb0398aeeb64b8d7e95066972adf7ff74f6c730674fdeef24549","1763980","png"
"98","clean_near_000019","clean_near","19","digitaltmuseum_S-UVLM_Vlm-Åhm 12716","0104.png","clean_near_000019.png","dataset_images/clean_near/clean_near_000019.png","2b70578a36167dfd2c92b456f8b3d5d896d9855a21735cef460b2daa4ff142b9","2048","1484","single_portrait","RGB","existing_damage","train","real_damaged","DigitaltMuseum","https://digitaltmuseum.org/S-UVLM/Vlm-Åhm 12716","Public Domain","https://creativecommons.org/publicdomain/mark/1.0/","","0","texture_catalog_match_v1+source_attribute_v1","","{""crack"": 0.0156, ""dust"": 0.0254, ""fold"": 0.0393, ""missing_region"": 0.0424, ""mold"": 0.0497, ""scratch"": 0.0331, ""stain"": 0.0677, ""tear"": 0.0466}","{}","0","0","0","0","0","0","0","0","0","0","0","0","0","0","2b70578a36167dfd2c92b456f8b3d5d896d9855a21735cef460b2daa4ff142b9","1641227","png"
"100","clean_near_000020","clean_near","20","digitaltmuseum_S-UVLM_Vlm-Åhm 18265","0106.png","clean_near_000020.png","dataset_images/clean_near/clean_near_000020.png","eac80a0577e2fd2b7397381defc62dfa2b64aff9f88414eccb4c8befeb09d2c5","2048","1509","single_portrait","RGB","existing_damage","validation","real_damaged","DigitaltMuseum","https://digitaltmuseum.org/S-UVLM/Vlm-Åhm 18265","Public Domain","https://creativecommons.org/publicdomain/mark/1.0/","","0","texture_catalog_match_v1+source_attribute_v1","","{""crack"": 0.0099, ""dust"": 0.0165, ""fold"": 0.0287, ""missing_region"": 0.0274, ""mold"": 0.03, ""scratch"": 0.0301, ""stain"": 0.048, ""tear"": 0.0387}","{}","0","0","0","0","0","0","0","0","0","0","0","0","0","0","eac80a0577e2fd2b7397381defc62dfa2b64aff9f88414eccb4c8befeb09d2c5","2286856","png"
"101","clean_near_000021","clean_near","21","digitaltmuseum_S-UVLM_Vlm-Åhm 18267","0107.png","clean_near_000021.png","dataset_images/clean_near/clean_near_000021.png","273430fa48a3f04d96a0eadb7d30e5ef4c968d0c251f1d80d9bcf4bf72e82908","2048","1509","single_portrait","RGB","existing_damage","train","real_damaged","DigitaltMuseum","https://digitaltmuseum.org/S-UVLM/Vlm-Åhm 18267","Public Domain","https://creativecommons.org/publicdomain/mark/1.0/","","0","texture_catalog_match_v1+source_attribute_v1","","{""crack"": 0.0069, ""dust"": 0.0162, ""fold"": 0.0176, ""missing_region"": 0.0305, ""mold"": 0.027, ""scratch"": 0.022, ""stain"": 0.0325, ""tear"": 0.0326}","{}","0","0","0","0","0","0","0","0","0","0","0","0","0","0","84b5fb64700da5d734f23b2488f644638acd4a2a8095c85ba9dd11cdb70c5118","2996481","png"
"105","clean_near_000022","clean_near","22","digitaltmuseum_S-UVLM_Vlm-Åhm 18277","0111.png","clean_near_000022.png","dataset_images/clean_near/clean_near_000022.png","dddbecbc8b6cf7c468c3abad7032a0254717ef2ca4d21187fdc4ca34bc4c487d","1476","2048","single_portrait","RGB","existing_damage","test","real_damaged","DigitaltMuseum","https://digitaltmuseum.org/S-UVLM/Vlm-Åhm 18277","Public Domain","https://creativecommons.org/publicdomain/mark/1.0/","","0","texture_catalog_match_v1+source_attribute_v1","","{""crack"": 0.0025, ""dust"": 0.0115, ""fold"": 0.0217, ""missing_region"": 0.0395, ""mold"": 0.0491, ""scratch"": 0.0168, ""stain"": 0.0424, ""tear"": 0.0476}","{}","0","0","0","0","0","0","0","0","0","0","0","0","0","0","cb2a64e87bbadd7caca2fd4eaac3ba8baec51402f8c4b2636a12e09f9fec81e8","3353001","png"
"108","clean_near_000023","clean_near","23","digitaltmuseum_S-UVLM_Vlm-Åhm 18283","0114.png","clean_near_000023.png","dataset_images/clean_near/clean_near_000023.png","1e8da2b79f6357022dca7cd1e93b42df810dfa8261b83f6a9b164b2188a7b80c","2048","1491","single_portrait","RGB","existing_damage","train","real_damaged","DigitaltMuseum","https://digitaltmuseum.org/S-UVLM/Vlm-Åhm 18283","Public Domain","https://creativecommons.org/publicdomain/mark/1.0/","","0","texture_catalog_match_v1+source_attribute_v1","","{""crack"": 0.003, ""dust"": 0.0079, ""fold"": 0.0071, ""missing_region"": 0.0163, ""mold"": 0.0165, ""scratch"": 0.0111, ""stain"": 0.0265, ""tear"": 0.0266}","{}","0","0","0","0","0","0","0","0","0","0","0","0","0","0","1e8da2b79f6357022dca7cd1e93b42df810dfa8261b83f6a9b164b2188a7b80c","1886871","png"
"128","clean_near_000024","clean_near","24","digitaltmuseum_S-JVM_JvmKAGF00696","0134.png","clean_near_000024.png","dataset_images/clean_near/clean_near_000024.png","db10355d5aa616aaf565aa7af85d6e4ad348562739b5ece3f6f9366246420952","1521","2048","other","RGB","existing_damage","train","real_damaged","DigitaltMuseum","https://digitaltmuseum.org/S-JVM/JvmKAGF00696","Public Domain","https://creativecommons.org/publicdomain/mark/1.0/","","0","texture_catalog_match_v1+source_attribute_v1","","{""crack"": 0.022, ""dust"": 0.0219, ""fold"": 0.0388, ""missing_region"": 0.0275, ""mold"": 0.0499, ""scratch"": 0.0219, ""stain"": 0.0659, ""tear"": 0.0767}","{}","0","0","0","0","0","0","0","0","0","0","0","0","0","0","db10355d5aa616aaf565aa7af85d6e4ad348562739b5ece3f6f9366246420952","759942","png"
"129","clean_near_000025","clean_near","25","digitaltmuseum_S-JVM_JvmKAGF00697","0135.png","clean_near_000025.png","dataset_images/clean_near/clean_near_000025.png","3220c972207a9456d551cfd300c325ab83310c1f27f534da5c7457171cae79d7","1521","2048","other","RGB","existing_damage","validation","real_damaged","DigitaltMuseum","https://digitaltmuseum.org/S-JVM/JvmKAGF00697","Public Domain","https://creativecommons.org/publicdomain/mark/1.0/","","0","texture_catalog_match_v1+source_attribute_v1","","{""crack"": 0.0109, ""dust"": 0.0156, ""fold"": 0.0334, ""missing_region"": 0.0147, ""mold"": 0.0334, ""scratch"": 0.0218, ""stain"": 0.0434, ""tear"": 0.0235}","{}","0","0","0","0","0","0","0","0","0","0","0","0","0","0","3220c972207a9456d551cfd300c325ab83310c1f27f534da5c7457171cae79d7","994792","png"
"130","clean_near_000026","clean_near","26","digitaltmuseum_S-JVM_JvmKAJA00384","0136.png","clean_near_000026.png","dataset_images/clean_near/clean_near_000026.png","18043f586183310e0eb31a7dc3f5d3472a6ef52df93b1a675137cc6cba6b9a22","1376","2048","indoor_scene","RGB","existing_damage","train","real_damaged","DigitaltMuseum","https://digitaltmuseum.org/S-JVM/JvmKAJA00384","Public Domain","https://creativecommons.org/publicdomain/mark/1.0/","","0","texture_catalog_match_v1+source_attribute_v1","","{""crack"": 0.0256, ""dust"": 0.0364, ""fold"": 0.0759, ""missing_region"": 0.036, ""mold"": 0.074, ""scratch"": 0.0352, ""stain"": 0.0926, ""tear"": 0.1029}","{}","0","0","0","0","0","0","0","0","0","0","0","0","0","0","18043f586183310e0eb31a7dc3f5d3472a6ef52df93b1a675137cc6cba6b9a22","1197288","png"
"146","clean_near_000027","clean_near","27","digitaltmuseum_S-JVM_JvmKDAE04310","0152.png","clean_near_000027.png","dataset_images/clean_near/clean_near_000027.png","570f905bfee7a96668d57c88ead0fba7d03221b2a48214b25b321fb046ec1f07","1669","2048","architecture","RGB","existing_damage","train","real_damaged","DigitaltMuseum","https://digitaltmuseum.org/S-JVM/JvmKDAE04310","Public Domain","https://creativecommons.org/publicdomain/mark/1.0/","","0","texture_catalog_match_v1+source_attribute_v1","","{""crack"": 0.0127, ""dust"": 0.0237, ""fold"": 0.0334, ""missing_region"": 0.0208, ""mold"": 0.0422, ""scratch"": 0.0173, ""stain"": 0.0385, ""tear"": 0.0422}","{}","0","0","0","0","0","0","0","0","0","0","0","0","0","0","570f905bfee7a96668d57c88ead0fba7d03221b2a48214b25b321fb046ec1f07","742980","png"
"161","clean_near_000028","clean_near","28","digitaltmuseum_S-JVM_JvmKDAE13874","0168.png","clean_near_000028.png","dataset_images/clean_near/clean_near_000028.png","b1d6b7ba4592206e087e2e6d62cc221344f713176859995d14085fe0961ff268","1375","2048","outdoor_scene","RGB","existing_damage","train","real_damaged","DigitaltMuseum","https://digitaltmuseum.org/S-JVM/JvmKDAE13874","Public Domain","https://creativecommons.org/publicdomain/mark/1.0/","","0","texture_catalog_match_v1+source_attribute_v1","","{""crack"": 0.0036, ""dust"": 0.0083, ""fold"": 0.0356, ""missing_region"": 0.0213, ""mold"": 0.0477, ""scratch"": 0.02, ""stain"": 0.0285, ""tear"": 0.0338}","{}","0","0","0","0","0","0","0","0","0","0","0","0","0","0","b1d6b7ba4592206e087e2e6d62cc221344f713176859995d14085fe0961ff268","1269729","png"
"162","clean_near_000029","clean_near","29","digitaltmuseum_S-JVM_JvmKDAE13988","0169.png","clean_near_000029.png","dataset_images/clean_near/clean_near_000029.png","cf902aaea680ffe44a7b5b253e3800c56211b4baeddad5acfd1e0ea40a8c1cc3","2048","1320","outdoor_scene","RGB","existing_damage","train","real_damaged","DigitaltMuseum","https://digitaltmuseum.org/S-JVM/JvmKDAE13988","Public Domain","https://creativecommons.org/publicdomain/mark/1.0/","","0","texture_catalog_match_v1+source_attribute_v1","","{""crack"": 0.013, ""dust"": 0.0206, ""fold"": 0.0522, ""missing_region"": 0.0341, ""mold"": 0.031, ""scratch"": 0.0242, ""stain"": 0.0416, ""tear"": 0.0369}","{}","0","0","0","0","0","0","0","0","0","0","0","0","0","0","cf902aaea680ffe44a7b5b253e3800c56211b4baeddad5acfd1e0ea40a8c1cc3","1105893","png"
"188","clean_near_000030","clean_near","30","digitaltmuseum_S-SMM-MM_V14028","0204.png","clean_near_000030.png","dataset_images/clean_near/clean_near_000030.png","0783425f2985ec11fc4e52ad34b4d99f593b917fa4784617ad6f42c175713332","2019","2048","other","RGB","existing_damage","train","real_damaged","DigitaltMuseum","https://digitaltmuseum.org/S-SMM-MM/V14028","Public Domain","https://creativecommons.org/publicdomain/mark/1.0/","","0","texture_catalog_match_v1+source_attribute_v1","","{""crack"": 0.0238, ""dust"": 0.0294, ""fold"": 0.0739, ""missing_region"": 0.0246, ""mold"": 0.0639, ""scratch"": 0.0281, ""stain"": 0.0698, ""tear"": 0.0643}","{}","0","0","0","0","0","0","0","0","0","0","0","0","0","0","0783425f2985ec11fc4e52ad34b4d99f593b917fa4784617ad6f42c175713332","1509594","png"
"191","clean_near_000031","clean_near","31","digitaltmuseum_S-SMM-MM_V14031","0207.png","clean_near_000031.png","dataset_images/clean_near/clean_near_000031.png","bb0312eef51e1cec22b4a275a24a6f34fceef821d9481f5f27f4e42b15e51c94","2043","2048","other","RGB","existing_damage","validation","real_damaged","DigitaltMuseum","https://digitaltmuseum.org/S-SMM-MM/V14031","Public Domain","https://creativecommons.org/publicdomain/mark/1.0/","","0","texture_catalog_match_v1+source_attribute_v1","","{""crack"": 0.025, ""dust"": 0.0244, ""fold"": 0.0526, ""missing_region"": 0.0366, ""mold"": 0.0486, ""scratch"": 0.0281, ""stain"": 0.0519, ""tear"": 0.0467}","{}","0","0","0","0","0","0","0","0","0","0","0","0","0","0","bb0312eef51e1cec22b4a275a24a6f34fceef821d9481f5f27f4e42b15e51c94","1573069","png"
"192","clean_near_000032","clean_near","32","digitaltmuseum_S-SMM-MM_V14032","0208.png","clean_near_000032.png","dataset_images/clean_near/clean_near_000032.png","f1fa55d6e30f9aa291f03214b36ab63da0fcfbfc599a1cdbf483d2d73e80a121","1994","2048","other","RGB","existing_damage","train","real_damaged","DigitaltMuseum","https://digitaltmuseum.org/S-SMM-MM/V14032","Public Domain","https://creativecommons.org/publicdomain/mark/1.0/","","0","texture_catalog_match_v1+source_attribute_v1","","{""crack"": 0.0198, ""dust"": 0.0208, ""fold"": 0.0447, ""missing_region"": 0.0254, ""mold"": 0.046, ""scratch"": 0.0239, ""stain"": 0.043, ""tear"": 0.0418}","{}","0","0","0","0","0","0","0","0","0","0","0","0","0","0","f1fa55d6e30f9aa291f03214b36ab63da0fcfbfc599a1cdbf483d2d73e80a121","2036904","png"
"193","clean_near_000033","clean_near","33","digitaltmuseum_S-SMM-MM_V14033","0209.png","clean_near_000033.png","dataset_images/clean_near/clean_near_000033.png","36ebbb370d6ab91feb8f5a712fb41224089b1f812a7cf6380ac09694774ca80e","2017","2048","other","RGB","existing_damage","train","real_damaged","DigitaltMuseum","https://digitaltmuseum.org/S-SMM-MM/V14033","Public Domain","https://creativecommons.org/publicdomain/mark/1.0/","","0","texture_catalog_match_v1+source_attribute_v1","","{""crack"": 0.0137, ""dust"": 0.0126, ""fold"": 0.0366, ""missing_region"": 0.0246, ""mold"": 0.0291, ""scratch"": 0.0147, ""stain"": 0.0265, ""tear"": 0.0301}","{}","0","0","0","0","0","0","0","0","0","0","0","0","0","0","36ebbb370d6ab91feb8f5a712fb41224089b1f812a7cf6380ac09694774ca80e","1880450","png"
"194","clean_near_000034","clean_near","34","digitaltmuseum_S-SMM-MM_V14034","0210.png","clean_near_000034.png","dataset_images/clean_near/clean_near_000034.png","b3d567e03dc0abd5dd827acd4feba8320d8ac80f2ed9de5727ae6de70200b46c","2048","2008","other","RGB","existing_damage","train","real_damaged","DigitaltMuseum","https://digitaltmuseum.org/S-SMM-MM/V14034","Public Domain","https://creativecommons.org/publicdomain/mark/1.0/","","0","texture_catalog_match_v1+source_attribute_v1","","{""crack"": 0.0238, ""dust"": 0.0196, ""fold"": 0.0344, ""missing_region"": 0.0312, ""mold"": 0.0312, ""scratch"": 0.0255, ""stain"": 0.0325, ""tear"": 0.0312}","{}","0","0","0","0","0","0","0","0","0","0","0","0","0","0","b3d567e03dc0abd5dd827acd4feba8320d8ac80f2ed9de5727ae6de70200b46c","1393823","png"
"195","clean_near_000035","clean_near","35","digitaltmuseum_S-SMM-MM_V14039","0211.png","clean_near_000035.png","dataset_images/clean_near/clean_near_000035.png","c368deb565d5b4254d3ea13393a52cfd5490a6a0a9303a9240179121d4bb945a","2013","2048","other","RGB","existing_damage","train","real_damaged","DigitaltMuseum","https://digitaltmuseum.org/S-SMM-MM/V14039","Public Domain","https://creativecommons.org/publicdomain/mark/1.0/","","0","texture_catalog_match_v1+source_attribute_v1","","{""crack"": 0.0132, ""dust"": 0.0201, ""fold"": 0.0356, ""missing_region"": 0.0254, ""mold"": 0.0324, ""scratch"": 0.0243, ""stain"": 0.0345, ""tear"": 0.0261}","{}","0","0","0","0","0","0","0","0","0","0","0","0","0","0","c368deb565d5b4254d3ea13393a52cfd5490a6a0a9303a9240179121d4bb945a","1202098","png"
"208","clean_near_000036","clean_near","36","digitaltmuseum_S-SMM-MM_V7151","0225.png","clean_near_000036.png","dataset_images/clean_near/clean_near_000036.png","d7c08874637b99abf28598e037599630f8db2e869096b29cae8325d9bfc4caef","2048","2044","other","RGB","existing_damage","train","real_damaged","DigitaltMuseum","https://digitaltmuseum.org/S-SMM-MM/V7151","Public Domain","https://creativecommons.org/publicdomain/mark/1.0/","","0","texture_catalog_match_v1+source_attribute_v1","","{""crack"": 0.0291, ""dust"": 0.045, ""fold"": 0.0797, ""missing_region"": 0.0556, ""mold"": 0.1252, ""scratch"": 0.0391, ""stain"": 0.1401, ""tear"": 0.1772}","{}","0","0","0","0","0","0","0","0","0","0","0","0","0","0","d7c08874637b99abf28598e037599630f8db2e869096b29cae8325d9bfc4caef","2496070","png"
"209","clean_near_000037","clean_near","37","digitaltmuseum_S-SMM-MM_V7251","0226.png","clean_near_000037.png","dataset_images/clean_near/clean_near_000037.png","6c13c4a7aa0acfa506a4d1cba60119afe1a9f0634d6ffe51c93be07186a1d826","2040","2048","other","RGB","existing_damage","train","real_damaged","DigitaltMuseum","https://digitaltmuseum.org/S-SMM-MM/V7251","Public Domain","https://creativecommons.org/publicdomain/mark/1.0/","","0","texture_catalog_match_v1+source_attribute_v1","","{""crack"": 0.0267, ""dust"": 0.0441, ""fold"": 0.0764, ""missing_region"": 0.0533, ""mold"": 0.0979, ""scratch"": 0.0425, ""stain"": 0.1336, ""tear"": 0.1313}","{}","0","0","0","0","0","0","0","0","0","0","0","0","0","0","6c13c4a7aa0acfa506a4d1cba60119afe1a9f0634d6ffe51c93be07186a1d826","2244259","png"
"228","clean_near_000038","clean_near","38","digitaltmuseum_S-UVLM_Vlm-A 3498","0248.png","clean_near_000038.png","dataset_images/clean_near/clean_near_000038.png","29a6eac12edb839798bf556c2bff6dbd8e2d44c4faa75faf0ad66b4026e92598","2048","1398","outdoor_scene","RGB","existing_damage","train","real_damaged","DigitaltMuseum","https://digitaltmuseum.org/S-UVLM/Vlm-A 3498","Public Domain","https://creativecommons.org/publicdomain/mark/1.0/","","0","texture_catalog_match_v1+source_attribute_v1","","{""crack"": 0.0193, ""dust"": 0.0381, ""fold"": 0.1319, ""missing_region"": 0.0776, ""mold"": 0.1011, ""scratch"": 0.031, ""stain"": 0.1343, ""tear"": 0.1143}","{}","0","0","0","0","0","0","0","0","0","0","0","0","0","0","29a6eac12edb839798bf556c2bff6dbd8e2d44c4faa75faf0ad66b4026e92598","1465070","png"
"229","clean_near_000039","clean_near","39","digitaltmuseum_S-UVLM_Vlm-E 6295","0249.png","clean_near_000039.png","dataset_images/clean_near/clean_near_000039.png","e1d29b3cfdf7efaa113a333611ba9ac3a5a1b60b4a2c530cdeaf5f96d76bb1ce","1972","2048","other","RGB","existing_damage","train","real_damaged","DigitaltMuseum","https://digitaltmuseum.org/S-UVLM/Vlm-E 6295","Public Domain","https://creativecommons.org/publicdomain/mark/1.0/","","0","texture_catalog_match_v1+source_attribute_v1","","{""crack"": 0.0144, ""dust"": 0.0343, ""fold"": 0.1396, ""missing_region"": 0.0473, ""mold"": 0.1257, ""scratch"": 0.0379, ""stain"": 0.1157, ""tear"": 0.0959}","{}","0","0","0","0","0","0","0","0","0","0","0","0","0","0","e1d29b3cfdf7efaa113a333611ba9ac3a5a1b60b4a2c530cdeaf5f96d76bb1ce","3170032","png"
"238","clean_near_000040","clean_near","40","/916121/S_OLM_photo_OLM_97260129_1","0258.png","clean_near_000040.png","dataset_images/clean_near/clean_near_000040.png","852e0929671c01c526416c3523631799da508c49612c0a70607af25ac81bf4d2","1001","1000","other","RGB","existing_damage","train","real_damaged","Europeana","https://www.europeana.eu/item/916121/S_OLM_photo_OLM_97260129_1","Public Domain","https://pro.europeana.eu/page/search","","0","texture_catalog_match_v1+source_attribute_v1","","{""crack"": 0.01, ""dust"": 0.0263, ""fold"": 0.1123, ""missing_region"": 0.0498, ""mold"": 0.0632, ""scratch"": 0.0249, ""stain"": 0.0633, ""tear"": 0.0812}","{}","0","0","0","0","0","0","0","0","0","0","0","0","0","0","852e0929671c01c526416c3523631799da508c49612c0a70607af25ac81bf4d2","762764","png"
"239","clean_near_000041","clean_near","41","/916121/S_OLM_photo_OLM_9726087_1","0259.png","clean_near_000041.png","dataset_images/clean_near/clean_near_000041.png","e1453511691f1048bcccfce72516406e32a4e68192e949162f7759f92e4763af","995","1000","other","RGB","existing_damage","train","real_damaged","Europeana","https://www.europeana.eu/item/916121/S_OLM_photo_OLM_9726087_1","Public Domain","https://pro.europeana.eu/page/search","","0","texture_catalog_match_v1+source_attribute_v1","","{""crack"": 0.0163, ""dust"": 0.0255, ""fold"": 0.0621, ""missing_region"": 0.0419, ""mold"": 0.0672, ""scratch"": 0.0347, ""stain"": 0.0953, ""tear"": 0.0549}","{}","0","0","0","0","0","0","0","0","0","0","0","0","0","0","e1453511691f1048bcccfce72516406e32a4e68192e949162f7759f92e4763af","844896","png"
"246","clean_near_000042","clean_near","42","commons_46742017","0271.png","clean_near_000042.png","dataset_images/clean_near/clean_near_000042.png","c2659d6121bc67ef7a2c99256818c7124ed4e09e4ba646f3e50360798bf682a7","1651","951","outdoor_scene","RGB","existing_damage","train","real_damaged","Wikimedia Commons","https://commons.wikimedia.org/wiki/File:Mother_of_the_Forest,_327_feet_high,_26_feet_in_diameter_(NYPL_b11707262-G89F320_004ZF).tiff","Public domain","","","0","texture_catalog_match_v1+source_attribute_v1","","{""crack"": 0.0242, ""dust"": 0.0306, ""fold"": 0.049, ""missing_region"": 0.05, ""mold"": 0.0638, ""scratch"": 0.0232, ""stain"": 0.1054, ""tear"": 0.0853}","{}","0","0","0","0","0","0","0","0","0","0","0","0","0","0","aecae50312a18848c2504e4f05f2f922b459f5f4247c78b8f21f4bb051d30eb6","2344323","png"
"257","clean_near_000043","clean_near","43","commons_104928665","0282.png","clean_near_000043.png","dataset_images/clean_near/clean_near_000043.png","7afd16afffc18bab0bc2632e5d0bb7b2af6fec36fd0cfcb69aa946c17e5e4e75","1305","902","other","RGB","existing_damage","train","real_damaged","Wikimedia Commons","https://commons.wikimedia.org/wiki/File:The_Delhi_Darbar_Thrones_of_1911.jpg","Public domain","","","0","texture_catalog_match_v1+source_attribute_v1","","{""crack"": 0.0183, ""dust"": 0.031, ""fold"": 0.141, ""missing_region"": 0.0483, ""mold"": 0.0963, ""scratch"": 0.0304, ""stain"": 0.0954, ""tear"": 0.081}","{}","0","0","0","0","0","0","0","0","0","0","0","0","0","0","900d04146440e4fb5f012838d0ffd6e16c5c23b9eee6bb86df3ba825d16dfcb4","1318614","png"
"260","clean_near_000044","clean_near","44","commons_136777505","0285.png","clean_near_000044.png","dataset_images/clean_near/clean_near_000044.png","29065cacfc82f8918884b6d57a7ccf884c13075d1c31c7c5c800b024b99b36a8","856","1434","single_portrait","RGB","existing_damage","train","real_damaged","Wikimedia Commons","https://commons.wikimedia.org/wiki/File:John_K._Cowen_(1911).png","Public domain","","","0","texture_catalog_match_v1+source_attribute_v1","","{""crack"": 0.0086, ""dust"": 0.0281, ""fold"": 0.0869, ""missing_region"": 0.0522, ""mold"": 0.0737, ""scratch"": 0.0258, ""stain"": 0.0681, ""tear"": 0.0626}","{}","0","0","0","0","0","0","0","0","0","0","0","0","0","0","29065cacfc82f8918884b6d57a7ccf884c13075d1c31c7c5c800b024b99b36a8","1374788","png"
"262","clean_near_000045","clean_near","45","commons_157495660","0288.png","clean_near_000045.png","dataset_images/clean_near/clean_near_000045.png","b1f0ee3bd9aaa8a1aff77169160799468c66d213ca0147eaaa6932adcac574d4","1701","1256","architecture","RGB","existing_damage","train","real_damaged","Wikimedia Commons","https://commons.wikimedia.org/wiki/File:Jodo_temple_in_Honolulu,_1911.jpg","Public domain","","","0","texture_catalog_match_v1+source_attribute_v1","","{""crack"": 0.0281, ""dust"": 0.0328, ""fold"": 0.1076, ""missing_region"": 0.0596, ""mold"": 0.0951, ""scratch"": 0.0311, ""stain"": 0.0921, ""tear"": 0.0916}","{}","0","0","0","0","0","0","0","0","0","0","0","0","0","0","b1f0ee3bd9aaa8a1aff77169160799468c66d213ca0147eaaa6932adcac574d4","1487827","png"
"265","clean_near_000046","clean_near","46","commons_158953481","0291.png","clean_near_000046.png","dataset_images/clean_near/clean_near_000046.png","c862fffc10d13ffe19c7af3029a27ebeeea0931df945d8b63c620da70bfef431","1548","2545","document","RGB","existing_damage","train","real_damaged","Wikimedia Commons","https://commons.wikimedia.org/wiki/File:Tom%C3%B3chic_novela_hist%C3%B3rica_mexicana_Heriberto_Fr%C3%ADas_M%C3%A9xico_1911_Librer%C3%ADa_de_la_viuda_de_Charles_Bouret_biblioteca_Gustavo_Sandoval_L%C3%B3pez_02.jpg","CC BY-SA 4.0","https://creativecommons.org/licenses/by-sa/4.0","","0","texture_catalog_match_v1+source_attribute_v1","","{""crack"": 0.019, ""dust"": 0.0192, ""fold"": 0.0353, ""missing_region"": 0.0308, ""mold"": 0.0655, ""scratch"": 0.02, ""stain"": 0.092, ""tear"": 0.0773}","{}","0","0","0","0","0","0","0","0","0","0","0","0","0","0","b23810b85204a517cf496c1e260efe224e4a01dcacdf6e782c0065f439251b74","5322570","png"
"266","clean_near_000047","clean_near","47","commons_158953482","0292.png","clean_near_000047.png","dataset_images/clean_near/clean_near_000047.png","fdf01ac96117add8f9b487ae06d3d128fd7a9958169da7158bb2191c1e25c91a","2097","3380","document","RGB","existing_damage","train","real_damaged","Wikimedia Commons","https://commons.wikimedia.org/wiki/File:Tom%C3%B3chic_novela_hist%C3%B3rica_mexicana_Heriberto_Fr%C3%ADas_M%C3%A9xico_1911_Librer%C3%ADa_de_la_viuda_de_Charles_Bouret_biblioteca_Gustavo_Sandoval_L%C3%B3pez_03.jpg","CC BY-SA 4.0","https://creativecommons.org/licenses/by-sa/4.0","","0","texture_catalog_match_v1+source_attribute_v1","","{""crack"": 0.0216, ""dust"": 0.029, ""fold"": 0.0603, ""missing_region"": 0.051, ""mold"": 0.0819, ""scratch"": 0.0324, ""stain"": 0.0659, ""tear"": 0.0926}","{}","0","0","0","0","0","0","0","0","0","0","0","0","0","0","fdf01ac96117add8f9b487ae06d3d128fd7a9958169da7158bb2191c1e25c91a","3442711","png"
"267","clean_near_000048","clean_near","48","commons_158953485","0293.png","clean_near_000048.png","dataset_images/clean_near/clean_near_000048.png","f9ad61dfaeb0dfb3672e683c81da6599883d16f7c2fa5af4d44a7253ba77f47b","1818","2970","document","RGB","existing_damage","train","real_damaged","Wikimedia Commons","https://commons.wikimedia.org/wiki/File:Tom%C3%B3chic_novela_hist%C3%B3rica_mexicana_Heriberto_Fr%C3%ADas_M%C3%A9xico_1911_Librer%C3%ADa_de_la_viuda_de_Charles_Bouret_biblioteca_Gustavo_Sandoval_L%C3%B3pez_05.jpg","CC BY-SA 4.0","https://creativecommons.org/licenses/by-sa/4.0","","0","texture_catalog_match_v1+source_attribute_v1","","{""crack"": 0.0205, ""dust"": 0.0333, ""fold"": 0.118, ""missing_region"": 0.0442, ""mold"": 0.0947, ""scratch"": 0.0305, ""stain"": 0.1413, ""tear"": 0.1177}","{}","0","0","0","0","0","0","0","0","0","0","0","0","0","0","4b64481056532c8d49c399a5eb03ade887d7229825e1b9b56f5f2b7be7123202","6517809","png"
"269","clean_near_000049","clean_near","49","commons_163495897","0295.png","clean_near_000049.png","dataset_images/clean_near/clean_near_000049.png","7f977a745b238acc2600724094a521be174f76c0f3659d91257e04ab58eb7955","1947","1093","outdoor_scene","RGB","existing_damage","train","real_damaged","Wikimedia Commons","https://commons.wikimedia.org/wiki/File:Italian_forces_in_the_harbour_of_Tobruk_(1911).png","Public domain","","","0","texture_catalog_match_v1+source_attribute_v1","","{""crack"": 0.0312, ""dust"": 0.0325, ""fold"": 0.0985, ""missing_region"": 0.0413, ""mold"": 0.0809, ""scratch"": 0.0317, ""stain"": 0.0869, ""tear"": 0.0957}","{}","0","0","0","0","0","0","0","0","0","0","0","0","0","0","7f977a745b238acc2600724094a521be174f76c0f3659d91257e04ab58eb7955","1804532","png"
"271","clean_near_000050","clean_near","50","commons_193203250","0297.png","clean_near_000050.png","dataset_images/clean_near/clean_near_000050.png","57f97ca31d690267571b4d5baf21f06d29f613a61c7325420f6c614d9fea0905","1026","1214","single_portrait","RGB","existing_damage","validation","real_damaged","Wikimedia Commons","https://commons.wikimedia.org/wiki/File:Caroline_Schutz_O%27Fallon_(St._Louis,_the_fourth_city,_1911).png","Public domain","","","0","texture_catalog_match_v1+source_attribute_v1","","{""crack"": 0.024, ""dust"": 0.0446, ""fold"": 0.1028, ""missing_region"": 0.0661, ""mold"": 0.1211, ""scratch"": 0.0442, ""stain"": 0.1745, ""tear"": 0.1601}","{}","0","0","0","0","0","0","0","0","0","0","0","0","0","0","57f97ca31d690267571b4d5baf21f06d29f613a61c7325420f6c614d9fea0905","1125911","png"
"287","clean_near_000051","clean_near","51","photo-0002","0316.png","clean_near_000051.png","dataset_images/clean_near/clean_near_000051.png","a81931299859af0fc7571e3e563eef71457c7b0310f6cb1e030a4ac6c05e6729","1556","1569","outdoor_scene","RGB","existing_damage","train","real_damaged","赫达·莫里逊中国相册（Hedda Morrison）","","","","","0","texture_catalog_match_v1+source_attribute_v1","","{""crack"": 0.0045, ""dust"": 0.0214, ""fold"": 0.0558, ""missing_region"": 0.0562, ""mold"": 0.0636, ""scratch"": 0.0166, ""stain"": 0.1029, ""tear"": 0.0672}","{}","0","0","0","0","0","0","0","0","0","0","0","0","0","0","a81931299859af0fc7571e3e563eef71457c7b0310f6cb1e030a4ac6c05e6729","1962088","png"
"288","clean_near_000052","clean_near","52","photo-0003","0317.png","clean_near_000052.png","dataset_images/clean_near/clean_near_000052.png","fde9255ca848e4e1874074503df5645aa69f9e9d22beef1690d8b91cdd231f19","1590","1594","single_portrait","RGB","existing_damage","train","real_damaged","赫达·莫里逊中国相册（Hedda Morrison）","","","","","0","texture_catalog_match_v1+source_attribute_v1","","{""crack"": 0.0061, ""dust"": 0.0215, ""fold"": 0.0419, ""missing_region"": 0.0466, ""mold"": 0.061, ""scratch"": 0.0275, ""stain"": 0.0811, ""tear"": 0.0478}","{}","0","0","0","0","0","0","0","0","0","0","0","0","0","0","fde9255ca848e4e1874074503df5645aa69f9e9d22beef1690d8b91cdd231f19","1862739","png"
"289","clean_near_000053","clean_near","53","photo-0004","0318.png","clean_near_000053.png","dataset_images/clean_near/clean_near_000053.png","e5ccb853e8fa8268b67fd140f82f2384f082deb2c65d91dc53d45bd2680782d5","1597","1602","single_portrait","RGB","existing_damage","train","real_damaged","赫达·莫里逊中国相册（Hedda Morrison）","","","","","0","texture_catalog_match_v1+source_attribute_v1","","{""crack"": 0.0157, ""dust"": 0.0186, ""fold"": 0.0269, ""missing_region"": 0.0271, ""mold"": 0.0266, ""scratch"": 0.0275, ""stain"": 0.0361, ""tear"": 0.0289}","{}","0","0","0","0","0","0","0","0","0","0","0","0","0","0","e5ccb853e8fa8268b67fd140f82f2384f082deb2c65d91dc53d45bd2680782d5","1743096","png"
"291","clean_near_000054","clean_near","54","photo-0006","0320.png","clean_near_000054.png","dataset_images/clean_near/clean_near_000054.png","830857e5476d57d68d8027bcfe188e7608bc004ed55484d73da3bbf65f3f0879","1560","1564","single_portrait","RGB","existing_damage","train","real_damaged","赫达·莫里逊中国相册（Hedda Morrison）","","","","","0","texture_catalog_match_v1+source_attribute_v1","","{""crack"": 0.0083, ""dust"": 0.0188, ""fold"": 0.0388, ""missing_region"": 0.0748, ""mold"": 0.0855, ""scratch"": 0.0209, ""stain"": 0.0491, ""tear"": 0.0766}","{}","0","0","0","0","0","0","0","0","0","0","0","0","0","0","830857e5476d57d68d8027bcfe188e7608bc004ed55484d73da3bbf65f3f0879","1893481","png"
"295","clean_near_000055","clean_near","55","photo-0010","0324.png","clean_near_000055.png","dataset_images/clean_near/clean_near_000055.png","ec47fe8a111133c23679060be37f1545a778ce9a4b5216b6c3c6cfe0cac4c3a0","1564","1381","single_portrait","RGB","existing_damage","train","real_damaged","赫达·莫里逊中国相册（Hedda Morrison）","","","","","0","texture_catalog_match_v1+source_attribute_v1","","{""crack"": 0.0083, ""dust"": 0.0184, ""fold"": 0.0358, ""missing_region"": 0.0333, ""mold"": 0.0474, ""scratch"": 0.0198, ""stain"": 0.0748, ""tear"": 0.0626}","{}","0","0","0","0","0","0","0","0","0","0","0","0","0","0","ec47fe8a111133c23679060be37f1545a778ce9a4b5216b6c3c6cfe0cac4c3a0","1697636","png"
"296","clean_near_000056","clean_near","56","photo-0011","0325.png","clean_near_000056.png","dataset_images/clean_near/clean_near_000056.png","6b957146fb7c040482ea34690bcda7dbe3c1b7610b504894766635f2901429c9","1560","1665","group_portrait","RGB","existing_damage","train","real_damaged","赫达·莫里逊中国相册（Hedda Morrison）","","","","","0","texture_catalog_match_v1+source_attribute_v1","","{""crack"": 0.0259, ""dust"": 0.0269, ""fold"": 0.0501, ""missing_region"": 0.038, ""mold"": 0.0924, ""scratch"": 0.0261, ""stain"": 0.0954, ""tear"": 0.0706}","{}","0","0","0","0","0","0","0","0","0","0","0","0","0","0","6b957146fb7c040482ea34690bcda7dbe3c1b7610b504894766635f2901429c9","2033900","png"
"299","clean_near_000057","clean_near","57","photo-0014","0328.png","clean_near_000057.png","dataset_images/clean_near/clean_near_000057.png","221d450c917a2116384feb77676962e48913eefc1308171b86bdc78a92a6df38","1585","1590","single_portrait","RGB","existing_damage","test","real_damaged","赫达·莫里逊中国相册（Hedda Morrison）","","","","","0","texture_catalog_match_v1+source_attribute_v1","","{""crack"": 0.015, ""dust"": 0.0327, ""fold"": 0.1261, ""missing_region"": 0.065, ""mold"": 0.1037, ""scratch"": 0.0324, ""stain"": 0.1313, ""tear"": 0.0873}","{}","0","0","0","0","0","0","0","0","0","0","0","0","0","0","221d450c917a2116384feb77676962e48913eefc1308171b86bdc78a92a6df38","2035229","png"
"302","clean_near_000058","clean_near","58","photo-0017","0331.png","clean_near_000058.png","dataset_images/clean_near/clean_near_000058.png","e6d9a770ad63934c245146d39aaf849ebdf4210363bdae48eb37a70c1c40dfb3","1581","1569","single_portrait","RGB","existing_damage","train","real_damaged","赫达·莫里逊中国相册（Hedda Morrison）","","","","","0","texture_catalog_match_v1+source_attribute_v1","","{""crack"": 0.0093, ""dust"": 0.0249, ""fold"": 0.0508, ""missing_region"": 0.0442, ""mold"": 0.0691, ""scratch"": 0.0215, ""stain"": 0.0878, ""tear"": 0.0544}","{}","0","0","0","0","0","0","0","0","0","0","0","0","0","0","e6d9a770ad63934c245146d39aaf849ebdf4210363bdae48eb37a70c1c40dfb3","1792265","png"
"303","clean_near_000059","clean_near","59","photo-0018","0332.png","clean_near_000059.png","dataset_images/clean_near/clean_near_000059.png","154c6f6d9d7784ca15cdc2596ddb57e69d3654aff269414fba3dfa5bb23d6dd0","1594","1594","group_portrait","RGB","existing_damage","train","real_damaged","赫达·莫里逊中国相册（Hedda Morrison）","","","","","0","texture_catalog_match_v1+source_attribute_v1","","{""crack"": 0.0057, ""dust"": 0.0201, ""fold"": 0.0653, ""missing_region"": 0.0854, ""mold"": 0.1065, ""scratch"": 0.023, ""stain"": 0.1008, ""tear"": 0.0958}","{}","0","0","0","0","0","0","0","0","0","0","0","0","0","0","154c6f6d9d7784ca15cdc2596ddb57e69d3654aff269414fba3dfa5bb23d6dd0","1895013","png"
"304","clean_near_000060","clean_near","60","photo-0019","0333.png","clean_near_000060.png","dataset_images/clean_near/clean_near_000060.png","ebd2035c34fc4a88470c97e0c280c722f9ed33f389c7596971fbc994b5706e33","1548","1565","single_portrait","RGB","existing_damage","train","real_damaged","赫达·莫里逊中国相册（Hedda Morrison）","","","","","0","texture_catalog_match_v1+source_attribute_v1","","{""crack"": 0.0139, ""dust"": 0.0291, ""fold"": 0.0845, ""missing_region"": 0.0501, ""mold"": 0.0934, ""scratch"": 0.0347, ""stain"": 0.1045, ""tear"": 0.0854}","{}","0","0","0","0","0","0","0","0","0","0","0","0","0","0","ebd2035c34fc4a88470c97e0c280c722f9ed33f389c7596971fbc994b5706e33","1501721","png"
"305","clean_near_000061","clean_near","61","photo-0020","0334.png","clean_near_000061.png","dataset_images/clean_near/clean_near_000061.png","e0d22cc3b629262123b37af494ca52f39ec83ae31b9e2dd30dadb6ef5971ca72","1594","1598","group_portrait","RGB","existing_damage","train","real_damaged","赫达·莫里逊中国相册（Hedda Morrison）","","","","","0","texture_catalog_match_v1+source_attribute_v1","","{""crack"": 0.0139, ""dust"": 0.0338, ""fold"": 0.085, ""missing_region"": 0.062, ""mold"": 0.1122, ""scratch"": 0.0254, ""stain"": 0.1286, ""tear"": 0.0719}","{}","0","0","0","0","0","0","0","0","0","0","0","0","0","0","e0d22cc3b629262123b37af494ca52f39ec83ae31b9e2dd30dadb6ef5971ca72","1961048","png"
"307","clean_near_000062","clean_near","62","photo-0022","0336.png","clean_near_000062.png","dataset_images/clean_near/clean_near_000062.png","c5ae45ea5d8cd71180925acde125b1f4bf783bafe3c68a2712692405335dd0fc","1598","1594","single_portrait","RGB","existing_damage","train","real_damaged","赫达·莫里逊中国相册（Hedda Morrison）","","","","","0","texture_catalog_match_v1+source_attribute_v1","","{""crack"": 0.0087, ""dust"": 0.0223, ""fold"": 0.0808, ""missing_region"": 0.0668, ""mold"": 0.0649, ""scratch"": 0.0214, ""stain"": 0.0484, ""tear"": 0.0838}","{}","0","0","0","0","0","0","0","0","0","0","0","0","0","0","c5ae45ea5d8cd71180925acde125b1f4bf783bafe3c68a2712692405335dd0fc","1665518","png"
"308","clean_near_000063","clean_near","63","photo-0023","0337.png","clean_near_000063.png","dataset_images/clean_near/clean_near_000063.png","8dd8fb6ab8693be7c176591bb3da7542d7967af14ab367ce8b156df25bd5bd83","1577","1573","group_portrait","RGB","existing_damage","validation","real_damaged","赫达·莫里逊中国相册（Hedda Morrison）","","","","","0","texture_catalog_match_v1+source_attribute_v1","","{""crack"": 0.0179, ""dust"": 0.0353, ""fold"": 0.0886, ""missing_region"": 0.0494, ""mold"": 0.0921, ""scratch"": 0.0292, ""stain"": 0.1063, ""tear"": 0.0858}","{}","0","0","0","0","0","0","0","0","0","0","0","0","0","0","8dd8fb6ab8693be7c176591bb3da7542d7967af14ab367ce8b156df25bd5bd83","1675947","png"
"310","clean_near_000064","clean_near","64","photo-0025","0339.png","clean_near_000064.png","dataset_images/clean_near/clean_near_000064.png","e7b4716a6b6ac763dfe3f1573c41eb80b381a152691d85fae57d779a118c4316","1577","1602","single_portrait","RGB","existing_damage","train","real_damaged","赫达·莫里逊中国相册（Hedda Morrison）","","","","","0","texture_catalog_match_v1+source_attribute_v1","","{""crack"": 0.0299, ""dust"": 0.0438, ""fold"": 0.0736, ""missing_region"": 0.0454, ""mold"": 0.0876, ""scratch"": 0.0374, ""stain"": 0.1012, ""tear"": 0.1078}","{}","0","0","0","0","0","0","0","0","0","0","0","0","0","0","e7b4716a6b6ac763dfe3f1573c41eb80b381a152691d85fae57d779a118c4316","1753749","png"
"311","clean_near_000065","clean_near","65","photo-0026","0340.png","clean_near_000065.png","dataset_images/clean_near/clean_near_000065.png","1409f4a35553b6b2f038a2052b7f27e03cbc9bc76f3dfefb81c0f83e8d7e359a","1602","1593","single_portrait","RGB","existing_damage","train","real_damaged","赫达·莫里逊中国相册（Hedda Morrison）","","","","","0","texture_catalog_match_v1+source_attribute_v1","","{""crack"": 0.017, ""dust"": 0.0233, ""fold"": 0.064, ""missing_region"": 0.0458, ""mold"": 0.0589, ""scratch"": 0.024, ""stain"": 0.0755, ""tear"": 0.064}","{}","0","0","0","0","0","0","0","0","0","0","0","0","0","0","1409f4a35553b6b2f038a2052b7f27e03cbc9bc76f3dfefb81c0f83e8d7e359a","1756223","png"
"316","clean_near_000066","clean_near","66","photo-0031","0345.png","clean_near_000066.png","dataset_images/clean_near/clean_near_000066.png","15afbec0c86229beebf02332d3f3144c799027034a6f6f22c4141fbcf60c3918","1569","1577","single_portrait","RGB","existing_damage","validation","real_damaged","赫达·莫里逊中国相册（Hedda Morrison）","","","","","0","texture_catalog_match_v1+source_attribute_v1","","{""crack"": 0.0143, ""dust"": 0.03, ""fold"": 0.089, ""missing_region"": 0.0645, ""mold"": 0.1442, ""scratch"": 0.0319, ""stain"": 0.1345, ""tear"": 0.174}","{}","0","0","0","0","0","0","0","0","0","0","0","0","0","0","15afbec0c86229beebf02332d3f3144c799027034a6f6f22c4141fbcf60c3918","1680530","png"
"317","clean_near_000067","clean_near","67","photo-0032","0346.png","clean_near_000067.png","dataset_images/clean_near/clean_near_000067.png","3042d52a928c6697b9bf73153ae2ccb8b78071997da19a5db02119639eb1d27a","1560","1568","single_portrait","RGB","existing_damage","test","real_damaged","赫达·莫里逊中国相册（Hedda Morrison）","","","","","0","texture_catalog_match_v1+source_attribute_v1","","{""crack"": 0.0169, ""dust"": 0.03, ""fold"": 0.1252, ""missing_region"": 0.0673, ""mold"": 0.118, ""scratch"": 0.0282, ""stain"": 0.1082, ""tear"": 0.0944}","{}","0","0","0","0","0","0","0","0","0","0","0","0","0","0","3042d52a928c6697b9bf73153ae2ccb8b78071997da19a5db02119639eb1d27a","1849644","png"
"322","clean_near_000068","clean_near","68","photo-0037","0351.png","clean_near_000068.png","dataset_images/clean_near/clean_near_000068.png","92ed5c86d29ed14f230af3284e2aca873b7c4018ee853e66592046a3acc3ffdb","1594","1460","single_portrait","RGB","existing_damage","train","real_damaged","赫达·莫里逊中国相册（Hedda Morrison）","","","","","0","texture_catalog_match_v1+source_attribute_v1","","{""crack"": 0.0065, ""dust"": 0.0202, ""fold"": 0.0538, ""missing_region"": 0.0396, ""mold"": 0.0789, ""scratch"": 0.0194, ""stain"": 0.0643, ""tear"": 0.069}","{}","0","0","0","0","0","0","0","0","0","0","0","0","0","0","92ed5c86d29ed14f230af3284e2aca873b7c4018ee853e66592046a3acc3ffdb","1564208","png"
"323","clean_near_000069","clean_near","69","photo-0038","0352.png","clean_near_000069.png","dataset_images/clean_near/clean_near_000069.png","001f48f53cd767c6a791e1bf04c8b9f03cb6fed387ec4a1443be7755bd3575ee","1590","1598","outdoor_scene","RGB","existing_damage","test","real_damaged","赫达·莫里逊中国相册（Hedda Morrison）","","","","","0","texture_catalog_match_v1+source_attribute_v1","","{""crack"": 0.0146, ""dust"": 0.0173, ""fold"": 0.0298, ""missing_region"": 0.0258, ""mold"": 0.026, ""scratch"": 0.0238, ""stain"": 0.0467, ""tear"": 0.0353}","{}","0","0","0","0","0","0","0","0","0","0","0","0","0","0","001f48f53cd767c6a791e1bf04c8b9f03cb6fed387ec4a1443be7755bd3575ee","1861135","png"
"325","clean_near_000070","clean_near","70","photo-0040","0354.png","clean_near_000070.png","dataset_images/clean_near/clean_near_000070.png","975f9169fce90855b417fb6838552bb9ce7098c93917878261d21d2a8dd33713","1594","1593","outdoor_scene","RGB","existing_damage","train","real_damaged","赫达·莫里逊中国相册（Hedda Morrison）","","","","","0","texture_catalog_match_v1+source_attribute_v1","","{""crack"": 0.0107, ""dust"": 0.0205, ""fold"": 0.0503, ""missing_region"": 0.0434, ""mold"": 0.0532, ""scratch"": 0.0211, ""stain"": 0.0642, ""tear"": 0.0887}","{}","0","0","0","0","0","0","0","0","0","0","0","0","0","0","975f9169fce90855b417fb6838552bb9ce7098c93917878261d21d2a8dd33713","1782702","png"
"326","clean_near_000071","clean_near","71","photo-0041","0355.png","clean_near_000071.png","dataset_images/clean_near/clean_near_000071.png","51947527247994d57336d314dd997f13fd2fde552b171ae86cef25b5f4aa1513","1589","1585","single_portrait","RGB","existing_damage","train","real_damaged","赫达·莫里逊中国相册（Hedda Morrison）","","","","","0","texture_catalog_match_v1+source_attribute_v1","","{""crack"": 0.0087, ""dust"": 0.0234, ""fold"": 0.0751, ""missing_region"": 0.048, ""mold"": 0.0588, ""scratch"": 0.0179, ""stain"": 0.118, ""tear"": 0.0885}","{}","0","0","0","0","0","0","0","0","0","0","0","0","0","0","51947527247994d57336d314dd997f13fd2fde552b171ae86cef25b5f4aa1513","1751802","png"
"327","clean_near_000072","clean_near","72","photo-0042","0356.png","clean_near_000072.png","dataset_images/clean_near/clean_near_000072.png","76bbc42a7fbf867ca4ae346b5a0f43b1848602e29bb491dfe823a206a40b1e76","1556","1585","group_portrait","RGB","existing_damage","train","real_damaged","赫达·莫里逊中国相册（Hedda Morrison）","","","","","0","texture_catalog_match_v1+source_attribute_v1","","{""crack"": 0.0117, ""dust"": 0.0227, ""fold"": 0.0338, ""missing_region"": 0.0568, ""mold"": 0.0478, ""scratch"": 0.0188, ""stain"": 0.0672, ""tear"": 0.065}","{}","0","0","0","0","0","0","0","0","0","0","0","0","0","0","76bbc42a7fbf867ca4ae346b5a0f43b1848602e29bb491dfe823a206a40b1e76","1818293","png"
"328","clean_near_000073","clean_near","73","photo-0043","0357.png","clean_near_000073.png","dataset_images/clean_near/clean_near_000073.png","3fbddb96b4e28b08b6929cce2d6bc8a017a5c81549f462ea71af451f45b4aecd","1664","1593","single_portrait","RGB","existing_damage","train","real_damaged","赫达·莫里逊中国相册（Hedda Morrison）","","","","","0","texture_catalog_match_v1+source_attribute_v1","","{""crack"": 0.0077, ""dust"": 0.0152, ""fold"": 0.0469, ""missing_region"": 0.0441, ""mold"": 0.0762, ""scratch"": 0.0163, ""stain"": 0.0412, ""tear"": 0.0441}","{}","0","0","0","0","0","0","0","0","0","0","0","0","0","0","3fbddb96b4e28b08b6929cce2d6bc8a017a5c81549f462ea71af451f45b4aecd","1749130","png"
"329","clean_near_000074","clean_near","74","photo-0044","0358.png","clean_near_000074.png","dataset_images/clean_near/clean_near_000074.png","530336258028877aed5fc16dc61944317c302ae20b6ad46ab0c0db0a026532b8","1569","1598","outdoor_scene","RGB","existing_damage","train","real_damaged","赫达·莫里逊中国相册（Hedda Morrison）","","","","","0","texture_catalog_match_v1+source_attribute_v1","","{""crack"": 0.017, ""dust"": 0.0234, ""fold"": 0.084, ""missing_region"": 0.042, ""mold"": 0.0659, ""scratch"": 0.0266, ""stain"": 0.0725, ""tear"": 0.1425}","{}","0","0","0","0","0","0","0","0","0","0","0","0","0","0","530336258028877aed5fc16dc61944317c302ae20b6ad46ab0c0db0a026532b8","2042926","png"
"330","clean_near_000075","clean_near","75","photo-0045","0359.png","clean_near_000075.png","dataset_images/clean_near/clean_near_000075.png","df1608c7fec2440fc307b8e0a9441fa114e9eab0aeccc08fe65ded2d96a72954","1581","1577","single_portrait","RGB","existing_damage","train","real_damaged","赫达·莫里逊中国相册（Hedda Morrison）","","","","","0","texture_catalog_match_v1+source_attribute_v1","","{""crack"": 0.0087, ""dust"": 0.0285, ""fold"": 0.0808, ""missing_region"": 0.0551, ""mold"": 0.1126, ""scratch"": 0.0316, ""stain"": 0.1284, ""tear"": 0.0917}","{}","0","0","0","0","0","0","0","0","0","0","0","0","0","0","df1608c7fec2440fc307b8e0a9441fa114e9eab0aeccc08fe65ded2d96a72954","1793486","png"
"333","clean_near_000076","clean_near","76","photo-0048","0362.png","clean_near_000076.png","dataset_images/clean_near/clean_near_000076.png","db6db493ecd064017d28ad7390f7be3ad80d9a1ac2310e3548d12f3c5a8dfdc1","1577","1569","outdoor_scene","RGB","existing_damage","train","real_damaged","赫达·莫里逊中国相册（Hedda Morrison）","","","","","0","texture_catalog_match_v1+source_attribute_v1","","{""crack"": 0.0127, ""dust"": 0.0349, ""fold"": 0.1157, ""missing_region"": 0.0621, ""mold"": 0.0774, ""scratch"": 0.0322, ""stain"": 0.0976, ""tear"": 0.079}","{}","0","0","0","0","0","0","0","0","0","0","0","0","0","0","db6db493ecd064017d28ad7390f7be3ad80d9a1ac2310e3548d12f3c5a8dfdc1","1992010","png"
"335","clean_near_000077","clean_near","77","photo-0050","0364.png","clean_near_000077.png","dataset_images/clean_near/clean_near_000077.png","26cf0b888fc61fbf69a2ae2d15d6c1182e3e29b25131a350e8c98a9ae71bc7c7","1606","1577","outdoor_scene","RGB","existing_damage","train","real_damaged","赫达·莫里逊中国相册（Hedda Morrison）","","","","","0","texture_catalog_match_v1+source_attribute_v1","","{""crack"": 0.0098, ""dust"": 0.0212, ""fold"": 0.0626, ""missing_region"": 0.0482, ""mold"": 0.054, ""scratch"": 0.0211, ""stain"": 0.0762, ""tear"": 0.0613}","{}","0","0","0","0","0","0","0","0","0","0","0","0","0","0","26cf0b888fc61fbf69a2ae2d15d6c1182e3e29b25131a350e8c98a9ae71bc7c7","1957909","png"
"337","clean_near_000078","clean_near","78","photo-0052","0366.png","clean_near_000078.png","dataset_images/clean_near/clean_near_000078.png","e3ce915b1e5fccd730c013a42d86b0b2710f145689ede11f6e7fc8a0fdb23932","1573","1565","single_portrait","RGB","existing_damage","train","real_damaged","赫达·莫里逊中国相册（Hedda Morrison）","","","","","0","texture_catalog_match_v1+source_attribute_v1","","{""crack"": 0.0262, ""dust"": 0.0354, ""fold"": 0.0485, ""missing_region"": 0.0447, ""mold"": 0.0503, ""scratch"": 0.0308, ""stain"": 0.0883, ""tear"": 0.0686}","{}","0","0","0","0","0","0","0","0","0","0","0","0","0","0","e3ce915b1e5fccd730c013a42d86b0b2710f145689ede11f6e7fc8a0fdb23932","1727514","png"
"338","clean_near_000079","clean_near","79","photo-0053","0367.png","clean_near_000079.png","dataset_images/clean_near/clean_near_000079.png","1ae78977c2ec27d41e16c91381ac4ea5c4806f3db910ed09fadbf411d97ac8bd","1581","1568","outdoor_scene","RGB","existing_damage","train","real_damaged","赫达·莫里逊中国相册（Hedda Morrison）","","","","","0","texture_catalog_match_v1+source_attribute_v1","","{""crack"": 0.0113, ""dust"": 0.0263, ""fold"": 0.0723, ""missing_region"": 0.039, ""mold"": 0.0881, ""scratch"": 0.0271, ""stain"": 0.0854, ""tear"": 0.05}","{}","0","0","0","0","0","0","0","0","0","0","0","0","0","0","1ae78977c2ec27d41e16c91381ac4ea5c4806f3db910ed09fadbf411d97ac8bd","1832505","png"
"343","clean_near_000080","clean_near","80","photo-0058","0372.png","clean_near_000080.png","dataset_images/clean_near/clean_near_000080.png","1a086b53bfd50492d25d404b2717f01e5e5821692684360bc11a09309d07bc7e","1547","1548","single_portrait","RGB","existing_damage","train","real_damaged","赫达·莫里逊中国相册（Hedda Morrison）","","","","","0","texture_catalog_match_v1+source_attribute_v1","","{""crack"": 0.0101, ""dust"": 0.0192, ""fold"": 0.0817, ""missing_region"": 0.0568, ""mold"": 0.0965, ""scratch"": 0.0234, ""stain"": 0.1317, ""tear"": 0.1509}","{}","0","0","0","0","0","0","0","0","0","0","0","0","0","0","1a086b53bfd50492d25d404b2717f01e5e5821692684360bc11a09309d07bc7e","1895395","png"
"344","clean_near_000081","clean_near","81","photo-0059","0373.png","clean_near_000081.png","dataset_images/clean_near/clean_near_000081.png","b6f90bf2107570b65471f3c0c6a22cea01ef79e3a66ccc27ef8858dc600d43f6","1564","1548","single_portrait","RGB","existing_damage","train","real_damaged","赫达·莫里逊中国相册（Hedda Morrison）","","","","","0","texture_catalog_match_v1+source_attribute_v1","","{""crack"": 0.0305, ""dust"": 0.0312, ""fold"": 0.0565, ""missing_region"": 0.0442, ""mold"": 0.0506, ""scratch"": 0.0306, ""stain"": 0.0645, ""tear"": 0.0699}","{}","0","0","0","0","0","0","0","0","0","0","0","0","0","0","b6f90bf2107570b65471f3c0c6a22cea01ef79e3a66ccc27ef8858dc600d43f6","1496925","png"
"346","clean_near_000082","clean_near","82","photo-0061","0375.png","clean_near_000082.png","dataset_images/clean_near/clean_near_000082.png","85f5aa8a3d3292ba75ecb668575243fb124b22dbb0a8c3ff1f1ee5ef12b74598","1682","1577","outdoor_scene","RGB","existing_damage","validation","real_damaged","赫达·莫里逊中国相册（Hedda Morrison）","","","","","0","texture_catalog_match_v1+source_attribute_v1","","{""crack"": 0.0039, ""dust"": 0.0111, ""fold"": 0.0234, ""missing_region"": 0.032, ""mold"": 0.0604, ""scratch"": 0.0145, ""stain"": 0.0712, ""tear"": 0.0722}","{}","0","0","0","0","0","0","0","0","0","0","0","0","0","0","85f5aa8a3d3292ba75ecb668575243fb124b22dbb0a8c3ff1f1ee5ef12b74598","1841846","png"
"347","clean_near_000083","clean_near","83","photo-0062","0376.png","clean_near_000083.png","dataset_images/clean_near/clean_near_000083.png","d0b70c224e7d70421023068344e7c369dd2480803c4d9c3b00e3e6acaa08f377","1573","1560","outdoor_scene","RGB","existing_damage","train","real_damaged","赫达·莫里逊中国相册（Hedda Morrison）","","","","","0","texture_catalog_match_v1+source_attribute_v1","","{""crack"": 0.0049, ""dust"": 0.0146, ""fold"": 0.0411, ""missing_region"": 0.0286, ""mold"": 0.0615, ""scratch"": 0.022, ""stain"": 0.0461, ""tear"": 0.046}","{}","0","0","0","0","0","0","0","0","0","0","0","0","0","0","d0b70c224e7d70421023068344e7c369dd2480803c4d9c3b00e3e6acaa08f377","1601329","png"
"349","clean_near_000084","clean_near","84","photo-0064","0378.png","clean_near_000084.png","dataset_images/clean_near/clean_near_000084.png","30ba0596a051d5028984fcb3fa9ea09d87c173f32d75bc023f4e3c8762aebdb6","1602","1568","group_portrait","RGB","existing_damage","train","real_damaged","赫达·莫里逊中国相册（Hedda Morrison）","","","","","0","texture_catalog_match_v1+source_attribute_v1","","{""crack"": 0.0093, ""dust"": 0.0275, ""fold"": 0.0565, ""missing_region"": 0.0421, ""mold"": 0.0829, ""scratch"": 0.03, ""stain"": 0.0845, ""tear"": 0.0744}","{}","0","0","0","0","0","0","0","0","0","0","0","0","0","0","30ba0596a051d5028984fcb3fa9ea09d87c173f32d75bc023f4e3c8762aebdb6","1720963","png"
"350","clean_near_000085","clean_near","85","photo-0065","0379.png","clean_near_000085.png","dataset_images/clean_near/clean_near_000085.png","648101baddfd2563be456ad4924ff90ecf3c6ad1b8e293305ea1c71257d026ee","1631","1573","single_portrait","RGB","existing_damage","train","real_damaged","赫达·莫里逊中国相册（Hedda Morrison）","","","","","0","texture_catalog_match_v1+source_attribute_v1","","{""crack"": 0.0094, ""dust"": 0.0287, ""fold"": 0.1085, ""missing_region"": 0.0688, ""mold"": 0.1041, ""scratch"": 0.0347, ""stain"": 0.1153, ""tear"": 0.0791}","{}","0","0","0","0","0","0","0","0","0","0","0","0","0","0","648101baddfd2563be456ad4924ff90ecf3c6ad1b8e293305ea1c71257d026ee","2035101","png"
"351","clean_near_000086","clean_near","86","photo-0066","0380.png","clean_near_000086.png","dataset_images/clean_near/clean_near_000086.png","1d437b423c1a71bf0c0786edb85ba546da3c71e21d771029a8f928f2c1828c39","1573","1560","single_portrait","RGB","existing_damage","train","real_damaged","赫达·莫里逊中国相册（Hedda Morrison）","","","","","0","texture_catalog_match_v1+source_attribute_v1","","{""crack"": 0.0231, ""dust"": 0.0296, ""fold"": 0.0589, ""missing_region"": 0.0434, ""mold"": 0.1024, ""scratch"": 0.027, ""stain"": 0.0778, ""tear"": 0.0747}","{}","0","0","0","0","0","0","0","0","0","0","0","0","0","0","1d437b423c1a71bf0c0786edb85ba546da3c71e21d771029a8f928f2c1828c39","1736612","png"
"352","clean_near_000087","clean_near","87","photo-0067","0381.png","clean_near_000087.png","dataset_images/clean_near/clean_near_000087.png","4e00dd1ebd07e83eda1e5e45e6c8bd44c2d6d73950d8ffc85303b35216e0abb2","1581","1556","outdoor_scene","RGB","existing_damage","train","real_damaged","赫达·莫里逊中国相册（Hedda Morrison）","","","","","0","texture_catalog_match_v1+source_attribute_v1","","{""crack"": 0.0117, ""dust"": 0.014, ""fold"": 0.0266, ""missing_region"": 0.0283, ""mold"": 0.0367, ""scratch"": 0.024, ""stain"": 0.0481, ""tear"": 0.0393}","{}","0","0","0","0","0","0","0","0","0","0","0","0","0","0","4e00dd1ebd07e83eda1e5e45e6c8bd44c2d6d73950d8ffc85303b35216e0abb2","1740436","png"
"354","clean_near_000088","clean_near","88","photo-0069","0383.png","clean_near_000088.png","dataset_images/clean_near/clean_near_000088.png","17a87377de59522f7bac9bd6f3d21c1cf1f23e468d571d4aa696b07cf24e83e6","1576","1615","single_portrait","RGB","existing_damage","train","real_damaged","赫达·莫里逊中国相册（Hedda Morrison）","","","","","0","texture_catalog_match_v1+source_attribute_v1","","{""crack"": 0.0122, ""dust"": 0.0349, ""fold"": 0.0615, ""missing_region"": 0.049, ""mold"": 0.0592, ""scratch"": 0.0233, ""stain"": 0.0904, ""tear"": 0.0521}","{}","0","0","0","0","0","0","0","0","0","0","0","0","0","0","17a87377de59522f7bac9bd6f3d21c1cf1f23e468d571d4aa696b07cf24e83e6","1984758","png"
"355","clean_near_000089","clean_near","89","photo-0070","0384.png","clean_near_000089.png","dataset_images/clean_near/clean_near_000089.png","f22fee080c9ebe1145296766b832572eed1c817070c1cd86a36ea6c8525330f6","1652","1573","single_portrait","RGB","existing_damage","train","real_damaged","赫达·莫里逊中国相册（Hedda Morrison）","","","","","0","texture_catalog_match_v1+source_attribute_v1","","{""crack"": 0.007, ""dust"": 0.0275, ""fold"": 0.0747, ""missing_region"": 0.0649, ""mold"": 0.0801, ""scratch"": 0.0246, ""stain"": 0.1021, ""tear"": 0.0699}","{}","0","0","0","0","0","0","0","0","0","0","0","0","0","0","f22fee080c9ebe1145296766b832572eed1c817070c1cd86a36ea6c8525330f6","1698208","png"
"356","clean_near_000090","clean_near","90","photo-0071","0385.png","clean_near_000090.png","dataset_images/clean_near/clean_near_000090.png","7308b39fa37048e79972201a941a4d52f29383f5917ed4b69a72c50b57e1a8ec","1606","1573","single_portrait","RGB","existing_damage","test","real_damaged","赫达·莫里逊中国相册（Hedda Morrison）","","","","","0","texture_catalog_match_v1+source_attribute_v1","","{""crack"": 0.006, ""dust"": 0.026, ""fold"": 0.0698, ""missing_region"": 0.0562, ""mold"": 0.1197, ""scratch"": 0.0271, ""stain"": 0.1055, ""tear"": 0.0688}","{}","0","0","0","0","0","0","0","0","0","0","0","0","0","0","7308b39fa37048e79972201a941a4d52f29383f5917ed4b69a72c50b57e1a8ec","1788497","png"
"357","clean_near_000091","clean_near","91","photo-0072","0386.png","clean_near_000091.png","dataset_images/clean_near/clean_near_000091.png","d9b2a22eb047f6db726330a75b521622d65837822cd457b8bf2fbc93ee6c0e99","1614","1569","single_portrait","RGB","existing_damage","test","real_damaged","赫达·莫里逊中国相册（Hedda Morrison）","","","","","0","texture_catalog_match_v1+source_attribute_v1","","{""crack"": 0.0156, ""dust"": 0.0262, ""fold"": 0.0584, ""missing_region"": 0.054, ""mold"": 0.0856, ""scratch"": 0.0264, ""stain"": 0.0752, ""tear"": 0.1022}","{}","0","0","0","0","0","0","0","0","0","0","0","0","0","0","d9b2a22eb047f6db726330a75b521622d65837822cd457b8bf2fbc93ee6c0e99","1658315","png"
"359","clean_near_000092","clean_near","92","photo-0074","0388.png","clean_near_000092.png","dataset_images/clean_near/clean_near_000092.png","4b25d2cef319884a45eab6872d8e83a557309f1938e0e967dd1b7dc165b23097","1585","1565","single_portrait","RGB","existing_damage","test","real_damaged","赫达·莫里逊中国相册（Hedda Morrison）","","","","","0","texture_catalog_match_v1+source_attribute_v1","","{""crack"": 0.0143, ""dust"": 0.0309, ""fold"": 0.0638, ""missing_region"": 0.029, ""mold"": 0.075, ""scratch"": 0.0252, ""stain"": 0.0765, ""tear"": 0.0633}","{}","0","0","0","0","0","0","0","0","0","0","0","0","0","0","4b25d2cef319884a45eab6872d8e83a557309f1938e0e967dd1b7dc165b23097","1536435","png"
"361","clean_near_000093","clean_near","93","photo-0076","0390.png","clean_near_000093.png","dataset_images/clean_near/clean_near_000093.png","4b7465d0087df977f77556e5833abaab3799a0872c34b1c31c4bf44eb2dc9751","1548","1552","single_portrait","RGB","existing_damage","train","real_damaged","赫达·莫里逊中国相册（Hedda Morrison）","","","","","0","texture_catalog_match_v1+source_attribute_v1","","{""crack"": 0.0214, ""dust"": 0.0243, ""fold"": 0.0454, ""missing_region"": 0.0268, ""mold"": 0.037, ""scratch"": 0.0239, ""stain"": 0.0623, ""tear"": 0.0771}","{}","0","0","0","0","0","0","0","0","0","0","0","0","0","0","4b7465d0087df977f77556e5833abaab3799a0872c34b1c31c4bf44eb2dc9751","1461229","png"
"362","clean_near_000094","clean_near","94","photo-0077","0391.png","clean_near_000094.png","dataset_images/clean_near/clean_near_000094.png","eb857489bf1e9818405c20dfdc34a39918ce1262f761922a4a6485b2da1f84c1","1594","1544","indoor_scene","RGB","existing_damage","train","real_damaged","赫达·莫里逊中国相册（Hedda Morrison）","","","","","0","texture_catalog_match_v1+source_attribute_v1","","{""crack"": 0.0118, ""dust"": 0.0151, ""fold"": 0.0346, ""missing_region"": 0.023, ""mold"": 0.0308, ""scratch"": 0.0159, ""stain"": 0.0306, ""tear"": 0.048}","{}","0","0","0","0","0","0","0","0","0","0","0","0","0","0","eb857489bf1e9818405c20dfdc34a39918ce1262f761922a4a6485b2da1f84c1","1539969","png"
"364","clean_near_000095","clean_near","95","photo-0079","0393.png","clean_near_000095.png","dataset_images/clean_near/clean_near_000095.png","96abbfe2f857c4afa0333001f2bdbdbfb3cd7127a277e4a6ac830c044e231149","1581","1548","single_portrait","RGB","existing_damage","validation","real_damaged","赫达·莫里逊中国相册（Hedda Morrison）","","","","","0","texture_catalog_match_v1+source_attribute_v1","","{""crack"": 0.0179, ""dust"": 0.0321, ""fold"": 0.0892, ""missing_region"": 0.0387, ""mold"": 0.0762, ""scratch"": 0.0313, ""stain"": 0.1252, ""tear"": 0.1262}","{}","0","0","0","0","0","0","0","0","0","0","0","0","0","0","96abbfe2f857c4afa0333001f2bdbdbfb3cd7127a277e4a6ac830c044e231149","1380391","png"
"365","clean_near_000096","clean_near","96","photo-0080","0394.png","clean_near_000096.png","dataset_images/clean_near/clean_near_000096.png","acce593226e2945184eefb971b4310a573617c0b29a44ea67fa3be8e62f054a9","1610","1610","single_portrait","RGB","existing_damage","test","real_damaged","赫达·莫里逊中国相册（Hedda Morrison）","","","","","0","texture_catalog_match_v1+source_attribute_v1","","{""crack"": 0.0228, ""dust"": 0.0228, ""fold"": 0.0667, ""missing_region"": 0.028, ""mold"": 0.0353, ""scratch"": 0.0237, ""stain"": 0.0617, ""tear"": 0.042}","{}","0","0","0","0","0","0","0","0","0","0","0","0","0","0","acce593226e2945184eefb971b4310a573617c0b29a44ea67fa3be8e62f054a9","1581610","png"
"366","clean_near_000097","clean_near","97","photo-0081","0395.png","clean_near_000097.png","dataset_images/clean_near/clean_near_000097.png","0218398a6c6b1686810cf1ec248e530c9937446024dc4655992839f79603c05f","1594","1615","single_portrait","RGB","existing_damage","train","real_damaged","赫达·莫里逊中国相册（Hedda Morrison）","","","","","0","texture_catalog_match_v1+source_attribute_v1","","{""crack"": 0.0238, ""dust"": 0.0243, ""fold"": 0.0686, ""missing_region"": 0.0318, ""mold"": 0.0438, ""scratch"": 0.0224, ""stain"": 0.0631, ""tear"": 0.085}","{}","0","0","0","0","0","0","0","0","0","0","0","0","0","0","0218398a6c6b1686810cf1ec248e530c9937446024dc4655992839f79603c05f","1539591","png"
"367","clean_near_000098","clean_near","98","photo-0082","0396.png","clean_near_000098.png","dataset_images/clean_near/clean_near_000098.png","7045bd8b2e6784939dc228ee6bafbf21786fdfbdc3d4559b810f95d9709f8c9b","1586","1502","indoor_scene","RGB","existing_damage","test","real_damaged","赫达·莫里逊中国相册（Hedda Morrison）","","","","","0","texture_catalog_match_v1+source_attribute_v1","","{""crack"": 0.0133, ""dust"": 0.0229, ""fold"": 0.0623, ""missing_region"": 0.0401, ""mold"": 0.0509, ""scratch"": 0.021, ""stain"": 0.0631, ""tear"": 0.0581}","{}","0","0","0","0","0","0","0","0","0","0","0","0","0","0","7045bd8b2e6784939dc228ee6bafbf21786fdfbdc3d4559b810f95d9709f8c9b","1619385","png"
"368","clean_near_000099","clean_near","99","photo-0083","0397.png","clean_near_000099.png","dataset_images/clean_near/clean_near_000099.png","f0592d1f1c3fa4026be79d514955d89cf84ab4b6dc79cf37ceb26e327ddb82c6","1568","1540","single_portrait","RGB","existing_damage","train","real_damaged","赫达·莫里逊中国相册（Hedda Morrison）","","","","","0","texture_catalog_match_v1+source_attribute_v1","","{""crack"": 0.0176, ""dust"": 0.0257, ""fold"": 0.0469, ""missing_region"": 0.034, ""mold"": 0.0662, ""scratch"": 0.0256, ""stain"": 0.0871, ""tear"": 0.079}","{}","0","0","0","0","0","0","0","0","0","0","0","0","0","0","f0592d1f1c3fa4026be79d514955d89cf84ab4b6dc79cf37ceb26e327ddb82c6","1614097","png"
"369","clean_near_000100","clean_near","100","photo-0084","0398.png","clean_near_000100.png","dataset_images/clean_near/clean_near_000100.png","4aa9044762c51764a397975c6dbdad3b55bd4d87a42c3751aecaf636033a438e","1589","1552","single_portrait","RGB","existing_damage","train","real_damaged","赫达·莫里逊中国相册（Hedda Morrison）","","","","","0","texture_catalog_match_v1+source_attribute_v1","","{""crack"": 0.0142, ""dust"": 0.0228, ""fold"": 0.0581, ""missing_region"": 0.0347, ""mold"": 0.0437, ""scratch"": 0.0224, ""stain"": 0.0623, ""tear"": 0.0712}","{}","0","0","0","0","0","0","0","0","0","0","0","0","0","0","4aa9044762c51764a397975c6dbdad3b55bd4d87a42c3751aecaf636033a438e","1664492","png"
"372","clean_near_000101","clean_near","101","photo-0087","0401.png","clean_near_000101.png","dataset_images/clean_near/clean_near_000101.png","9cd0fe774616ae0c9a725bdc8237abf807c0c8fab541c23ddbada9eb06393561","1606","1493","single_portrait","RGB","existing_damage","train","real_damaged","赫达·莫里逊中国相册（Hedda Morrison）","","","","","0","texture_catalog_match_v1+source_attribute_v1","","{""crack"": 0.007, ""dust"": 0.0163, ""fold"": 0.0449, ""missing_region"": 0.0252, ""mold"": 0.0554, ""scratch"": 0.0214, ""stain"": 0.0492, ""tear"": 0.0391}","{}","0","0","0","0","0","0","0","0","0","0","0","0","0","0","9cd0fe774616ae0c9a725bdc8237abf807c0c8fab541c23ddbada9eb06393561","1943257","png"
"375","clean_near_000102","clean_near","102","photo-0090","0404.png","clean_near_000102.png","dataset_images/clean_near/clean_near_000102.png","40f2cefba1a5d775ddc3d42e29c9818c7774cfb406d8f5f66896141d80edb963","1610","1564","single_portrait","RGB","existing_damage","train","real_damaged","赫达·莫里逊中国相册（Hedda Morrison）","","","","","0","texture_catalog_match_v1+source_attribute_v1","","{""crack"": 0.0067, ""dust"": 0.0128, ""fold"": 0.0296, ""missing_region"": 0.0182, ""mold"": 0.0294, ""scratch"": 0.0129, ""stain"": 0.0294, ""tear"": 0.0411}","{}","0","0","0","0","0","0","0","0","0","0","0","0","0","0","40f2cefba1a5d775ddc3d42e29c9818c7774cfb406d8f5f66896141d80edb963","1672990","png"
"376","clean_near_000103","clean_near","103","photo-0091","0405.png","clean_near_000103.png","dataset_images/clean_near/clean_near_000103.png","3ff5db6e894fb113cf789febf694e942345d1c5488342baee0bf741a3303f7d6","1656","1556","group_portrait","RGB","existing_damage","train","real_damaged","赫达·莫里逊中国相册（Hedda Morrison）","","","","","0","texture_catalog_match_v1+source_attribute_v1","","{""crack"": 0.0061, ""dust"": 0.0254, ""fold"": 0.0593, ""missing_region"": 0.0411, ""mold"": 0.0818, ""scratch"": 0.0254, ""stain"": 0.0907, ""tear"": 0.0624}","{}","0","0","0","0","0","0","0","0","0","0","0","0","0","0","3ff5db6e894fb113cf789febf694e942345d1c5488342baee0bf741a3303f7d6","1730932","png"
"377","clean_near_000104","clean_near","104","photo-0092","0406.png","clean_near_000104.png","dataset_images/clean_near/clean_near_000104.png","ca7d7da780729d07042b7aa8c3946a0fbc9be4972004b7459ab610f838c999f2","1577","1552","group_portrait","RGB","existing_damage","train","real_damaged","赫达·莫里逊中国相册（Hedda Morrison）","","","","","0","texture_catalog_match_v1+source_attribute_v1","","{""crack"": 0.0164, ""dust"": 0.0307, ""fold"": 0.0438, ""missing_region"": 0.0348, ""mold"": 0.0649, ""scratch"": 0.0246, ""stain"": 0.0946, ""tear"": 0.0916}","{}","0","0","0","0","0","0","0","0","0","0","0","0","0","0","ca7d7da780729d07042b7aa8c3946a0fbc9be4972004b7459ab610f838c999f2","1479127","png"
"378","clean_near_000105","clean_near","105","photo-0093","0407.png","clean_near_000105.png","dataset_images/clean_near/clean_near_000105.png","51163d81184586882078311d9634db0934b21a5c990c3bd9187c3c3f0db2b96b","1573","1552","single_portrait","RGB","existing_damage","train","real_damaged","赫达·莫里逊中国相册（Hedda Morrison）","","","","","0","texture_catalog_match_v1+source_attribute_v1","","{""crack"": 0.0159, ""dust"": 0.0242, ""fold"": 0.0447, ""missing_region"": 0.0365, ""mold"": 0.0677, ""scratch"": 0.0354, ""stain"": 0.0826, ""tear"": 0.053}","{}","0","0","0","0","0","0","0","0","0","0","0","0","0","0","51163d81184586882078311d9634db0934b21a5c990c3bd9187c3c3f0db2b96b","1461603","png"
"379","clean_near_000106","clean_near","106","photo-0094","0408.png","clean_near_000106.png","dataset_images/clean_near/clean_near_000106.png","a8d12f2ddd21021d5d5ef6b0ae122b2675978facdfbef4a0da86ae8f2e70233c","1610","1590","single_portrait","RGB","existing_damage","train","real_damaged","赫达·莫里逊中国相册（Hedda Morrison）","","","","","0","texture_catalog_match_v1+source_attribute_v1","","{""crack"": 0.0234, ""dust"": 0.0265, ""fold"": 0.0322, ""missing_region"": 0.0237, ""mold"": 0.0606, ""scratch"": 0.0332, ""stain"": 0.0587, ""tear"": 0.0373}","{}","0","0","0","0","0","0","0","0","0","0","0","0","0","0","a8d12f2ddd21021d5d5ef6b0ae122b2675978facdfbef4a0da86ae8f2e70233c","1538771","png"
"380","clean_near_000107","clean_near","107","photo-0095","0409.png","clean_near_000107.png","dataset_images/clean_near/clean_near_000107.png","917d2037cf9693ea7dc2f3c2bae9dbdea7bcaad3f4d3e3a3a33369ccdd8b7c1f","1577","1564","single_portrait","RGB","existing_damage","train","real_damaged","赫达·莫里逊中国相册（Hedda Morrison）","","","","","0","texture_catalog_match_v1+source_attribute_v1","","{""crack"": 0.0166, ""dust"": 0.0197, ""fold"": 0.0384, ""missing_region"": 0.0354, ""mold"": 0.0326, ""scratch"": 0.0185, ""stain"": 0.0645, ""tear"": 0.0991}","{}","0","0","0","0","0","0","0","0","0","0","0","0","0","0","917d2037cf9693ea7dc2f3c2bae9dbdea7bcaad3f4d3e3a3a33369ccdd8b7c1f","1414005","png"
"381","clean_near_000108","clean_near","108","photo-0096","0410.png","clean_near_000108.png","dataset_images/clean_near/clean_near_000108.png","421958f396e7004eda1c5736ac98a9667d22f45c797678be7ceba8f70850f06b","1598","1565","single_portrait","RGB","existing_damage","train","real_damaged","赫达·莫里逊中国相册（Hedda Morrison）","","","","","0","texture_catalog_match_v1+source_attribute_v1","","{""crack"": 0.0041, ""dust"": 0.0123, ""fold"": 0.0199, ""missing_region"": 0.0277, ""mold"": 0.0552, ""scratch"": 0.0154, ""stain"": 0.0327, ""tear"": 0.0377}","{}","0","0","0","0","0","0","0","0","0","0","0","0","0","0","421958f396e7004eda1c5736ac98a9667d22f45c797678be7ceba8f70850f06b","1585447","png"
"384","clean_near_000109","clean_near","109","photo-0099","0413.png","clean_near_000109.png","dataset_images/clean_near/clean_near_000109.png","da38e70c0a23c16c6addcf261ee538e3739b4a60cd3cc66c9a1a6702ec363ae2","1552","1557","outdoor_scene","RGB","existing_damage","test","real_damaged","赫达·莫里逊中国相册（Hedda Morrison）","","","","","0","texture_catalog_match_v1+source_attribute_v1","","{""crack"": 0.0052, ""dust"": 0.0154, ""fold"": 0.0619, ""missing_region"": 0.0457, ""mold"": 0.0723, ""scratch"": 0.0225, ""stain"": 0.0484, ""tear"": 0.0697}","{}","0","0","0","0","0","0","0","0","0","0","0","0","0","0","da38e70c0a23c16c6addcf261ee538e3739b4a60cd3cc66c9a1a6702ec363ae2","2008464","png"
"387","clean_near_000110","clean_near","110","photo-0102","0416.png","clean_near_000110.png","dataset_images/clean_near/clean_near_000110.png","bdc006925fe026d8a9a8d7a772620a4e1a6e000ea7ba4476fee8929d1d437387","1641","2208","outdoor_scene","RGB","existing_damage","test","real_damaged","赫达·莫里逊中国相册（Hedda Morrison）","","","","","0","texture_catalog_match_v1+source_attribute_v1","","{""crack"": 0.0145, ""dust"": 0.0176, ""fold"": 0.0287, ""missing_region"": 0.026, ""mold"": 0.0325, ""scratch"": 0.0197, ""stain"": 0.0388, ""tear"": 0.0469}","{}","0","0","0","0","0","0","0","0","0","0","0","0","0","0","bdc006925fe026d8a9a8d7a772620a4e1a6e000ea7ba4476fee8929d1d437387","3099726","png"
"388","clean_near_000111","clean_near","111","photo-0103","0417.png","clean_near_000111.png","dataset_images/clean_near/clean_near_000111.png","b36f53fe2370ec0ec065b5a9adcc31d8fd27e751aee473a811a4cf170b615670","1675","2193","architecture","RGB","existing_damage","train","real_damaged","赫达·莫里逊中国相册（Hedda Morrison）","","","","","0","texture_catalog_match_v1+source_attribute_v1","","{""crack"": 0.0105, ""dust"": 0.0199, ""fold"": 0.0714, ""missing_region"": 0.0389, ""mold"": 0.0819, ""scratch"": 0.0233, ""stain"": 0.0683, ""tear"": 0.0671}","{}","0","0","0","0","0","0","0","0","0","0","0","0","0","0","b36f53fe2370ec0ec065b5a9adcc31d8fd27e751aee473a811a4cf170b615670","2795439","png"
"391","clean_near_000112","clean_near","112","photo-0106","0420.png","clean_near_000112.png","dataset_images/clean_near/clean_near_000112.png","72c89d9a3d30d5097d4d9abd6713e8cdfafd28c3b5344e65171f1bc3c7445a00","1590","2167","outdoor_scene","RGB","existing_damage","train","real_damaged","赫达·莫里逊中国相册（Hedda Morrison）","","","","","0","texture_catalog_match_v1+source_attribute_v1","","{""crack"": 0.0071, ""dust"": 0.0124, ""fold"": 0.0553, ""missing_region"": 0.0606, ""mold"": 0.0688, ""scratch"": 0.0264, ""stain"": 0.0543, ""tear"": 0.0606}","{}","0","0","0","0","0","0","0","0","0","0","0","0","0","0","72c89d9a3d30d5097d4d9abd6713e8cdfafd28c3b5344e65171f1bc3c7445a00","3142813","png"
"395","clean_near_000113","clean_near","113","photo-0110","0424.png","clean_near_000113.png","dataset_images/clean_near/clean_near_000113.png","502d5839f6de53f564ab2bad4bbc490854ed522a171c77b26e6505e83cf0fe6e","2309","1590","group_portrait","RGB","existing_damage","train","real_damaged","赫达·莫里逊中国相册（Hedda Morrison）","","","","","0","texture_catalog_match_v1+source_attribute_v1","","{""crack"": 0.0057, ""dust"": 0.0169, ""fold"": 0.0485, ""missing_region"": 0.0244, ""mold"": 0.0412, ""scratch"": 0.0203, ""stain"": 0.0475, ""tear"": 0.047}","{}","0","0","0","0","0","0","0","0","0","0","0","0","0","0","502d5839f6de53f564ab2bad4bbc490854ed522a171c77b26e6505e83cf0fe6e","2639524","png"
"396","clean_near_000114","clean_near","114","photo-0111","0425.png","clean_near_000114.png","dataset_images/clean_near/clean_near_000114.png","366a466be4e0651e58696ac7ddb2157e02958631902727b2b86a45f90c4b5536","1615","2263","single_portrait","RGB","existing_damage","validation","real_damaged","赫达·莫里逊中国相册（Hedda Morrison）","","","","","0","texture_catalog_match_v1+source_attribute_v1","","{""crack"": 0.0129, ""dust"": 0.038, ""fold"": 0.1253, ""missing_region"": 0.0577, ""mold"": 0.1042, ""scratch"": 0.0273, ""stain"": 0.1459, ""tear"": 0.0863}","{}","0","0","0","0","0","0","0","0","0","0","0","0","0","0","366a466be4e0651e58696ac7ddb2157e02958631902727b2b86a45f90c4b5536","2715463","png"
"397","clean_near_000115","clean_near","115","photo-0112","0426.png","clean_near_000115.png","dataset_images/clean_near/clean_near_000115.png","17a9b4824e7eb3a6971f6de866ac40671038d141891c36098bcdec26caf1f7de","2208","1626","group_portrait","RGB","existing_damage","validation","real_damaged","赫达·莫里逊中国相册（Hedda Morrison）","","","","","0","texture_catalog_match_v1+source_attribute_v1","","{""crack"": 0.0076, ""dust"": 0.029, ""fold"": 0.0797, ""missing_region"": 0.0573, ""mold"": 0.0792, ""scratch"": 0.0292, ""stain"": 0.0701, ""tear"": 0.0834}","{}","0","0","0","0","0","0","0","0","0","0","0","0","0","0","17a9b4824e7eb3a6971f6de866ac40671038d141891c36098bcdec26caf1f7de","2563973","png"
"399","clean_near_000116","clean_near","116","photo-0114","0428.png","clean_near_000116.png","dataset_images/clean_near/clean_near_000116.png","fd1283bbf8c9948dc2fbc2b7a45d881328bf716101e852652457c602555989eb","1651","2208","outdoor_scene","RGB","existing_damage","test","real_damaged","赫达·莫里逊中国相册（Hedda Morrison）","","","","","0","texture_catalog_match_v1+source_attribute_v1","","{""crack"": 0.0211, ""dust"": 0.0233, ""fold"": 0.0573, ""missing_region"": 0.0351, ""mold"": 0.0555, ""scratch"": 0.0243, ""stain"": 0.0607, ""tear"": 0.0469}","{}","0","0","0","0","0","0","0","0","0","0","0","0","0","0","fd1283bbf8c9948dc2fbc2b7a45d881328bf716101e852652457c602555989eb","2448073","png"
"421","clean_near_000117","clean_near","117","photo-0136","0450.png","clean_near_000117.png","dataset_images/clean_near/clean_near_000117.png","11dd5cf4314159e0229767c1950d23b406239c007f4f8ef33649b2501f908e0d","2229","1614","other","RGB","existing_damage","train","real_damaged","赫达·莫里逊中国相册（Hedda Morrison）","","","","","0","texture_catalog_match_v1+source_attribute_v1","","{""crack"": 0.0201, ""dust"": 0.0409, ""fold"": 0.0713, ""missing_region"": 0.0568, ""mold"": 0.0935, ""scratch"": 0.0269, ""stain"": 0.1208, ""tear"": 0.1189}","{}","0","0","0","0","0","0","0","0","0","0","0","0","0","0","eb8c801f386b7915c93013d2e5aa0bcbde5a70a2027cd811992e181818f58f35","2554243","png"
"422","clean_near_000118","clean_near","118","photo-0137","0451.png","clean_near_000118.png","dataset_images/clean_near/clean_near_000118.png","6ef123b06236cac37cb0c0b00263311d420cff00feecd337e04f530b8ad83f8e","1631","2223","indoor_scene","RGB","existing_damage","train","real_damaged","赫达·莫里逊中国相册（Hedda Morrison）","","","","","0","texture_catalog_match_v1+source_attribute_v1","","{""crack"": 0.0254, ""dust"": 0.0344, ""fold"": 0.0797, ""missing_region"": 0.037, ""mold"": 0.0743, ""scratch"": 0.0311, ""stain"": 0.1018, ""tear"": 0.1089}","{}","0","0","0","0","0","0","0","0","0","0","0","0","0","0","6ef123b06236cac37cb0c0b00263311d420cff00feecd337e04f530b8ad83f8e","2135381","png"
"429","clean_near_000119","clean_near","119","photo-0144","0458.png","clean_near_000119.png","dataset_images/clean_near/clean_near_000119.png","6a106a61550a5c16657203499b58dd2d81622073e0c4884c0df7dec19524f6ff","1645","2218","architecture","RGB","existing_damage","train","real_damaged","赫达·莫里逊中国相册（Hedda Morrison）","","","","","0","texture_catalog_match_v1+source_attribute_v1","","{""crack"": 0.0074, ""dust"": 0.0244, ""fold"": 0.1071, ""missing_region"": 0.0527, ""mold"": 0.1286, ""scratch"": 0.0365, ""stain"": 0.0847, ""tear"": 0.1011}","{}","0","0","0","0","0","0","0","0","0","0","0","0","0","0","6a106a61550a5c16657203499b58dd2d81622073e0c4884c0df7dec19524f6ff","2925566","png"
"432","clean_near_000120","clean_near","120","photo-0147","0461.png","clean_near_000120.png","dataset_images/clean_near/clean_near_000120.png","83171e2ef87bf6d874af2af8413abc3c09db47158cea0eae0b5a812118462fe7","1625","2228","architecture","RGB","existing_damage","train","real_damaged","赫达·莫里逊中国相册（Hedda Morrison）","","","","","0","texture_catalog_match_v1+source_attribute_v1","","{""crack"": 0.0068, ""dust"": 0.0289, ""fold"": 0.0877, ""missing_region"": 0.0409, ""mold"": 0.0751, ""scratch"": 0.0306, ""stain"": 0.0996, ""tear"": 0.0703}","{}","0","0","0","0","0","0","0","0","0","0","0","0","0","0","83171e2ef87bf6d874af2af8413abc3c09db47158cea0eae0b5a812118462fe7","3340640","png"
"436","clean_near_000121","clean_near","121","photo-0151","0465.png","clean_near_000121.png","dataset_images/clean_near/clean_near_000121.png","105777dd6c538ce45a60ad85593e245ce7c287a58570ef3fdb2bb2234bf0d8eb","2273","1635","indoor_scene","RGB","existing_damage","test","real_damaged","赫达·莫里逊中国相册（Hedda Morrison）","","","","","0","texture_catalog_match_v1+source_attribute_v1","","{""crack"": 0.0033, ""dust"": 0.015, ""fold"": 0.0411, ""missing_region"": 0.0286, ""mold"": 0.0624, ""scratch"": 0.0146, ""stain"": 0.0858, ""tear"": 0.0613}","{}","0","0","0","0","0","0","0","0","0","0","0","0","0","0","105777dd6c538ce45a60ad85593e245ce7c287a58570ef3fdb2bb2234bf0d8eb","3306675","png"
"441","clean_near_000122","clean_near","122","photo-0156","0470.png","clean_near_000122.png","dataset_images/clean_near/clean_near_000122.png","2c808ca028b7ddf3ccc9fb47d43590f5019858e729021e70d7b5b06c51757f7c","1605","2227","architecture","RGB","existing_damage","validation","real_damaged","赫达·莫里逊中国相册（Hedda Morrison）","","","","","0","texture_catalog_match_v1+source_attribute_v1","","{""crack"": 0.0064, ""dust"": 0.0219, ""fold"": 0.0857, ""missing_region"": 0.0824, ""mold"": 0.1047, ""scratch"": 0.0273, ""stain"": 0.0648, ""tear"": 0.1172}","{}","0","0","0","0","0","0","0","0","0","0","0","0","0","0","2c808ca028b7ddf3ccc9fb47d43590f5019858e729021e70d7b5b06c51757f7c","2991219","png"
"442","clean_near_000123","clean_near","123","photo-0157","0471.png","clean_near_000123.png","dataset_images/clean_near/clean_near_000123.png","5315a024e949db7299d347ba04f410a01de260fb2645a93e1b25665b71a7b4b7","1650","2197","architecture","RGB","existing_damage","train","real_damaged","赫达·莫里逊中国相册（Hedda Morrison）","","","","","0","texture_catalog_match_v1+source_attribute_v1","","{""crack"": 0.0041, ""dust"": 0.0186, ""fold"": 0.07, ""missing_region"": 0.0575, ""mold"": 0.0888, ""scratch"": 0.0292, ""stain"": 0.1036, ""tear"": 0.0877}","{}","0","0","0","0","0","0","0","0","0","0","0","0","0","0","5315a024e949db7299d347ba04f410a01de260fb2645a93e1b25665b71a7b4b7","3454179","png"
"443","clean_near_000124","clean_near","124","photo-0158","0472.png","clean_near_000124.png","dataset_images/clean_near/clean_near_000124.png","32a6e61ad3940cb8db4b5fa54ed8683d03a29f298e7b7c5e4185f284835b0431","1645","2202","other","RGB","existing_damage","train","real_damaged","赫达·莫里逊中国相册（Hedda Morrison）","","","","","0","texture_catalog_match_v1+source_attribute_v1","","{""crack"": 0.0125, ""dust"": 0.0309, ""fold"": 0.0725, ""missing_region"": 0.0449, ""mold"": 0.0864, ""scratch"": 0.0304, ""stain"": 0.0961, ""tear"": 0.0708}","{}","0","0","0","0","0","0","0","0","0","0","0","0","0","0","32a6e61ad3940cb8db4b5fa54ed8683d03a29f298e7b7c5e4185f284835b0431","2931974","png"
"444","clean_near_000125","clean_near","125","photo-0159","0473.png","clean_near_000125.png","dataset_images/clean_near/clean_near_000125.png","c5f2f73c1d8eb2e0f4c1f38d5f4dbe3211983ac44de79814f398fb20131022f5","1641","2217","outdoor_scene","RGB","existing_damage","train","real_damaged","赫达·莫里逊中国相册（Hedda Morrison）","","","","","0","texture_catalog_match_v1+source_attribute_v1","","{""crack"": 0.0077, ""dust"": 0.0274, ""fold"": 0.1082, ""missing_region"": 0.0679, ""mold"": 0.0971, ""scratch"": 0.0362, ""stain"": 0.1017, ""tear"": 0.0683}","{}","0","0","0","0","0","0","0","0","0","0","0","0","0","0","c5f2f73c1d8eb2e0f4c1f38d5f4dbe3211983ac44de79814f398fb20131022f5","3121822","png"
"445","clean_near_000126","clean_near","126","photo-0160","0474.png","clean_near_000126.png","dataset_images/clean_near/clean_near_000126.png","ef840211a4228d40a66f598f1dbb14e190b6332dcbf738dba8e8195baeb4458b","1656","2202","architecture","RGB","existing_damage","train","real_damaged","赫达·莫里逊中国相册（Hedda Morrison）","","","","","0","texture_catalog_match_v1+source_attribute_v1","","{""crack"": 0.0092, ""dust"": 0.0294, ""fold"": 0.0608, ""missing_region"": 0.0358, ""mold"": 0.0683, ""scratch"": 0.023, ""stain"": 0.0686, ""tear"": 0.0666}","{}","0","0","0","0","0","0","0","0","0","0","0","0","0","0","ef840211a4228d40a66f598f1dbb14e190b6332dcbf738dba8e8195baeb4458b","3121703","png"
"447","clean_near_000127","clean_near","127","photo-0162","0476.png","clean_near_000127.png","dataset_images/clean_near/clean_near_000127.png","d935e6e0a0b556a34dc5a01e8e4575dc6830f84a86c1e900b55c0ec0f713cbd0","2249","1620","architecture","RGB","existing_damage","train","real_damaged","赫达·莫里逊中国相册（Hedda Morrison）","","","","","0","texture_catalog_match_v1+source_attribute_v1","","{""crack"": 0.0142, ""dust"": 0.024, ""fold"": 0.048, ""missing_region"": 0.0617, ""mold"": 0.0607, ""scratch"": 0.0228, ""stain"": 0.0577, ""tear"": 0.0833}","{}","0","0","0","0","0","0","0","0","0","0","0","0","0","0","a9d48394f8b944c54f5d410e9f320057b77e0e34b83de3336269e1a1ed5bd1f9","2696295","png"
"451","clean_near_000128","clean_near","128","photo-0166","0480.png","clean_near_000128.png","dataset_images/clean_near/clean_near_000128.png","50adf3e215b8ecc991e949f752cdbf5e14bc0ba72a79306ba996f3c57f699fae","2212","1620","architecture","RGB","existing_damage","train","real_damaged","赫达·莫里逊中国相册（Hedda Morrison）","","","","","0","texture_catalog_match_v1+source_attribute_v1","","{""crack"": 0.005, ""dust"": 0.0095, ""fold"": 0.0239, ""missing_region"": 0.0592, ""mold"": 0.0389, ""scratch"": 0.0194, ""stain"": 0.0551, ""tear"": 0.0592}","{}","0","0","0","0","0","0","0","0","0","0","0","0","0","0","50adf3e215b8ecc991e949f752cdbf5e14bc0ba72a79306ba996f3c57f699fae","2919473","png"
"454","clean_near_000129","clean_near","129","photo-0169","0483.png","clean_near_000129.png","dataset_images/clean_near/clean_near_000129.png","513bd852094b30cc97d6b0302797e7467e4f8ce1c682c69a4eba2788aed8bc66","1615","2202","outdoor_scene","RGB","existing_damage","train","real_damaged","赫达·莫里逊中国相册（Hedda Morrison）","","","","","0","texture_catalog_match_v1+source_attribute_v1","","{""crack"": 0.0034, ""dust"": 0.0087, ""fold"": 0.0342, ""missing_region"": 0.0419, ""mold"": 0.0685, ""scratch"": 0.0227, ""stain"": 0.0447, ""tear"": 0.0651}","{}","0","0","0","0","0","0","0","0","0","0","0","0","0","0","513bd852094b30cc97d6b0302797e7467e4f8ce1c682c69a4eba2788aed8bc66","3133099","png"
"457","clean_near_000130","clean_near","130","photo-0172","0486.png","clean_near_000130.png","dataset_images/clean_near/clean_near_000130.png","034394caa5470e6f835f188e80045c9a553f13ed8b0043d674cd4dcf431edd5c","1610","2162","outdoor_scene","RGB","existing_damage","train","real_damaged","赫达·莫里逊中国相册（Hedda Morrison）","","","","","0","texture_catalog_match_v1+source_attribute_v1","","{""crack"": 0.0125, ""dust"": 0.0129, ""fold"": 0.0943, ""missing_region"": 0.0523, ""mold"": 0.1071, ""scratch"": 0.0282, ""stain"": 0.0881, ""tear"": 0.0943}","{}","0","0","0","0","0","0","0","0","0","0","0","0","0","0","034394caa5470e6f835f188e80045c9a553f13ed8b0043d674cd4dcf431edd5c","2940011","png"
"460","clean_near_000131","clean_near","131","photo-0175","0489.png","clean_near_000131.png","dataset_images/clean_near/clean_near_000131.png","488c2db8597e3e7ef08a376dbb00630af378d19b5e7bb669c8c4674fd9beb988","1625","2213","architecture","RGB","existing_damage","validation","real_damaged","赫达·莫里逊中国相册（Hedda Morrison）","","","","","0","texture_catalog_match_v1+source_attribute_v1","","{""crack"": 0.0067, ""dust"": 0.0215, ""fold"": 0.0839, ""missing_region"": 0.0472, ""mold"": 0.085, ""scratch"": 0.0294, ""stain"": 0.0693, ""tear"": 0.0997}","{}","0","0","0","0","0","0","0","0","0","0","0","0","0","0","488c2db8597e3e7ef08a376dbb00630af378d19b5e7bb669c8c4674fd9beb988","3013576","png"
"462","clean_near_000132","clean_near","132","photo-0177","0491.png","clean_near_000132.png","dataset_images/clean_near/clean_near_000132.png","c1578374dc650df48002a9d077296e1746a6b27352dfae3eeb79265ec48c1e87","1620","2207","outdoor_scene","RGB","existing_damage","train","real_damaged","赫达·莫里逊中国相册（Hedda Morrison）","","","","","0","texture_catalog_match_v1+source_attribute_v1","","{""crack"": 0.0062, ""dust"": 0.0129, ""fold"": 0.0339, ""missing_region"": 0.0308, ""mold"": 0.0517, ""scratch"": 0.0205, ""stain"": 0.0427, ""tear"": 0.0696}","{}","0","0","0","0","0","0","0","0","0","0","0","0","0","0","c1578374dc650df48002a9d077296e1746a6b27352dfae3eeb79265ec48c1e87","3079313","png"
"463","clean_near_000133","clean_near","133","photo-0178","0492.png","clean_near_000133.png","dataset_images/clean_near/clean_near_000133.png","915b82303299f56d3bd330120e59c233181758c4f89951cc40e71e389240d8fd","2248","1605","outdoor_scene","RGB","existing_damage","train","real_damaged","赫达·莫里逊中国相册（Hedda Morrison）","","","","","0","texture_catalog_match_v1+source_attribute_v1","","{""crack"": 0.0214, ""dust"": 0.03, ""fold"": 0.092, ""missing_region"": 0.0455, ""mold"": 0.0887, ""scratch"": 0.0295, ""stain"": 0.0993, ""tear"": 0.0672}","{}","0","0","0","0","0","0","0","0","0","0","0","0","0","0","915b82303299f56d3bd330120e59c233181758c4f89951cc40e71e389240d8fd","2619097","png"
"465","clean_near_000134","clean_near","134","photo-0180","0494.png","clean_near_000134.png","dataset_images/clean_near/clean_near_000134.png","c8d863cabd5739be52aedaf9a34b1b95b17a4c330fa84a810798490892f796d2","1651","2202","outdoor_scene","RGB","existing_damage","train","real_damaged","赫达·莫里逊中国相册（Hedda Morrison）","","","","","0","texture_catalog_match_v1+source_attribute_v1","","{""crack"": 0.0089, ""dust"": 0.0192, ""fold"": 0.079, ""missing_region"": 0.0394, ""mold"": 0.0573, ""scratch"": 0.0191, ""stain"": 0.0438, ""tear"": 0.0576}","{}","0","0","0","0","0","0","0","0","0","0","0","0","0","0","c8d863cabd5739be52aedaf9a34b1b95b17a4c330fa84a810798490892f796d2","2452638","png"
"466","clean_near_000135","clean_near","135","photo-0181","0495.png","clean_near_000135.png","dataset_images/clean_near/clean_near_000135.png","2d970b29a5ce35b724c7364e0e3f87ef3d1e7304270770f9f5e599a12013283f","1625","2212","outdoor_scene","RGB","existing_damage","train","real_damaged","赫达·莫里逊中国相册（Hedda Morrison）","","","","","0","texture_catalog_match_v1+source_attribute_v1","","{""crack"": 0.0137, ""dust"": 0.0248, ""fold"": 0.0499, ""missing_region"": 0.0446, ""mold"": 0.0625, ""scratch"": 0.0269, ""stain"": 0.0851, ""tear"": 0.0655}","{}","0","0","0","0","0","0","0","0","0","0","0","0","0","0","2d970b29a5ce35b724c7364e0e3f87ef3d1e7304270770f9f5e599a12013283f","2224660","png"
"471","clean_near_000136","clean_near","136","photo-0186","0500.png","clean_near_000136.png","dataset_images/clean_near/clean_near_000136.png","54c4e261c43a13c499e7d4e6dffd6d80be497f7f467b0c12f16324d2a13807b1","1655","2207","architecture","RGB","existing_damage","train","real_damaged","赫达·莫里逊中国相册（Hedda Morrison）","","","","","0","texture_catalog_match_v1+source_attribute_v1","","{""crack"": 0.0061, ""dust"": 0.0182, ""fold"": 0.0383, ""missing_region"": 0.0336, ""mold"": 0.0495, ""scratch"": 0.0214, ""stain"": 0.0405, ""tear"": 0.048}","{}","0","0","0","0","0","0","0","0","0","0","0","0","0","0","54c4e261c43a13c499e7d4e6dffd6d80be497f7f467b0c12f16324d2a13807b1","2303173","png"
"472","clean_near_000137","clean_near","137","photo-0187","0501.png","clean_near_000137.png","dataset_images/clean_near/clean_near_000137.png","fd66b2caa7505391f73d539d45df61b2cc5a7d31f21745a3dffaacb8e699587b","1580","2243","architecture","RGB","existing_damage","train","real_damaged","赫达·莫里逊中国相册（Hedda Morrison）","","","","","0","texture_catalog_match_v1+source_attribute_v1","","{""crack"": 0.007, ""dust"": 0.0177, ""fold"": 0.0443, ""missing_region"": 0.0343, ""mold"": 0.0531, ""scratch"": 0.0234, ""stain"": 0.0524, ""tear"": 0.0554}","{}","0","0","0","0","0","0","0","0","0","0","0","0","0","0","fd66b2caa7505391f73d539d45df61b2cc5a7d31f21745a3dffaacb8e699587b","2643723","png"
"476","clean_near_000138","clean_near","138","photo-0191","0505.png","clean_near_000138.png","dataset_images/clean_near/clean_near_000138.png","2884a0dc9c90f835e66b37eff7135afb586505ac323caca0d2263d9210010b89","2308","1594","outdoor_scene","RGB","existing_damage","train","real_damaged","赫达·莫里逊中国相册（Hedda Morrison）","","","","","0","texture_catalog_match_v1+source_attribute_v1","","{""crack"": 0.0054, ""dust"": 0.0192, ""fold"": 0.0446, ""missing_region"": 0.0416, ""mold"": 0.0897, ""scratch"": 0.0263, ""stain"": 0.0587, ""tear"": 0.0624}","{}","0","0","0","0","0","0","0","0","0","0","0","0","0","0","2884a0dc9c90f835e66b37eff7135afb586505ac323caca0d2263d9210010b89","2720682","png"
"477","clean_near_000139","clean_near","139","photo-0192","0506.png","clean_near_000139.png","dataset_images/clean_near/clean_near_000139.png","4d3bd0ae5879460178f835d59ce74552dc712b622fa8663b8be61ca6291131a1","1655","2177","outdoor_scene","RGB","existing_damage","train","real_damaged","赫达·莫里逊中国相册（Hedda Morrison）","","","","","0","texture_catalog_match_v1+source_attribute_v1","","{""crack"": 0.0125, ""dust"": 0.019, ""fold"": 0.052, ""missing_region"": 0.0389, ""mold"": 0.0722, ""scratch"": 0.0314, ""stain"": 0.0549, ""tear"": 0.05}","{}","0","0","0","0","0","0","0","0","0","0","0","0","0","0","4d3bd0ae5879460178f835d59ce74552dc712b622fa8663b8be61ca6291131a1","2807152","png"
"478","clean_near_000140","clean_near","140","photo-0193","0507.png","clean_near_000140.png","dataset_images/clean_near/clean_near_000140.png","7541834399c7d4e6a75e19355f414c441608ddd8af04ac0691fe948b5a64503a","1625","2177","outdoor_scene","RGB","existing_damage","train","real_damaged","赫达·莫里逊中国相册（Hedda Morrison）","","","","","0","texture_catalog_match_v1+source_attribute_v1","","{""crack"": 0.0079, ""dust"": 0.0182, ""fold"": 0.0583, ""missing_region"": 0.0311, ""mold"": 0.0507, ""scratch"": 0.0231, ""stain"": 0.0692, ""tear"": 0.0496}","{}","0","0","0","0","0","0","0","0","0","0","0","0","0","0","7541834399c7d4e6a75e19355f414c441608ddd8af04ac0691fe948b5a64503a","2654655","png"
"479","clean_near_000141","clean_near","141","photo-0194","0508.png","clean_near_000141.png","dataset_images/clean_near/clean_near_000141.png","e6df2b38b8edfb3eab7f4fbb1b7af43fea016ea3f3f64224356bbeb31720ef81","1620","2208","outdoor_scene","RGB","existing_damage","train","real_damaged","赫达·莫里逊中国相册（Hedda Morrison）","","","","","0","texture_catalog_match_v1+source_attribute_v1","","{""crack"": 0.008, ""dust"": 0.0143, ""fold"": 0.0609, ""missing_region"": 0.0438, ""mold"": 0.0819, ""scratch"": 0.0306, ""stain"": 0.06, ""tear"": 0.0588}","{}","0","0","0","0","0","0","0","0","0","0","0","0","0","0","e6df2b38b8edfb3eab7f4fbb1b7af43fea016ea3f3f64224356bbeb31720ef81","2854406","png"
"480","clean_near_000142","clean_near","142","photo-0195","0509.png","clean_near_000142.png","dataset_images/clean_near/clean_near_000142.png","7aa04d512cdfcf2b729f92f0b0f21ed5d7912095c00b465d1958c2223ee5cd3a","1620","2192","outdoor_scene","RGB","existing_damage","train","real_damaged","赫达·莫里逊中国相册（Hedda Morrison）","","","","","0","texture_catalog_match_v1+source_attribute_v1","","{""crack"": 0.0115, ""dust"": 0.0219, ""fold"": 0.0541, ""missing_region"": 0.0534, ""mold"": 0.106, ""scratch"": 0.0335, ""stain"": 0.0683, ""tear"": 0.0716}","{}","0","0","0","0","0","0","0","0","0","0","0","0","0","0","7aa04d512cdfcf2b729f92f0b0f21ed5d7912095c00b465d1958c2223ee5cd3a","2690338","png"
"481","clean_near_000143","clean_near","143","photo-0196","0510.png","clean_near_000143.png","dataset_images/clean_near/clean_near_000143.png","fa6572587103d913da0d65d2a6890d48164f2ea12a77a951a4b5a22dabc5cdaf","1625","2208","outdoor_scene","RGB","existing_damage","train","real_damaged","赫达·莫里逊中国相册（Hedda Morrison）","","","","","0","texture_catalog_match_v1+source_attribute_v1","","{""crack"": 0.0099, ""dust"": 0.0134, ""fold"": 0.0244, ""missing_region"": 0.024, ""mold"": 0.0269, ""scratch"": 0.0142, ""stain"": 0.0285, ""tear"": 0.0427}","{}","0","0","0","0","0","0","0","0","0","0","0","0","0","0","fa6572587103d913da0d65d2a6890d48164f2ea12a77a951a4b5a22dabc5cdaf","2672569","png"
"485","clean_near_000144","clean_near","144","photo-0200","0514.png","clean_near_000144.png","dataset_images/clean_near/clean_near_000144.png","cc4ca394423f80f53312384fd42068fbebd2dad028a14c2d4efb8d1ad5e40aaa","1620","2253","outdoor_scene","RGB","existing_damage","train","real_damaged","赫达·莫里逊中国相册（Hedda Morrison）","","","","","0","texture_catalog_match_v1+source_attribute_v1","","{""crack"": 0.0071, ""dust"": 0.021, ""fold"": 0.0474, ""missing_region"": 0.0678, ""mold"": 0.0649, ""scratch"": 0.0261, ""stain"": 0.0565, ""tear"": 0.0678}","{}","0","0","0","0","0","0","0","0","0","0","0","0","0","0","cc4ca394423f80f53312384fd42068fbebd2dad028a14c2d4efb8d1ad5e40aaa","2793932","png"
"490","clean_near_000145","clean_near","145","photo-0205","0519.png","clean_near_000145.png","dataset_images/clean_near/clean_near_000145.png","95d2ee9923514fd6f2c27aa0729f871ea692e93c77ec1166b1adb216223f09b0","2253","1600","outdoor_scene","RGB","existing_damage","train","real_damaged","赫达·莫里逊中国相册（Hedda Morrison）","","","","","0","texture_catalog_match_v1+source_attribute_v1","","{""crack"": 0.0037, ""dust"": 0.0154, ""fold"": 0.0482, ""missing_region"": 0.0577, ""mold"": 0.0924, ""scratch"": 0.0287, ""stain"": 0.0763, ""tear"": 0.0781}","{}","0","0","0","0","0","0","0","0","0","0","0","0","0","0","95d2ee9923514fd6f2c27aa0729f871ea692e93c77ec1166b1adb216223f09b0","2704333","png"
"493","clean_near_000146","clean_near","146","photo-0208","0522.png","clean_near_000146.png","dataset_images/clean_near/clean_near_000146.png","2d3cdace956f816b525d6175eabe6c8f40a887374fcc440af4f36bbef6ebac53","1595","2172","outdoor_scene","RGB","existing_damage","train","real_damaged","赫达·莫里逊中国相册（Hedda Morrison）","","","","","0","texture_catalog_match_v1+source_attribute_v1","","{""crack"": 0.0224, ""dust"": 0.0248, ""fold"": 0.0538, ""missing_region"": 0.0272, ""mold"": 0.0418, ""scratch"": 0.0267, ""stain"": 0.0782, ""tear"": 0.0717}","{}","0","0","0","0","0","0","0","0","0","0","0","0","0","0","2d3cdace956f816b525d6175eabe6c8f40a887374fcc440af4f36bbef6ebac53","1971999","png"
"494","clean_near_000147","clean_near","147","photo-0209","0523.png","clean_near_000147.png","dataset_images/clean_near/clean_near_000147.png","826e07940f72a20a4b64817849bb01d890cb79f71eb24429b1787f83d9318ec6","1605","2187","outdoor_scene","RGB","existing_damage","test","real_damaged","赫达·莫里逊中国相册（Hedda Morrison）","","","","","0","texture_catalog_match_v1+source_attribute_v1","","{""crack"": 0.0064, ""dust"": 0.0118, ""fold"": 0.0216, ""missing_region"": 0.0163, ""mold"": 0.0192, ""scratch"": 0.0158, ""stain"": 0.0278, ""tear"": 0.0246}","{}","0","0","0","0","0","0","0","0","0","0","0","0","0","0","826e07940f72a20a4b64817849bb01d890cb79f71eb24429b1787f83d9318ec6","2731113","png"
"495","clean_near_000148","clean_near","148","photo-0210","0524.png","clean_near_000148.png","dataset_images/clean_near/clean_near_000148.png","396f9d47948ce41cb97dd7b5da08c41d1fb1ca4d85a3ed1c52df2e5b40eb16a6","1584","2177","outdoor_scene","RGB","existing_damage","train","real_damaged","赫达·莫里逊中国相册（Hedda Morrison）","","","","","0","texture_catalog_match_v1+source_attribute_v1","","{""crack"": 0.0198, ""dust"": 0.0204, ""fold"": 0.0393, ""missing_region"": 0.0289, ""mold"": 0.0498, ""scratch"": 0.0247, ""stain"": 0.0406, ""tear"": 0.0806}","{}","0","0","0","0","0","0","0","0","0","0","0","0","0","0","396f9d47948ce41cb97dd7b5da08c41d1fb1ca4d85a3ed1c52df2e5b40eb16a6","2327208","png"
"499","clean_near_000149","clean_near","149","photo-0214","0528.png","clean_near_000149.png","dataset_images/clean_near/clean_near_000149.png","5d062711abee5e8c1bf01c312b4d08a7624f6077c80532a55b26f99e946663e5","2257","1606","other","RGB","existing_damage","train","real_damaged","赫达·莫里逊中国相册（Hedda Morrison）","","","","","0","texture_catalog_match_v1+source_attribute_v1","","{""crack"": 0.0091, ""dust"": 0.0257, ""fold"": 0.0663, ""missing_region"": 0.0444, ""mold"": 0.049, ""scratch"": 0.0256, ""stain"": 0.0678, ""tear"": 0.0482}","{}","0","0","0","0","0","0","0","0","0","0","0","0","0","0","5d062711abee5e8c1bf01c312b4d08a7624f6077c80532a55b26f99e946663e5","2394183","png"
"506","clean_near_000150","clean_near","150","photo-0221","0535.png","clean_near_000150.png","dataset_images/clean_near/clean_near_000150.png","5505a69d0c23b3aa04fc2e8f89831581605d9a7c408b97e9157ec8679af29de3","1666","2159","other","RGB","existing_damage","train","real_damaged","赫达·莫里逊中国相册（Hedda Morrison）","","","","","0","texture_catalog_match_v1+source_attribute_v1","","{""crack"": 0.0059, ""dust"": 0.0197, ""fold"": 0.061, ""missing_region"": 0.0496, ""mold"": 0.0947, ""scratch"": 0.0309, ""stain"": 0.0645, ""tear"": 0.0568}","{}","0","0","0","0","0","0","0","0","0","0","0","0","0","0","5505a69d0c23b3aa04fc2e8f89831581605d9a7c408b97e9157ec8679af29de3","2418166","png"
"509","clean_near_000151","clean_near","151","photo-0224","0538.png","clean_near_000151.png","dataset_images/clean_near/clean_near_000151.png","a6fe78ffa0188b82042a3520e4abda255ade50c1fa63d5f511e25eaac2c74971","1632","2146","other","RGB","existing_damage","train","real_damaged","赫达·莫里逊中国相册（Hedda Morrison）","","","","","0","texture_catalog_match_v1+source_attribute_v1","","{""crack"": 0.0145, ""dust"": 0.0309, ""fold"": 0.066, ""missing_region"": 0.0694, ""mold"": 0.0934, ""scratch"": 0.024, ""stain"": 0.0804, ""tear"": 0.0912}","{}","0","0","0","0","0","0","0","0","0","0","0","0","0","0","a6fe78ffa0188b82042a3520e4abda255ade50c1fa63d5f511e25eaac2c74971","2279875","png"
"513","clean_near_000152","clean_near","152","photo-0228","0542.png","clean_near_000152.png","dataset_images/clean_near/clean_near_000152.png","b0cf6b50f54af5981d6cdbb099883d43e158511b18bb81984bf5f6bf75c48b88","1688","2008","architecture","RGB","existing_damage","train","real_damaged","赫达·莫里逊中国相册（Hedda Morrison）","","","","","0","texture_catalog_match_v1+source_attribute_v1","","{""crack"": 0.0177, ""dust"": 0.0267, ""fold"": 0.1337, ""missing_region"": 0.03, ""mold"": 0.0545, ""scratch"": 0.0297, ""stain"": 0.0691, ""tear"": 0.0707}","{}","0","0","0","0","0","0","0","0","0","0","0","0","0","0","b0cf6b50f54af5981d6cdbb099883d43e158511b18bb81984bf5f6bf75c48b88","2479892","png"
"514","clean_near_000153","clean_near","153","photo-0229","0543.png","clean_near_000153.png","dataset_images/clean_near/clean_near_000153.png","73c182cc9dc3cae1e7c5fb563b404eb463f64892e80070669c0915d09a9cbc8a","1643","2150","outdoor_scene","RGB","existing_damage","train","real_damaged","赫达·莫里逊中国相册（Hedda Morrison）","","","","","0","texture_catalog_match_v1+source_attribute_v1","","{""crack"": 0.0103, ""dust"": 0.0223, ""fold"": 0.0409, ""missing_region"": 0.0262, ""mold"": 0.0332, ""scratch"": 0.0188, ""stain"": 0.0487, ""tear"": 0.0447}","{}","0","0","0","0","0","0","0","0","0","0","0","0","0","0","73c182cc9dc3cae1e7c5fb563b404eb463f64892e80070669c0915d09a9cbc8a","2368384","png"
"518","clean_near_000154","clean_near","154","photo-0233","0547.png","clean_near_000154.png","dataset_images/clean_near/clean_near_000154.png","a829281e4d0782c13cf577a41f25d493e016a9b9d1d87b53bc1b7a9b1d076b18","1668","2156","other","RGB","existing_damage","validation","real_damaged","赫达·莫里逊中国相册（Hedda Morrison）","","","","","0","texture_catalog_match_v1+source_attribute_v1","","{""crack"": 0.0122, ""dust"": 0.035, ""fold"": 0.0778, ""missing_region"": 0.077, ""mold"": 0.0824, ""scratch"": 0.0279, ""stain"": 0.1217, ""tear"": 0.077}","{}","0","0","0","0","0","0","0","0","0","0","0","0","0","0","a829281e4d0782c13cf577a41f25d493e016a9b9d1d87b53bc1b7a9b1d076b18","2603271","png"
"519","clean_near_000155","clean_near","155","photo-0234","0548.png","clean_near_000155.png","dataset_images/clean_near/clean_near_000155.png","f7326244461c0788f184a6ce7a264c718b2e77932dc2d356cd15a087585c1679","1688","2171","other","RGB","existing_damage","test","real_damaged","赫达·莫里逊中国相册（Hedda Morrison）","","","","","0","texture_catalog_match_v1+source_attribute_v1","","{""crack"": 0.0077, ""dust"": 0.0247, ""fold"": 0.0869, ""missing_region"": 0.072, ""mold"": 0.0971, ""scratch"": 0.03, ""stain"": 0.0608, ""tear"": 0.0833}","{}","0","0","0","0","0","0","0","0","0","0","0","0","0","0","f7326244461c0788f184a6ce7a264c718b2e77932dc2d356cd15a087585c1679","2895681","png"
"528","clean_near_000156","clean_near","156","photo-0243","0557.png","clean_near_000156.png","dataset_images/clean_near/clean_near_000156.png","762a869a8d2137a9e859bb7a5504dbb532b19ea3093b836bd73a87920b922945","1642","2156","other","RGB","existing_damage","train","real_damaged","赫达·莫里逊中国相册（Hedda Morrison）","","","","","0","texture_catalog_match_v1+source_attribute_v1","","{""crack"": 0.0126, ""dust"": 0.0342, ""fold"": 0.1387, ""missing_region"": 0.085, ""mold"": 0.1107, ""scratch"": 0.0378, ""stain"": 0.1281, ""tear"": 0.1596}","{}","0","0","0","0","0","0","0","0","0","0","0","0","0","0","762a869a8d2137a9e859bb7a5504dbb532b19ea3093b836bd73a87920b922945","2307338","png"
"543","clean_near_000157","clean_near","157","photo-0258","0572.png","clean_near_000157.png","dataset_images/clean_near/clean_near_000157.png","324ba97883dbc343e816f3cacf18ba85ccdb04f1ead9c3a40c00301bfe5b6382","1637","2155","other","RGB","existing_damage","train","real_damaged","赫达·莫里逊中国相册（Hedda Morrison）","","","","","0","texture_catalog_match_v1+source_attribute_v1","","{""crack"": 0.0076, ""dust"": 0.0278, ""fold"": 0.122, ""missing_region"": 0.0641, ""mold"": 0.075, ""scratch"": 0.0281, ""stain"": 0.0842, ""tear"": 0.0838}","{}","0","0","0","0","0","0","0","0","0","0","0","0","0","0","324ba97883dbc343e816f3cacf18ba85ccdb04f1ead9c3a40c00301bfe5b6382","2866365","png"
"544","clean_near_000158","clean_near","158","photo-0259","0573.png","clean_near_000158.png","dataset_images/clean_near/clean_near_000158.png","fc153839e5804b5ccc92f231114a377a353ee2554ab0172c3eb7d65806cad33d","2207","1602","other","RGB","existing_damage","test","real_damaged","赫达·莫里逊中国相册（Hedda Morrison）","","","","","0","texture_catalog_match_v1+source_attribute_v1","","{""crack"": 0.0252, ""dust"": 0.0387, ""fold"": 0.051, ""missing_region"": 0.0439, ""mold"": 0.0585, ""scratch"": 0.0346, ""stain"": 0.1204, ""tear"": 0.0819}","{}","0","0","0","0","0","0","0","0","0","0","0","0","0","0","fc153839e5804b5ccc92f231114a377a353ee2554ab0172c3eb7d65806cad33d","2410571","png"
"548","clean_near_000159","clean_near","159","photo-0263","0577.png","clean_near_000159.png","dataset_images/clean_near/clean_near_000159.png","2776cdc8a1cec2dee31520a2832464643085c6e0edc1f5efdfa07f42954de3b3","1601","2155","other","RGB","existing_damage","train","real_damaged","赫达·莫里逊中国相册（Hedda Morrison）","","","","","0","texture_catalog_match_v1+source_attribute_v1","","{""crack"": 0.0067, ""dust"": 0.0251, ""fold"": 0.0625, ""missing_region"": 0.0821, ""mold"": 0.0874, ""scratch"": 0.0294, ""stain"": 0.0752, ""tear"": 0.0821}","{}","0","0","0","0","0","0","0","0","0","0","0","0","0","0","2776cdc8a1cec2dee31520a2832464643085c6e0edc1f5efdfa07f42954de3b3","2585947","png"
"555","clean_near_000160","clean_near","160","photo-0270","0584.png","clean_near_000160.png","dataset_images/clean_near/clean_near_000160.png","4a77ea15ce5d1f5f76416a66080f3368890c5107c0f878f2d0194ef8200a601b","1678","2161","architecture","RGB","existing_damage","train","real_damaged","赫达·莫里逊中国相册（Hedda Morrison）","","","","","0","texture_catalog_match_v1+source_attribute_v1","","{""crack"": 0.0032, ""dust"": 0.0131, ""fold"": 0.0475, ""missing_region"": 0.0501, ""mold"": 0.0699, ""scratch"": 0.0217, ""stain"": 0.0731, ""tear"": 0.0604}","{}","0","0","0","0","0","0","0","0","0","0","0","0","0","0","4a77ea15ce5d1f5f76416a66080f3368890c5107c0f878f2d0194ef8200a601b","2901252","png"
"560","clean_near_000161","clean_near","161","photo-0275","0589.png","clean_near_000161.png","dataset_images/clean_near/clean_near_000161.png","baed83b45956bd0585116f250e8b43b53221cd65276a29034b6abf15ec8d955a","1657","2160","other","RGB","existing_damage","train","real_damaged","赫达·莫里逊中国相册（Hedda Morrison）","","","","","0","texture_catalog_match_v1+source_attribute_v1","","{""crack"": 0.0152, ""dust"": 0.0283, ""fold"": 0.0662, ""missing_region"": 0.0561, ""mold"": 0.0726, ""scratch"": 0.0256, ""stain"": 0.0774, ""tear"": 0.0687}","{}","0","0","0","0","0","0","0","0","0","0","0","0","0","0","baed83b45956bd0585116f250e8b43b53221cd65276a29034b6abf15ec8d955a","2470405","png"
"564","clean_near_000162","clean_near","162","photo-0279","0593.png","clean_near_000162.png","dataset_images/clean_near/clean_near_000162.png","1a3c79d19ee5a876332db455d399ab7829cf536245147469711a430bf9c98554","1673","2166","other","RGB","existing_damage","train","real_damaged","赫达·莫里逊中国相册（Hedda Morrison）","","","","","0","texture_catalog_match_v1+source_attribute_v1","","{""crack"": 0.0093, ""dust"": 0.0284, ""fold"": 0.0752, ""missing_region"": 0.0582, ""mold"": 0.087, ""scratch"": 0.032, ""stain"": 0.12, ""tear"": 0.063}","{}","0","0","0","0","0","0","0","0","0","0","0","0","0","0","1a3c79d19ee5a876332db455d399ab7829cf536245147469711a430bf9c98554","2684770","png"
"565","clean_near_000163","clean_near","163","photo-0280","0594.png","clean_near_000163.png","dataset_images/clean_near/clean_near_000163.png","d77cee7e1da25de6fad0e397625c2ebae65f52f4f6da2121694f4fb211bd1fd7","1637","2161","other","RGB","existing_damage","test","real_damaged","赫达·莫里逊中国相册（Hedda Morrison）","","","","","0","texture_catalog_match_v1+source_attribute_v1","","{""crack"": 0.007, ""dust"": 0.0299, ""fold"": 0.0966, ""missing_region"": 0.0692, ""mold"": 0.1328, ""scratch"": 0.026, ""stain"": 0.0992, ""tear"": 0.1067}","{}","0","0","0","0","0","0","0","0","0","0","0","0","0","0","d77cee7e1da25de6fad0e397625c2ebae65f52f4f6da2121694f4fb211bd1fd7","2783307","png"
"566","clean_near_000164","clean_near","164","photo-0281","0595.png","clean_near_000164.png","dataset_images/clean_near/clean_near_000164.png","0d73f3c1a91878bfff1676c333b67adb16bf257e12d555e0b448f628ced87688","1606","2156","other","RGB","existing_damage","train","real_damaged","赫达·莫里逊中国相册（Hedda Morrison）","","","","","0","texture_catalog_match_v1+source_attribute_v1","","{""crack"": 0.0091, ""dust"": 0.0298, ""fold"": 0.1156, ""missing_region"": 0.0852, ""mold"": 0.1134, ""scratch"": 0.028, ""stain"": 0.1562, ""tear"": 0.091}","{}","0","0","0","0","0","0","0","0","0","0","0","0","0","0","0d73f3c1a91878bfff1676c333b67adb16bf257e12d555e0b448f628ced87688","2705565","png"
"571","clean_near_000165","clean_near","165","photo-0286","0600.png","clean_near_000165.png","dataset_images/clean_near/clean_near_000165.png","abadd9e3a174d9984d1db84cae2d2e127fe5b4b180583b15d23323aa0cda9747","1637","2155","other","RGB","existing_damage","train","real_damaged","赫达·莫里逊中国相册（Hedda Morrison）","","","","","0","texture_catalog_match_v1+source_attribute_v1","","{""crack"": 0.0075, ""dust"": 0.0239, ""fold"": 0.0649, ""missing_region"": 0.0483, ""mold"": 0.0629, ""scratch"": 0.0194, ""stain"": 0.0595, ""tear"": 0.0731}","{}","0","0","0","0","0","0","0","0","0","0","0","0","0","0","abadd9e3a174d9984d1db84cae2d2e127fe5b4b180583b15d23323aa0cda9747","2686627","png"
"572","clean_near_000166","clean_near","166","photo-0287","0601.png","clean_near_000166.png","dataset_images/clean_near/clean_near_000166.png","c297a585da3322ac75860efecc034a0059788f98acf22530a644935d98ba03e0","1637","2161","other","RGB","existing_damage","train","real_damaged","赫达·莫里逊中国相册（Hedda Morrison）","","","","","0","texture_catalog_match_v1+source_attribute_v1","","{""crack"": 0.0084, ""dust"": 0.0161, ""fold"": 0.0588, ""missing_region"": 0.0766, ""mold"": 0.1013, ""scratch"": 0.0223, ""stain"": 0.0845, ""tear"": 0.0766}","{}","0","0","0","0","0","0","0","0","0","0","0","0","0","0","c297a585da3322ac75860efecc034a0059788f98acf22530a644935d98ba03e0","2749056","png"
"574","clean_near_000167","clean_near","167","photo-0289","0603.png","clean_near_000167.png","dataset_images/clean_near/clean_near_000167.png","cac00282c867c25e38e4065355aaec862574ab569421798a4d3468b4e5e02661","1597","2156","outdoor_scene","RGB","existing_damage","train","real_damaged","赫达·莫里逊中国相册（Hedda Morrison）","","","","","0","texture_catalog_match_v1+source_attribute_v1","","{""crack"": 0.0177, ""dust"": 0.0225, ""fold"": 0.0472, ""missing_region"": 0.0289, ""mold"": 0.0417, ""scratch"": 0.0236, ""stain"": 0.0666, ""tear"": 0.0771}","{}","0","0","0","0","0","0","0","0","0","0","0","0","0","0","cac00282c867c25e38e4065355aaec862574ab569421798a4d3468b4e5e02661","2161797","png"
"575","clean_near_000168","clean_near","168","photo-0290","0604.png","clean_near_000168.png","dataset_images/clean_near/clean_near_000168.png","2bc597dd8d7d2183c8668ba83450d3b7aeca3909746cabb488b79b22565a435e","2192","1602","outdoor_scene","RGB","existing_damage","train","real_damaged","赫达·莫里逊中国相册（Hedda Morrison）","","","","","0","texture_catalog_match_v1+source_attribute_v1","","{""crack"": 0.0269, ""dust"": 0.0286, ""fold"": 0.0672, ""missing_region"": 0.0327, ""mold"": 0.0478, ""scratch"": 0.0259, ""stain"": 0.0636, ""tear"": 0.1079}","{}","0","0","0","0","0","0","0","0","0","0","0","0","0","0","2bc597dd8d7d2183c8668ba83450d3b7aeca3909746cabb488b79b22565a435e","1998631","png"
"577","clean_near_000169","clean_near","169","photo-0292","0606.png","clean_near_000169.png","dataset_images/clean_near/clean_near_000169.png","e72f30b9ff2e1932b9e06dad56cbdd2a70b27d95042633d239949629391342c3","1637","2151","outdoor_scene","RGB","existing_damage","train","real_damaged","赫达·莫里逊中国相册（Hedda Morrison）","","","","","0","texture_catalog_match_v1+source_attribute_v1","","{""crack"": 0.0075, ""dust"": 0.0189, ""fold"": 0.037, ""missing_region"": 0.0171, ""mold"": 0.034, ""scratch"": 0.0194, ""stain"": 0.0401, ""tear"": 0.0549}","{}","0","0","0","0","0","0","0","0","0","0","0","0","0","0","e72f30b9ff2e1932b9e06dad56cbdd2a70b27d95042633d239949629391342c3","2014235","png"
"578","clean_near_000170","clean_near","170","photo-0293","0607.png","clean_near_000170.png","dataset_images/clean_near/clean_near_000170.png","049f1f25f4d82997f46e5aba427109f614d23bd0f870e0fbbcb6d9853a08b9a6","2435","2379","outdoor_scene","RGB","existing_damage","train","real_damaged","赫达·莫里逊中国相册（Hedda Morrison）","","","","","0","texture_catalog_match_v1+source_attribute_v1","","{""crack"": 0.0198, ""dust"": 0.0418, ""fold"": 0.0795, ""missing_region"": 0.0525, ""mold"": 0.1197, ""scratch"": 0.0371, ""stain"": 0.1428, ""tear"": 0.0682}","{}","0","0","0","0","0","0","0","0","0","0","0","0","0","0","049f1f25f4d82997f46e5aba427109f614d23bd0f870e0fbbcb6d9853a08b9a6","3855919","png"
"579","clean_near_000171","clean_near","171","photo-0294","0608.png","clean_near_000171.png","dataset_images/clean_near/clean_near_000171.png","2ccd7640466f04a47bf563524ce0d611253b62e70799698c58dd4979fd517881","2272","1691","outdoor_scene","RGB","existing_damage","train","real_damaged","赫达·莫里逊中国相册（Hedda Morrison）","","","","","0","texture_catalog_match_v1+source_attribute_v1","","{""crack"": 0.0116, ""dust"": 0.0201, ""fold"": 0.0586, ""missing_region"": 0.0471, ""mold"": 0.0803, ""scratch"": 0.0285, ""stain"": 0.0618, ""tear"": 0.0608}","{}","0","0","0","0","0","0","0","0","0","0","0","0","0","0","2ccd7640466f04a47bf563524ce0d611253b62e70799698c58dd4979fd517881","2808135","png"
"580","clean_near_000172","clean_near","172","photo-0295","0609.png","clean_near_000172.png","dataset_images/clean_near/clean_near_000172.png","d09b2926ffc3f8fe4273f8554b886a1c3c25b0aca0eae08f469acde0e336b3c5","2257","1707","architecture","RGB","existing_damage","train","real_damaged","赫达·莫里逊中国相册（Hedda Morrison）","","","","","0","texture_catalog_match_v1+source_attribute_v1","","{""crack"": 0.0235, ""dust"": 0.0236, ""fold"": 0.0445, ""missing_region"": 0.0378, ""mold"": 0.0603, ""scratch"": 0.0246, ""stain"": 0.0532, ""tear"": 0.086}","{}","0","0","0","0","0","0","0","0","0","0","0","0","0","0","d09b2926ffc3f8fe4273f8554b886a1c3c25b0aca0eae08f469acde0e336b3c5","2718512","png"
"581","clean_near_000173","clean_near","173","photo-0296","0610.png","clean_near_000173.png","dataset_images/clean_near/clean_near_000173.png","4d9cad6b6a215abf631b09342024ce8cb0d40de3d6c102fac7096c1c6e940131","2282","1711","architecture","RGB","existing_damage","validation","real_damaged","赫达·莫里逊中国相册（Hedda Morrison）","","","","","0","texture_catalog_match_v1+source_attribute_v1","","{""crack"": 0.0191, ""dust"": 0.0197, ""fold"": 0.0467, ""missing_region"": 0.0356, ""mold"": 0.0483, ""scratch"": 0.0223, ""stain"": 0.054, ""tear"": 0.0815}","{}","0","0","0","0","0","0","0","0","0","0","0","0","0","0","4d9cad6b6a215abf631b09342024ce8cb0d40de3d6c102fac7096c1c6e940131","3035252","png"
"583","clean_near_000174","clean_near","174","photo-0298","0612.png","clean_near_000174.png","dataset_images/clean_near/clean_near_000174.png","10c2559f773809f298f8239bd1cca1e58c4b5898e8a48268aa4b8bd875633fa4","2257","1702","architecture","RGB","existing_damage","train","real_damaged","赫达·莫里逊中国相册（Hedda Morrison）","","","","","0","texture_catalog_match_v1+source_attribute_v1","","{""crack"": 0.0075, ""dust"": 0.0377, ""fold"": 0.0918, ""missing_region"": 0.0502, ""mold"": 0.118, ""scratch"": 0.0301, ""stain"": 0.142, ""tear"": 0.0902}","{}","0","0","0","0","0","0","0","0","0","0","0","0","0","0","10c2559f773809f298f8239bd1cca1e58c4b5898e8a48268aa4b8bd875633fa4","3888022","png"
"587","clean_near_000175","clean_near","175","photo-0302","0616.png","clean_near_000175.png","dataset_images/clean_near/clean_near_000175.png","c80920d2e41c6f5c09aea2fdb4bc803b664993fa9910ae7e522fda0c1b509046","2287","1584","architecture","RGB","existing_damage","test","real_damaged","赫达·莫里逊中国相册（Hedda Morrison）","","","","","0","texture_catalog_match_v1+source_attribute_v1","","{""crack"": 0.0114, ""dust"": 0.0144, ""fold"": 0.0683, ""missing_region"": 0.0386, ""mold"": 0.1015, ""scratch"": 0.0331, ""stain"": 0.0733, ""tear"": 0.0876}","{}","0","0","0","0","0","0","0","0","0","0","0","0","0","0","c80920d2e41c6f5c09aea2fdb4bc803b664993fa9910ae7e522fda0c1b509046","3584965","png"
"600","clean_near_000176","clean_near","176","photo-0315","0629.png","clean_near_000176.png","dataset_images/clean_near/clean_near_000176.png","e3555fdad595c2a81f271a202b8df5db490eeac1b1876374b4aea7d12c2b1c9a","1707","2241","architecture","RGB","existing_damage","train","real_damaged","赫达·莫里逊中国相册（Hedda Morrison）","","","","","0","texture_catalog_match_v1+source_attribute_v1","","{""crack"": 0.0201, ""dust"": 0.029, ""fold"": 0.0623, ""missing_region"": 0.0461, ""mold"": 0.0985, ""scratch"": 0.0232, ""stain"": 0.0814, ""tear"": 0.0712}","{}","0","0","0","0","0","0","0","0","0","0","0","0","0","0","e3555fdad595c2a81f271a202b8df5db490eeac1b1876374b4aea7d12c2b1c9a","3086774","png"
"606","clean_near_000177","clean_near","177","photo-0321","0635.png","clean_near_000177.png","dataset_images/clean_near/clean_near_000177.png","ddacbfe70bc3003d970b104c2608ebcc74ff2cf80252fdf8edb69666c33b8bb0","1718","2257","architecture","RGB","existing_damage","train","real_damaged","赫达·莫里逊中国相册（Hedda Morrison）","","","","","0","texture_catalog_match_v1+source_attribute_v1","","{""crack"": 0.0039, ""dust"": 0.0228, ""fold"": 0.0584, ""missing_region"": 0.0566, ""mold"": 0.1048, ""scratch"": 0.0253, ""stain"": 0.1061, ""tear"": 0.0816}","{}","0","0","0","0","0","0","0","0","0","0","0","0","0","0","19a171f260fe37c7678ecd795659679a103f779ebb21dfae533ee0aa65c7279a","5487964","png"
"608","clean_near_000178","clean_near","178","photo-0323","0637.png","clean_near_000178.png","dataset_images/clean_near/clean_near_000178.png","3118a2f53e9cf94fe8c453ac9cbb752246a6b367d848bfa831f401ceb68eaabb","2288","1687","architecture","RGB","existing_damage","train","real_damaged","赫达·莫里逊中国相册（Hedda Morrison）","","","","","0","texture_catalog_match_v1+source_attribute_v1","","{""crack"": 0.0117, ""dust"": 0.0214, ""fold"": 0.0509, ""missing_region"": 0.0461, ""mold"": 0.0994, ""scratch"": 0.0272, ""stain"": 0.1186, ""tear"": 0.0782}","{}","0","0","0","0","0","0","0","0","0","0","0","0","0","0","3118a2f53e9cf94fe8c453ac9cbb752246a6b367d848bfa831f401ceb68eaabb","3486681","png"
"609","clean_near_000179","clean_near","179","photo-0324","0638.png","clean_near_000179.png","dataset_images/clean_near/clean_near_000179.png","0c8cf18490abc473a8d3b010d558852d727734a85c04c8603039f31414abdb70","2292","1686","architecture","RGB","existing_damage","validation","real_damaged","赫达·莫里逊中国相册（Hedda Morrison）","","","","","0","texture_catalog_match_v1+source_attribute_v1","","{""crack"": 0.0133, ""dust"": 0.0354, ""fold"": 0.1326, ""missing_region"": 0.0464, ""mold"": 0.097, ""scratch"": 0.035, ""stain"": 0.133, ""tear"": 0.0916}","{}","0","0","0","0","0","0","0","0","0","0","0","0","0","0","523cc0555154d0a5238605fa7ee72ba12439b8f528d7588bb515db38060834e4","3445434","png"
"611","clean_near_000180","clean_near","180","photo-0326","0640.png","clean_near_000180.png","dataset_images/clean_near/clean_near_000180.png","a8764a0fbcf3a615e5e99a74d012dc3e9eeedd5433131f41cd3fe815260419f1","1681","2277","other","RGB","existing_damage","train","real_damaged","赫达·莫里逊中国相册（Hedda Morrison）","","","","","0","texture_catalog_match_v1+source_attribute_v1","","{""crack"": 0.0055, ""dust"": 0.0147, ""fold"": 0.0347, ""missing_region"": 0.0463, ""mold"": 0.0436, ""scratch"": 0.0231, ""stain"": 0.0535, ""tear"": 0.0463}","{}","0","0","0","0","0","0","0","0","0","0","0","0","0","0","a8764a0fbcf3a615e5e99a74d012dc3e9eeedd5433131f41cd3fe815260419f1","2835938","png"
"616","clean_near_000181","clean_near","181","photo-0331","0645.png","clean_near_000181.png","dataset_images/clean_near/clean_near_000181.png","2a86ac531accba3396cba1837c073e78ebf509897dbc0a04db80caa73c8d603b","2256","1712","outdoor_scene","RGB","existing_damage","train","real_damaged","赫达·莫里逊中国相册（Hedda Morrison）","","","","","0","texture_catalog_match_v1+source_attribute_v1","","{""crack"": 0.0169, ""dust"": 0.0177, ""fold"": 0.0439, ""missing_region"": 0.0362, ""mold"": 0.0351, ""scratch"": 0.0197, ""stain"": 0.0435, ""tear"": 0.0516}","{}","0","0","0","0","0","0","0","0","0","0","0","0","0","0","2a86ac531accba3396cba1837c073e78ebf509897dbc0a04db80caa73c8d603b","2675475","png"
"617","clean_near_000182","clean_near","182","photo-0332","0646.png","clean_near_000182.png","dataset_images/clean_near/clean_near_000182.png","2303efc512656b997bd0da0f58ea182a7d8d025a5233a939c1b1286245751f59","2277","1549","architecture","RGB","existing_damage","train","real_damaged","赫达·莫里逊中国相册（Hedda Morrison）","","","","","0","texture_catalog_match_v1+source_attribute_v1","","{""crack"": 0.0251, ""dust"": 0.026, ""fold"": 0.0754, ""missing_region"": 0.0433, ""mold"": 0.055, ""scratch"": 0.0256, ""stain"": 0.0639, ""tear"": 0.0731}","{}","0","0","0","0","0","0","0","0","0","0","0","0","0","0","2303efc512656b997bd0da0f58ea182a7d8d025a5233a939c1b1286245751f59","2625444","png"
"620","clean_near_000183","clean_near","183","photo-0335","0649.png","clean_near_000183.png","dataset_images/clean_near/clean_near_000183.png","7a591f978308c9a021f0101f210c1300c5235db7eeaf00b535ee4e93438f63ec","2236","1711","architecture","RGB","existing_damage","test","real_damaged","赫达·莫里逊中国相册（Hedda Morrison）","","","","","0","texture_catalog_match_v1+source_attribute_v1","","{""crack"": 0.0184, ""dust"": 0.039, ""fold"": 0.1138, ""missing_region"": 0.0407, ""mold"": 0.1133, ""scratch"": 0.0361, ""stain"": 0.143, ""tear"": 0.1218}","{}","0","0","0","0","0","0","0","0","0","0","0","0","0","0","7a591f978308c9a021f0101f210c1300c5235db7eeaf00b535ee4e93438f63ec","2977863","png"
"622","clean_near_000184","clean_near","184","photo-0337","0651.png","clean_near_000184.png","dataset_images/clean_near/clean_near_000184.png","8074cfbfdab3a059167171f95797741da5b23d57652da25860cb2cb57303856e","2323","1687","architecture","RGB","existing_damage","train","real_damaged","赫达·莫里逊中国相册（Hedda Morrison）","","","","","0","texture_catalog_match_v1+source_attribute_v1","","{""crack"": 0.0176, ""dust"": 0.0384, ""fold"": 0.1007, ""missing_region"": 0.0545, ""mold"": 0.1068, ""scratch"": 0.0324, ""stain"": 0.1334, ""tear"": 0.1212}","{}","0","0","0","0","0","0","0","0","0","0","0","0","0","0","8074cfbfdab3a059167171f95797741da5b23d57652da25860cb2cb57303856e","3869784","png"
"624","clean_near_000185","clean_near","185","photo-0339","0653.png","clean_near_000185.png","dataset_images/clean_near/clean_near_000185.png","3fa3c8ff7b183cdbe0f1838b3e1a08178b2addac62d098e3a19c0ca999914d8c","1696","2282","architecture","RGB","existing_damage","test","real_damaged","赫达·莫里逊中国相册（Hedda Morrison）","","","","","0","texture_catalog_match_v1+source_attribute_v1","","{""crack"": 0.0068, ""dust"": 0.014, ""fold"": 0.0422, ""missing_region"": 0.0378, ""mold"": 0.0426, ""scratch"": 0.0223, ""stain"": 0.0487, ""tear"": 0.106}","{}","0","0","0","0","0","0","0","0","0","0","0","0","0","0","3fa3c8ff7b183cdbe0f1838b3e1a08178b2addac62d098e3a19c0ca999914d8c","3759181","png"
"629","clean_near_000186","clean_near","186","photo-0344","0658.png","clean_near_000186.png","dataset_images/clean_near/clean_near_000186.png","10ff55720acc030cd833bc24a43182e0661c8631282953259e78a38444e61ca7","1737","2293","other","RGB","existing_damage","train","real_damaged","赫达·莫里逊中国相册（Hedda Morrison）","","","","","0","texture_catalog_match_v1+source_attribute_v1","","{""crack"": 0.0069, ""dust"": 0.0154, ""fold"": 0.0584, ""missing_region"": 0.033, ""mold"": 0.0515, ""scratch"": 0.0222, ""stain"": 0.0544, ""tear"": 0.0382}","{}","0","0","0","0","0","0","0","0","0","0","0","0","0","0","10ff55720acc030cd833bc24a43182e0661c8631282953259e78a38444e61ca7","2614837","png"
"634","clean_near_000187","clean_near","187","photo-0349","0663.png","clean_near_000187.png","dataset_images/clean_near/clean_near_000187.png","c4eed318ea52501255227762a63779bb7b8255cb3543d9a083b79b32b2bcc4a9","2333","1701","architecture","RGB","existing_damage","train","real_damaged","赫达·莫里逊中国相册（Hedda Morrison）","","","","","0","texture_catalog_match_v1+source_attribute_v1","","{""crack"": 0.0183, ""dust"": 0.0212, ""fold"": 0.0522, ""missing_region"": 0.0277, ""mold"": 0.0574, ""scratch"": 0.021, ""stain"": 0.0524, ""tear"": 0.0651}","{}","0","0","0","0","0","0","0","0","0","0","0","0","0","0","c4eed318ea52501255227762a63779bb7b8255cb3543d9a083b79b32b2bcc4a9","2304476","png"
"635","clean_near_000188","clean_near","188","photo-0350","0664.png","clean_near_000188.png","dataset_images/clean_near/clean_near_000188.png","c96d7e496668be904d31454549bd4d5c376f91e4f6faa07c1fb88b0936e8fdd8","2288","1686","architecture","RGB","existing_damage","train","real_damaged","赫达·莫里逊中国相册（Hedda Morrison）","","","","","0","texture_catalog_match_v1+source_attribute_v1","","{""crack"": 0.0104, ""dust"": 0.0088, ""fold"": 0.0276, ""missing_region"": 0.0247, ""mold"": 0.0258, ""scratch"": 0.0104, ""stain"": 0.0159, ""tear"": 0.0837}","{}","0","0","0","0","0","0","0","0","0","0","0","0","0","0","c96d7e496668be904d31454549bd4d5c376f91e4f6faa07c1fb88b0936e8fdd8","2351519","png"
"641","clean_near_000189","clean_near","189","photo-0356","0670.png","clean_near_000189.png","dataset_images/clean_near/clean_near_000189.png","471a41553ba9e1089d80d34804b686ab4f3f3aeab85ca9a8ff5bf4a39943b9b4","1722","2262","architecture","RGB","existing_damage","validation","real_damaged","赫达·莫里逊中国相册（Hedda Morrison）","","","","","0","texture_catalog_match_v1+source_attribute_v1","","{""crack"": 0.0031, ""dust"": 0.0133, ""fold"": 0.0577, ""missing_region"": 0.042, ""mold"": 0.0764, ""scratch"": 0.0209, ""stain"": 0.0768, ""tear"": 0.0932}","{}","0","0","0","0","0","0","0","0","0","0","0","0","0","0","471a41553ba9e1089d80d34804b686ab4f3f3aeab85ca9a8ff5bf4a39943b9b4","3849885","png"
"648","clean_near_000190","clean_near","190","photo-0363","0677.png","clean_near_000190.png","dataset_images/clean_near/clean_near_000190.png","c7fa51a3cd1dba43f91483a8e1070993c70ec1ed4548eaca0cdbdcd59a68aa12","2297","1722","architecture","RGB","existing_damage","test","real_damaged","赫达·莫里逊中国相册（Hedda Morrison）","","","","","0","texture_catalog_match_v1+source_attribute_v1","","{""crack"": 0.0097, ""dust"": 0.0201, ""fold"": 0.0541, ""missing_region"": 0.0596, ""mold"": 0.0747, ""scratch"": 0.0201, ""stain"": 0.0686, ""tear"": 0.0944}","{}","0","0","0","0","0","0","0","0","0","0","0","0","0","0","c7fa51a3cd1dba43f91483a8e1070993c70ec1ed4548eaca0cdbdcd59a68aa12","3068810","png"
"668","clean_near_000191","clean_near","191","photo-0383","0697.png","clean_near_000191.png","dataset_images/clean_near/clean_near_000191.png","a9889c9c3af1b7077aa611459611f60b3657ab77c0582b7b03be3a0a262256d6","2298","1732","architecture","RGB","existing_damage","train","real_damaged","赫达·莫里逊中国相册（Hedda Morrison）","","","","","0","texture_catalog_match_v1+source_attribute_v1","","{""crack"": 0.0218, ""dust"": 0.0231, ""fold"": 0.0474, ""missing_region"": 0.0481, ""mold"": 0.1107, ""scratch"": 0.0273, ""stain"": 0.0918, ""tear"": 0.0765}","{}","0","0","0","0","0","0","0","0","0","0","0","0","0","0","a9889c9c3af1b7077aa611459611f60b3657ab77c0582b7b03be3a0a262256d6","2602854","png"
"671","clean_near_000192","clean_near","192","photo-0386","0700.png","clean_near_000192.png","dataset_images/clean_near/clean_near_000192.png","64471ef7b0f6f0aafa31085e4b3331d17e6938be3cb1d682113301480218ae2d","2334","1676","outdoor_scene","RGB","existing_damage","train","real_damaged","赫达·莫里逊中国相册（Hedda Morrison）","","","","","0","texture_catalog_match_v1+source_attribute_v1","","{""crack"": 0.0144, ""dust"": 0.0205, ""fold"": 0.0516, ""missing_region"": 0.0572, ""mold"": 0.0849, ""scratch"": 0.0288, ""stain"": 0.073, ""tear"": 0.0936}","{}","0","0","0","0","0","0","0","0","0","0","0","0","0","0","64471ef7b0f6f0aafa31085e4b3331d17e6938be3cb1d682113301480218ae2d","3054608","png"
"672","clean_near_000193","clean_near","193","photo-0387","0701.png","clean_near_000193.png","dataset_images/clean_near/clean_near_000193.png","357ffa5e9f33f3b4e8d98c72d59988ebe6f78ac29388f6a253675b5c75b68d12","1717","2257","other","RGB","existing_damage","train","real_damaged","赫达·莫里逊中国相册（Hedda Morrison）","","","","","0","texture_catalog_match_v1+source_attribute_v1","","{""crack"": 0.0036, ""dust"": 0.0118, ""fold"": 0.0424, ""missing_region"": 0.0345, ""mold"": 0.0885, ""scratch"": 0.0188, ""stain"": 0.0615, ""tear"": 0.0616}","{}","0","0","0","0","0","0","0","0","0","0","0","0","0","0","357ffa5e9f33f3b4e8d98c72d59988ebe6f78ac29388f6a253675b5c75b68d12","3281280","png"
"676","clean_near_000194","clean_near","194","photo-0391","0705.png","clean_near_000194.png","dataset_images/clean_near/clean_near_000194.png","e03112e7afba78796307950ff2b0a64a71ea23831100f9c0ce7a94f81d55c538","1717","2084","other","RGB","existing_damage","train","real_damaged","赫达·莫里逊中国相册（Hedda Morrison）","","","","","0","texture_catalog_match_v1+source_attribute_v1","","{""crack"": 0.0067, ""dust"": 0.0281, ""fold"": 0.1158, ""missing_region"": 0.0752, ""mold"": 0.1465, ""scratch"": 0.0346, ""stain"": 0.1057, ""tear"": 0.1444}","{}","0","0","0","0","0","0","0","0","0","0","0","0","0","0","e03112e7afba78796307950ff2b0a64a71ea23831100f9c0ce7a94f81d55c538","3266248","png"
"678","clean_near_000195","clean_near","195","photo-0393","0707.png","clean_near_000195.png","dataset_images/clean_near/clean_near_000195.png","226c469402dc9b620d8de2bcabcb7bf2e89bc81787336ad3262ce4849325749c","2074","1712","outdoor_scene","RGB","existing_damage","train","real_damaged","赫达·莫里逊中国相册（Hedda Morrison）","","","","","0","texture_catalog_match_v1+source_attribute_v1","","{""crack"": 0.0222, ""dust"": 0.0184, ""fold"": 0.0478, ""missing_region"": 0.0509, ""mold"": 0.0854, ""scratch"": 0.0226, ""stain"": 0.0812, ""tear"": 0.0509}","{}","0","0","0","0","0","0","0","0","0","0","0","0","0","0","226c469402dc9b620d8de2bcabcb7bf2e89bc81787336ad3262ce4849325749c","2530887","png"
"682","clean_near_000196","clean_near","196","photo-0397","0711.png","clean_near_000196.png","dataset_images/clean_near/clean_near_000196.png","cfcec29fe2c1cf9f4f3d5ebb8eb84303882c3f216b8018e55d37ddcf1660dc28","1746","2273","architecture","RGB","existing_damage","train","real_damaged","赫达·莫里逊中国相册（Hedda Morrison）","","","","","0","texture_catalog_match_v1+source_attribute_v1","","{""crack"": 0.0047, ""dust"": 0.0166, ""fold"": 0.0603, ""missing_region"": 0.0345, ""mold"": 0.1046, ""scratch"": 0.0236, ""stain"": 0.0615, ""tear"": 0.0862}","{}","0","0","0","0","0","0","0","0","0","0","0","0","0","0","8c89160efa7a68749cee95d7b8540c521eb38d46ba43a25c3457b9ad7b114c93","4000973","png"
"689","clean_near_000197","clean_near","197","photo-0404","0718.png","clean_near_000197.png","dataset_images/clean_near/clean_near_000197.png","46f29247363d922e8019c274fbd36354d38b92cf5fc6e8d2c25307e971dc67d5","1717","2242","architecture","RGB","existing_damage","train","real_damaged","赫达·莫里逊中国相册（Hedda Morrison）","","","","","0","texture_catalog_match_v1+source_attribute_v1","","{""crack"": 0.0134, ""dust"": 0.0362, ""fold"": 0.0892, ""missing_region"": 0.0632, ""mold"": 0.0876, ""scratch"": 0.0303, ""stain"": 0.1058, ""tear"": 0.0907}","{}","0","0","0","0","0","0","0","0","0","0","0","0","0","0","46f29247363d922e8019c274fbd36354d38b92cf5fc6e8d2c25307e971dc67d5","3510812","png"
"698","clean_near_000198","clean_near","198","photo-0414","0727.png","clean_near_000198.png","dataset_images/clean_near/clean_near_000198.png","02d27c7f6e459ea5d1c9df8b0c6f01e5631266c3e801d5b8c0adfe14e2559d5a","2274","1668","architecture","RGB","existing_damage","validation","real_damaged","赫达·莫里逊中国相册（Hedda Morrison）","","","","","0","texture_catalog_match_v1+source_attribute_v1","","{""crack"": 0.0223, ""dust"": 0.0255, ""fold"": 0.0481, ""missing_region"": 0.0247, ""mold"": 0.0353, ""scratch"": 0.0263, ""stain"": 0.0406, ""tear"": 0.0531}","{}","0","0","0","0","0","0","0","0","0","0","0","0","0","0","02d27c7f6e459ea5d1c9df8b0c6f01e5631266c3e801d5b8c0adfe14e2559d5a","2311663","png"
"699","clean_near_000199","clean_near","199","photo-0415","0728.png","clean_near_000199.png","dataset_images/clean_near/clean_near_000199.png","782d7871ace9dd19f4439603b9eeb4a70dcfe758f7f1c32c8765e908ecaeab26","2219","1652","architecture","RGB","existing_damage","train","real_damaged","赫达·莫里逊中国相册（Hedda Morrison）","","","","","0","texture_catalog_match_v1+source_attribute_v1","","{""crack"": 0.009, ""dust"": 0.0161, ""fold"": 0.0559, ""missing_region"": 0.0498, ""mold"": 0.0739, ""scratch"": 0.0253, ""stain"": 0.0653, ""tear"": 0.0964}","{}","0","0","0","0","0","0","0","0","0","0","0","0","0","0","782d7871ace9dd19f4439603b9eeb4a70dcfe758f7f1c32c8765e908ecaeab26","2955696","png"
"702","clean_near_000200","clean_near","200","photo-0418","0731.png","clean_near_000200.png","dataset_images/clean_near/clean_near_000200.png","f832154129a93cf08aabda332ed0927ae99441be3776774eb4d36687d8dd3713","2228","1658","architecture","RGB","existing_damage","train","real_damaged","赫达·莫里逊中国相册（Hedda Morrison）","","","","","0","texture_catalog_match_v1+source_attribute_v1","","{""crack"": 0.0087, ""dust"": 0.0148, ""fold"": 0.0216, ""missing_region"": 0.0305, ""mold"": 0.0733, ""scratch"": 0.0187, ""stain"": 0.0519, ""tear"": 0.055}","{}","0","0","0","0","0","0","0","0","0","0","0","0","0","0","8e1e9b9f83cd949ff94e9f2fbff3a7c2675cd1e95734d0fd8610c5983822ef94","3084570","png"
"708","clean_near_000201","clean_near","201","photo-0424","0737.png","clean_near_000201.png","dataset_images/clean_near/clean_near_000201.png","d18563f08c012fc9feb8807cfabf3e4efe6b64e91ddc8763c5c767c325501ccd","2223","1652","outdoor_scene","RGB","existing_damage","test","real_damaged","赫达·莫里逊中国相册（Hedda Morrison）","","","","","0","texture_catalog_match_v1+source_attribute_v1","","{""crack"": 0.0157, ""dust"": 0.0289, ""fold"": 0.0959, ""missing_region"": 0.0817, ""mold"": 0.1033, ""scratch"": 0.0235, ""stain"": 0.1212, ""tear"": 0.0941}","{}","0","0","0","0","0","0","0","0","0","0","0","0","0","0","d18563f08c012fc9feb8807cfabf3e4efe6b64e91ddc8763c5c767c325501ccd","2904683","png"
"720","clean_near_000202","clean_near","202","photo-0436","0749.png","clean_near_000202.png","dataset_images/clean_near/clean_near_000202.png","0b0d446962883ea2eabece3e3a19afd9c357b482e0bc2afb157b7d80190c1887","2578","1657","architecture","RGB","existing_damage","train","real_damaged","赫达·莫里逊中国相册（Hedda Morrison）","","","","","0","texture_catalog_match_v1+source_attribute_v1","","{""crack"": 0.0161, ""dust"": 0.0211, ""fold"": 0.0554, ""missing_region"": 0.0469, ""mold"": 0.0552, ""scratch"": 0.0248, ""stain"": 0.0641, ""tear"": 0.0469}","{}","0","0","0","0","0","0","0","0","0","0","0","0","0","0","0b0d446962883ea2eabece3e3a19afd9c357b482e0bc2afb157b7d80190c1887","2832947","png"
"726","clean_near_000203","clean_near","203","photo-0442","0755.png","clean_near_000203.png","dataset_images/clean_near/clean_near_000203.png","90123e0ed195007f958e463bed1d01263a9850a969ca032f059680ea80aaa511","2229","1642","architecture","RGB","existing_damage","train","real_damaged","赫达·莫里逊中国相册（Hedda Morrison）","","","","","0","texture_catalog_match_v1+source_attribute_v1","","{""crack"": 0.0089, ""dust"": 0.0236, ""fold"": 0.0348, ""missing_region"": 0.0421, ""mold"": 0.0769, ""scratch"": 0.0193, ""stain"": 0.0882, ""tear"": 0.0683}","{}","0","0","0","0","0","0","0","0","0","0","0","0","0","0","90123e0ed195007f958e463bed1d01263a9850a969ca032f059680ea80aaa511","2775850","png"
"728","clean_near_000204","clean_near","204","photo-0444","0757.png","clean_near_000204.png","dataset_images/clean_near/clean_near_000204.png","751354277a31ba41b7022c6ad704709535de81f7c00070acdd4b7ccf9e25c2f3","1652","2077","other","RGB","existing_damage","validation","real_damaged","赫达·莫里逊中国相册（Hedda Morrison）","","","","","0","texture_catalog_match_v1+source_attribute_v1","","{""crack"": 0.0063, ""dust"": 0.0189, ""fold"": 0.0565, ""missing_region"": 0.0248, ""mold"": 0.0692, ""scratch"": 0.0192, ""stain"": 0.0499, ""tear"": 0.0414}","{}","0","0","0","0","0","0","0","0","0","0","0","0","0","0","751354277a31ba41b7022c6ad704709535de81f7c00070acdd4b7ccf9e25c2f3","2647783","png"
"731","clean_near_000205","clean_near","205","photo-0447","0760.png","clean_near_000205.png","dataset_images/clean_near/clean_near_000205.png","39bbcb5d6f41495d35b3e7a144e6a57bca5f5568a30d8ac3d72635270759d098","2577","1658","architecture","RGB","existing_damage","train","real_damaged","赫达·莫里逊中国相册（Hedda Morrison）","","","","","0","texture_catalog_match_v1+source_attribute_v1","","{""crack"": 0.0139, ""dust"": 0.0299, ""fold"": 0.0728, ""missing_region"": 0.0444, ""mold"": 0.0892, ""scratch"": 0.0233, ""stain"": 0.1058, ""tear"": 0.0794}","{}","0","0","0","0","0","0","0","0","0","0","0","0","0","0","39bbcb5d6f41495d35b3e7a144e6a57bca5f5568a30d8ac3d72635270759d098","3590338","png"
"734","clean_near_000206","clean_near","206","photo-0450","0763.png","clean_near_000206.png","dataset_images/clean_near/clean_near_000206.png","49fdfb44d3192969dc261894b76653f20c52a9a09a99fd1b79e82edadcda9bab","2219","1648","architecture","RGB","existing_damage","train","real_damaged","赫达·莫里逊中国相册（Hedda Morrison）","","","","","0","texture_catalog_match_v1+source_attribute_v1","","{""crack"": 0.0171, ""dust"": 0.0221, ""fold"": 0.0591, ""missing_region"": 0.0263, ""mold"": 0.0408, ""scratch"": 0.0234, ""stain"": 0.0569, ""tear"": 0.0684}","{}","0","0","0","0","0","0","0","0","0","0","0","0","0","0","49fdfb44d3192969dc261894b76653f20c52a9a09a99fd1b79e82edadcda9bab","2542802","png"
"736","clean_near_000207","clean_near","207","photo-0452","0765.png","clean_near_000207.png","dataset_images/clean_near/clean_near_000207.png","abc00f5dfc8b9e27fdb77aadc9f0ea6f0e105c242a88882e97accfccf2e9e551","1663","2244","other","RGB","existing_damage","train","real_damaged","赫达·莫里逊中国相册（Hedda Morrison）","","","","","0","texture_catalog_match_v1+source_attribute_v1","","{""crack"": 0.0111, ""dust"": 0.0148, ""fold"": 0.0231, ""missing_region"": 0.041, ""mold"": 0.0925, ""scratch"": 0.0196, ""stain"": 0.0462, ""tear"": 0.0664}","{}","0","0","0","0","0","0","0","0","0","0","0","0","0","0","abc00f5dfc8b9e27fdb77aadc9f0ea6f0e105c242a88882e97accfccf2e9e551","2510471","png"
"740","clean_near_000208","clean_near","208","photo-0456","0769.png","clean_near_000208.png","dataset_images/clean_near/clean_near_000208.png","0019696bbc7dd5c6f8de90a00730c7e58ec94a0a6e740514be6c5e47fe1a5247","2219","1633","other","RGB","existing_damage","train","real_damaged","赫达·莫里逊中国相册（Hedda Morrison）","","","","","0","texture_catalog_match_v1+source_attribute_v1","","{""crack"": 0.0257, ""dust"": 0.035, ""fold"": 0.1163, ""missing_region"": 0.0491, ""mold"": 0.0754, ""scratch"": 0.0317, ""stain"": 0.0917, ""tear"": 0.0748}","{}","0","0","0","0","0","0","0","0","0","0","0","0","0","0","0019696bbc7dd5c6f8de90a00730c7e58ec94a0a6e740514be6c5e47fe1a5247","2806880","png"
"743","clean_near_000209","clean_near","209","photo-0459","0772.png","clean_near_000209.png","dataset_images/clean_near/clean_near_000209.png","45772244ad26378691dd9896a9862c2da934440f08746a5fab7334247bb82a52","2229","1677","architecture","RGB","existing_damage","train","real_damaged","赫达·莫里逊中国相册（Hedda Morrison）","","","","","0","texture_catalog_match_v1+source_attribute_v1","","{""crack"": 0.0207, ""dust"": 0.0335, ""fold"": 0.0693, ""missing_region"": 0.0526, ""mold"": 0.0994, ""scratch"": 0.0323, ""stain"": 0.1249, ""tear"": 0.086}","{}","0","0","0","0","0","0","0","0","0","0","0","0","0","0","45772244ad26378691dd9896a9862c2da934440f08746a5fab7334247bb82a52","2700126","png"
"747","clean_near_000210","clean_near","210","photo-0463","0776.png","clean_near_000210.png","dataset_images/clean_near/clean_near_000210.png","1dc61b88b64b8f9a732d0a2316ad29260177584895b6c0ada37e9613fe25240a","1668","2223","architecture","RGB","existing_damage","train","real_damaged","赫达·莫里逊中国相册（Hedda Morrison）","","","","","0","texture_catalog_match_v1+source_attribute_v1","","{""crack"": 0.0063, ""dust"": 0.0203, ""fold"": 0.0824, ""missing_region"": 0.0334, ""mold"": 0.0722, ""scratch"": 0.0219, ""stain"": 0.0674, ""tear"": 0.0634}","{}","0","0","0","0","0","0","0","0","0","0","0","0","0","0","1dc61b88b64b8f9a732d0a2316ad29260177584895b6c0ada37e9613fe25240a","3496951","png"
"760","clean_near_000211","clean_near","211","photo-0476","0789.png","clean_near_000211.png","dataset_images/clean_near/clean_near_000211.png","a644901ecd9fadc5aa35897a6f000810de3bd856b9b0c08814f1441488726291","2213","1673","architecture","RGB","existing_damage","train","real_damaged","赫达·莫里逊中国相册（Hedda Morrison）","","","","","0","texture_catalog_match_v1+source_attribute_v1","","{""crack"": 0.0034, ""dust"": 0.0089, ""fold"": 0.0336, ""missing_region"": 0.0259, ""mold"": 0.0438, ""scratch"": 0.0243, ""stain"": 0.0808, ""tear"": 0.0942}","{}","0","0","0","0","0","0","0","0","0","0","0","0","0","0","a644901ecd9fadc5aa35897a6f000810de3bd856b9b0c08814f1441488726291","3307090","png"
"763","clean_near_000212","clean_near","212","photo-0479","0792.png","clean_near_000212.png","dataset_images/clean_near/clean_near_000212.png","e965982ebc2ed207d19d5ca9baee73763e1558f69da7f254d9b5f5fbe6eacdae","1678","2239","architecture","RGB","existing_damage","train","real_damaged","赫达·莫里逊中国相册（Hedda Morrison）","","","","","0","texture_catalog_match_v1+source_attribute_v1","","{""crack"": 0.0142, ""dust"": 0.0391, ""fold"": 0.0873, ""missing_region"": 0.0505, ""mold"": 0.083, ""scratch"": 0.0322, ""stain"": 0.1313, ""tear"": 0.0825}","{}","0","0","0","0","0","0","0","0","0","0","0","0","0","0","e965982ebc2ed207d19d5ca9baee73763e1558f69da7f254d9b5f5fbe6eacdae","2991532","png"
"766","clean_near_000213","clean_near","213","photo-0482","0795.png","clean_near_000213.png","dataset_images/clean_near/clean_near_000213.png","e9109c05cb1b3d156eb437a8fe5cab348f78e00f370cbbc2fa5e575cb6576c2d","1667","2233","architecture","RGB","existing_damage","train","real_damaged","赫达·莫里逊中国相册（Hedda Morrison）","","","","","0","texture_catalog_match_v1+source_attribute_v1","","{""crack"": 0.0063, ""dust"": 0.0127, ""fold"": 0.0356, ""missing_region"": 0.041, ""mold"": 0.048, ""scratch"": 0.0225, ""stain"": 0.0445, ""tear"": 0.0564}","{}","0","0","0","0","0","0","0","0","0","0","0","0","0","0","e9109c05cb1b3d156eb437a8fe5cab348f78e00f370cbbc2fa5e575cb6576c2d","2448470","png"
"768","clean_near_000214","clean_near","214","photo-0484","0797.png","clean_near_000214.png","dataset_images/clean_near/clean_near_000214.png","2824ee81ad8780647655927cfb823a1954bf33d7e6d21ad3bb0a73b0f16b6e11","2224","1667","architecture","RGB","existing_damage","train","real_damaged","赫达·莫里逊中国相册（Hedda Morrison）","","","","","0","texture_catalog_match_v1+source_attribute_v1","","{""crack"": 0.0185, ""dust"": 0.0187, ""fold"": 0.027, ""missing_region"": 0.0355, ""mold"": 0.0303, ""scratch"": 0.0172, ""stain"": 0.045, ""tear"": 0.0488}","{}","0","0","0","0","0","0","0","0","0","0","0","0","0","0","2824ee81ad8780647655927cfb823a1954bf33d7e6d21ad3bb0a73b0f16b6e11","2251217","png"
"769","clean_near_000215","clean_near","215","photo-0485","0798.png","clean_near_000215.png","dataset_images/clean_near/clean_near_000215.png","c9c71b73469ec4c425cf8fd6ac3b105536d8d142233ae81d77206e0dd7f0b881","1688","2244","architecture","RGB","existing_damage","test","real_damaged","赫达·莫里逊中国相册（Hedda Morrison）","","","","","0","texture_catalog_match_v1+source_attribute_v1","","{""crack"": 0.0071, ""dust"": 0.0121, ""fold"": 0.027, ""missing_region"": 0.0311, ""mold"": 0.033, ""scratch"": 0.0223, ""stain"": 0.0349, ""tear"": 0.0374}","{}","0","0","0","0","0","0","0","0","0","0","0","0","0","0","c9c71b73469ec4c425cf8fd6ac3b105536d8d142233ae81d77206e0dd7f0b881","2824167","png"
"771","clean_near_000216","clean_near","216","photo-0487","0800.png","clean_near_000216.png","dataset_images/clean_near/clean_near_000216.png","26e3235f3196a4029f3bea9093fac2c5d1e2609aeeb6ff3321891779b374547d","2229","1430","architecture","RGB","existing_damage","train","real_damaged","赫达·莫里逊中国相册（Hedda Morrison）","","","","","0","texture_catalog_match_v1+source_attribute_v1","","{""crack"": 0.0114, ""dust"": 0.0321, ""fold"": 0.101, ""missing_region"": 0.0507, ""mold"": 0.0747, ""scratch"": 0.0319, ""stain"": 0.0761, ""tear"": 0.083}","{}","0","0","0","0","0","0","0","0","0","0","0","0","0","0","26e3235f3196a4029f3bea9093fac2c5d1e2609aeeb6ff3321891779b374547d","2201593","png"
"791","clean_near_000217","clean_near","217","photo-0507","0820.png","clean_near_000217.png","dataset_images/clean_near/clean_near_000217.png","d8a6f2669adb7f72a780fce67adc4b4f9e4933bec36a92b61301662d9ac080a2","2229","1663","architecture","RGB","existing_damage","train","real_damaged","赫达·莫里逊中国相册（Hedda Morrison）","","","","","0","texture_catalog_match_v1+source_attribute_v1","","{""crack"": 0.0118, ""dust"": 0.0235, ""fold"": 0.0814, ""missing_region"": 0.0226, ""mold"": 0.0543, ""scratch"": 0.0248, ""stain"": 0.0606, ""tear"": 0.0329}","{}","0","0","0","0","0","0","0","0","0","0","0","0","0","0","d8a6f2669adb7f72a780fce67adc4b4f9e4933bec36a92b61301662d9ac080a2","2955610","png"
"796","clean_near_000218","clean_near","218","photo-0512","0825.png","clean_near_000218.png","dataset_images/clean_near/clean_near_000218.png","594cf8226cc12d21484a2ac2b21850de6b7e789ef093eaf96f5936eb840dce9c","2289","1749","architecture","RGB","existing_damage","train","real_damaged","赫达·莫里逊中国相册（Hedda Morrison）","","","","","0","texture_catalog_match_v1+source_attribute_v1","","{""crack"": 0.0112, ""dust"": 0.0228, ""fold"": 0.0542, ""missing_region"": 0.0383, ""mold"": 0.0552, ""scratch"": 0.0159, ""stain"": 0.1027, ""tear"": 0.1351}","{}","0","0","0","0","0","0","0","0","0","0","0","0","0","0","594cf8226cc12d21484a2ac2b21850de6b7e789ef093eaf96f5936eb840dce9c","3240972","png"
"806","clean_near_000219","clean_near","219","photo-0522","0835.png","clean_near_000219.png","dataset_images/clean_near/clean_near_000219.png","31a5e885754eb1f137ac54c36ab3af2c6989473b93db6659dba0bdceac4a32ad","2606","1665","architecture","RGB","existing_damage","validation","real_damaged","赫达·莫里逊中国相册（Hedda Morrison）","","","","","0","texture_catalog_match_v1+source_attribute_v1","","{""crack"": 0.006, ""dust"": 0.0306, ""fold"": 0.0886, ""missing_region"": 0.0558, ""mold"": 0.0592, ""scratch"": 0.025, ""stain"": 0.0794, ""tear"": 0.0735}","{}","0","0","0","0","0","0","0","0","0","0","0","0","0","0","5468176b36bc257a78f6eec9203e49494e89b577baa46b55062c94642936b831","3985251","png"
"814","clean_near_000220","clean_near","220","photo-0530","0843.png","clean_near_000220.png","dataset_images/clean_near/clean_near_000220.png","41de9ba7d89853437016e57b73eed98f4ab8fbc0e3c03b4b1bcbb1e30818d3c3","1668","2239","architecture","RGB","existing_damage","train","real_damaged","赫达·莫里逊中国相册（Hedda Morrison）","","","","","0","texture_catalog_match_v1+source_attribute_v1","","{""crack"": 0.0144, ""dust"": 0.0278, ""fold"": 0.1382, ""missing_region"": 0.0778, ""mold"": 0.118, ""scratch"": 0.0342, ""stain"": 0.0964, ""tear"": 0.1048}","{}","0","0","0","0","0","0","0","0","0","0","0","0","0","0","41de9ba7d89853437016e57b73eed98f4ab8fbc0e3c03b4b1bcbb1e30818d3c3","2598729","png"
"815","clean_near_000221","clean_near","221","photo-0531","0844.png","clean_near_000221.png","dataset_images/clean_near/clean_near_000221.png","df424c69b9655bf4ad06f836920ffafa0c4b45bf5f43cbd40afd6f474de6ef26","2218","1208","outdoor_scene","RGB","existing_damage","train","real_damaged","赫达·莫里逊中国相册（Hedda Morrison）","","","","","0","texture_catalog_match_v1+source_attribute_v1","","{""crack"": 0.0057, ""dust"": 0.0158, ""fold"": 0.0342, ""missing_region"": 0.0263, ""mold"": 0.0488, ""scratch"": 0.0224, ""stain"": 0.0475, ""tear"": 0.0477}","{}","0","0","0","0","0","0","0","0","0","0","0","0","0","0","df424c69b9655bf4ad06f836920ffafa0c4b45bf5f43cbd40afd6f474de6ef26","2185230","png"
"820","clean_near_000222","clean_near","222","photo-0536","0849.png","clean_near_000222.png","dataset_images/clean_near/clean_near_000222.png","0bc971eeb5d584bb9dfa89b872eebbc4c003ff0977b4b192c3ae94b4a76c4025","2238","1657","architecture","RGB","existing_damage","train","real_damaged","赫达·莫里逊中国相册（Hedda Morrison）","","","","","0","texture_catalog_match_v1+source_attribute_v1","","{""crack"": 0.0214, ""dust"": 0.0236, ""fold"": 0.0322, ""missing_region"": 0.0234, ""mold"": 0.0339, ""scratch"": 0.0213, ""stain"": 0.0388, ""tear"": 0.0456}","{}","0","0","0","0","0","0","0","0","0","0","0","0","0","0","0bc971eeb5d584bb9dfa89b872eebbc4c003ff0977b4b192c3ae94b4a76c4025","2401517","png"
"821","clean_near_000223","clean_near","223","photo-0537","0850.png","clean_near_000223.png","dataset_images/clean_near/clean_near_000223.png","a8a4f5bed5643a2e1dfc6249c521f1d54874e7aba430b319a41cd4ba3350604d","1329","1868","outdoor_scene","RGB","existing_damage","train","real_damaged","赫达·莫里逊中国相册（Hedda Morrison）","","","","","0","texture_catalog_match_v1+source_attribute_v1","","{""crack"": 0.0136, ""dust"": 0.0206, ""fold"": 0.1075, ""missing_region"": 0.0429, ""mold"": 0.054, ""scratch"": 0.022, ""stain"": 0.0595, ""tear"": 0.0682}","{}","0","0","0","0","0","0","0","0","0","0","0","0","0","0","a8a4f5bed5643a2e1dfc6249c521f1d54874e7aba430b319a41cd4ba3350604d","1630953","png"
"826","clean_near_000224","clean_near","224","photo-0542","0855.png","clean_near_000224.png","dataset_images/clean_near/clean_near_000224.png","290d6117661948102c58bbf2c4c11852dd8f9f7c5fbbd7cf119be09cada8b6dc","1335","1852","outdoor_scene","RGB","existing_damage","train","real_damaged","赫达·莫里逊中国相册（Hedda Morrison）","","","","","0","texture_catalog_match_v1+source_attribute_v1","","{""crack"": 0.0132, ""dust"": 0.0169, ""fold"": 0.0386, ""missing_region"": 0.0245, ""mold"": 0.042, ""scratch"": 0.0155, ""stain"": 0.0294, ""tear"": 0.0355}","{}","0","0","0","0","0","0","0","0","0","0","0","0","0","0","290d6117661948102c58bbf2c4c11852dd8f9f7c5fbbd7cf119be09cada8b6dc","1602044","png"
"827","clean_near_000225","clean_near","225","photo-0543","0856.png","clean_near_000225.png","dataset_images/clean_near/clean_near_000225.png","8a768d74860b7a074f2c80f7ee17f1ef09dc2889105851e7b30dfe38f740ad86","1345","1857","outdoor_scene","RGB","existing_damage","validation","real_damaged","赫达·莫里逊中国相册（Hedda Morrison）","","","","","0","texture_catalog_match_v1+source_attribute_v1","","{""crack"": 0.0094, ""dust"": 0.013, ""fold"": 0.0305, ""missing_region"": 0.0349, ""mold"": 0.03, ""scratch"": 0.0143, ""stain"": 0.0343, ""tear"": 0.0349}","{}","0","0","0","0","0","0","0","0","0","0","0","0","0","0","8a768d74860b7a074f2c80f7ee17f1ef09dc2889105851e7b30dfe38f740ad86","1751851","png"
"828","clean_near_000226","clean_near","226","photo-0544","0857.png","clean_near_000226.png","dataset_images/clean_near/clean_near_000226.png","29927a124a111d72741e1ae8ee5d771dd46bc4a025d86f0b436609e3093d6f29","1847","1335","outdoor_scene","RGB","existing_damage","train","real_damaged","赫达·莫里逊中国相册（Hedda Morrison）","","","","","0","texture_catalog_match_v1+source_attribute_v1","","{""crack"": 0.0121, ""dust"": 0.0278, ""fold"": 0.074, ""missing_region"": 0.0365, ""mold"": 0.0787, ""scratch"": 0.0239, ""stain"": 0.1204, ""tear"": 0.0472}","{}","0","0","0","0","0","0","0","0","0","0","0","0","0","0","a876e54407d827fdc53505b1fbe48ad6b2da5e2c5729534fd68314acf3c7388d","1596837","png"
"829","clean_near_000227","clean_near","227","photo-0545","0858.png","clean_near_000227.png","dataset_images/clean_near/clean_near_000227.png","fa82b6ffcd71e6ed3187316f19cad9cc479728117d5088ef21d3ba1cf3a7d76c","1339","1857","outdoor_scene","RGB","existing_damage","validation","real_damaged","赫达·莫里逊中国相册（Hedda Morrison）","","","","","0","texture_catalog_match_v1+source_attribute_v1","","{""crack"": 0.022, ""dust"": 0.0331, ""fold"": 0.1052, ""missing_region"": 0.0391, ""mold"": 0.0828, ""scratch"": 0.0341, ""stain"": 0.1122, ""tear"": 0.0986}","{}","0","0","0","0","0","0","0","0","0","0","0","0","0","0","fa82b6ffcd71e6ed3187316f19cad9cc479728117d5088ef21d3ba1cf3a7d76c","1608742","png"
"830","clean_near_000228","clean_near","228","photo-0546","0859.png","clean_near_000228.png","dataset_images/clean_near/clean_near_000228.png","b6f4e2e15aca5d725eb0d69a58a0c9f34eea5827a958e15f8e85c41be647bf28","1329","1857","outdoor_scene","RGB","existing_damage","train","real_damaged","赫达·莫里逊中国相册（Hedda Morrison）","","","","","0","texture_catalog_match_v1+source_attribute_v1","","{""crack"": 0.0158, ""dust"": 0.0289, ""fold"": 0.0672, ""missing_region"": 0.0414, ""mold"": 0.0776, ""scratch"": 0.0251, ""stain"": 0.1108, ""tear"": 0.0768}","{}","0","0","0","0","0","0","0","0","0","0","0","0","0","0","b6f4e2e15aca5d725eb0d69a58a0c9f34eea5827a958e15f8e85c41be647bf28","1700388","png"
"831","clean_near_000229","clean_near","229","photo-0547","0860.png","clean_near_000229.png","dataset_images/clean_near/clean_near_000229.png","8c4194c1601132be5a4c9a6c29688bc422cac8006449f9c6af3b181faa52809e","1344","1414","architecture","RGB","existing_damage","train","real_damaged","赫达·莫里逊中国相册（Hedda Morrison）","","","","","0","texture_catalog_match_v1+source_attribute_v1","","{""crack"": 0.0094, ""dust"": 0.0209, ""fold"": 0.0719, ""missing_region"": 0.0561, ""mold"": 0.0596, ""scratch"": 0.023, ""stain"": 0.0634, ""tear"": 0.0561}","{}","0","0","0","0","0","0","0","0","0","0","0","0","0","0","b0beba87d9f13e9037f24b8b5ad83fc116a559312cd85b06857968b15aee2c88","1433853","png"
"833","clean_near_000230","clean_near","230","photo-0549","0862.png","clean_near_000230.png","dataset_images/clean_near/clean_near_000230.png","efccfe4665f9060959e9512bbec3f3668206fea17914bd8c2d7238ade4b58684","1334","1837","outdoor_scene","RGB","existing_damage","validation","real_damaged","赫达·莫里逊中国相册（Hedda Morrison）","","","","","0","texture_catalog_match_v1+source_attribute_v1","","{""crack"": 0.0187, ""dust"": 0.019, ""fold"": 0.0294, ""missing_region"": 0.0284, ""mold"": 0.0338, ""scratch"": 0.0258, ""stain"": 0.0413, ""tear"": 0.0553}","{}","0","0","0","0","0","0","0","0","0","0","0","0","0","0","efccfe4665f9060959e9512bbec3f3668206fea17914bd8c2d7238ade4b58684","1551507","png"
"834","clean_near_000231","clean_near","231","photo-0550","0863.png","clean_near_000231.png","dataset_images/clean_near/clean_near_000231.png","945dae1d2aacfaaa8bee77517d4e6e5230e25a208f8f02a0d4bab2e250c4d6eb","1324","1639","outdoor_scene","RGB","existing_damage","train","real_damaged","赫达·莫里逊中国相册（Hedda Morrison）","","","","","0","texture_catalog_match_v1+source_attribute_v1","","{""crack"": 0.0132, ""dust"": 0.0289, ""fold"": 0.0942, ""missing_region"": 0.0438, ""mold"": 0.1105, ""scratch"": 0.0251, ""stain"": 0.1227, ""tear"": 0.0599}","{}","0","0","0","0","0","0","0","0","0","0","0","0","0","0","945dae1d2aacfaaa8bee77517d4e6e5230e25a208f8f02a0d4bab2e250c4d6eb","1299143","png"
"836","clean_near_000232","clean_near","232","photo-0552","0865.png","clean_near_000232.png","dataset_images/clean_near/clean_near_000232.png","58a8f132114bde31ef9195e828219caf685e996a37ec9a468ff42a63ea727734","1344","1861","outdoor_scene","RGB","existing_damage","test","real_damaged","赫达·莫里逊中国相册（Hedda Morrison）","","","","","0","texture_catalog_match_v1+source_attribute_v1","","{""crack"": 0.0054, ""dust"": 0.0168, ""fold"": 0.0663, ""missing_region"": 0.0392, ""mold"": 0.0724, ""scratch"": 0.0262, ""stain"": 0.0619, ""tear"": 0.0631}","{}","0","0","0","0","0","0","0","0","0","0","0","0","0","0","eba9b8b909f7d21c280c3575e9a31f3d1f2b0b069bc8deb9eef6a12d3c171045","2011723","png"
"837","clean_near_000233","clean_near","233","photo-0553","0866.png","clean_near_000233.png","dataset_images/clean_near/clean_near_000233.png","5cb1a9da1aa9c640799dd2b8b2b769e07d18bc37f08620954a0f7ba985c99f1c","1862","1355","outdoor_scene","RGB","existing_damage","train","real_damaged","赫达·莫里逊中国相册（Hedda Morrison）","","","","","0","texture_catalog_match_v1+source_attribute_v1","","{""crack"": 0.0175, ""dust"": 0.0348, ""fold"": 0.089, ""missing_region"": 0.0596, ""mold"": 0.0943, ""scratch"": 0.0347, ""stain"": 0.1273, ""tear"": 0.0795}","{}","0","0","0","0","0","0","0","0","0","0","0","0","0","0","5cb1a9da1aa9c640799dd2b8b2b769e07d18bc37f08620954a0f7ba985c99f1c","1971228","png"
"841","clean_near_000234","clean_near","234","photo-0557","0870.png","clean_near_000234.png","dataset_images/clean_near/clean_near_000234.png","875a15d2a838b668235970bac8be3db70729ab743d5e1433d46efb920b585131","1908","1375","outdoor_scene","RGB","existing_damage","train","real_damaged","赫达·莫里逊中国相册（Hedda Morrison）","","","","","0","texture_catalog_match_v1+source_attribute_v1","","{""crack"": 0.0142, ""dust"": 0.0359, ""fold"": 0.0966, ""missing_region"": 0.0429, ""mold"": 0.1011, ""scratch"": 0.0297, ""stain"": 0.1692, ""tear"": 0.0796}","{}","0","0","0","0","0","0","0","0","0","0","0","0","0","0","875a15d2a838b668235970bac8be3db70729ab743d5e1433d46efb920b585131","1932626","png"
"842","clean_near_000235","clean_near","235","photo-0558","0871.png","clean_near_000235.png","dataset_images/clean_near/clean_near_000235.png","933260f0d8f8f5242b7f0694534aea1b537910149a359dd3932f1f6cebd90b75","1857","1330","outdoor_scene","RGB","existing_damage","train","real_damaged","赫达·莫里逊中国相册（Hedda Morrison）","","","","","0","texture_catalog_match_v1+source_attribute_v1","","{""crack"": 0.0133, ""dust"": 0.027, ""fold"": 0.0506, ""missing_region"": 0.0367, ""mold"": 0.0701, ""scratch"": 0.0368, ""stain"": 0.0871, ""tear"": 0.0571}","{}","0","0","0","0","0","0","0","0","0","0","0","0","0","0","933260f0d8f8f5242b7f0694534aea1b537910149a359dd3932f1f6cebd90b75","1767388","png"
"844","clean_near_000236","clean_near","236","photo-0560","0873.png","clean_near_000236.png","dataset_images/clean_near/clean_near_000236.png","c79935a81e0e0e0cacc1b19be0a33876aafef3f12817fd8540882d581b03e81c","1850","1328","outdoor_scene","RGB","existing_damage","train","real_damaged","赫达·莫里逊中国相册（Hedda Morrison）","","","","","0","texture_catalog_match_v1+source_attribute_v1","","{""crack"": 0.0073, ""dust"": 0.0221, ""fold"": 0.0502, ""missing_region"": 0.0338, ""mold"": 0.083, ""scratch"": 0.033, ""stain"": 0.1259, ""tear"": 0.0813}","{}","0","0","0","0","0","0","0","0","0","0","0","0","0","0","fcf9dca737a987304728445ed2f6082dbacf7c633860ba4f56a7a36ae0065ecf","1924377","png"
"845","clean_near_000237","clean_near","237","photo-0561","0874.png","clean_near_000237.png","dataset_images/clean_near/clean_near_000237.png","dc9b8389f468d496e46bbda48bd2b22cdeb4d1fd3430678ea4e1395857855584","1903","1344","outdoor_scene","RGB","existing_damage","train","real_damaged","赫达·莫里逊中国相册（Hedda Morrison）","","","","","0","texture_catalog_match_v1+source_attribute_v1","","{""crack"": 0.0123, ""dust"": 0.0259, ""fold"": 0.0458, ""missing_region"": 0.0489, ""mold"": 0.0981, ""scratch"": 0.0403, ""stain"": 0.1453, ""tear"": 0.128}","{}","0","0","0","0","0","0","0","0","0","0","0","0","0","0","dc9b8389f468d496e46bbda48bd2b22cdeb4d1fd3430678ea4e1395857855584","1932135","png"
"847","clean_near_000238","clean_near","238","photo-0563","0876.png","clean_near_000238.png","dataset_images/clean_near/clean_near_000238.png","1a8b6e1e21c9b4bb6b0d65dbe3efcc08dcdc47519fdc98472d0287603c2b120e","1853","1325","outdoor_scene","RGB","existing_damage","train","real_damaged","赫达·莫里逊中国相册（Hedda Morrison）","","","","","0","texture_catalog_match_v1+source_attribute_v1","","{""crack"": 0.0149, ""dust"": 0.0357, ""fold"": 0.087, ""missing_region"": 0.0602, ""mold"": 0.1236, ""scratch"": 0.0344, ""stain"": 0.1656, ""tear"": 0.088}","{}","0","0","0","0","0","0","0","0","0","0","0","0","0","0","1a8b6e1e21c9b4bb6b0d65dbe3efcc08dcdc47519fdc98472d0287603c2b120e","1804533","png"
"848","clean_near_000239","clean_near","239","photo-0564","0877.png","clean_near_000239.png","dataset_images/clean_near/clean_near_000239.png","e437e94ba9087965f5ca55e0ea94c98e49da7289c735837f2c27fa7629159265","1852","1330","outdoor_scene","RGB","existing_damage","train","real_damaged","赫达·莫里逊中国相册（Hedda Morrison）","","","","","0","texture_catalog_match_v1+source_attribute_v1","","{""crack"": 0.013, ""dust"": 0.026, ""fold"": 0.0541, ""missing_region"": 0.0504, ""mold"": 0.0478, ""scratch"": 0.0252, ""stain"": 0.0555, ""tear"": 0.0569}","{}","0","0","0","0","0","0","0","0","0","0","0","0","0","0","e437e94ba9087965f5ca55e0ea94c98e49da7289c735837f2c27fa7629159265","1607225","png"
"851","clean_near_000240","clean_near","240","photo-0567","0880.png","clean_near_000240.png","dataset_images/clean_near/clean_near_000240.png","58d21c455e2813e75d733fb17539dfa10e286b8aa6114452ee53b9a94f94ca3a","1334","1848","outdoor_scene","RGB","existing_damage","train","real_damaged","赫达·莫里逊中国相册（Hedda Morrison）","","","","","0","texture_catalog_match_v1+source_attribute_v1","","{""crack"": 0.0109, ""dust"": 0.0312, ""fold"": 0.1318, ""missing_region"": 0.0557, ""mold"": 0.1109, ""scratch"": 0.0325, ""stain"": 0.1132, ""tear"": 0.0895}","{}","0","0","0","0","0","0","0","0","0","0","0","0","0","0","912d04c1a7e413499b3b947328c898aeabd7483212bf2f76e2254cb0b220938f","1771684","png"
"852","clean_near_000241","clean_near","241","photo-0568","0881.png","clean_near_000241.png","dataset_images/clean_near/clean_near_000241.png","2b02f1e6f972e45e07d151f3c46daa5ecab7b7eb53cb5181a6d473667e4ef2ad","1400","1877","outdoor_scene","RGB","existing_damage","train","real_damaged","赫达·莫里逊中国相册（Hedda Morrison）","","","","","0","texture_catalog_match_v1+source_attribute_v1","","{""crack"": 0.0097, ""dust"": 0.0258, ""fold"": 0.1164, ""missing_region"": 0.0844, ""mold"": 0.1041, ""scratch"": 0.0404, ""stain"": 0.0985, ""tear"": 0.0932}","{}","0","0","0","0","0","0","0","0","0","0","0","0","0","0","2b02f1e6f972e45e07d151f3c46daa5ecab7b7eb53cb5181a6d473667e4ef2ad","1901440","png"
"854","clean_near_000242","clean_near","242","photo-0570","0883.png","clean_near_000242.png","dataset_images/clean_near/clean_near_000242.png","1a7ad386ee0e156e310da30669b8ae7d4f163d66960458dbe47bba3eb91a396e","1335","1857","indoor_scene","RGB","existing_damage","train","real_damaged","赫达·莫里逊中国相册（Hedda Morrison）","","","","","0","texture_catalog_match_v1+source_attribute_v1","","{""crack"": 0.013, ""dust"": 0.0247, ""fold"": 0.0461, ""missing_region"": 0.0258, ""mold"": 0.0534, ""scratch"": 0.0212, ""stain"": 0.0548, ""tear"": 0.0681}","{}","0","0","0","0","0","0","0","0","0","0","0","0","0","0","1a7ad386ee0e156e310da30669b8ae7d4f163d66960458dbe47bba3eb91a396e","1535231","png"
"855","clean_near_000243","clean_near","243","photo-0571","0884.png","clean_near_000243.png","dataset_images/clean_near/clean_near_000243.png","79a3a3e4d174fe252eb785faa58559922abbdf9acec87ded80484cc386693244","1390","1898","single_portrait","RGB","existing_damage","train","real_damaged","赫达·莫里逊中国相册（Hedda Morrison）","","","","","0","texture_catalog_match_v1+source_attribute_v1","","{""crack"": 0.0161, ""dust"": 0.0223, ""fold"": 0.0674, ""missing_region"": 0.03, ""mold"": 0.0551, ""scratch"": 0.0232, ""stain"": 0.0643, ""tear"": 0.0475}","{}","0","0","0","0","0","0","0","0","0","0","0","0","0","0","79a3a3e4d174fe252eb785faa58559922abbdf9acec87ded80484cc386693244","1748954","png"
"856","clean_near_000244","clean_near","244","photo-0572","0885.png","clean_near_000244.png","dataset_images/clean_near/clean_near_000244.png","0da10325feb81ac6dbcb5d0a7e70c37f0b4bba2c22116f90c0b507246a141ea1","1853","1329","indoor_scene","RGB","existing_damage","train","real_damaged","赫达·莫里逊中国相册（Hedda Morrison）","","","","","0","texture_catalog_match_v1+source_attribute_v1","","{""crack"": 0.0102, ""dust"": 0.0199, ""fold"": 0.036, ""missing_region"": 0.0221, ""mold"": 0.045, ""scratch"": 0.0192, ""stain"": 0.0777, ""tear"": 0.0632}","{}","0","0","0","0","0","0","0","0","0","0","0","0","0","0","0da10325feb81ac6dbcb5d0a7e70c37f0b4bba2c22116f90c0b507246a141ea1","1555425","png"
"857","clean_near_000245","clean_near","245","photo-0573","0886.png","clean_near_000245.png","dataset_images/clean_near/clean_near_000245.png","61215f30814d5de9e26f208e0b9ed9356a661684b7815be6d6b076e273232239","1878","1284","outdoor_scene","RGB","existing_damage","validation","real_damaged","赫达·莫里逊中国相册（Hedda Morrison）","","","","","0","texture_catalog_match_v1+source_attribute_v1","","{""crack"": 0.0282, ""dust"": 0.031, ""fold"": 0.0593, ""missing_region"": 0.0295, ""mold"": 0.0359, ""scratch"": 0.0304, ""stain"": 0.0446, ""tear"": 0.0741}","{}","0","0","0","0","0","0","0","0","0","0","0","0","0","0","61215f30814d5de9e26f208e0b9ed9356a661684b7815be6d6b076e273232239","1451991","png"
"858","clean_near_000246","clean_near","246","photo-0574","0887.png","clean_near_000246.png","dataset_images/clean_near/clean_near_000246.png","5677f6487138f6ab788798622f8bfaee6200c6f9fe6b7b33a639a6a206aee030","1330","1797","outdoor_scene","RGB","existing_damage","train","real_damaged","赫达·莫里逊中国相册（Hedda Morrison）","","","","","0","texture_catalog_match_v1+source_attribute_v1","","{""crack"": 0.0228, ""dust"": 0.0267, ""fold"": 0.0514, ""missing_region"": 0.027, ""mold"": 0.0385, ""scratch"": 0.0268, ""stain"": 0.0405, ""tear"": 0.0568}","{}","0","0","0","0","0","0","0","0","0","0","0","0","0","0","5677f6487138f6ab788798622f8bfaee6200c6f9fe6b7b33a639a6a206aee030","1345125","png"
"860","clean_near_000247","clean_near","247","photo-0576","0889.png","clean_near_000247.png","dataset_images/clean_near/clean_near_000247.png","e81e2d7f7e59a235e8b5298204066bd31020e66fc27b8261427f7f40cd1c6d85","1335","1715","outdoor_scene","RGB","existing_damage","train","real_damaged","赫达·莫里逊中国相册（Hedda Morrison）","","","","","0","texture_catalog_match_v1+source_attribute_v1","","{""crack"": 0.0161, ""dust"": 0.0164, ""fold"": 0.033, ""missing_region"": 0.017, ""mold"": 0.0283, ""scratch"": 0.0202, ""stain"": 0.0315, ""tear"": 0.0531}","{}","0","0","0","0","0","0","0","0","0","0","0","0","0","0","e81e2d7f7e59a235e8b5298204066bd31020e66fc27b8261427f7f40cd1c6d85","1358912","png"
"861","clean_near_000248","clean_near","248","photo-0577","0890.png","clean_near_000248.png","dataset_images/clean_near/clean_near_000248.png","199b538a2b711b839132d69da72993fca1308c9c33b72721c0241a775ca2bb28","1325","1847","outdoor_scene","RGB","existing_damage","train","real_damaged","赫达·莫里逊中国相册（Hedda Morrison）","","","","","0","texture_catalog_match_v1+source_attribute_v1","","{""crack"": 0.0143, ""dust"": 0.0178, ""fold"": 0.0407, ""missing_region"": 0.0241, ""mold"": 0.0425, ""scratch"": 0.0224, ""stain"": 0.0315, ""tear"": 0.0705}","{}","0","0","0","0","0","0","0","0","0","0","0","0","0","0","199b538a2b711b839132d69da72993fca1308c9c33b72721c0241a775ca2bb28","1455512","png"
"862","clean_near_000249","clean_near","249","photo-0578","0891.png","clean_near_000249.png","dataset_images/clean_near/clean_near_000249.png","be2b0efb130038d75391070df31e3f5eab7117d1f1a5f8e3b11a05bb2fabb9d6","1334","1401","outdoor_scene","RGB","existing_damage","train","real_damaged","赫达·莫里逊中国相册（Hedda Morrison）","","","","","0","texture_catalog_match_v1+source_attribute_v1","","{""crack"": 0.0094, ""dust"": 0.0169, ""fold"": 0.0402, ""missing_region"": 0.0416, ""mold"": 0.0369, ""scratch"": 0.0151, ""stain"": 0.0507, ""tear"": 0.0737}","{}","0","0","0","0","0","0","0","0","0","0","0","0","0","0","be2b0efb130038d75391070df31e3f5eab7117d1f1a5f8e3b11a05bb2fabb9d6","1127864","png"
"863","clean_near_000250","clean_near","250","photo-0579","0892.png","clean_near_000250.png","dataset_images/clean_near/clean_near_000250.png","61a09540bcb73555a11f0d8b188aa563743831bb1373560164b4ed068026470c","1848","1207","outdoor_scene","RGB","existing_damage","train","real_damaged","赫达·莫里逊中国相册（Hedda Morrison）","","","","","0","texture_catalog_match_v1+source_attribute_v1","","{""crack"": 0.0253, ""dust"": 0.0279, ""fold"": 0.058, ""missing_region"": 0.0257, ""mold"": 0.0363, ""scratch"": 0.0276, ""stain"": 0.0556, ""tear"": 0.0617}","{}","0","0","0","0","0","0","0","0","0","0","0","0","0","0","61a09540bcb73555a11f0d8b188aa563743831bb1373560164b4ed068026470c","1353083","png"
"864","clean_near_000251","clean_near","251","photo-0580","0893.png","clean_near_000251.png","dataset_images/clean_near/clean_near_000251.png","6f2a2e35b2adf950693c808aabf114e81f72441a03b6e8ee0d58232c6c8b9567","1857","1345","outdoor_scene","RGB","existing_damage","train","real_damaged","赫达·莫里逊中国相册（Hedda Morrison）","","","","","0","texture_catalog_match_v1+source_attribute_v1","","{""crack"": 0.016, ""dust"": 0.0223, ""fold"": 0.0569, ""missing_region"": 0.0414, ""mold"": 0.0533, ""scratch"": 0.0224, ""stain"": 0.0675, ""tear"": 0.0484}","{}","0","0","0","0","0","0","0","0","0","0","0","0","0","0","6f2a2e35b2adf950693c808aabf114e81f72441a03b6e8ee0d58232c6c8b9567","1541194","png"
"865","clean_near_000252","clean_near","252","photo-0581","0894.png","clean_near_000252.png","dataset_images/clean_near/clean_near_000252.png","aa983814138a6bf8631a42b0fc5f3fcd12853d45ad02c40f2aca39d461752e15","1584","1324","outdoor_scene","RGB","existing_damage","train","real_damaged","赫达·莫里逊中国相册（Hedda Morrison）","","","","","0","texture_catalog_match_v1+source_attribute_v1","","{""crack"": 0.0127, ""dust"": 0.0359, ""fold"": 0.0969, ""missing_region"": 0.0334, ""mold"": 0.0612, ""scratch"": 0.0324, ""stain"": 0.0888, ""tear"": 0.049}","{}","0","0","0","0","0","0","0","0","0","0","0","0","0","0","aa983814138a6bf8631a42b0fc5f3fcd12853d45ad02c40f2aca39d461752e15","1351081","png"
"866","clean_near_000253","clean_near","253","photo-0582","0895.png","clean_near_000253.png","dataset_images/clean_near/clean_near_000253.png","e9ee90778ab025a78c8443a799d4ea8f20a1f0a10b347865dd95cebb6e06ef11","1862","1345","outdoor_scene","RGB","existing_damage","train","real_damaged","赫达·莫里逊中国相册（Hedda Morrison）","","","","","0","texture_catalog_match_v1+source_attribute_v1","","{""crack"": 0.0236, ""dust"": 0.0243, ""fold"": 0.053, ""missing_region"": 0.0249, ""mold"": 0.0483, ""scratch"": 0.0284, ""stain"": 0.0576, ""tear"": 0.0577}","{}","0","0","0","0","0","0","0","0","0","0","0","0","0","0","e9ee90778ab025a78c8443a799d4ea8f20a1f0a10b347865dd95cebb6e06ef11","1502243","png"
"867","clean_near_000254","clean_near","254","photo-0583","0896.png","clean_near_000254.png","dataset_images/clean_near/clean_near_000254.png","fe0634118815b0f5b469f9753f9092eeebde27327e96766c553986f072da75ed","1380","1857","indoor_scene","RGB","existing_damage","train","real_damaged","赫达·莫里逊中国相册（Hedda Morrison）","","","","","0","texture_catalog_match_v1+source_attribute_v1","","{""crack"": 0.0192, ""dust"": 0.0229, ""fold"": 0.0518, ""missing_region"": 0.0379, ""mold"": 0.0406, ""scratch"": 0.0244, ""stain"": 0.0511, ""tear"": 0.0596}","{}","0","0","0","0","0","0","0","0","0","0","0","0","0","0","fe0634118815b0f5b469f9753f9092eeebde27327e96766c553986f072da75ed","1485366","png"
"868","clean_near_000255","clean_near","255","photo-0584","0897.png","clean_near_000255.png","dataset_images/clean_near/clean_near_000255.png","79394812b58b57e9f0ea2b6f59e01d2e6cc30d009fc2b886c0b218eb1e285a35","1903","1365","outdoor_scene","RGB","existing_damage","validation","real_damaged","赫达·莫里逊中国相册（Hedda Morrison）","","","","","0","texture_catalog_match_v1+source_attribute_v1","","{""crack"": 0.0243, ""dust"": 0.0229, ""fold"": 0.0838, ""missing_region"": 0.0402, ""mold"": 0.0488, ""scratch"": 0.0229, ""stain"": 0.0677, ""tear"": 0.0481}","{}","0","0","0","0","0","0","0","0","0","0","0","0","0","0","79394812b58b57e9f0ea2b6f59e01d2e6cc30d009fc2b886c0b218eb1e285a35","1731038","png"
"869","clean_near_000256","clean_near","256","photo-0585","0898.png","clean_near_000256.png","dataset_images/clean_near/clean_near_000256.png","18d027ea58f056e92433352b1d417738fa9349dfe9e1fe1656a9f6788f51fe36","1852","1335","outdoor_scene","RGB","existing_damage","train","real_damaged","赫达·莫里逊中国相册（Hedda Morrison）","","","","","0","texture_catalog_match_v1+source_attribute_v1","","{""crack"": 0.0209, ""dust"": 0.0238, ""fold"": 0.0503, ""missing_region"": 0.0346, ""mold"": 0.0694, ""scratch"": 0.0236, ""stain"": 0.0701, ""tear"": 0.053}","{}","0","0","0","0","0","0","0","0","0","0","0","0","0","0","18d027ea58f056e92433352b1d417738fa9349dfe9e1fe1656a9f6788f51fe36","1351489","png"
"870","clean_near_000257","clean_near","257","photo-0586","0899.png","clean_near_000257.png","dataset_images/clean_near/clean_near_000257.png","e0c48e87c0d7e20a195f9b849b81061f5438a1ac4ab4b38384ef0ce2eaab36d2","1908","1385","outdoor_scene","RGB","existing_damage","validation","real_damaged","赫达·莫里逊中国相册（Hedda Morrison）","","","","","0","texture_catalog_match_v1+source_attribute_v1","","{""crack"": 0.0159, ""dust"": 0.0156, ""fold"": 0.0227, ""missing_region"": 0.0203, ""mold"": 0.0232, ""scratch"": 0.0209, ""stain"": 0.0266, ""tear"": 0.0519}","{}","0","0","0","0","0","0","0","0","0","0","0","0","0","0","e0c48e87c0d7e20a195f9b849b81061f5438a1ac4ab4b38384ef0ce2eaab36d2","1742519","png"
"871","clean_near_000258","clean_near","258","photo-0587","0900.png","clean_near_000258.png","dataset_images/clean_near/clean_near_000258.png","1c3ec6f873ca3cf1c7c0dfc8c0e39c75997d769009a2d18f2e8d44016e21c163","1329","1847","outdoor_scene","RGB","existing_damage","test","real_damaged","赫达·莫里逊中国相册（Hedda Morrison）","","","","","0","texture_catalog_match_v1+source_attribute_v1","","{""crack"": 0.0111, ""dust"": 0.0145, ""fold"": 0.0381, ""missing_region"": 0.0217, ""mold"": 0.0251, ""scratch"": 0.013, ""stain"": 0.0408, ""tear"": 0.0336}","{}","0","0","0","0","0","0","0","0","0","0","0","0","0","0","1c3ec6f873ca3cf1c7c0dfc8c0e39c75997d769009a2d18f2e8d44016e21c163","1510726","png"
"872","clean_near_000259","clean_near","259","photo-0588","0901.png","clean_near_000259.png","dataset_images/clean_near/clean_near_000259.png","054b5c82a89e0e1f4acf43901265f9fc215e677b05f30d3b9f2736f2071cd5d7","1330","1847","outdoor_scene","RGB","existing_damage","train","real_damaged","赫达·莫里逊中国相册（Hedda Morrison）","","","","","0","texture_catalog_match_v1+source_attribute_v1","","{""crack"": 0.0171, ""dust"": 0.0237, ""fold"": 0.0624, ""missing_region"": 0.0491, ""mold"": 0.0429, ""scratch"": 0.0243, ""stain"": 0.0803, ""tear"": 0.0711}","{}","0","0","0","0","0","0","0","0","0","0","0","0","0","0","054b5c82a89e0e1f4acf43901265f9fc215e677b05f30d3b9f2736f2071cd5d7","1549636","png"
"873","clean_near_000260","clean_near","260","photo-0589","0902.png","clean_near_000260.png","dataset_images/clean_near/clean_near_000260.png","d74d9e84db8ed56fa930caccc8ac0d2ceddb16ca305a158e67a0b688c98d0d6f","1329","1598","outdoor_scene","RGB","existing_damage","train","real_damaged","赫达·莫里逊中国相册（Hedda Morrison）","","","","","0","texture_catalog_match_v1+source_attribute_v1","","{""crack"": 0.0148, ""dust"": 0.0146, ""fold"": 0.0291, ""missing_region"": 0.0305, ""mold"": 0.0253, ""scratch"": 0.0162, ""stain"": 0.0436, ""tear"": 0.0452}","{}","0","0","0","0","0","0","0","0","0","0","0","0","0","0","d74d9e84db8ed56fa930caccc8ac0d2ceddb16ca305a158e67a0b688c98d0d6f","1428136","png"
"874","clean_near_000261","clean_near","261","photo-0590","0903.png","clean_near_000261.png","dataset_images/clean_near/clean_near_000261.png","df9d41f2d3106f124e39e403c20f6bdebc9f5c5a187d19de07319e843336d47d","1330","1548","outdoor_scene","RGB","existing_damage","train","real_damaged","赫达·莫里逊中国相册（Hedda Morrison）","","","","","0","texture_catalog_match_v1+source_attribute_v1","","{""crack"": 0.0149, ""dust"": 0.0273, ""fold"": 0.0971, ""missing_region"": 0.0361, ""mold"": 0.0607, ""scratch"": 0.0261, ""stain"": 0.0703, ""tear"": 0.0662}","{}","0","0","0","0","0","0","0","0","0","0","0","0","0","0","df9d41f2d3106f124e39e403c20f6bdebc9f5c5a187d19de07319e843336d47d","1245018","png"
"875","clean_near_000262","clean_near","262","photo-0591","0904.png","clean_near_000262.png","dataset_images/clean_near/clean_near_000262.png","6ef2d94b95cfd07388136d74d60d72bb44c2cdfef6b26bbd4e58fcb0a482e877","1329","1852","outdoor_scene","RGB","existing_damage","train","real_damaged","赫达·莫里逊中国相册（Hedda Morrison）","","","","","0","texture_catalog_match_v1+source_attribute_v1","","{""crack"": 0.0089, ""dust"": 0.009, ""fold"": 0.0427, ""missing_region"": 0.0289, ""mold"": 0.0205, ""scratch"": 0.0116, ""stain"": 0.023, ""tear"": 0.0289}","{}","0","0","0","0","0","0","0","0","0","0","0","0","0","0","6ef2d94b95cfd07388136d74d60d72bb44c2cdfef6b26bbd4e58fcb0a482e877","1591703","png"
"876","clean_near_000263","clean_near","263","photo-0592","0905.png","clean_near_000263.png","dataset_images/clean_near/clean_near_000263.png","9ea77223401607005077c7ec679652c11f846804bb33bb0a8dac3eebd28fa98b","1908","1350","outdoor_scene","RGB","existing_damage","train","real_damaged","赫达·莫里逊中国相册（Hedda Morrison）","","","","","0","texture_catalog_match_v1+source_attribute_v1","","{""crack"": 0.0082, ""dust"": 0.0069, ""fold"": 0.0136, ""missing_region"": 0.0226, ""mold"": 0.0215, ""scratch"": 0.0106, ""stain"": 0.0209, ""tear"": 0.0226}","{}","0","0","0","0","0","0","0","0","0","0","0","0","0","0","9ea77223401607005077c7ec679652c11f846804bb33bb0a8dac3eebd28fa98b","1530175","png"
"878","clean_near_000264","clean_near","264","photo-0594","0907.png","clean_near_000264.png","dataset_images/clean_near/clean_near_000264.png","d9bc6d2bc5e581b790ffa7550f53295557b6ead1b9011df2d8f0ba1441d2aa10","1852","1313","outdoor_scene","RGB","existing_damage","train","real_damaged","赫达·莫里逊中国相册（Hedda Morrison）","","","","","0","texture_catalog_match_v1+source_attribute_v1","","{""crack"": 0.0108, ""dust"": 0.0209, ""fold"": 0.0466, ""missing_region"": 0.0204, ""mold"": 0.0386, ""scratch"": 0.0188, ""stain"": 0.0402, ""tear"": 0.0574}","{}","0","0","0","0","0","0","0","0","0","0","0","0","0","0","a31a9d58eb323e8001bd42828eee0af907e2d20743851db56dfb95af9996671f","1684876","png"
"879","clean_near_000265","clean_near","265","photo-0595","0908.png","clean_near_000265.png","dataset_images/clean_near/clean_near_000265.png","aa3b6bf0f73bcbefdea4eb032e1f3adfd436334770168133c782b0eb3449916c","1847","1324","outdoor_scene","RGB","existing_damage","train","real_damaged","赫达·莫里逊中国相册（Hedda Morrison）","","","","","0","texture_catalog_match_v1+source_attribute_v1","","{""crack"": 0.0113, ""dust"": 0.0238, ""fold"": 0.0567, ""missing_region"": 0.0299, ""mold"": 0.0662, ""scratch"": 0.0232, ""stain"": 0.0566, ""tear"": 0.0371}","{}","0","0","0","0","0","0","0","0","0","0","0","0","0","0","063eba6629e82a2a1f7ebacadb281ea614da8a259aedf0676324caa84044e773","1586846","png"
"880","clean_near_000266","clean_near","266","photo-0596","0909.png","clean_near_000266.png","dataset_images/clean_near/clean_near_000266.png","6d9abf6dbd72cf8fb494d85fdfe238c6c38010474d8670576bab359452a6a812","1913","1304","outdoor_scene","RGB","existing_damage","train","real_damaged","赫达·莫里逊中国相册（Hedda Morrison）","","","","","0","texture_catalog_match_v1+source_attribute_v1","","{""crack"": 0.012, ""dust"": 0.015, ""fold"": 0.0507, ""missing_region"": 0.0418, ""mold"": 0.0689, ""scratch"": 0.0262, ""stain"": 0.0454, ""tear"": 0.0512}","{}","0","0","0","0","0","0","0","0","0","0","0","0","0","0","6d9abf6dbd72cf8fb494d85fdfe238c6c38010474d8670576bab359452a6a812","1663467","png"
"881","clean_near_000267","clean_near","267","photo-0597","0910.png","clean_near_000267.png","dataset_images/clean_near/clean_near_000267.png","bd899e5ffa5c95c4322fc19456ce31867fe90c5eacba485a50d1b714c050ad90","1948","1385","single_portrait","RGB","existing_damage","train","real_damaged","赫达·莫里逊中国相册（Hedda Morrison）","","","","","0","texture_catalog_match_v1+source_attribute_v1","","{""crack"": 0.0187, ""dust"": 0.0185, ""fold"": 0.0315, ""missing_region"": 0.0231, ""mold"": 0.0313, ""scratch"": 0.0178, ""stain"": 0.0412, ""tear"": 0.0333}","{}","0","0","0","0","0","0","0","0","0","0","0","0","0","0","bd899e5ffa5c95c4322fc19456ce31867fe90c5eacba485a50d1b714c050ad90","1604843","png"
"882","clean_near_000268","clean_near","268","photo-0598","0911.png","clean_near_000268.png","dataset_images/clean_near/clean_near_000268.png","cd3da90e63a0d61078dbe1e7fc3d96c820c6c34be99f6794539792ea50b35c31","1340","1684","outdoor_scene","RGB","existing_damage","train","real_damaged","赫达·莫里逊中国相册（Hedda Morrison）","","","","","0","texture_catalog_match_v1+source_attribute_v1","","{""crack"": 0.0065, ""dust"": 0.0141, ""fold"": 0.0375, ""missing_region"": 0.0313, ""mold"": 0.0389, ""scratch"": 0.0184, ""stain"": 0.0457, ""tear"": 0.0362}","{}","0","0","0","0","0","0","0","0","0","0","0","0","0","0","cd3da90e63a0d61078dbe1e7fc3d96c820c6c34be99f6794539792ea50b35c31","1471766","png"
"883","clean_near_000269","clean_near","269","photo-0599","0912.png","clean_near_000269.png","dataset_images/clean_near/clean_near_000269.png","70751e672d581675c58d9ac02938a1befa7944993ecb0b9106c512fbdde8c73c","1844","1328","group_portrait","RGB","existing_damage","train","real_damaged","赫达·莫里逊中国相册（Hedda Morrison）","","","","","0","texture_catalog_match_v1+source_attribute_v1","","{""crack"": 0.0192, ""dust"": 0.0254, ""fold"": 0.0876, ""missing_region"": 0.0618, ""mold"": 0.1037, ""scratch"": 0.032, ""stain"": 0.0832, ""tear"": 0.0809}","{}","0","0","0","0","0","0","0","0","0","0","0","0","0","0","c0e980a49cfead9cf153de9d1a257907058e18b189c7b2d8a8a868bf15abb202","1621552","png"
"887","clean_near_000270","clean_near","270","photo-0603","0916.png","clean_near_000270.png","dataset_images/clean_near/clean_near_000270.png","4391f0ac6f46a1b753203af6dc84a28bf12d96c3e52703cdc65bba6de0cd6773","1344","1878","other","RGB","existing_damage","train","real_damaged","赫达·莫里逊中国相册（Hedda Morrison）","","","","","0","texture_catalog_match_v1+source_attribute_v1","","{""crack"": 0.0126, ""dust"": 0.0231, ""fold"": 0.1169, ""missing_region"": 0.037, ""mold"": 0.0693, ""scratch"": 0.0286, ""stain"": 0.0651, ""tear"": 0.0589}","{}","0","0","0","0","0","0","0","0","0","0","0","0","0","0","4391f0ac6f46a1b753203af6dc84a28bf12d96c3e52703cdc65bba6de0cd6773","1638914","png"
"888","clean_near_000271","clean_near","271","photo-0604","0917.png","clean_near_000271.png","dataset_images/clean_near/clean_near_000271.png","b455929140133b8c71c9256014dc6fb3c62e9a92a7bf7ff0f7c2bba2e9ce05ca","1857","1335","architecture","RGB","existing_damage","validation","real_damaged","赫达·莫里逊中国相册（Hedda Morrison）","","","","","0","texture_catalog_match_v1+source_attribute_v1","","{""crack"": 0.0156, ""dust"": 0.0185, ""fold"": 0.0408, ""missing_region"": 0.0173, ""mold"": 0.0359, ""scratch"": 0.0219, ""stain"": 0.0418, ""tear"": 0.0477}","{}","0","0","0","0","0","0","0","0","0","0","0","0","0","0","b455929140133b8c71c9256014dc6fb3c62e9a92a7bf7ff0f7c2bba2e9ce05ca","1538481","png"
"889","clean_near_000272","clean_near","272","photo-0605","0918.png","clean_near_000272.png","dataset_images/clean_near/clean_near_000272.png","a8453bc33f0073bc2e3e9b18eaf5656f8fd2df09584d193ed768eb21ea44064d","1873","1355","architecture","RGB","existing_damage","train","real_damaged","赫达·莫里逊中国相册（Hedda Morrison）","","","","","0","texture_catalog_match_v1+source_attribute_v1","","{""crack"": 0.0089, ""dust"": 0.0179, ""fold"": 0.0565, ""missing_region"": 0.0387, ""mold"": 0.0559, ""scratch"": 0.017, ""stain"": 0.069, ""tear"": 0.0487}","{}","0","0","0","0","0","0","0","0","0","0","0","0","0","0","a8453bc33f0073bc2e3e9b18eaf5656f8fd2df09584d193ed768eb21ea44064d","1544188","png"
"890","clean_near_000273","clean_near","273","photo-0606","0919.png","clean_near_000273.png","dataset_images/clean_near/clean_near_000273.png","7df6371c5e50b076803b0fccf946a0486d0799fe355eb463b188c0233a8d8624","1319","1858","other","RGB","existing_damage","train","real_damaged","赫达·莫里逊中国相册（Hedda Morrison）","","","","","0","texture_catalog_match_v1+source_attribute_v1","","{""crack"": 0.0155, ""dust"": 0.034, ""fold"": 0.0765, ""missing_region"": 0.0414, ""mold"": 0.1086, ""scratch"": 0.0276, ""stain"": 0.1364, ""tear"": 0.0809}","{}","0","0","0","0","0","0","0","0","0","0","0","0","0","0","7df6371c5e50b076803b0fccf946a0486d0799fe355eb463b188c0233a8d8624","1517856","png"
"891","clean_near_000274","clean_near","274","photo-0607","0920.png","clean_near_000274.png","dataset_images/clean_near/clean_near_000274.png","010351ffb1485b838959a13d8bceeaa0a6713cca6629ae55d92d5da477f032d8","1334","1649","other","RGB","existing_damage","test","real_damaged","赫达·莫里逊中国相册（Hedda Morrison）","","","","","0","texture_catalog_match_v1+source_attribute_v1","","{""crack"": 0.0171, ""dust"": 0.0204, ""fold"": 0.1007, ""missing_region"": 0.0356, ""mold"": 0.0631, ""scratch"": 0.0243, ""stain"": 0.0694, ""tear"": 0.0611}","{}","0","0","0","0","0","0","0","0","0","0","0","0","0","0","010351ffb1485b838959a13d8bceeaa0a6713cca6629ae55d92d5da477f032d8","1339462","png"
"892","clean_near_000275","clean_near","275","photo-0608","0921.png","clean_near_000275.png","dataset_images/clean_near/clean_near_000275.png","963a69b1d2a2688b8d58928daa711b8c0b0b03f99c7df42add358ac3c9c16a2e","1380","1888","architecture","RGB","existing_damage","train","real_damaged","赫达·莫里逊中国相册（Hedda Morrison）","","","","","0","texture_catalog_match_v1+source_attribute_v1","","{""crack"": 0.0135, ""dust"": 0.026, ""fold"": 0.0634, ""missing_region"": 0.0376, ""mold"": 0.0759, ""scratch"": 0.0253, ""stain"": 0.0789, ""tear"": 0.0376}","{}","0","0","0","0","0","0","0","0","0","0","0","0","0","0","2f4a89f824a6888b06042811191b604db013ba65fd115d4c9a1144824dd3f831","1895695","png"
"894","clean_near_000276","clean_near","276","photo-0610","0923.png","clean_near_000276.png","dataset_images/clean_near/clean_near_000276.png","82165587d85b136c3e20e302b65c9acffb204ec9a57254506f0885f6b25e2619","1325","1847","architecture","RGB","existing_damage","train","real_damaged","赫达·莫里逊中国相册（Hedda Morrison）","","","","","0","texture_catalog_match_v1+source_attribute_v1","","{""crack"": 0.009, ""dust"": 0.0114, ""fold"": 0.0207, ""missing_region"": 0.0225, ""mold"": 0.0293, ""scratch"": 0.012, ""stain"": 0.0258, ""tear"": 0.0402}","{}","0","0","0","0","0","0","0","0","0","0","0","0","0","0","82165587d85b136c3e20e302b65c9acffb204ec9a57254506f0885f6b25e2619","1399079","png"
"895","clean_near_000277","clean_near","277","photo-0611","0924.png","clean_near_000277.png","dataset_images/clean_near/clean_near_000277.png","5ae38445b3283c6d7f6e44d084ca6a930cec1cf1f16920e5ebbba88b3bf9b9c2","1903","1284","architecture","RGB","existing_damage","train","real_damaged","赫达·莫里逊中国相册（Hedda Morrison）","","","","","0","texture_catalog_match_v1+source_attribute_v1","","{""crack"": 0.013, ""dust"": 0.0312, ""fold"": 0.1158, ""missing_region"": 0.0478, ""mold"": 0.1146, ""scratch"": 0.0307, ""stain"": 0.1436, ""tear"": 0.0726}","{}","0","0","0","0","0","0","0","0","0","0","0","0","0","0","5ae38445b3283c6d7f6e44d084ca6a930cec1cf1f16920e5ebbba88b3bf9b9c2","1524775","png"
"896","clean_near_000278","clean_near","278","photo-0612","0925.png","clean_near_000278.png","dataset_images/clean_near/clean_near_000278.png","f44f7dc69c192f53a1c5ea1ab758245be4a21d0819d391921732af30b12ed457","1853","1319","architecture","RGB","existing_damage","test","real_damaged","赫达·莫里逊中国相册（Hedda Morrison）","","","","","0","texture_catalog_match_v1+source_attribute_v1","","{""crack"": 0.017, ""dust"": 0.0324, ""fold"": 0.0531, ""missing_region"": 0.0322, ""mold"": 0.0842, ""scratch"": 0.0259, ""stain"": 0.1005, ""tear"": 0.0986}","{}","0","0","0","0","0","0","0","0","0","0","0","0","0","0","f44f7dc69c192f53a1c5ea1ab758245be4a21d0819d391921732af30b12ed457","1532802","png"
"900","clean_near_000279","clean_near","279","photo-0616","0929.png","clean_near_000279.png","dataset_images/clean_near/clean_near_000279.png","55c0096121328b76bd0b788694cdca784befd8c5a16ad9afbdab83c1aa4b051a","1335","1847","architecture","RGB","existing_damage","train","real_damaged","赫达·莫里逊中国相册（Hedda Morrison）","","","","","0","texture_catalog_match_v1+source_attribute_v1","","{""crack"": 0.0247, ""dust"": 0.0368, ""fold"": 0.056, ""missing_region"": 0.0691, ""mold"": 0.0846, ""scratch"": 0.0375, ""stain"": 0.1325, ""tear"": 0.1248}","{}","0","0","0","0","0","0","0","0","0","0","0","0","0","0","55c0096121328b76bd0b788694cdca784befd8c5a16ad9afbdab83c1aa4b051a","1583647","png"
"902","clean_near_000280","clean_near","280","photo-0618","0931.png","clean_near_000280.png","dataset_images/clean_near/clean_near_000280.png","4707723eef0772c220fa4f2ca08b47dc06e77f46b49b3724d509ea92ebad66cb","1329","1855","architecture","RGB","existing_damage","train","real_damaged","赫达·莫里逊中国相册（Hedda Morrison）","","","","","0","texture_catalog_match_v1+source_attribute_v1","","{""crack"": 0.0129, ""dust"": 0.0198, ""fold"": 0.0604, ""missing_region"": 0.0545, ""mold"": 0.0563, ""scratch"": 0.0213, ""stain"": 0.0622, ""tear"": 0.0663}","{}","0","0","0","0","0","0","0","0","0","0","0","0","0","0","9e5aa313b81276e6dd38f69a301e700e74545d20033cdf6d9f6c3c770c0f553b","1851471","png"
"903","clean_near_000281","clean_near","281","photo-0619","0932.png","clean_near_000281.png","dataset_images/clean_near/clean_near_000281.png","7d0959156c6deddd591fb094a71a2452e282765af70afe2b54cd8679512f7244","1421","1918","architecture","RGB","existing_damage","train","real_damaged","赫达·莫里逊中国相册（Hedda Morrison）","","","","","0","texture_catalog_match_v1+source_attribute_v1","","{""crack"": 0.0247, ""dust"": 0.0273, ""fold"": 0.0725, ""missing_region"": 0.0392, ""mold"": 0.0548, ""scratch"": 0.0307, ""stain"": 0.0656, ""tear"": 0.0631}","{}","0","0","0","0","0","0","0","0","0","0","0","0","0","0","7d0959156c6deddd591fb094a71a2452e282765af70afe2b54cd8679512f7244","1709735","png"
"904","clean_near_000282","clean_near","282","photo-0620","0933.png","clean_near_000282.png","dataset_images/clean_near/clean_near_000282.png","d50973940bce438f961b31e251383a75cebfecf1c416f45dff7102b0bcfe9f8e","1350","1862","architecture","RGB","existing_damage","train","real_damaged","赫达·莫里逊中国相册（Hedda Morrison）","","","","","0","texture_catalog_match_v1+source_attribute_v1","","{""crack"": 0.0067, ""dust"": 0.0207, ""fold"": 0.0614, ""missing_region"": 0.0596, ""mold"": 0.091, ""scratch"": 0.0231, ""stain"": 0.0767, ""tear"": 0.0596}","{}","0","0","0","0","0","0","0","0","0","0","0","0","0","0","d50973940bce438f961b31e251383a75cebfecf1c416f45dff7102b0bcfe9f8e","1728072","png"
"906","clean_near_000283","clean_near","283","photo-0622","0935.png","clean_near_000283.png","dataset_images/clean_near/clean_near_000283.png","ea65ea513357305021de8e0080c1469e818ed5a3cad86f796a80fe8dff577b25","1326","1561","architecture","RGB","existing_damage","train","real_damaged","赫达·莫里逊中国相册（Hedda Morrison）","","","","","0","texture_catalog_match_v1+source_attribute_v1","","{""crack"": 0.0266, ""dust"": 0.0274, ""fold"": 0.0491, ""missing_region"": 0.0503, ""mold"": 0.072, ""scratch"": 0.0325, ""stain"": 0.1073, ""tear"": 0.0717}","{}","0","0","0","0","0","0","0","0","0","0","0","0","0","0","0eb9c945a029ee529bbd101b5a1e8eaccb16aa69c67fdfa352c75df8c6d85f6d","1404923","png"
"908","clean_near_000284","clean_near","284","photo-0624","0937.png","clean_near_000284.png","dataset_images/clean_near/clean_near_000284.png","cc4596c4bdefcd425482c6d23b121592539306497b82c3d8a8931d5b219b1826","1111","1638","single_portrait","RGB","existing_damage","train","real_damaged","赫达·莫里逊中国相册（Hedda Morrison）","","","","","0","texture_catalog_match_v1+source_attribute_v1","","{""crack"": 0.013, ""dust"": 0.0353, ""fold"": 0.0716, ""missing_region"": 0.0436, ""mold"": 0.0621, ""scratch"": 0.0274, ""stain"": 0.0866, ""tear"": 0.081}","{}","0","0","0","0","0","0","0","0","0","0","0","0","0","0","5b9f03cf6bc04eb415285e475ada41adcada399a1aa63e980c29cbd44ad487ab","1615515","png"
"909","clean_near_000285","clean_near","285","photo-0625","0938.png","clean_near_000285.png","dataset_images/clean_near/clean_near_000285.png","73ba06ef41627ef47a957768911d816c8cbc2bbee26ca88a2ac4137302a87c7c","1079","1629","single_portrait","RGB","existing_damage","train","real_damaged","赫达·莫里逊中国相册（Hedda Morrison）","","","","","0","texture_catalog_match_v1+source_attribute_v1","","{""crack"": 0.012, ""dust"": 0.0278, ""fold"": 0.0589, ""missing_region"": 0.0331, ""mold"": 0.0574, ""scratch"": 0.0275, ""stain"": 0.0826, ""tear"": 0.0723}","{}","0","0","0","0","0","0","0","0","0","0","0","0","0","0","6371557f77a5469ec40015d22b53d94c494ec2fae6fec1a603b15bbf5d2a99fd","1640519","png"
"911","clean_near_000286","clean_near","286","photo-0627","0940.png","clean_near_000286.png","dataset_images/clean_near/clean_near_000286.png","b51533fdb6be8617797f902fe5e237c1a88ec6c07d2a4d612c9df747c5852eb9","1092","1638","outdoor_scene","RGB","existing_damage","train","real_damaged","赫达·莫里逊中国相册（Hedda Morrison）","","","","","0","texture_catalog_match_v1+source_attribute_v1","","{""crack"": 0.0087, ""dust"": 0.0224, ""fold"": 0.0736, ""missing_region"": 0.0327, ""mold"": 0.0576, ""scratch"": 0.0185, ""stain"": 0.0929, ""tear"": 0.0558}","{}","0","0","0","0","0","0","0","0","0","0","0","0","0","0","ce529ab89ea59f16388b91cf9b3f049b8f3ae692dde116df5de971b8cef953ff","1388432","png"
"912","clean_near_000287","clean_near","287","photo-0628","0941.png","clean_near_000287.png","dataset_images/clean_near/clean_near_000287.png","58704ee083c0575d88e3f74cef1c5346ef08711bbfc2a515d148b1a2fb3cfde1","1107","1390","architecture","RGB","existing_damage","validation","real_damaged","赫达·莫里逊中国相册（Hedda Morrison）","","","","","0","texture_catalog_match_v1+source_attribute_v1","","{""crack"": 0.0215, ""dust"": 0.0308, ""fold"": 0.0709, ""missing_region"": 0.0418, ""mold"": 0.0792, ""scratch"": 0.0297, ""stain"": 0.0796, ""tear"": 0.089}","{}","0","0","0","0","0","0","0","0","0","0","0","0","0","0","58704ee083c0575d88e3f74cef1c5346ef08711bbfc2a515d148b1a2fb3cfde1","1039836","png"
"914","clean_near_000288","clean_near","288","photo-0630","0943.png","clean_near_000288.png","dataset_images/clean_near/clean_near_000288.png","50faefbe03c5c900ccf8c551b6ed99ef831f6f00b14d091510769a981c3ce983","1107","1649","architecture","RGB","existing_damage","train","real_damaged","赫达·莫里逊中国相册（Hedda Morrison）","","","","","0","texture_catalog_match_v1+source_attribute_v1","","{""crack"": 0.0172, ""dust"": 0.0224, ""fold"": 0.0683, ""missing_region"": 0.0351, ""mold"": 0.082, ""scratch"": 0.0308, ""stain"": 0.0683, ""tear"": 0.0675}","{}","0","0","0","0","0","0","0","0","0","0","0","0","0","0","50faefbe03c5c900ccf8c551b6ed99ef831f6f00b14d091510769a981c3ce983","1307700","png"
"915","clean_near_000289","clean_near","289","photo-0631","0944.png","clean_near_000289.png","dataset_images/clean_near/clean_near_000289.png","75ffa1ce14bf72188779855f262816b1f836509f3547d41187d2ed2668f896ed","1096","1634","architecture","RGB","existing_damage","validation","real_damaged","赫达·莫里逊中国相册（Hedda Morrison）","","","","","0","texture_catalog_match_v1+source_attribute_v1","","{""crack"": 0.0043, ""dust"": 0.0112, ""fold"": 0.0443, ""missing_region"": 0.0426, ""mold"": 0.1138, ""scratch"": 0.0205, ""stain"": 0.1128, ""tear"": 0.1354}","{}","0","0","0","0","0","0","0","0","0","0","0","0","0","0","75ffa1ce14bf72188779855f262816b1f836509f3547d41187d2ed2668f896ed","1617686","png"
"916","clean_near_000290","clean_near","290","photo-0632","0945.png","clean_near_000290.png","dataset_images/clean_near/clean_near_000290.png","0fd8dd4032d2d89216bdbb46515d7841d1cf05510e3055baa6b4d43efa1d61d3","1081","1626","architecture","RGB","existing_damage","validation","real_damaged","赫达·莫里逊中国相册（Hedda Morrison）","","","","","0","texture_catalog_match_v1+source_attribute_v1","","{""crack"": 0.0103, ""dust"": 0.0157, ""fold"": 0.0381, ""missing_region"": 0.0461, ""mold"": 0.0457, ""scratch"": 0.0178, ""stain"": 0.0662, ""tear"": 0.0804}","{}","0","0","0","0","0","0","0","0","0","0","0","0","0","0","086bed0d5b886aa6c0f6dfe50b1d20c7959bf026963d8c598f73dcff10bdb60c","1370071","png"
"917","clean_near_000291","clean_near","291","photo-0633","0946.png","clean_near_000291.png","dataset_images/clean_near/clean_near_000291.png","926dffc7b1b835bbbe7299b86ae9f1f2d9263cec0f929b6b0417ecfd7c7169c1","1116","1623","architecture","RGB","existing_damage","validation","real_damaged","赫达·莫里逊中国相册（Hedda Morrison）","","","","","0","texture_catalog_match_v1+source_attribute_v1","","{""crack"": 0.0185, ""dust"": 0.0309, ""fold"": 0.0629, ""missing_region"": 0.047, ""mold"": 0.0619, ""scratch"": 0.0284, ""stain"": 0.0897, ""tear"": 0.1368}","{}","0","0","0","0","0","0","0","0","0","0","0","0","0","0","926dffc7b1b835bbbe7299b86ae9f1f2d9263cec0f929b6b0417ecfd7c7169c1","1318394","png"
"918","clean_near_000292","clean_near","292","photo-0634","0947.png","clean_near_000292.png","dataset_images/clean_near/clean_near_000292.png","0afd55847996e5b801cec3f8a51a7b26b3ba2f50c64e6507c9e788130d3ff334","1094","1634","architecture","RGB","existing_damage","test","real_damaged","赫达·莫里逊中国相册（Hedda Morrison）","","","","","0","texture_catalog_match_v1+source_attribute_v1","","{""crack"": 0.0151, ""dust"": 0.0152, ""fold"": 0.0833, ""missing_region"": 0.0416, ""mold"": 0.0515, ""scratch"": 0.0229, ""stain"": 0.0565, ""tear"": 0.0453}","{}","0","0","0","0","0","0","0","0","0","0","0","0","0","0","b67f0c450d2fb1b82ff75ba945db7cbc2ae258188b805fe7fffb40c9a9d85575","1511079","png"
"919","clean_near_000293","clean_near","293","photo-0635","0948.png","clean_near_000293.png","dataset_images/clean_near/clean_near_000293.png","6ec800c8cad9db32097ebd60aae2d586eea8b0514ee08ca9b47d550acfd5b6f1","1106","1649","architecture","RGB","existing_damage","train","real_damaged","赫达·莫里逊中国相册（Hedda Morrison）","","","","","0","texture_catalog_match_v1+source_attribute_v1","","{""crack"": 0.0167, ""dust"": 0.0228, ""fold"": 0.0728, ""missing_region"": 0.0619, ""mold"": 0.0881, ""scratch"": 0.0296, ""stain"": 0.0694, ""tear"": 0.0771}","{}","0","0","0","0","0","0","0","0","0","0","0","0","0","0","6ec800c8cad9db32097ebd60aae2d586eea8b0514ee08ca9b47d550acfd5b6f1","1345857","png"
"920","clean_near_000294","clean_near","294","photo-0636","0949.png","clean_near_000294.png","dataset_images/clean_near/clean_near_000294.png","b4a790fa9b667ae9655f98e4604dd0cd0fd46f41df065e62033af8d29de70a7a","1121","1654","architecture","RGB","existing_damage","train","real_damaged","赫达·莫里逊中国相册（Hedda Morrison）","","","","","0","texture_catalog_match_v1+source_attribute_v1","","{""crack"": 0.0043, ""dust"": 0.0102, ""fold"": 0.0373, ""missing_region"": 0.0334, ""mold"": 0.0399, ""scratch"": 0.0216, ""stain"": 0.0496, ""tear"": 0.0576}","{}","0","0","0","0","0","0","0","0","0","0","0","0","0","0","b4a790fa9b667ae9655f98e4604dd0cd0fd46f41df065e62033af8d29de70a7a","1644233","png"
"923","clean_near_000295","clean_near","295","photo-0640","0953.png","clean_near_000295.png","dataset_images/clean_near/clean_near_000295.png","f546540dacc34f2b9b4439b7785d6c872a93a97e8927c6d4824a9e790b1ea794","1085","1619","architecture","RGB","existing_damage","validation","real_damaged","赫达·莫里逊中国相册（Hedda Morrison）","","","","","0","texture_catalog_match_v1+source_attribute_v1","","{""crack"": 0.023, ""dust"": 0.0235, ""fold"": 0.0504, ""missing_region"": 0.0368, ""mold"": 0.0512, ""scratch"": 0.0262, ""stain"": 0.0382, ""tear"": 0.0369}","{}","0","0","0","0","0","0","0","0","0","0","0","0","0","0","b15fa05f2c1f4b3769a2699e342aaeaedbb7b328326e9f3240c713bc397a3f2f","1211589","png"
"925","clean_near_000296","clean_near","296","photo-0642","0955.png","clean_near_000296.png","dataset_images/clean_near/clean_near_000296.png","16f6f3cacf0b9374ce12da8c7cdd1a9f950dedb91c361280c0c9ffe6f6d19b95","1320","1853","outdoor_scene","RGB","existing_damage","test","real_damaged","赫达·莫里逊中国相册（Hedda Morrison）","","","","","0","texture_catalog_match_v1+source_attribute_v1","","{""crack"": 0.0184, ""dust"": 0.022, ""fold"": 0.076, ""missing_region"": 0.0235, ""mold"": 0.0566, ""scratch"": 0.0243, ""stain"": 0.0697, ""tear"": 0.0751}","{}","0","0","0","0","0","0","0","0","0","0","0","0","0","0","16f6f3cacf0b9374ce12da8c7cdd1a9f950dedb91c361280c0c9ffe6f6d19b95","1558972","png"
"926","clean_near_000297","clean_near","297","photo-0643","0956.png","clean_near_000297.png","dataset_images/clean_near/clean_near_000297.png","e3ad619cd959aa70aad48babe64fdf2811334d86a7fe4bf04530e090a799d9a4","1329","1852","architecture","RGB","existing_damage","train","real_damaged","赫达·莫里逊中国相册（Hedda Morrison）","","","","","0","texture_catalog_match_v1+source_attribute_v1","","{""crack"": 0.0165, ""dust"": 0.0242, ""fold"": 0.0604, ""missing_region"": 0.0353, ""mold"": 0.087, ""scratch"": 0.0255, ""stain"": 0.0803, ""tear"": 0.0586}","{}","0","0","0","0","0","0","0","0","0","0","0","0","0","0","15758cde6275ac427712c60954ff2bbc935ae81bfaffbf2adf4a111b622e948a","1678232","png"
"928","clean_near_000298","clean_near","298","photo-0645","0958.png","clean_near_000298.png","dataset_images/clean_near/clean_near_000298.png","c8a34db383926d200a1fead24bd634e96545b6cbdf7cce5fb4739b5d168c8cf9","1330","1584","architecture","RGB","existing_damage","train","real_damaged","赫达·莫里逊中国相册（Hedda Morrison）","","","","","0","texture_catalog_match_v1+source_attribute_v1","","{""crack"": 0.0218, ""dust"": 0.0361, ""fold"": 0.0734, ""missing_region"": 0.0402, ""mold"": 0.1208, ""scratch"": 0.0363, ""stain"": 0.1312, ""tear"": 0.0893}","{}","0","0","0","0","0","0","0","0","0","0","0","0","0","0","c8a34db383926d200a1fead24bd634e96545b6cbdf7cce5fb4739b5d168c8cf9","1379542","png"
"929","clean_near_000299","clean_near","299","photo-0646","0959.png","clean_near_000299.png","dataset_images/clean_near/clean_near_000299.png","16750f94fa2df7b234ca9fa224c79d97f9f8686e5b50e8f32b5e1e01ebd7737e","1322","1851","architecture","RGB","existing_damage","train","real_damaged","赫达·莫里逊中国相册（Hedda Morrison）","","","","","0","texture_catalog_match_v1+source_attribute_v1","","{""crack"": 0.0068, ""dust"": 0.011, ""fold"": 0.0405, ""missing_region"": 0.0264, ""mold"": 0.0306, ""scratch"": 0.0163, ""stain"": 0.035, ""tear"": 0.0343}","{}","0","0","0","0","0","0","0","0","0","0","0","0","0","0","d5bfd5fe1144dfdc9cf3e328f6531f045ef30ff32597bb33652ae28313b488b5","1780512","png"
"930","clean_near_000300","clean_near","300","photo-0647","0960.png","clean_near_000300.png","dataset_images/clean_near/clean_near_000300.png","1125e059f5380f0ad5c4ab1e935c6ccf6adb4513f83e564fdaf365dce797c6f8","1305","1034","architecture","RGB","existing_damage","validation","real_damaged","赫达·莫里逊中国相册（Hedda Morrison）","","","","","0","texture_catalog_match_v1+source_attribute_v1","","{""crack"": 0.0167, ""dust"": 0.0336, ""fold"": 0.1042, ""missing_region"": 0.0547, ""mold"": 0.0897, ""scratch"": 0.0319, ""stain"": 0.1066, ""tear"": 0.0654}","{}","0","0","0","0","0","0","0","0","0","0","0","0","0","0","8711910a7e5ad07bdbaf00a31209e0db1143bb99cbdacd4ac80710aca9e3ad0d","1077646","png"
"931","clean_near_000301","clean_near","301","photo-0648","0961.png","clean_near_000301.png","dataset_images/clean_near/clean_near_000301.png","c94422efbe992ff645ad6f92d4e38705dc78de0a293a272cd7b232ef4fd8dca4","1848","1167","architecture","RGB","existing_damage","test","real_damaged","赫达·莫里逊中国相册（Hedda Morrison）","","","","","0","texture_catalog_match_v1+source_attribute_v1","","{""crack"": 0.0172, ""dust"": 0.0431, ""fold"": 0.1339, ""missing_region"": 0.0461, ""mold"": 0.1036, ""scratch"": 0.0331, ""stain"": 0.1144, ""tear"": 0.0937}","{}","0","0","0","0","0","0","0","0","0","0","0","0","0","0","c94422efbe992ff645ad6f92d4e38705dc78de0a293a272cd7b232ef4fd8dca4","1525390","png"
"932","clean_near_000302","clean_near","302","photo-0649","0962.png","clean_near_000302.png","dataset_images/clean_near/clean_near_000302.png","61f34447d135bc6970ba8a13b4661178b563be51413247e706b0103e09252b06","1335","1857","architecture","RGB","existing_damage","train","real_damaged","赫达·莫里逊中国相册（Hedda Morrison）","","","","","0","texture_catalog_match_v1+source_attribute_v1","","{""crack"": 0.0234, ""dust"": 0.041, ""fold"": 0.1124, ""missing_region"": 0.043, ""mold"": 0.1414, ""scratch"": 0.0367, ""stain"": 0.1759, ""tear"": 0.0933}","{}","0","0","0","0","0","0","0","0","0","0","0","0","0","0","61f34447d135bc6970ba8a13b4661178b563be51413247e706b0103e09252b06","1574249","png"
"933","clean_near_000303","clean_near","303","photo-0650","0963.png","clean_near_000303.png","dataset_images/clean_near/clean_near_000303.png","8388afcc8c67129c2c33a93045513b1acbca8badf737ceb8742b80ff8a39d5b6","1349","1867","group_portrait","RGB","existing_damage","validation","real_damaged","赫达·莫里逊中国相册（Hedda Morrison）","","","","","0","texture_catalog_match_v1+source_attribute_v1","","{""crack"": 0.019, ""dust"": 0.038, ""fold"": 0.1161, ""missing_region"": 0.0512, ""mold"": 0.1081, ""scratch"": 0.0365, ""stain"": 0.1399, ""tear"": 0.0779}","{}","0","0","0","0","0","0","0","0","0","0","0","0","0","0","447e3d33416e06a4e0cb342989ba107012d92577bf50b4f933510a4c4086162a","1870448","png"
"934","clean_near_000304","clean_near","304","photo-0651","0964.png","clean_near_000304.png","dataset_images/clean_near/clean_near_000304.png","cedc649a21fa6c0271c424d9dcfb2197beb79750f970a15c0cbdbb830816f8b7","1330","1858","outdoor_scene","RGB","existing_damage","train","real_damaged","赫达·莫里逊中国相册（Hedda Morrison）","","","","","0","texture_catalog_match_v1+source_attribute_v1","","{""crack"": 0.0141, ""dust"": 0.0181, ""fold"": 0.0401, ""missing_region"": 0.0372, ""mold"": 0.0397, ""scratch"": 0.0192, ""stain"": 0.0404, ""tear"": 0.069}","{}","0","0","0","0","0","0","0","0","0","0","0","0","0","0","cedc649a21fa6c0271c424d9dcfb2197beb79750f970a15c0cbdbb830816f8b7","1507791","png"
"935","clean_near_000305","clean_near","305","photo-0652","0965.png","clean_near_000305.png","dataset_images/clean_near/clean_near_000305.png","b8e34c4f48634b6fd18be50b883e02edad8767215ac5caf2dbb5534d42408871","1324","1844","single_portrait","RGB","existing_damage","train","real_damaged","赫达·莫里逊中国相册（Hedda Morrison）","","","","","0","texture_catalog_match_v1+source_attribute_v1","","{""crack"": 0.017, ""dust"": 0.0338, ""fold"": 0.0917, ""missing_region"": 0.0493, ""mold"": 0.0976, ""scratch"": 0.0291, ""stain"": 0.1046, ""tear"": 0.0963}","{}","0","0","0","0","0","0","0","0","0","0","0","0","0","0","c19b4da5f958dc48b00265ffeb296027127e6cfce99f83ee4a9a80a680c6730b","1662043","png"
"936","clean_near_000306","clean_near","306","photo-0653","0966.png","clean_near_000306.png","dataset_images/clean_near/clean_near_000306.png","3e0ff36c2df4ddcfc46bc348d9dab7cc44fc6654f28ece70507a4553ca3449b4","1353","1873","single_portrait","RGB","existing_damage","train","real_damaged","赫达·莫里逊中国相册（Hedda Morrison）","","","","","0","texture_catalog_match_v1+source_attribute_v1","","{""crack"": 0.0131, ""dust"": 0.0306, ""fold"": 0.1158, ""missing_region"": 0.0489, ""mold"": 0.0878, ""scratch"": 0.0341, ""stain"": 0.0896, ""tear"": 0.0825}","{}","0","0","0","0","0","0","0","0","0","0","0","0","0","0","30e9bac0e1acadedd2cabf205f17a48e43ce28de9446ae78d743d0f8d0369df9","1968546","png"
"937","clean_near_000307","clean_near","307","photo-0654","0967.png","clean_near_000307.png","dataset_images/clean_near/clean_near_000307.png","915cd18fe139c372bc50a6c15f4cb119d6d800bb2f8e6d2779348189be7e1580","1322","1844","architecture","RGB","existing_damage","train","real_damaged","赫达·莫里逊中国相册（Hedda Morrison）","","","","","0","texture_catalog_match_v1+source_attribute_v1","","{""crack"": 0.0198, ""dust"": 0.0296, ""fold"": 0.0785, ""missing_region"": 0.0367, ""mold"": 0.1068, ""scratch"": 0.0296, ""stain"": 0.138, ""tear"": 0.0735}","{}","0","0","0","0","0","0","0","0","0","0","0","0","0","0","1853165c56d95d1d71cac6b9a04b09d5a537d65bd1c1385aedc291ae1470d55e","1656433","png"
"938","clean_near_000308","clean_near","308","photo-0655","0968.png","clean_near_000308.png","dataset_images/clean_near/clean_near_000308.png","0bf5cc74c1d474027203e180877f853a90b17d43725b39bb8f97e83f3f132475","1325","1649","single_portrait","RGB","existing_damage","train","real_damaged","赫达·莫里逊中国相册（Hedda Morrison）","","","","","0","texture_catalog_match_v1+source_attribute_v1","","{""crack"": 0.0197, ""dust"": 0.0232, ""fold"": 0.0354, ""missing_region"": 0.0271, ""mold"": 0.0575, ""scratch"": 0.0216, ""stain"": 0.0575, ""tear"": 0.0587}","{}","0","0","0","0","0","0","0","0","0","0","0","0","0","0","0bf5cc74c1d474027203e180877f853a90b17d43725b39bb8f97e83f3f132475","1305005","png"
"939","clean_near_000309","clean_near","309","photo-0656","0969.png","clean_near_000309.png","dataset_images/clean_near/clean_near_000309.png","7376c36d0d588c9b66ade686a8e4880810663af0eb4e6adc7cc0b4f94b110a5b","1325","1847","architecture","RGB","existing_damage","train","real_damaged","赫达·莫里逊中国相册（Hedda Morrison）","","","","","0","texture_catalog_match_v1+source_attribute_v1","","{""crack"": 0.0209, ""dust"": 0.0378, ""fold"": 0.1019, ""missing_region"": 0.0497, ""mold"": 0.0994, ""scratch"": 0.0354, ""stain"": 0.1145, ""tear"": 0.0731}","{}","0","0","0","0","0","0","0","0","0","0","0","0","0","0","7376c36d0d588c9b66ade686a8e4880810663af0eb4e6adc7cc0b4f94b110a5b","1683260","png"
"940","clean_near_000310","clean_near","310","photo-0657","0970.png","clean_near_000310.png","dataset_images/clean_near/clean_near_000310.png","62ae007cbde1d3958f28cefccce4c75360f00741ae24d81639e97bb240f1c008","1320","1517","group_portrait","RGB","existing_damage","test","real_damaged","赫达·莫里逊中国相册（Hedda Morrison）","","","","","0","texture_catalog_match_v1+source_attribute_v1","","{""crack"": 0.0187, ""dust"": 0.0326, ""fold"": 0.1237, ""missing_region"": 0.0476, ""mold"": 0.1261, ""scratch"": 0.0355, ""stain"": 0.1591, ""tear"": 0.1086}","{}","0","0","0","0","0","0","0","0","0","0","0","0","0","0","62ae007cbde1d3958f28cefccce4c75360f00741ae24d81639e97bb240f1c008","1363277","png"
"941","clean_near_000311","clean_near","311","photo-0658","0971.png","clean_near_000311.png","dataset_images/clean_near/clean_near_000311.png","492a45a424ed73f49f4eb8ef03bfa9e50db84ab3885667053d09d4fc2ddfd667","1320","1847","other","RGB","existing_damage","test","real_damaged","赫达·莫里逊中国相册（Hedda Morrison）","","","","","0","texture_catalog_match_v1+source_attribute_v1","","{""crack"": 0.0273, ""dust"": 0.0469, ""fold"": 0.1222, ""missing_region"": 0.0516, ""mold"": 0.1382, ""scratch"": 0.038, ""stain"": 0.147, ""tear"": 0.107}","{}","0","0","0","0","0","0","0","0","0","0","0","0","0","0","492a45a424ed73f49f4eb8ef03bfa9e50db84ab3885667053d09d4fc2ddfd667","1681274","png"
"943","clean_near_000312","clean_near","312","photo-0660","0973.png","clean_near_000312.png","dataset_images/clean_near/clean_near_000312.png","e96703ac2ddde65432b634adb27972db3d2dec3359300003b43fad5d685cfbac","1335","1857","group_portrait","RGB","existing_damage","train","real_damaged","赫达·莫里逊中国相册（Hedda Morrison）","","","","","0","texture_catalog_match_v1+source_attribute_v1","","{""crack"": 0.0161, ""dust"": 0.031, ""fold"": 0.0654, ""missing_region"": 0.0431, ""mold"": 0.0872, ""scratch"": 0.0282, ""stain"": 0.1114, ""tear"": 0.0664}","{}","0","0","0","0","0","0","0","0","0","0","0","0","0","0","8c7016e0f6c9409adf86b7898fd033734a2b3e659314ed65748a87013350a1f3","1823901","png"
"946","clean_near_000313","clean_near","313","photo-0663","0976.png","clean_near_000313.png","dataset_images/clean_near/clean_near_000313.png","743a4674962c062b669a70a9d68e93a709d79330ffbc2fd590cd9250a10a920f","1335","1859","architecture","RGB","existing_damage","train","real_damaged","赫达·莫里逊中国相册（Hedda Morrison）","","","","","0","texture_catalog_match_v1+source_attribute_v1","","{""crack"": 0.0105, ""dust"": 0.0313, ""fold"": 0.0767, ""missing_region"": 0.0682, ""mold"": 0.1077, ""scratch"": 0.027, ""stain"": 0.1184, ""tear"": 0.0976}","{}","0","0","0","0","0","0","0","0","0","0","0","0","0","0","239c0d92dceddcf552baa691b9df1798bece6da2b2ccbd23b89d6949a0684a69","2050136","png"
"947","clean_near_000314","clean_near","314","photo-0664","0977.png","clean_near_000314.png","dataset_images/clean_near/clean_near_000314.png","c5f7714a4f176b31ed44c41884d4474b9cb13acf3efd5d3a7a950e88bfd72b0e","1852","1320","architecture","RGB","existing_damage","train","real_damaged","赫达·莫里逊中国相册（Hedda Morrison）","","","","","0","texture_catalog_match_v1+source_attribute_v1","","{""crack"": 0.0098, ""dust"": 0.0232, ""fold"": 0.0785, ""missing_region"": 0.0607, ""mold"": 0.0853, ""scratch"": 0.0264, ""stain"": 0.0683, ""tear"": 0.0751}","{}","0","0","0","0","0","0","0","0","0","0","0","0","0","0","c5f7714a4f176b31ed44c41884d4474b9cb13acf3efd5d3a7a950e88bfd72b0e","1521526","png"
"948","clean_near_000315","clean_near","315","photo-0665","0978.png","clean_near_000315.png","dataset_images/clean_near/clean_near_000315.png","751771e733c8c401020b994e2dee9e1f2aae1c29bab81cc4271fe8a37b146e16","1330","1842","architecture","RGB","existing_damage","train","real_damaged","赫达·莫里逊中国相册（Hedda Morrison）","","","","","0","texture_catalog_match_v1+source_attribute_v1","","{""crack"": 0.0207, ""dust"": 0.0242, ""fold"": 0.0451, ""missing_region"": 0.0328, ""mold"": 0.0483, ""scratch"": 0.0224, ""stain"": 0.0577, ""tear"": 0.0698}","{}","0","0","0","0","0","0","0","0","0","0","0","0","0","0","751771e733c8c401020b994e2dee9e1f2aae1c29bab81cc4271fe8a37b146e16","1427353","png"
"950","clean_near_000316","clean_near","316","photo-0667","0980.png","clean_near_000316.png","dataset_images/clean_near/clean_near_000316.png","78e8c6d69abe4b3b14c691270507f5623ba55afcd1d674dc65bcd94e5dfc38ff","1898","1350","architecture","RGB","existing_damage","train","real_damaged","赫达·莫里逊中国相册（Hedda Morrison）","","","","","0","texture_catalog_match_v1+source_attribute_v1","","{""crack"": 0.0173, ""dust"": 0.0204, ""fold"": 0.0688, ""missing_region"": 0.0429, ""mold"": 0.0598, ""scratch"": 0.0224, ""stain"": 0.0611, ""tear"": 0.0429}","{}","0","0","0","0","0","0","0","0","0","0","0","0","0","0","78e8c6d69abe4b3b14c691270507f5623ba55afcd1d674dc65bcd94e5dfc38ff","1453480","png"
"951","clean_near_000317","clean_near","317","photo-0668","0981.png","clean_near_000317.png","dataset_images/clean_near/clean_near_000317.png","4f78c82657e8c38600c923a4744f5e0d503bbfecce2e7cf05cfbdd049e7d2e4b","1324","1847","architecture","RGB","existing_damage","train","real_damaged","赫达·莫里逊中国相册（Hedda Morrison）","","","","","0","texture_catalog_match_v1+source_attribute_v1","","{""crack"": 0.0109, ""dust"": 0.0247, ""fold"": 0.0737, ""missing_region"": 0.0354, ""mold"": 0.0822, ""scratch"": 0.0214, ""stain"": 0.0755, ""tear"": 0.0791}","{}","0","0","0","0","0","0","0","0","0","0","0","0","0","0","4f78c82657e8c38600c923a4744f5e0d503bbfecce2e7cf05cfbdd049e7d2e4b","1441470","png"
"954","clean_near_000318","clean_near","318","photo-0671","0984.png","clean_near_000318.png","dataset_images/clean_near/clean_near_000318.png","1f82066842fcc0b8d846360206b00c6f2ba8de141564de891cf4fad69d8ff832","1077","1624","architecture","RGB","existing_damage","train","real_damaged","赫达·莫里逊中国相册（Hedda Morrison）","","","","","0","texture_catalog_match_v1+source_attribute_v1","","{""crack"": 0.0144, ""dust"": 0.0152, ""fold"": 0.0567, ""missing_region"": 0.0417, ""mold"": 0.0311, ""scratch"": 0.0162, ""stain"": 0.0425, ""tear"": 0.1068}","{}","0","0","0","0","0","0","0","0","0","0","0","0","0","0","cd28eb1c5c3417af02adbb6a9184c41b5729df0476401a3dae989d0aba6e8ffe","1685174","png"
"956","clean_near_000319","clean_near","319","photo-0673","0986.png","clean_near_000319.png","dataset_images/clean_near/clean_near_000319.png","2465e36662fb1d5bae5ddfe9ece8570e96f678463d1303618adeb2339c267299","1096","1629","single_portrait","RGB","existing_damage","train","real_damaged","赫达·莫里逊中国相册（Hedda Morrison）","","","","","0","texture_catalog_match_v1+source_attribute_v1","","{""crack"": 0.017, ""dust"": 0.0153, ""fold"": 0.0272, ""missing_region"": 0.0236, ""mold"": 0.0325, ""scratch"": 0.016, ""stain"": 0.0347, ""tear"": 0.0928}","{}","0","0","0","0","0","0","0","0","0","0","0","0","0","0","2465e36662fb1d5bae5ddfe9ece8570e96f678463d1303618adeb2339c267299","1273482","png"
"958","clean_near_000320","clean_near","320","photo-0675","0988.png","clean_near_000320.png","dataset_images/clean_near/clean_near_000320.png","2a8e608e11058f961dd0b2eeb0b104a0d2c73a6da0431637e8cb216068bd1cee","2100","1573","architecture","RGB","existing_damage","train","real_damaged","赫达·莫里逊中国相册（Hedda Morrison）","","","","","0","texture_catalog_match_v1+source_attribute_v1","","{""crack"": 0.0178, ""dust"": 0.0312, ""fold"": 0.0407, ""missing_region"": 0.0401, ""mold"": 0.0513, ""scratch"": 0.0298, ""stain"": 0.0662, ""tear"": 0.1169}","{}","0","0","0","0","0","0","0","0","0","0","0","0","0","0","2a8e608e11058f961dd0b2eeb0b104a0d2c73a6da0431637e8cb216068bd1cee","2317921","png"
"959","clean_near_000321","clean_near","321","photo-0676","0989.png","clean_near_000321.png","dataset_images/clean_near/clean_near_000321.png","6187664fd039397001c26fedd8149cdbc89ced13709b240a5bdf729b11119be0","2101","1573","outdoor_scene","RGB","existing_damage","train","real_damaged","赫达·莫里逊中国相册（Hedda Morrison）","","","","","0","texture_catalog_match_v1+source_attribute_v1","","{""crack"": 0.0194, ""dust"": 0.0374, ""fold"": 0.0664, ""missing_region"": 0.0434, ""mold"": 0.067, ""scratch"": 0.027, ""stain"": 0.0802, ""tear"": 0.1217}","{}","0","0","0","0","0","0","0","0","0","0","0","0","0","0","6187664fd039397001c26fedd8149cdbc89ced13709b240a5bdf729b11119be0","2836653","png"
"961","clean_near_000322","clean_near","322","photo-0678","0991.png","clean_near_000322.png","dataset_images/clean_near/clean_near_000322.png","5011ce7c666cfdf1cd89ddf4351deff38ba088457a65ba31993e973943611a28","1563","2091","single_portrait","RGB","existing_damage","train","real_damaged","赫达·莫里逊中国相册（Hedda Morrison）","","","","","0","texture_catalog_match_v1+source_attribute_v1","","{""crack"": 0.0065, ""dust"": 0.0233, ""fold"": 0.0851, ""missing_region"": 0.0432, ""mold"": 0.06, ""scratch"": 0.0291, ""stain"": 0.0779, ""tear"": 0.0707}","{}","0","0","0","0","0","0","0","0","0","0","0","0","0","0","5011ce7c666cfdf1cd89ddf4351deff38ba088457a65ba31993e973943611a28","2693013","png"
"962","clean_near_000323","clean_near","323","photo-0679","0992.png","clean_near_000323.png","dataset_images/clean_near/clean_near_000323.png","691d66ef970679feff4ae38f3bec95741ee633a4ec13a71151784d9dd1569c86","1121","1649","outdoor_scene","RGB","existing_damage","test","real_damaged","赫达·莫里逊中国相册（Hedda Morrison）","","","","","0","texture_catalog_match_v1+source_attribute_v1","","{""crack"": 0.0235, ""dust"": 0.0191, ""fold"": 0.0533, ""missing_region"": 0.0306, ""mold"": 0.043, ""scratch"": 0.0268, ""stain"": 0.0513, ""tear"": 0.047}","{}","0","0","0","0","0","0","0","0","0","0","0","0","0","0","691d66ef970679feff4ae38f3bec95741ee633a4ec13a71151784d9dd1569c86","1142999","png"
"963","clean_near_000324","clean_near","324","photo-0680","0993.png","clean_near_000324.png","dataset_images/clean_near/clean_near_000324.png","0a7b3f2d574a8704b2b114cc0c1a010e1dfeeda0951c03d8e7a79e3aa59a6f0a","1182","1685","architecture","RGB","existing_damage","train","real_damaged","赫达·莫里逊中国相册（Hedda Morrison）","","","","","0","texture_catalog_match_v1+source_attribute_v1","","{""crack"": 0.0103, ""dust"": 0.0227, ""fold"": 0.0682, ""missing_region"": 0.0541, ""mold"": 0.0545, ""scratch"": 0.0225, ""stain"": 0.0662, ""tear"": 0.0906}","{}","0","0","0","0","0","0","0","0","0","0","0","0","0","0","0a7b3f2d574a8704b2b114cc0c1a010e1dfeeda0951c03d8e7a79e3aa59a6f0a","1338445","png"
"964","clean_near_000325","clean_near","325","photo-0681","0994.png","clean_near_000325.png","dataset_images/clean_near/clean_near_000325.png","b0b7fd3121577416fb5af0d26904e65756bbae6a5bc847418e6f2c6777a07203","1654","1116","group_portrait","RGB","existing_damage","train","real_damaged","赫达·莫里逊中国相册（Hedda Morrison）","","","","","0","texture_catalog_match_v1+source_attribute_v1","","{""crack"": 0.0141, ""dust"": 0.0354, ""fold"": 0.1106, ""missing_region"": 0.0678, ""mold"": 0.1103, ""scratch"": 0.0302, ""stain"": 0.1138, ""tear"": 0.12}","{}","0","0","0","0","0","0","0","0","0","0","0","0","0","0","b0b7fd3121577416fb5af0d26904e65756bbae6a5bc847418e6f2c6777a07203","1606786","png"
"965","clean_near_000326","clean_near","326","photo-0682","0995.png","clean_near_000326.png","dataset_images/clean_near/clean_near_000326.png","08e8962386fba813c2f8978dc2de792527d92603071569de949c8befbfd58d7a","1111","1619","single_portrait","RGB","existing_damage","test","real_damaged","赫达·莫里逊中国相册（Hedda Morrison）","","","","","0","texture_catalog_match_v1+source_attribute_v1","","{""crack"": 0.0194, ""dust"": 0.0311, ""fold"": 0.1217, ""missing_region"": 0.04, ""mold"": 0.0647, ""scratch"": 0.025, ""stain"": 0.1301, ""tear"": 0.0969}","{}","0","0","0","0","0","0","0","0","0","0","0","0","0","0","08e8962386fba813c2f8978dc2de792527d92603071569de949c8befbfd58d7a","1185433","png"
"967","clean_near_000327","clean_near","327","photo-0684","0997.png","clean_near_000327.png","dataset_images/clean_near/clean_near_000327.png","1bc0a32c54c9348670af6416bb102e00fe86eca27d2a4eb7ffaf78025aab2514","1131","1655","outdoor_scene","RGB","existing_damage","train","real_damaged","赫达·莫里逊中国相册（Hedda Morrison）","","","","","0","texture_catalog_match_v1+source_attribute_v1","","{""crack"": 0.0175, ""dust"": 0.0284, ""fold"": 0.06, ""missing_region"": 0.04, ""mold"": 0.0562, ""scratch"": 0.0289, ""stain"": 0.0785, ""tear"": 0.06}","{}","0","0","0","0","0","0","0","0","0","0","0","0","0","0","1bc0a32c54c9348670af6416bb102e00fe86eca27d2a4eb7ffaf78025aab2514","1286767","png"
"968","clean_near_000328","clean_near","328","photo-0685","0998.png","clean_near_000328.png","dataset_images/clean_near/clean_near_000328.png","816bedfaea4f30590fd597a0443ff8e556bfeb0e66c81b7344439730874e5e7a","1117","1300","architecture","RGB","existing_damage","train","real_damaged","赫达·莫里逊中国相册（Hedda Morrison）","","","","","0","texture_catalog_match_v1+source_attribute_v1","","{""crack"": 0.0127, ""dust"": 0.0321, ""fold"": 0.0778, ""missing_region"": 0.037, ""mold"": 0.0682, ""scratch"": 0.0313, ""stain"": 0.0826, ""tear"": 0.0691}","{}","0","0","0","0","0","0","0","0","0","0","0","0","0","0","816bedfaea4f30590fd597a0443ff8e556bfeb0e66c81b7344439730874e5e7a","1178885","png"
"970","clean_near_000329","clean_near","329","photo-0687","1000.png","clean_near_000329.png","dataset_images/clean_near/clean_near_000329.png","ff783773bf30719f5fa5352ffec4623cbfe23fd1dba740af840212c739334737","1111","1193","group_portrait","RGB","existing_damage","validation","real_damaged","赫达·莫里逊中国相册（Hedda Morrison）","","","","","0","texture_catalog_match_v1+source_attribute_v1","","{""crack"": 0.0125, ""dust"": 0.02, ""fold"": 0.034, ""missing_region"": 0.0318, ""mold"": 0.04, ""scratch"": 0.0194, ""stain"": 0.0469, ""tear"": 0.041}","{}","0","0","0","0","0","0","0","0","0","0","0","0","0","0","ff783773bf30719f5fa5352ffec4623cbfe23fd1dba740af840212c739334737","977897","png"
"973","clean_near_000330","clean_near","330","photo-0690","1003.png","clean_near_000330.png","dataset_images/clean_near/clean_near_000330.png","7aabe86c82dfe540fc9fe469f42f3da5734014fbee5246a61a922b8a6c063069","1665","1121","single_portrait","RGB","existing_damage","train","real_damaged","赫达·莫里逊中国相册（Hedda Morrison）","","","","","0","texture_catalog_match_v1+source_attribute_v1","","{""crack"": 0.0192, ""dust"": 0.0336, ""fold"": 0.0898, ""missing_region"": 0.0423, ""mold"": 0.0866, ""scratch"": 0.0322, ""stain"": 0.1416, ""tear"": 0.1099}","{}","0","0","0","0","0","0","0","0","0","0","0","0","0","0","7aabe86c82dfe540fc9fe469f42f3da5734014fbee5246a61a922b8a6c063069","1351637","png"
"974","clean_near_000331","clean_near","331","photo-0691","1004.png","clean_near_000331.png","dataset_images/clean_near/clean_near_000331.png","70fcb73bdbd2b32ecff4f02016dee1d74afda14ce24fe004fc2f9530a80ba220","1112","1365","group_portrait","RGB","existing_damage","train","real_damaged","赫达·莫里逊中国相册（Hedda Morrison）","","","","","0","texture_catalog_match_v1+source_attribute_v1","","{""crack"": 0.0132, ""dust"": 0.0172, ""fold"": 0.0385, ""missing_region"": 0.0361, ""mold"": 0.056, ""scratch"": 0.0172, ""stain"": 0.0724, ""tear"": 0.0592}","{}","0","0","0","0","0","0","0","0","0","0","0","0","0","0","70fcb73bdbd2b32ecff4f02016dee1d74afda14ce24fe004fc2f9530a80ba220","997612","png"
"975","clean_near_000332","clean_near","332","photo-0692","1005.png","clean_near_000332.png","dataset_images/clean_near/clean_near_000332.png","9c7becf1789b992ea50ab212cbed2dda3f5cfbabbeaa7cc48469b259e87cdac3","1625","1100","group_portrait","RGB","existing_damage","train","real_damaged","赫达·莫里逊中国相册（Hedda Morrison）","","","","","0","texture_catalog_match_v1+source_attribute_v1","","{""crack"": 0.0133, ""dust"": 0.036, ""fold"": 0.1102, ""missing_region"": 0.0645, ""mold"": 0.1018, ""scratch"": 0.0341, ""stain"": 0.1239, ""tear"": 0.0885}","{}","0","0","0","0","0","0","0","0","0","0","0","0","0","0","50a3e2aa5de6cf7a2366caad699606927664d0f7069142ef072fe99432f721a4","1345490","png"
"976","clean_near_000333","clean_near","333","photo-0693","1006.png","clean_near_000333.png","dataset_images/clean_near/clean_near_000333.png","43019524bdebbe82ef93f3fb7935a2fb54bdc6bf66035657a8a50687b406dbbc","1116","1147","other","RGB","existing_damage","train","real_damaged","赫达·莫里逊中国相册（Hedda Morrison）","","","","","0","texture_catalog_match_v1+source_attribute_v1","","{""crack"": 0.0219, ""dust"": 0.0297, ""fold"": 0.0603, ""missing_region"": 0.0259, ""mold"": 0.0798, ""scratch"": 0.0339, ""stain"": 0.0941, ""tear"": 0.1092}","{}","0","0","0","0","0","0","0","0","0","0","0","0","0","0","43019524bdebbe82ef93f3fb7935a2fb54bdc6bf66035657a8a50687b406dbbc","837528","png"
"977","clean_near_000334","clean_near","334","photo-0694","1007.png","clean_near_000334.png","dataset_images/clean_near/clean_near_000334.png","2fd7f5dce5ef4c9fc16e2b299d0b4b4f7ede2e4d5c366692b240dbbfce4f67e7","1640","903","group_portrait","RGB","existing_damage","validation","real_damaged","赫达·莫里逊中国相册（Hedda Morrison）","","","","","0","texture_catalog_match_v1+source_attribute_v1","","{""crack"": 0.0219, ""dust"": 0.0293, ""fold"": 0.0841, ""missing_region"": 0.0438, ""mold"": 0.0583, ""scratch"": 0.0328, ""stain"": 0.0946, ""tear"": 0.0624}","{}","0","0","0","0","0","0","0","0","0","0","0","0","0","0","2fd7f5dce5ef4c9fc16e2b299d0b4b4f7ede2e4d5c366692b240dbbfce4f67e7","941317","png"
"978","clean_near_000335","clean_near","335","photo-0695","1008.png","clean_near_000335.png","dataset_images/clean_near/clean_near_000335.png","e518eb12e67c40962d28dd8b76b31fbc0083d511f82f5f52b1ad69439ed18cf2","1650","1121","group_portrait","RGB","existing_damage","test","real_damaged","赫达·莫里逊中国相册（Hedda Morrison）","","","","","0","texture_catalog_match_v1+source_attribute_v1","","{""crack"": 0.0224, ""dust"": 0.0269, ""fold"": 0.0626, ""missing_region"": 0.038, ""mold"": 0.0587, ""scratch"": 0.03, ""stain"": 0.072, ""tear"": 0.1254}","{}","0","0","0","0","0","0","0","0","0","0","0","0","0","0","e518eb12e67c40962d28dd8b76b31fbc0083d511f82f5f52b1ad69439ed18cf2","1216498","png"
"980","clean_near_000336","clean_near","336","photo-0697","1010.png","clean_near_000336.png","dataset_images/clean_near/clean_near_000336.png","5dd819448cd3a057c64424e23762d0f80f99e096acb5792a01b19d76344b2fe8","1116","1330","group_portrait","RGB","existing_damage","train","real_damaged","赫达·莫里逊中国相册（Hedda Morrison）","","","","","0","texture_catalog_match_v1+source_attribute_v1","","{""crack"": 0.0202, ""dust"": 0.0235, ""fold"": 0.0646, ""missing_region"": 0.0241, ""mold"": 0.0467, ""scratch"": 0.0207, ""stain"": 0.0438, ""tear"": 0.1319}","{}","0","0","0","0","0","0","0","0","0","0","0","0","0","0","5dd819448cd3a057c64424e23762d0f80f99e096acb5792a01b19d76344b2fe8","897856","png"
"982","clean_near_000337","clean_near","337","photo-0699","1012.png","clean_near_000337.png","dataset_images/clean_near/clean_near_000337.png","3c8b99e2ba45b4587d104b4eead284bf93f40a68735dc7c4892c7d7342060507","982","993","group_portrait","RGB","existing_damage","train","real_damaged","赫达·莫里逊中国相册（Hedda Morrison）","","","","","0","texture_catalog_match_v1+source_attribute_v1","","{""crack"": 0.0181, ""dust"": 0.0239, ""fold"": 0.0879, ""missing_region"": 0.0437, ""mold"": 0.0599, ""scratch"": 0.0247, ""stain"": 0.0888, ""tear"": 0.0627}","{}","0","0","0","0","0","0","0","0","0","0","0","0","0","0","b90237569ac38a444632e20661471fe3a77a422bc0fa0fe410d605ab15dbb0db","612463","png"
"983","clean_near_000338","clean_near","338","photo-0700","1013.png","clean_near_000338.png","dataset_images/clean_near/clean_near_000338.png","ad968fab3620dffc8e521f8ee80503080ca630b64f5f2f836149fca3e147cb4d","1010","1025","single_portrait","RGB","existing_damage","validation","real_damaged","赫达·莫里逊中国相册（Hedda Morrison）","","","","","0","texture_catalog_match_v1+source_attribute_v1","","{""crack"": 0.0234, ""dust"": 0.025, ""fold"": 0.064, ""missing_region"": 0.0352, ""mold"": 0.0554, ""scratch"": 0.0262, ""stain"": 0.0696, ""tear"": 0.0876}","{}","0","0","0","0","0","0","0","0","0","0","0","0","0","0","ad968fab3620dffc8e521f8ee80503080ca630b64f5f2f836149fca3e147cb4d","661042","png"
"985","clean_near_000339","clean_near","339","photo-0703","1015.png","clean_near_000339.png","dataset_images/clean_near/clean_near_000339.png","57f66bc99442d3589c6a72e48627753556031e980b607bd098b3f2f3f01cd48b","1107","1472","architecture","RGB","existing_damage","train","real_damaged","赫达·莫里逊中国相册（Hedda Morrison）","","","","","0","texture_catalog_match_v1+source_attribute_v1","","{""crack"": 0.0248, ""dust"": 0.026, ""fold"": 0.0507, ""missing_region"": 0.0603, ""mold"": 0.0512, ""scratch"": 0.0252, ""stain"": 0.0552, ""tear"": 0.1086}","{}","0","0","0","0","0","0","0","0","0","0","0","0","0","0","57f66bc99442d3589c6a72e48627753556031e980b607bd098b3f2f3f01cd48b","982217","png"
"986","clean_near_000340","clean_near","340","photo-0704","1016.png","clean_near_000340.png","dataset_images/clean_near/clean_near_000340.png","d4c4250f98859a0f1559abc485990d46e38cf869724bf25ad6f8aeadbef86266","1111","1639","architecture","RGB","existing_damage","train","real_damaged","赫达·莫里逊中国相册（Hedda Morrison）","","","","","0","texture_catalog_match_v1+source_attribute_v1","","{""crack"": 0.0069, ""dust"": 0.0166, ""fold"": 0.0715, ""missing_region"": 0.0328, ""mold"": 0.0733, ""scratch"": 0.0243, ""stain"": 0.0516, ""tear"": 0.0625}","{}","0","0","0","0","0","0","0","0","0","0","0","0","0","0","d4c4250f98859a0f1559abc485990d46e38cf869724bf25ad6f8aeadbef86266","1258674","png"
"987","clean_near_000341","clean_near","341","photo-0705","1017.png","clean_near_000341.png","dataset_images/clean_near/clean_near_000341.png","02affcdf851fd20001c266838876d4bcebecc32eb29530206e1290570f87cbe2","1122","1457","architecture","RGB","existing_damage","train","real_damaged","赫达·莫里逊中国相册（Hedda Morrison）","","","","","0","texture_catalog_match_v1+source_attribute_v1","","{""crack"": 0.0102, ""dust"": 0.0228, ""fold"": 0.0695, ""missing_region"": 0.0665, ""mold"": 0.0984, ""scratch"": 0.0287, ""stain"": 0.083, ""tear"": 0.0901}","{}","0","0","0","0","0","0","0","0","0","0","0","0","0","0","02affcdf851fd20001c266838876d4bcebecc32eb29530206e1290570f87cbe2","1315599","png"
"988","clean_near_000342","clean_near","342","photo-0706","1018.png","clean_near_000342.png","dataset_images/clean_near/clean_near_000342.png","7191f4a8bc73cd53334bc5a9ca067780a5a2e0e36a5818483c9e2d2c33518e66","1126","1649","architecture","RGB","existing_damage","train","real_damaged","赫达·莫里逊中国相册（Hedda Morrison）","","","","","0","texture_catalog_match_v1+source_attribute_v1","","{""crack"": 0.0121, ""dust"": 0.017, ""fold"": 0.0702, ""missing_region"": 0.0444, ""mold"": 0.0839, ""scratch"": 0.0285, ""stain"": 0.0712, ""tear"": 0.0562}","{}","0","0","0","0","0","0","0","0","0","0","0","0","0","0","7191f4a8bc73cd53334bc5a9ca067780a5a2e0e36a5818483c9e2d2c33518e66","1489934","png"
"989","clean_near_000343","clean_near","343","photo-0707","1019.png","clean_near_000343.png","dataset_images/clean_near/clean_near_000343.png","f9a1e4c9251597b29f42072fb9754831aae132a6b9f34f38d73042080cfe6ced","1121","1376","architecture","RGB","existing_damage","train","real_damaged","赫达·莫里逊中国相册（Hedda Morrison）","","","","","0","texture_catalog_match_v1+source_attribute_v1","","{""crack"": 0.0204, ""dust"": 0.0293, ""fold"": 0.0772, ""missing_region"": 0.0413, ""mold"": 0.0638, ""scratch"": 0.0345, ""stain"": 0.0806, ""tear"": 0.0875}","{}","0","0","0","0","0","0","0","0","0","0","0","0","0","0","f9a1e4c9251597b29f42072fb9754831aae132a6b9f34f38d73042080cfe6ced","1181960","png"
"990","clean_near_000344","clean_near","344","photo-0708","1020.png","clean_near_000344.png","dataset_images/clean_near/clean_near_000344.png","22fcd9c0953e20bb3cee1756e3e18b266483f99426aa80c45327d35d4576e36a","1116","1654","architecture","RGB","existing_damage","train","real_damaged","赫达·莫里逊中国相册（Hedda Morrison）","","","","","0","texture_catalog_match_v1+source_attribute_v1","","{""crack"": 0.0289, ""dust"": 0.028, ""fold"": 0.0619, ""missing_region"": 0.0387, ""mold"": 0.0788, ""scratch"": 0.0282, ""stain"": 0.0532, ""tear"": 0.0646}","{}","0","0","0","0","0","0","0","0","0","0","0","0","0","0","22fcd9c0953e20bb3cee1756e3e18b266483f99426aa80c45327d35d4576e36a","1469974","png"
"991","clean_near_000345","clean_near","345","photo-0709","1021.png","clean_near_000345.png","dataset_images/clean_near/clean_near_000345.png","fc5a3e46004c7e2b7ec09891a647f936bfec1c961d742863062ea8e9089dabcc","1131","1644","architecture","RGB","existing_damage","train","real_damaged","赫达·莫里逊中国相册（Hedda Morrison）","","","","","0","texture_catalog_match_v1+source_attribute_v1","","{""crack"": 0.0247, ""dust"": 0.0253, ""fold"": 0.0527, ""missing_region"": 0.0501, ""mold"": 0.0774, ""scratch"": 0.0256, ""stain"": 0.0762, ""tear"": 0.0687}","{}","0","0","0","0","0","0","0","0","0","0","0","0","0","0","fc5a3e46004c7e2b7ec09891a647f936bfec1c961d742863062ea8e9089dabcc","1374756","png"
"995","clean_near_000346","clean_near","346","photo-0713","1025.png","clean_near_000346.png","dataset_images/clean_near/clean_near_000346.png","ed236cf2785b2728a6ed2f600d2f4ce0bc0c3500bb14f7643f2b90e1e972d1ea","1107","1507","architecture","RGB","existing_damage","train","real_damaged","赫达·莫里逊中国相册（Hedda Morrison）","","","","","0","texture_catalog_match_v1+source_attribute_v1","","{""crack"": 0.0101, ""dust"": 0.0209, ""fold"": 0.0685, ""missing_region"": 0.036, ""mold"": 0.064, ""scratch"": 0.0269, ""stain"": 0.0753, ""tear"": 0.103}","{}","0","0","0","0","0","0","0","0","0","0","0","0","0","0","ed236cf2785b2728a6ed2f600d2f4ce0bc0c3500bb14f7643f2b90e1e972d1ea","1206370","png"
"996","clean_near_000347","clean_near","347","photo-0714","1026.png","clean_near_000347.png","dataset_images/clean_near/clean_near_000347.png","81799883df8c064ea2b28abacc62023c12111fb877dfc11665b81bce59648813","1695","1136","architecture","RGB","existing_damage","test","real_damaged","赫达·莫里逊中国相册（Hedda Morrison）","","","","","0","texture_catalog_match_v1+source_attribute_v1","","{""crack"": 0.0132, ""dust"": 0.0188, ""fold"": 0.0655, ""missing_region"": 0.0996, ""mold"": 0.0595, ""scratch"": 0.0204, ""stain"": 0.0618, ""tear"": 0.0996}","{}","0","0","0","0","0","0","0","0","0","0","0","0","0","0","81799883df8c064ea2b28abacc62023c12111fb877dfc11665b81bce59648813","1311223","png"
"997","clean_near_000348","clean_near","348","photo-0715","1027.png","clean_near_000348.png","dataset_images/clean_near/clean_near_000348.png","5303bdd347e0d16f7e292099305a27e4c71b0556705cba9453e35b2a5659eb6d","1106","1628","architecture","RGB","existing_damage","train","real_damaged","赫达·莫里逊中国相册（Hedda Morrison）","","","","","0","texture_catalog_match_v1+source_attribute_v1","","{""crack"": 0.0147, ""dust"": 0.015, ""fold"": 0.0495, ""missing_region"": 0.0215, ""mold"": 0.0354, ""scratch"": 0.0221, ""stain"": 0.0524, ""tear"": 0.0371}","{}","0","0","0","0","0","0","0","0","0","0","0","0","0","0","8004407584d5c9cf7e78abbac8888409f74702d6640f39c045f8395e92e69059","1408033","png"
"998","clean_near_000349","clean_near","349","photo-0716","1028.png","clean_near_000349.png","dataset_images/clean_near/clean_near_000349.png","f65320a8b0c7a555b2fdd2968862749dea745ecb5705810133210d69f5be8884","1112","1634","architecture","RGB","existing_damage","train","real_damaged","赫达·莫里逊中国相册（Hedda Morrison）","","","","","0","texture_catalog_match_v1+source_attribute_v1","","{""crack"": 0.0314, ""dust"": 0.0364, ""fold"": 0.0817, ""missing_region"": 0.0371, ""mold"": 0.0555, ""scratch"": 0.0323, ""stain"": 0.0795, ""tear"": 0.1095}","{}","0","0","0","0","0","0","0","0","0","0","0","0","0","0","a7d31be7d27a045d16e7c43f85f8fe2c6fd7636594f6738d24537a62b1b0aaea","1384156","png"
"999","clean_near_000350","clean_near","350","photo-0717","1029.png","clean_near_000350.png","dataset_images/clean_near/clean_near_000350.png","8eeb155a024c6e706a257373cb35e14889393819409594fecb399d5d3ef2ea4c","1122","1649","architecture","RGB","existing_damage","train","real_damaged","赫达·莫里逊中国相册（Hedda Morrison）","","","","","0","texture_catalog_match_v1+source_attribute_v1","","{""crack"": 0.007, ""dust"": 0.0248, ""fold"": 0.0739, ""missing_region"": 0.0409, ""mold"": 0.0856, ""scratch"": 0.0309, ""stain"": 0.1128, ""tear"": 0.0639}","{}","0","0","0","0","0","0","0","0","0","0","0","0","0","0","8eeb155a024c6e706a257373cb35e14889393819409594fecb399d5d3ef2ea4c","1404723","png"
"1001","clean_near_000351","clean_near","351","photo-0719","1031.png","clean_near_000351.png","dataset_images/clean_near/clean_near_000351.png","f48ea107f8e1f35c3add7ab2559ec4df7e4708fb3b0f74edbf6e31fa67eca5dd","1122","1654","architecture","RGB","existing_damage","validation","real_damaged","赫达·莫里逊中国相册（Hedda Morrison）","","","","","0","texture_catalog_match_v1+source_attribute_v1","","{""crack"": 0.0228, ""dust"": 0.0213, ""fold"": 0.0541, ""missing_region"": 0.0418, ""mold"": 0.0535, ""scratch"": 0.0215, ""stain"": 0.062, ""tear"": 0.1098}","{}","0","0","0","0","0","0","0","0","0","0","0","0","0","0","f48ea107f8e1f35c3add7ab2559ec4df7e4708fb3b0f74edbf6e31fa67eca5dd","1362683","png"
"1003","clean_near_000352","clean_near","352","photo-0721","1033.png","clean_near_000352.png","dataset_images/clean_near/clean_near_000352.png","099e0039fc752294ea2105fc3402a1381b97ee5ce62ee80f51e3589fd2513ad4","1122","1655","architecture","RGB","existing_damage","train","real_damaged","赫达·莫里逊中国相册（Hedda Morrison）","","","","","0","texture_catalog_match_v1+source_attribute_v1","","{""crack"": 0.0135, ""dust"": 0.0298, ""fold"": 0.0869, ""missing_region"": 0.0486, ""mold"": 0.0974, ""scratch"": 0.0335, ""stain"": 0.1198, ""tear"": 0.0788}","{}","0","0","0","0","0","0","0","0","0","0","0","0","0","0","099e0039fc752294ea2105fc3402a1381b97ee5ce62ee80f51e3589fd2513ad4","1470466","png"
"1009","clean_near_000353","clean_near","353","photo-0727","1039.png","clean_near_000353.png","dataset_images/clean_near/clean_near_000353.png","4dee2a9f9a8fda021defc1c767b84fc2477188c8b5612c558312089aab8690be","1101","1637","architecture","RGB","existing_damage","train","real_damaged","赫达·莫里逊中国相册（Hedda Morrison）","","","","","0","texture_catalog_match_v1+source_attribute_v1","","{""crack"": 0.0108, ""dust"": 0.0174, ""fold"": 0.0263, ""missing_region"": 0.0346, ""mold"": 0.0605, ""scratch"": 0.0177, ""stain"": 0.0524, ""tear"": 0.0474}","{}","0","0","0","0","0","0","0","0","0","0","0","0","0","0","363921f53ce736151b3ea92c668a6df4737c52dd6181fbe10f337c945880e5a4","1517592","png"
"1010","clean_near_000354","clean_near","354","photo-0728","1040.png","clean_near_000354.png","dataset_images/clean_near/clean_near_000354.png","2d2fc39a12206471b836307103d2442cc845e45c73472ad6dd554b66a27dcc95","1173","1517","architecture","RGB","existing_damage","test","real_damaged","赫达·莫里逊中国相册（Hedda Morrison）","","","","","0","texture_catalog_match_v1+source_attribute_v1","","{""crack"": 0.0061, ""dust"": 0.0282, ""fold"": 0.0954, ""missing_region"": 0.0482, ""mold"": 0.1078, ""scratch"": 0.0323, ""stain"": 0.0874, ""tear"": 0.08}","{}","0","0","0","0","0","0","0","0","0","0","0","0","0","0","2d2fc39a12206471b836307103d2442cc845e45c73472ad6dd554b66a27dcc95","1534827","png"
"1012","clean_near_000355","clean_near","355","photo-0730","1042.png","clean_near_000355.png","dataset_images/clean_near/clean_near_000355.png","542d01d914e3d5c9527aebfb4b85d53a85901d0fc8847dd9f1a5b998a643bb85","1081","1619","architecture","RGB","existing_damage","train","real_damaged","赫达·莫里逊中国相册（Hedda Morrison）","","","","","0","texture_catalog_match_v1+source_attribute_v1","","{""crack"": 0.0101, ""dust"": 0.0143, ""fold"": 0.0464, ""missing_region"": 0.0421, ""mold"": 0.0413, ""scratch"": 0.0211, ""stain"": 0.0373, ""tear"": 0.0658}","{}","0","0","0","0","0","0","0","0","0","0","0","0","0","0","5a69849d7b3f3957ffeadfa639c126428340d0925e2468b7e5aaa2c4dc74dbb4","1483671","png"
"1013","clean_near_000356","clean_near","356","photo-0731","1043.png","clean_near_000356.png","dataset_images/clean_near/clean_near_000356.png","2e16d8d4f7c0b10d850fa01c654ff8fefe11050fac594cd97a47fbd7270f1ccc","1103","1636","group_portrait","RGB","existing_damage","train","real_damaged","赫达·莫里逊中国相册（Hedda Morrison）","","","","","0","texture_catalog_match_v1+source_attribute_v1","","{""crack"": 0.0235, ""dust"": 0.0337, ""fold"": 0.0737, ""missing_region"": 0.0779, ""mold"": 0.0827, ""scratch"": 0.0321, ""stain"": 0.084, ""tear"": 0.095}","{}","0","0","0","0","0","0","0","0","0","0","0","0","0","0","ad4347e642bb79239789cf3eaf11633738861d26eb807792a6a7f2915528441b","1445610","png"
"1019","clean_near_000357","clean_near","357","photo-0737","1049.png","clean_near_000357.png","dataset_images/clean_near/clean_near_000357.png","e9d5fadb771a1e0e43618d86872c844ecb8f300911a0fd64a0af33bea48ed2c5","2147","1578","group_portrait","RGB","existing_damage","train","real_damaged","赫达·莫里逊中国相册（Hedda Morrison）","","","","","0","texture_catalog_match_v1+source_attribute_v1","","{""crack"": 0.0109, ""dust"": 0.0166, ""fold"": 0.0288, ""missing_region"": 0.0245, ""mold"": 0.037, ""scratch"": 0.0268, ""stain"": 0.0398, ""tear"": 0.0326}","{}","0","0","0","0","0","0","0","0","0","0","0","0","0","0","e9d5fadb771a1e0e43618d86872c844ecb8f300911a0fd64a0af33bea48ed2c5","1807244","png"
"1023","clean_near_000358","clean_near","358","photo-0741","1053.png","clean_near_000358.png","dataset_images/clean_near/clean_near_000358.png","a112b2f551d6e88b6e72b188d565339f96629a65aabcaccff86720f45f204ff5","2103","1444","group_portrait","RGB","existing_damage","train","real_damaged","赫达·莫里逊中国相册（Hedda Morrison）","","","","","0","texture_catalog_match_v1+source_attribute_v1","","{""crack"": 0.0154, ""dust"": 0.0162, ""fold"": 0.0463, ""missing_region"": 0.0324, ""mold"": 0.0251, ""scratch"": 0.0235, ""stain"": 0.0409, ""tear"": 0.1463}","{}","0","0","0","0","0","0","0","0","0","0","0","0","0","0","9b5d5ffd69b2628844c9f45be93b79fda62a7c72f67facf78bfcbededec7537d","2209956","png"
"1025","clean_near_000359","clean_near","359","photo-0743","1055.png","clean_near_000359.png","dataset_images/clean_near/clean_near_000359.png","099996054c53dc2aee2065b1fed66325bfcd4855f3f5fabff8d2cf63119bad41","2096","1568","single_portrait","RGB","existing_damage","train","real_damaged","赫达·莫里逊中国相册（Hedda Morrison）","","","","","0","texture_catalog_match_v1+source_attribute_v1","","{""crack"": 0.0222, ""dust"": 0.0237, ""fold"": 0.0384, ""missing_region"": 0.031, ""mold"": 0.0406, ""scratch"": 0.0257, ""stain"": 0.0658, ""tear"": 0.1483}","{}","0","0","0","0","0","0","0","0","0","0","0","0","0","0","099996054c53dc2aee2065b1fed66325bfcd4855f3f5fabff8d2cf63119bad41","2215578","png"
"1026","clean_near_000360","clean_near","360","photo-0744","1056.png","clean_near_000360.png","dataset_images/clean_near/clean_near_000360.png","d742db5e1385444fe08780b2f4196aaf54650cdbd5cfcdbbbff24c14bb1ea33d","1822","1304","group_portrait","RGB","existing_damage","validation","real_damaged","赫达·莫里逊中国相册（Hedda Morrison）","","","","","0","texture_catalog_match_v1+source_attribute_v1","","{""crack"": 0.021, ""dust"": 0.0319, ""fold"": 0.0529, ""missing_region"": 0.0454, ""mold"": 0.0876, ""scratch"": 0.0377, ""stain"": 0.0874, ""tear"": 0.0776}","{}","0","0","0","0","0","0","0","0","0","0","0","0","0","0","d742db5e1385444fe08780b2f4196aaf54650cdbd5cfcdbbbff24c14bb1ea33d","1615291","png"
"1027","clean_near_000361","clean_near","361","photo-0745","1057.png","clean_near_000361.png","dataset_images/clean_near/clean_near_000361.png","0987d07d82bd6153887c1fda843b38932ccf16511862439b892987d4f7ed9e43","1898","1482","outdoor_scene","RGB","existing_damage","validation","real_damaged","赫达·莫里逊中国相册（Hedda Morrison）","","","","","0","texture_catalog_match_v1+source_attribute_v1","","{""crack"": 0.0068, ""dust"": 0.0112, ""fold"": 0.0332, ""missing_region"": 0.0311, ""mold"": 0.0347, ""scratch"": 0.0146, ""stain"": 0.0742, ""tear"": 0.0524}","{}","0","0","0","0","0","0","0","0","0","0","0","0","0","0","0987d07d82bd6153887c1fda843b38932ccf16511862439b892987d4f7ed9e43","1873628","png"
"1029","clean_near_000362","clean_near","362","photo-0747","1059.png","clean_near_000362.png","dataset_images/clean_near/clean_near_000362.png","ec2bd445310d242429ea8865c37a23d69f00eb596eaeb5d07ed74fedcc4c8853","1883","1457","outdoor_scene","RGB","existing_damage","train","real_damaged","赫达·莫里逊中国相册（Hedda Morrison）","","","","","0","texture_catalog_match_v1+source_attribute_v1","","{""crack"": 0.0073, ""dust"": 0.0114, ""fold"": 0.0336, ""missing_region"": 0.0388, ""mold"": 0.0434, ""scratch"": 0.0135, ""stain"": 0.0921, ""tear"": 0.0515}","{}","0","0","0","0","0","0","0","0","0","0","0","0","0","0","ec2bd445310d242429ea8865c37a23d69f00eb596eaeb5d07ed74fedcc4c8853","1783108","png"
"1031","clean_near_000363","clean_near","363","photo-0749","1061.png","clean_near_000363.png","dataset_images/clean_near/clean_near_000363.png","9398fc664026ab74c370bc7cc4749df2560aae1981f654c40e268b34dab86076","1893","1451","outdoor_scene","RGB","existing_damage","train","real_damaged","赫达·莫里逊中国相册（Hedda Morrison）","","","","","0","texture_catalog_match_v1+source_attribute_v1","","{""crack"": 0.0095, ""dust"": 0.0199, ""fold"": 0.0486, ""missing_region"": 0.0249, ""mold"": 0.0583, ""scratch"": 0.0174, ""stain"": 0.0689, ""tear"": 0.0674}","{}","0","0","0","0","0","0","0","0","0","0","0","0","0","0","9398fc664026ab74c370bc7cc4749df2560aae1981f654c40e268b34dab86076","2013259","png"
"1033","clean_near_000364","clean_near","364","photo-0751","1063.png","clean_near_000364.png","dataset_images/clean_near/clean_near_000364.png","736403795936d0ccdc157ffa11bfd6e340df36dd06c7a76cb6229216f6604d88","1626","1119","outdoor_scene","RGB","existing_damage","train","real_damaged","赫达·莫里逊中国相册（Hedda Morrison）","","","","","0","texture_catalog_match_v1+source_attribute_v1","","{""crack"": 0.0181, ""dust"": 0.0216, ""fold"": 0.061, ""missing_region"": 0.0414, ""mold"": 0.0551, ""scratch"": 0.0221, ""stain"": 0.0646, ""tear"": 0.0487}","{}","0","0","0","0","0","0","0","0","0","0","0","0","0","0","d5f2acb5d469e5d719e9aa5f0f0b79f7af197e43bb352e6d6b1ce5958dceee45","1389348","png"
"1039","clean_near_000365","clean_near","365","photo-0757","1069.png","clean_near_000365.png","dataset_images/clean_near/clean_near_000365.png","d068ce2ad859885d0de46c36ee8cab1a6a19d8998d03a05aba1694693823cb92","1725","1152","single_portrait","RGB","existing_damage","test","real_damaged","赫达·莫里逊中国相册（Hedda Morrison）","","","","","0","texture_catalog_match_v1+source_attribute_v1","","{""crack"": 0.0165, ""dust"": 0.0254, ""fold"": 0.047, ""missing_region"": 0.0383, ""mold"": 0.0481, ""scratch"": 0.0214, ""stain"": 0.0462, ""tear"": 0.0929}","{}","0","0","0","0","0","0","0","0","0","0","0","0","0","0","d068ce2ad859885d0de46c36ee8cab1a6a19d8998d03a05aba1694693823cb92","1636119","png"
"1040","clean_near_000366","clean_near","366","photo-0758","1070.png","clean_near_000366.png","dataset_images/clean_near/clean_near_000366.png","fc80433cc533c3c629974e1d462d6809bf5ce9fcee75fbcf85b52cd1f0ef5dea","1106","1547","single_portrait","RGB","existing_damage","train","real_damaged","赫达·莫里逊中国相册（Hedda Morrison）","","","","","0","texture_catalog_match_v1+source_attribute_v1","","{""crack"": 0.0314, ""dust"": 0.034, ""fold"": 0.0589, ""missing_region"": 0.0312, ""mold"": 0.051, ""scratch"": 0.0323, ""stain"": 0.0612, ""tear"": 0.0623}","{}","0","0","0","0","0","0","0","0","0","0","0","0","0","0","fc80433cc533c3c629974e1d462d6809bf5ce9fcee75fbcf85b52cd1f0ef5dea","1281160","png"
"1041","clean_near_000367","clean_near","367","photo-0759","1071.png","clean_near_000367.png","dataset_images/clean_near/clean_near_000367.png","4ed235568a939e742dae6657d6c7e0c6594fa19e64d6813dda565976b5cc16a2","1102","1212","single_portrait","RGB","existing_damage","train","real_damaged","赫达·莫里逊中国相册（Hedda Morrison）","","","","","0","texture_catalog_match_v1+source_attribute_v1","","{""crack"": 0.0082, ""dust"": 0.0188, ""fold"": 0.0511, ""missing_region"": 0.051, ""mold"": 0.0587, ""scratch"": 0.0227, ""stain"": 0.0632, ""tear"": 0.0599}","{}","0","0","0","0","0","0","0","0","0","0","0","0","0","0","4ed235568a939e742dae6657d6c7e0c6594fa19e64d6813dda565976b5cc16a2","1104796","png"
"1042","clean_near_000368","clean_near","368","photo-0760","1072.png","clean_near_000368.png","dataset_images/clean_near/clean_near_000368.png","c98f403304545a86ee7edfbbe39a00efad025cb7b6a29f9fcb15a48f5c0f5c21","1634","878","single_portrait","RGB","existing_damage","train","real_damaged","赫达·莫里逊中国相册（Hedda Morrison）","","","","","0","texture_catalog_match_v1+source_attribute_v1","","{""crack"": 0.0254, ""dust"": 0.0267, ""fold"": 0.0632, ""missing_region"": 0.0566, ""mold"": 0.0665, ""scratch"": 0.0284, ""stain"": 0.0559, ""tear"": 0.1458}","{}","0","0","0","0","0","0","0","0","0","0","0","0","0","0","c98f403304545a86ee7edfbbe39a00efad025cb7b6a29f9fcb15a48f5c0f5c21","1080505","png"
"1043","clean_near_000369","clean_near","369","photo-0761","1073.png","clean_near_000369.png","dataset_images/clean_near/clean_near_000369.png","7ee5b33f5d7971dfaaae9155db1b025d96c8daddc726d5e7f6387da6b3aa3e61","1102","1456","group_portrait","RGB","existing_damage","train","real_damaged","赫达·莫里逊中国相册（Hedda Morrison）","","","","","0","texture_catalog_match_v1+source_attribute_v1","","{""crack"": 0.0071, ""dust"": 0.0219, ""fold"": 0.0684, ""missing_region"": 0.0363, ""mold"": 0.05, ""scratch"": 0.017, ""stain"": 0.0514, ""tear"": 0.0392}","{}","0","0","0","0","0","0","0","0","0","0","0","0","0","0","7ee5b33f5d7971dfaaae9155db1b025d96c8daddc726d5e7f6387da6b3aa3e61","1610139","png"
"1044","clean_near_000370","clean_near","370","photo-0762","1074.png","clean_near_000370.png","dataset_images/clean_near/clean_near_000370.png","39e695b4bf44368500da3257591054ed403a57bb487e05104e7603e8f968d6cc","1117","1644","single_portrait","RGB","existing_damage","train","real_damaged","赫达·莫里逊中国相册（Hedda Morrison）","","","","","0","texture_catalog_match_v1+source_attribute_v1","","{""crack"": 0.0134, ""dust"": 0.0152, ""fold"": 0.0279, ""missing_region"": 0.0282, ""mold"": 0.0386, ""scratch"": 0.0176, ""stain"": 0.0335, ""tear"": 0.0744}","{}","0","0","0","0","0","0","0","0","0","0","0","0","0","0","39e695b4bf44368500da3257591054ed403a57bb487e05104e7603e8f968d6cc","1244679","png"
"1045","clean_near_000371","clean_near","371","photo-0763","1075.png","clean_near_000371.png","dataset_images/clean_near/clean_near_000371.png","e194a5af2dd150cc5634d27da37989db12d935c0633e78dfd0b138d162758a97","1085","1483","single_portrait","RGB","existing_damage","train","real_damaged","赫达·莫里逊中国相册（Hedda Morrison）","","","","","0","texture_catalog_match_v1+source_attribute_v1","","{""crack"": 0.0099, ""dust"": 0.0143, ""fold"": 0.0225, ""missing_region"": 0.0234, ""mold"": 0.023, ""scratch"": 0.0141, ""stain"": 0.0382, ""tear"": 0.0526}","{}","0","0","0","0","0","0","0","0","0","0","0","0","0","0","309395a17b59ffb47d708fe7a0d99264d0b2a779e9cee837990510259aa639b8","1293390","png"
"1048","clean_near_000372","clean_near","372","photo-0766","1078.png","clean_near_000372.png","dataset_images/clean_near/clean_near_000372.png","b9840150c4f8efc93353973e3974480863c662dc2712db85d0b3d8b9d57a0d5f","1654","1121","group_portrait","RGB","existing_damage","train","real_damaged","赫达·莫里逊中国相册（Hedda Morrison）","","","","","0","texture_catalog_match_v1+source_attribute_v1","","{""crack"": 0.0108, ""dust"": 0.0188, ""fold"": 0.0415, ""missing_region"": 0.052, ""mold"": 0.0448, ""scratch"": 0.0298, ""stain"": 0.0588, ""tear"": 0.0557}","{}","0","0","0","0","0","0","0","0","0","0","0","0","0","0","b9840150c4f8efc93353973e3974480863c662dc2712db85d0b3d8b9d57a0d5f","1331861","png"
"1049","clean_near_000373","clean_near","373","photo-0767","1079.png","clean_near_000373.png","dataset_images/clean_near/clean_near_000373.png","47f6759e08bfd40483115e7887990156c5a61b72aebfc36a4c5a59d02adc9a0a","1650","1132","outdoor_scene","RGB","existing_damage","train","real_damaged","赫达·莫里逊中国相册（Hedda Morrison）","","","","","0","texture_catalog_match_v1+source_attribute_v1","","{""crack"": 0.0182, ""dust"": 0.0191, ""fold"": 0.0384, ""missing_region"": 0.0235, ""mold"": 0.0401, ""scratch"": 0.0174, ""stain"": 0.0506, ""tear"": 0.0442}","{}","0","0","0","0","0","0","0","0","0","0","0","0","0","0","47f6759e08bfd40483115e7887990156c5a61b72aebfc36a4c5a59d02adc9a0a","1239649","png"
"1050","clean_near_000374","clean_near","374","photo-0768","1080.png","clean_near_000374.png","dataset_images/clean_near/clean_near_000374.png","832496574b61bcb92ad90371cb6bc5886131a2d1842755c8e483b9125dedccf1","1660","1127","outdoor_scene","RGB","existing_damage","train","real_damaged","赫达·莫里逊中国相册（Hedda Morrison）","","","","","0","texture_catalog_match_v1+source_attribute_v1","","{""crack"": 0.0178, ""dust"": 0.0217, ""fold"": 0.063, ""missing_region"": 0.0373, ""mold"": 0.0423, ""scratch"": 0.0238, ""stain"": 0.0693, ""tear"": 0.0643}","{}","0","0","0","0","0","0","0","0","0","0","0","0","0","0","832496574b61bcb92ad90371cb6bc5886131a2d1842755c8e483b9125dedccf1","1145542","png"
"1053","clean_near_000375","clean_near","375","photo-0771","1083.png","clean_near_000375.png","dataset_images/clean_near/clean_near_000375.png","5e1591cb5336c4816224b790d82ca42abcd10441766144abcc674523ee745106","1116","1644","outdoor_scene","RGB","existing_damage","validation","real_damaged","赫达·莫里逊中国相册（Hedda Morrison）","","","","","0","texture_catalog_match_v1+source_attribute_v1","","{""crack"": 0.0117, ""dust"": 0.0313, ""fold"": 0.0687, ""missing_region"": 0.0293, ""mold"": 0.0824, ""scratch"": 0.0281, ""stain"": 0.0966, ""tear"": 0.0557}","{}","0","0","0","0","0","0","0","0","0","0","0","0","0","0","5e1591cb5336c4816224b790d82ca42abcd10441766144abcc674523ee745106","1106046","png"
"1054","clean_near_000376","clean_near","376","photo-0772","1084.png","clean_near_000376.png","dataset_images/clean_near/clean_near_000376.png","2c2967b7c29f2a416789662dddd7c612954b5047338df7bc1019de176634cff4","1649","1147","outdoor_scene","RGB","existing_damage","train","real_damaged","赫达·莫里逊中国相册（Hedda Morrison）","","","","","0","texture_catalog_match_v1+source_attribute_v1","","{""crack"": 0.0148, ""dust"": 0.0178, ""fold"": 0.0433, ""missing_region"": 0.0255, ""mold"": 0.0396, ""scratch"": 0.0177, ""stain"": 0.0485, ""tear"": 0.0333}","{}","0","0","0","0","0","0","0","0","0","0","0","0","0","0","2c2967b7c29f2a416789662dddd7c612954b5047338df7bc1019de176634cff4","1282396","png"
"1058","clean_near_000377","clean_near","377","photo-0776","1088.png","clean_near_000377.png","dataset_images/clean_near/clean_near_000377.png","61dc67907b36c324e5d1313c20933633d763f195507afc7ce902868d9ac6265a","1192","1695","outdoor_scene","RGB","existing_damage","train","real_damaged","赫达·莫里逊中国相册（Hedda Morrison）","","","","","0","texture_catalog_match_v1+source_attribute_v1","","{""crack"": 0.018, ""dust"": 0.0158, ""fold"": 0.0441, ""missing_region"": 0.0351, ""mold"": 0.0895, ""scratch"": 0.0221, ""stain"": 0.0637, ""tear"": 0.0717}","{}","0","0","0","0","0","0","0","0","0","0","0","0","0","0","61dc67907b36c324e5d1313c20933633d763f195507afc7ce902868d9ac6265a","1263101","png"
"1059","clean_near_000378","clean_near","378","photo-0777","1089.png","clean_near_000378.png","dataset_images/clean_near/clean_near_000378.png","d5d9bd3836c5997142b26248f0911a7240b331db042ecc190ab2ad06079c5fc6","1649","1116","outdoor_scene","RGB","existing_damage","train","real_damaged","赫达·莫里逊中国相册（Hedda Morrison）","","","","","0","texture_catalog_match_v1+source_attribute_v1","","{""crack"": 0.0268, ""dust"": 0.0332, ""fold"": 0.0643, ""missing_region"": 0.0379, ""mold"": 0.0431, ""scratch"": 0.0264, ""stain"": 0.0675, ""tear"": 0.1144}","{}","0","0","0","0","0","0","0","0","0","0","0","0","0","0","d5d9bd3836c5997142b26248f0911a7240b331db042ecc190ab2ad06079c5fc6","1099953","png"
"1060","clean_near_000379","clean_near","379","photo-0778","1090.png","clean_near_000379.png","dataset_images/clean_near/clean_near_000379.png","6aa25a9e7a93b9f15534157d4412e1824e7179157a66a339df846e39655f46a2","1177","1695","outdoor_scene","RGB","existing_damage","validation","real_damaged","赫达·莫里逊中国相册（Hedda Morrison）","","","","","0","texture_catalog_match_v1+source_attribute_v1","","{""crack"": 0.0126, ""dust"": 0.0285, ""fold"": 0.0609, ""missing_region"": 0.0336, ""mold"": 0.0976, ""scratch"": 0.0242, ""stain"": 0.1006, ""tear"": 0.0654}","{}","0","0","0","0","0","0","0","0","0","0","0","0","0","0","6aa25a9e7a93b9f15534157d4412e1824e7179157a66a339df846e39655f46a2","1351415","png"
"1061","clean_near_000380","clean_near","380","photo-0779","1091.png","clean_near_000380.png","dataset_images/clean_near/clean_near_000380.png","981ad2eae18f265fa36dde79e6d1e928cfc0c6fdbe78646e0d5253042edc9545","1639","1122","outdoor_scene","RGB","existing_damage","train","real_damaged","赫达·莫里逊中国相册（Hedda Morrison）","","","","","0","texture_catalog_match_v1+source_attribute_v1","","{""crack"": 0.0306, ""dust"": 0.0326, ""fold"": 0.0603, ""missing_region"": 0.0303, ""mold"": 0.0419, ""scratch"": 0.0323, ""stain"": 0.056, ""tear"": 0.0911}","{}","0","0","0","0","0","0","0","0","0","0","0","0","0","0","981ad2eae18f265fa36dde79e6d1e928cfc0c6fdbe78646e0d5253042edc9545","1096724","png"
"1062","clean_near_000381","clean_near","381","photo-0780","1092.png","clean_near_000381.png","dataset_images/clean_near/clean_near_000381.png","46c5803ddd446f67c1667d299e4681b3d5c7a37a98a84c22961d1351bbb07bff","1655","1152","outdoor_scene","RGB","existing_damage","validation","real_damaged","赫达·莫里逊中国相册（Hedda Morrison）","","","","","0","texture_catalog_match_v1+source_attribute_v1","","{""crack"": 0.0283, ""dust"": 0.0304, ""fold"": 0.0485, ""missing_region"": 0.0485, ""mold"": 0.0401, ""scratch"": 0.0302, ""stain"": 0.05, ""tear"": 0.0845}","{}","0","0","0","0","0","0","0","0","0","0","0","0","0","0","46c5803ddd446f67c1667d299e4681b3d5c7a37a98a84c22961d1351bbb07bff","1080306","png"
"1063","clean_near_000382","clean_near","382","photo-0781","1093.png","clean_near_000382.png","dataset_images/clean_near/clean_near_000382.png","02f9aa0d3efd83951e3cdb321e55c7f3a775685872e232ff1ea7e711ae6b41ec","1099","1383","outdoor_scene","RGB","existing_damage","train","real_damaged","赫达·莫里逊中国相册（Hedda Morrison）","","","","","0","texture_catalog_match_v1+source_attribute_v1","","{""crack"": 0.0211, ""dust"": 0.0404, ""fold"": 0.0507, ""missing_region"": 0.0468, ""mold"": 0.068, ""scratch"": 0.0348, ""stain"": 0.127, ""tear"": 0.085}","{}","0","0","0","0","0","0","0","0","0","0","0","0","0","0","508650bb61faabe4b30aa058953a983f542cdae13cfbdcb6220b664d72949acc","1420277","png"
"1064","clean_near_000383","clean_near","383","photo-0782","1094.png","clean_near_000383.png","dataset_images/clean_near/clean_near_000383.png","3e86f91c3b615ba5cb114fae8bb799e100a1ac17c66910f3961d12197d3b18ea","1126","1339","outdoor_scene","RGB","existing_damage","validation","real_damaged","赫达·莫里逊中国相册（Hedda Morrison）","","","","","0","texture_catalog_match_v1+source_attribute_v1","","{""crack"": 0.0107, ""dust"": 0.0248, ""fold"": 0.075, ""missing_region"": 0.0512, ""mold"": 0.0998, ""scratch"": 0.0279, ""stain"": 0.1268, ""tear"": 0.0688}","{}","0","0","0","0","0","0","0","0","0","0","0","0","0","0","3e86f91c3b615ba5cb114fae8bb799e100a1ac17c66910f3961d12197d3b18ea","1213013","png"
"1067","clean_near_000384","clean_near","384","photo-0785","1097.png","clean_near_000384.png","dataset_images/clean_near/clean_near_000384.png","40b4e1b13a9d2a4762f1a8a7f32a8076c5c9ac343c7f16f3909488171150d063","1121","1345","outdoor_scene","RGB","existing_damage","train","real_damaged","赫达·莫里逊中国相册（Hedda Morrison）","","","","","0","texture_catalog_match_v1+source_attribute_v1","","{""crack"": 0.0189, ""dust"": 0.0221, ""fold"": 0.0731, ""missing_region"": 0.0462, ""mold"": 0.0501, ""scratch"": 0.0212, ""stain"": 0.0579, ""tear"": 0.1359}","{}","0","0","0","0","0","0","0","0","0","0","0","0","0","0","40b4e1b13a9d2a4762f1a8a7f32a8076c5c9ac343c7f16f3909488171150d063","1034962","png"
"1068","clean_near_000385","clean_near","385","photo-0786","1098.png","clean_near_000385.png","dataset_images/clean_near/clean_near_000385.png","f51cd30b5426a8b05a214269de952c4050d28a0c86890658e5b47008f94d1136","1112","1173","outdoor_scene","RGB","existing_damage","train","real_damaged","赫达·莫里逊中国相册（Hedda Morrison）","","","","","0","texture_catalog_match_v1+source_attribute_v1","","{""crack"": 0.0132, ""dust"": 0.0317, ""fold"": 0.1305, ""missing_region"": 0.0732, ""mold"": 0.1221, ""scratch"": 0.0363, ""stain"": 0.1414, ""tear"": 0.1096}","{}","0","0","0","0","0","0","0","0","0","0","0","0","0","0","f51cd30b5426a8b05a214269de952c4050d28a0c86890658e5b47008f94d1136","1011969","png"
"1069","clean_near_000386","clean_near","386","photo-0787","1099.png","clean_near_000386.png","dataset_images/clean_near/clean_near_000386.png","4c0f8901e7cafc465392f0ae3bf6b3a03b77e6e60ce96daaa099d49453b6757f","1132","1487","outdoor_scene","RGB","existing_damage","train","real_damaged","赫达·莫里逊中国相册（Hedda Morrison）","","","","","0","texture_catalog_match_v1+source_attribute_v1","","{""crack"": 0.0175, ""dust"": 0.0204, ""fold"": 0.093, ""missing_region"": 0.0799, ""mold"": 0.17, ""scratch"": 0.0301, ""stain"": 0.0994, ""tear"": 0.1151}","{}","0","0","0","0","0","0","0","0","0","0","0","0","0","0","4c0f8901e7cafc465392f0ae3bf6b3a03b77e6e60ce96daaa099d49453b6757f","1197170","png"
"1070","clean_near_000387","clean_near","387","photo-0788","1100.png","clean_near_000387.png","dataset_images/clean_near/clean_near_000387.png","52e027c96aa5aaf61b26d526a1350897dcc2205b2e8687152a3090fde0606437","1182","1553","group_portrait","RGB","existing_damage","train","real_damaged","赫达·莫里逊中国相册（Hedda Morrison）","","","","","0","texture_catalog_match_v1+source_attribute_v1","","{""crack"": 0.0085, ""dust"": 0.0198, ""fold"": 0.0456, ""missing_region"": 0.0476, ""mold"": 0.0549, ""scratch"": 0.0186, ""stain"": 0.0613, ""tear"": 0.0798}","{}","0","0","0","0","0","0","0","0","0","0","0","0","0","0","52e027c96aa5aaf61b26d526a1350897dcc2205b2e8687152a3090fde0606437","1338376","png"
"1071","clean_near_000388","clean_near","388","photo-0789","1101.png","clean_near_000388.png","dataset_images/clean_near/clean_near_000388.png","e219e6609482c3abf0b6f73f9c12b140d1419a7244d418750697ed189dca24f1","1112","1636","group_portrait","RGB","existing_damage","train","real_damaged","赫达·莫里逊中国相册（Hedda Morrison）","","","","","0","texture_catalog_match_v1+source_attribute_v1","","{""crack"": 0.0074, ""dust"": 0.023, ""fold"": 0.0511, ""missing_region"": 0.0589, ""mold"": 0.0776, ""scratch"": 0.0231, ""stain"": 0.1173, ""tear"": 0.0869}","{}","0","0","0","0","0","0","0","0","0","0","0","0","0","0","88df449ec523d93f683681b75c7c8f2dd86b0c93e90a0db38576e37a533f7d66","1580677","png"
"1074","clean_near_000389","clean_near","389","photo-0793","1104.png","clean_near_000389.png","dataset_images/clean_near/clean_near_000389.png","41bb333bbc69d50bd6dd755baab1ac244971c91ba162b6f6ec27fdae57a2dee8","1517","2045","single_portrait","RGB","existing_damage","train","real_damaged","赫达·莫里逊中国相册（Hedda Morrison）","","","","","0","texture_catalog_match_v1+source_attribute_v1","","{""crack"": 0.008, ""dust"": 0.0143, ""fold"": 0.0487, ""missing_region"": 0.0366, ""mold"": 0.06, ""scratch"": 0.0206, ""stain"": 0.055, ""tear"": 0.0573}","{}","0","0","0","0","0","0","0","0","0","0","0","0","0","0","41bb333bbc69d50bd6dd755baab1ac244971c91ba162b6f6ec27fdae57a2dee8","2856753","png"
"1079","clean_near_000390","clean_near","390","photo-0798","1109.png","clean_near_000390.png","dataset_images/clean_near/clean_near_000390.png","85759dcbeb03124ede1687ae728bddee6c77aef7971819fa381d4df405fcc792","1507","2035","outdoor_scene","RGB","existing_damage","train","real_damaged","赫达·莫里逊中国相册（Hedda Morrison）","","","","","0","texture_catalog_match_v1+source_attribute_v1","","{""crack"": 0.0077, ""dust"": 0.0211, ""fold"": 0.1017, ""missing_region"": 0.0393, ""mold"": 0.0667, ""scratch"": 0.0265, ""stain"": 0.0579, ""tear"": 0.0613}","{}","0","0","0","0","0","0","0","0","0","0","0","0","0","0","85759dcbeb03124ede1687ae728bddee6c77aef7971819fa381d4df405fcc792","2770570","png"
"1082","clean_near_000391","clean_near","391","photo-0801","1112.png","clean_near_000391.png","dataset_images/clean_near/clean_near_000391.png","ed7b898737bb1874843338123f7d2d4543eb858dcc0b4145cb1b45d044a8bf29","2050","1502","outdoor_scene","RGB","existing_damage","train","real_damaged","赫达·莫里逊中国相册（Hedda Morrison）","","","","","0","texture_catalog_match_v1+source_attribute_v1","","{""crack"": 0.0119, ""dust"": 0.0324, ""fold"": 0.1058, ""missing_region"": 0.0919, ""mold"": 0.1204, ""scratch"": 0.0355, ""stain"": 0.1429, ""tear"": 0.1574}","{}","0","0","0","0","0","0","0","0","0","0","0","0","0","0","5b73cdf49c822f503e04c6c8039c658328bc2a6893f42fe35b07b305244de78f","3009884","png"
"1083","clean_near_000392","clean_near","392","photo-0802","1113.png","clean_near_000392.png","dataset_images/clean_near/clean_near_000392.png","717d949df14661f26509d408ce126c63682a8abfd1c9d45bc9aa02e052efdb11","1507","2035","group_portrait","RGB","existing_damage","train","real_damaged","赫达·莫里逊中国相册（Hedda Morrison）","","","","","0","texture_catalog_match_v1+source_attribute_v1","","{""crack"": 0.0183, ""dust"": 0.0237, ""fold"": 0.0616, ""missing_region"": 0.0382, ""mold"": 0.0745, ""scratch"": 0.0243, ""stain"": 0.0712, ""tear"": 0.0937}","{}","0","0","0","0","0","0","0","0","0","0","0","0","0","0","717d949df14661f26509d408ce126c63682a8abfd1c9d45bc9aa02e052efdb11","2779130","png"
"1084","clean_near_000393","clean_near","393","photo-0803","1114.png","clean_near_000393.png","dataset_images/clean_near/clean_near_000393.png","28907bbcdba79fd113bceb91036f63d4a4234af0bf6db915b73216d891cf7129","2040","1503","architecture","RGB","existing_damage","train","real_damaged","赫达·莫里逊中国相册（Hedda Morrison）","","","","","0","texture_catalog_match_v1+source_attribute_v1","","{""crack"": 0.0068, ""dust"": 0.014, ""fold"": 0.0355, ""missing_region"": 0.0519, ""mold"": 0.0668, ""scratch"": 0.0227, ""stain"": 0.0491, ""tear"": 0.0519}","{}","0","0","0","0","0","0","0","0","0","0","0","0","0","0","46b281955c86a9e5b0ac979139ce83d3336ed5645f934d82fa93619ab966a8bc","3111180","png"
"1086","clean_near_000394","clean_near","394","photo-0805","1116.png","clean_near_000394.png","dataset_images/clean_near/clean_near_000394.png","784a429723d9a71101f7131df6e4dd3ba58fb6674e09af1f91caf1fc5059b7d9","2055","1512","outdoor_scene","RGB","existing_damage","train","real_damaged","赫达·莫里逊中国相册（Hedda Morrison）","","","","","0","texture_catalog_match_v1+source_attribute_v1","","{""crack"": 0.0149, ""dust"": 0.0217, ""fold"": 0.0564, ""missing_region"": 0.0328, ""mold"": 0.06, ""scratch"": 0.0266, ""stain"": 0.068, ""tear"": 0.0776}","{}","0","0","0","0","0","0","0","0","0","0","0","0","0","0","784a429723d9a71101f7131df6e4dd3ba58fb6674e09af1f91caf1fc5059b7d9","2450536","png"
"1087","clean_near_000395","clean_near","395","photo-0806","1117.png","clean_near_000395.png","dataset_images/clean_near/clean_near_000395.png","daf4c7c781ca0911eb2dfc4b7b43fd6d90a934b9d3098f0282bb9641ffa1982a","1502","2015","outdoor_scene","RGB","existing_damage","validation","real_damaged","赫达·莫里逊中国相册（Hedda Morrison）","","","","","0","texture_catalog_match_v1+source_attribute_v1","","{""crack"": 0.0089, ""dust"": 0.0285, ""fold"": 0.0954, ""missing_region"": 0.0536, ""mold"": 0.1187, ""scratch"": 0.0316, ""stain"": 0.0756, ""tear"": 0.0849}","{}","0","0","0","0","0","0","0","0","0","0","0","0","0","0","daf4c7c781ca0911eb2dfc4b7b43fd6d90a934b9d3098f0282bb9641ffa1982a","2654219","png"
"1088","clean_near_000396","clean_near","396","photo-0807","1118.png","clean_near_000396.png","dataset_images/clean_near/clean_near_000396.png","fb936cbf411a5f768cd1d89a026d779b09d9246101bb17bf92f14720aac607ed","1497","1948","single_portrait","RGB","existing_damage","train","real_damaged","赫达·莫里逊中国相册（Hedda Morrison）","","","","","0","texture_catalog_match_v1+source_attribute_v1","","{""crack"": 0.0273, ""dust"": 0.032, ""fold"": 0.0708, ""missing_region"": 0.03, ""mold"": 0.0789, ""scratch"": 0.0343, ""stain"": 0.0592, ""tear"": 0.0989}","{}","0","0","0","0","0","0","0","0","0","0","0","0","0","0","fb936cbf411a5f768cd1d89a026d779b09d9246101bb17bf92f14720aac607ed","2587186","png"
"1090","clean_near_000397","clean_near","397","photo-0809","1120.png","clean_near_000397.png","dataset_images/clean_near/clean_near_000397.png","201867829b2cb37bf2a257c367b2e6b7094e53151e57976eaa074a86b89aa7fb","2050","1512","outdoor_scene","RGB","existing_damage","train","real_damaged","赫达·莫里逊中国相册（Hedda Morrison）","","","","","0","texture_catalog_match_v1+source_attribute_v1","","{""crack"": 0.0079, ""dust"": 0.0316, ""fold"": 0.1048, ""missing_region"": 0.0771, ""mold"": 0.1333, ""scratch"": 0.0304, ""stain"": 0.1063, ""tear"": 0.1333}","{}","0","0","0","0","0","0","0","0","0","0","0","0","0","0","201867829b2cb37bf2a257c367b2e6b7094e53151e57976eaa074a86b89aa7fb","2978246","png"
"1091","clean_near_000398","clean_near","398","photo-0810","1121.png","clean_near_000398.png","dataset_images/clean_near/clean_near_000398.png","06b90af17b7959722ce323e0450be5f24d6d869440c3a9add80a47988e2b3804","1502","2019","outdoor_scene","RGB","existing_damage","train","real_damaged","赫达·莫里逊中国相册（Hedda Morrison）","","","","","0","texture_catalog_match_v1+source_attribute_v1","","{""crack"": 0.0123, ""dust"": 0.0315, ""fold"": 0.1036, ""missing_region"": 0.0421, ""mold"": 0.069, ""scratch"": 0.0325, ""stain"": 0.1257, ""tear"": 0.1515}","{}","0","0","0","0","0","0","0","0","0","0","0","0","0","0","06b90af17b7959722ce323e0450be5f24d6d869440c3a9add80a47988e2b3804","2662116","png"
"1093","clean_near_000399","clean_near","399","photo-0812","1123.png","clean_near_000399.png","dataset_images/clean_near/clean_near_000399.png","324eb0f069a0c82f2ea43793918c177a4f74d7d7934d7544a17baa75a9c1b9d5","1512","2051","architecture","RGB","existing_damage","train","real_damaged","赫达·莫里逊中国相册（Hedda Morrison）","","","","","0","texture_catalog_match_v1+source_attribute_v1","","{""crack"": 0.0124, ""dust"": 0.0145, ""fold"": 0.0462, ""missing_region"": 0.0234, ""mold"": 0.0284, ""scratch"": 0.0199, ""stain"": 0.0456, ""tear"": 0.093}","{}","0","0","0","0","0","0","0","0","0","0","0","0","0","0","324eb0f069a0c82f2ea43793918c177a4f74d7d7934d7544a17baa75a9c1b9d5","2531554","png"
"1095","clean_near_000400","clean_near","400","photo-0814","1125.png","clean_near_000400.png","dataset_images/clean_near/clean_near_000400.png","b914fc673244ff115d5bf3f469689c33104005ac099fc1c6883199968c56d22d","2045","1502","outdoor_scene","RGB","existing_damage","validation","real_damaged","赫达·莫里逊中国相册（Hedda Morrison）","","","","","0","texture_catalog_match_v1+source_attribute_v1","","{""crack"": 0.0275, ""dust"": 0.0413, ""fold"": 0.087, ""missing_region"": 0.0377, ""mold"": 0.0929, ""scratch"": 0.0359, ""stain"": 0.087, ""tear"": 0.1342}","{}","0","0","0","0","0","0","0","0","0","0","0","0","0","0","b914fc673244ff115d5bf3f469689c33104005ac099fc1c6883199968c56d22d","2460148","png"
"1096","clean_near_000401","clean_near","401","photo-0815","1126.png","clean_near_000401.png","dataset_images/clean_near/clean_near_000401.png","eae862c9a2e5460bf751f5541a9c0815bee8b44f642daa1f4def573a535e0b03","1512","1545","outdoor_scene","RGB","existing_damage","train","real_damaged","赫达·莫里逊中国相册（Hedda Morrison）","","","","","0","texture_catalog_match_v1+source_attribute_v1","","{""crack"": 0.0206, ""dust"": 0.0226, ""fold"": 0.0665, ""missing_region"": 0.0325, ""mold"": 0.0852, ""scratch"": 0.0273, ""stain"": 0.0829, ""tear"": 0.0626}","{}","0","0","0","0","0","0","0","0","0","0","0","0","0","0","d0087778330d16bd6d37fec547444bfaea36ef177a0a4f7083eb85cc1c864ab4","2326165","png"
"1097","clean_near_000402","clean_near","402","photo-0816","1127.png","clean_near_000402.png","dataset_images/clean_near/clean_near_000402.png","b3e5dcd6ed4e287f6ab6517fec459d6f92d7e702f52e43eed5cec4a9bb486793","1507","2040","group_portrait","RGB","existing_damage","train","real_damaged","赫达·莫里逊中国相册（Hedda Morrison）","","","","","0","texture_catalog_match_v1+source_attribute_v1","","{""crack"": 0.0276, ""dust"": 0.0386, ""fold"": 0.068, ""missing_region"": 0.0479, ""mold"": 0.1158, ""scratch"": 0.0372, ""stain"": 0.0869, ""tear"": 0.0992}","{}","0","0","0","0","0","0","0","0","0","0","0","0","0","0","b3e5dcd6ed4e287f6ab6517fec459d6f92d7e702f52e43eed5cec4a9bb486793","2576933","png"
"1098","clean_near_000403","clean_near","403","photo-0817","1128.png","clean_near_000403.png","dataset_images/clean_near/clean_near_000403.png","a314f609712d6bed176017d963ae481939bfa40568110d64c73c4d7adaa0ffc9","1507","2045","outdoor_scene","RGB","existing_damage","train","real_damaged","赫达·莫里逊中国相册（Hedda Morrison）","","","","","0","texture_catalog_match_v1+source_attribute_v1","","{""crack"": 0.0146, ""dust"": 0.0217, ""fold"": 0.0742, ""missing_region"": 0.0294, ""mold"": 0.0431, ""scratch"": 0.023, ""stain"": 0.058, ""tear"": 0.1447}","{}","0","0","0","0","0","0","0","0","0","0","0","0","0","0","a314f609712d6bed176017d963ae481939bfa40568110d64c73c4d7adaa0ffc9","2268926","png"
"1100","clean_near_000404","clean_near","404","photo-0819","1130.png","clean_near_000404.png","dataset_images/clean_near/clean_near_000404.png","3285d16d3d03ecba4a36a13792e1b263f54e892d5499546c2d32a141ca7f5eba","1507","1959","architecture","RGB","existing_damage","train","real_damaged","赫达·莫里逊中国相册（Hedda Morrison）","","","","","0","texture_catalog_match_v1+source_attribute_v1","","{""crack"": 0.0193, ""dust"": 0.0318, ""fold"": 0.0743, ""missing_region"": 0.0295, ""mold"": 0.086, ""scratch"": 0.0347, ""stain"": 0.0926, ""tear"": 0.1507}","{}","0","0","0","0","0","0","0","0","0","0","0","0","0","0","3285d16d3d03ecba4a36a13792e1b263f54e892d5499546c2d32a141ca7f5eba","2367227","png"
"1101","clean_near_000405","clean_near","405","photo-0820","1131.png","clean_near_000405.png","dataset_images/clean_near/clean_near_000405.png","58708919b81d914c3f59207e434c3a0d44ac8fab9e11d663b70584f9194adc8a","1512","2035","architecture","RGB","existing_damage","train","real_damaged","赫达·莫里逊中国相册（Hedda Morrison）","","","","","0","texture_catalog_match_v1+source_attribute_v1","","{""crack"": 0.0157, ""dust"": 0.0213, ""fold"": 0.0662, ""missing_region"": 0.052, ""mold"": 0.062, ""scratch"": 0.0239, ""stain"": 0.0581, ""tear"": 0.1246}","{}","0","0","0","0","0","0","0","0","0","0","0","0","0","0","58708919b81d914c3f59207e434c3a0d44ac8fab9e11d663b70584f9194adc8a","2655688","png"
"1102","clean_near_000406","clean_near","406","photo-0821","1132.png","clean_near_000406.png","dataset_images/clean_near/clean_near_000406.png","ba3713b663f2426c8a6d5a702c250ecc0a32b2fe7ad22fd0e0a8d67cac639c53","2038","1222","architecture","RGB","existing_damage","train","real_damaged","赫达·莫里逊中国相册（Hedda Morrison）","","","","","0","texture_catalog_match_v1+source_attribute_v1","","{""crack"": 0.0092, ""dust"": 0.032, ""fold"": 0.1237, ""missing_region"": 0.0585, ""mold"": 0.1041, ""scratch"": 0.0399, ""stain"": 0.1327, ""tear"": 0.1181}","{}","0","0","0","0","0","0","0","0","0","0","0","0","0","0","09bae727bb9491f51e769e008f404461736afb96daf9ac4c15703a91b34290ce","2524738","png"
"1103","clean_near_000407","clean_near","407","photo-0822","1133.png","clean_near_000407.png","dataset_images/clean_near/clean_near_000407.png","49c333a4cf06ce26666f7f095b5f087e6f33980fd4a3e8fd7c34a892c9912a86","2045","1507","outdoor_scene","RGB","existing_damage","train","real_damaged","赫达·莫里逊中国相册（Hedda Morrison）","","","","","0","texture_catalog_match_v1+source_attribute_v1","","{""crack"": 0.019, ""dust"": 0.0154, ""fold"": 0.0323, ""missing_region"": 0.0221, ""mold"": 0.0407, ""scratch"": 0.0206, ""stain"": 0.0336, ""tear"": 0.0847}","{}","0","0","0","0","0","0","0","0","0","0","0","0","0","0","49c333a4cf06ce26666f7f095b5f087e6f33980fd4a3e8fd7c34a892c9912a86","2214391","png"
"1105","clean_near_000408","clean_near","408","photo-0824","1135.png","clean_near_000408.png","dataset_images/clean_near/clean_near_000408.png","2eb70122b21e2d60ae888e030ad53903c4c416b69566d48dbc00bd7821a377d3","2058","1517","indoor_scene","RGB","existing_damage","train","real_damaged","赫达·莫里逊中国相册（Hedda Morrison）","","","","","0","texture_catalog_match_v1+source_attribute_v1","","{""crack"": 0.0064, ""dust"": 0.0119, ""fold"": 0.0248, ""missing_region"": 0.0292, ""mold"": 0.0461, ""scratch"": 0.0132, ""stain"": 0.0862, ""tear"": 0.0609}","{}","0","0","0","0","0","0","0","0","0","0","0","0","0","0","b227b09def10c67e4f89f3af40e8f3b31f0cc34b62a5cb2dc2722d27ea74b7b3","2691511","png"
"1106","clean_near_000409","clean_near","409","photo-0825","1136.png","clean_near_000409.png","dataset_images/clean_near/clean_near_000409.png","0d5c0361c980e0c910d954f2c31dc4635c834b1456590bfbe6c75841dd9e63b8","2045","1523","outdoor_scene","RGB","existing_damage","train","real_damaged","赫达·莫里逊中国相册（Hedda Morrison）","","","","","0","texture_catalog_match_v1+source_attribute_v1","","{""crack"": 0.0111, ""dust"": 0.0217, ""fold"": 0.042, ""missing_region"": 0.025, ""mold"": 0.0398, ""scratch"": 0.0186, ""stain"": 0.0841, ""tear"": 0.0696}","{}","0","0","0","0","0","0","0","0","0","0","0","0","0","0","0d5c0361c980e0c910d954f2c31dc4635c834b1456590bfbe6c75841dd9e63b8","2806361","png"
"1107","clean_near_000410","clean_near","410","photo-0826","1137.png","clean_near_000410.png","dataset_images/clean_near/clean_near_000410.png","dd18729cb38bf3417341a286f98bccaef26f40866de3dc865d9d9b07e9a935a2","1507","2035","single_portrait","RGB","existing_damage","train","real_damaged","赫达·莫里逊中国相册（Hedda Morrison）","","","","","0","texture_catalog_match_v1+source_attribute_v1","","{""crack"": 0.0047, ""dust"": 0.0101, ""fold"": 0.051, ""missing_region"": 0.0899, ""mold"": 0.0638, ""scratch"": 0.0228, ""stain"": 0.0433, ""tear"": 0.0966}","{}","0","0","0","0","0","0","0","0","0","0","0","0","0","0","dd18729cb38bf3417341a286f98bccaef26f40866de3dc865d9d9b07e9a935a2","2789223","png"
"1108","clean_near_000411","clean_near","411","photo-0827","1138.png","clean_near_000411.png","dataset_images/clean_near/clean_near_000411.png","d7efe3b86fd9e3f83d9c52b22c928d630b2c95c2e94dff1ca88e9d379ef33eb9","1517","2055","outdoor_scene","RGB","existing_damage","validation","real_damaged","赫达·莫里逊中国相册（Hedda Morrison）","","","","","0","texture_catalog_match_v1+source_attribute_v1","","{""crack"": 0.0155, ""dust"": 0.032, ""fold"": 0.1239, ""missing_region"": 0.0575, ""mold"": 0.1007, ""scratch"": 0.0404, ""stain"": 0.11, ""tear"": 0.0789}","{}","0","0","0","0","0","0","0","0","0","0","0","0","0","0","d7efe3b86fd9e3f83d9c52b22c928d630b2c95c2e94dff1ca88e9d379ef33eb9","2534190","png"
"1109","clean_near_000412","clean_near","412","photo-0828","1139.png","clean_near_000412.png","dataset_images/clean_near/clean_near_000412.png","b09568d1857d5e613fa751ed8bd44fbcdef78083190618a299706a06423421f0","1522","2055","outdoor_scene","RGB","existing_damage","train","real_damaged","赫达·莫里逊中国相册（Hedda Morrison）","","","","","0","texture_catalog_match_v1+source_attribute_v1","","{""crack"": 0.0189, ""dust"": 0.0228, ""fold"": 0.0512, ""missing_region"": 0.0315, ""mold"": 0.0561, ""scratch"": 0.0212, ""stain"": 0.0616, ""tear"": 0.173}","{}","0","0","0","0","0","0","0","0","0","0","0","0","0","0","b09568d1857d5e613fa751ed8bd44fbcdef78083190618a299706a06423421f0","2451865","png"
"1110","clean_near_000413","clean_near","413","photo-0829","1140.png","clean_near_000413.png","dataset_images/clean_near/clean_near_000413.png","e5503d7f844217fc82bb6e8d7582a069b4d6abd6761037193ede7ba4a1d8ea46","1517","2050","outdoor_scene","RGB","existing_damage","train","real_damaged","赫达·莫里逊中国相册（Hedda Morrison）","","","","","0","texture_catalog_match_v1+source_attribute_v1","","{""crack"": 0.0169, ""dust"": 0.0372, ""fold"": 0.094, ""missing_region"": 0.0514, ""mold"": 0.1099, ""scratch"": 0.0293, ""stain"": 0.1086, ""tear"": 0.0879}","{}","0","0","0","0","0","0","0","0","0","0","0","0","0","0","0aeeeb5384e873e72f89ad18fb486eb08a8b630cefa3d98e9dccde364adde007","2894284","png"
"1111","clean_near_000414","clean_near","414","photo-0830","1141.png","clean_near_000414.png","dataset_images/clean_near/clean_near_000414.png","4a60b58aba06e61317b327213ba29b5e7e34d15fe2fb9b0bb8c6f13f2363233e","1507","2034","architecture","RGB","existing_damage","train","real_damaged","赫达·莫里逊中国相册（Hedda Morrison）","","","","","0","texture_catalog_match_v1+source_attribute_v1","","{""crack"": 0.0243, ""dust"": 0.0328, ""fold"": 0.1005, ""missing_region"": 0.0693, ""mold"": 0.0817, ""scratch"": 0.0337, ""stain"": 0.0969, ""tear"": 0.1139}","{}","0","0","0","0","0","0","0","0","0","0","0","0","0","0","4a60b58aba06e61317b327213ba29b5e7e34d15fe2fb9b0bb8c6f13f2363233e","2882593","png"
"1113","clean_near_000415","clean_near","415","photo-0832","1143.png","clean_near_000415.png","dataset_images/clean_near/clean_near_000415.png","ad1c0210933678185af4a3c3ee28bbdfcdbaf5e3e00458254a02a51b90d5843b","1502","1822","single_portrait","RGB","existing_damage","train","real_damaged","赫达·莫里逊中国相册（Hedda Morrison）","","","","","0","texture_catalog_match_v1+source_attribute_v1","","{""crack"": 0.013, ""dust"": 0.032, ""fold"": 0.0648, ""missing_region"": 0.0607, ""mold"": 0.0883, ""scratch"": 0.0264, ""stain"": 0.1209, ""tear"": 0.069}","{}","0","0","0","0","0","0","0","0","0","0","0","0","0","0","ad1c0210933678185af4a3c3ee28bbdfcdbaf5e3e00458254a02a51b90d5843b","2320838","png"
"1114","clean_near_000416","clean_near","416","photo-0833","1144.png","clean_near_000416.png","dataset_images/clean_near/clean_near_000416.png","cd7114120c57841e56257112bcfcae6938bca4cbe7ecffee54c9029e68a6afeb","1506","1979","architecture","RGB","existing_damage","train","real_damaged","赫达·莫里逊中国相册（Hedda Morrison）","","","","","0","texture_catalog_match_v1+source_attribute_v1","","{""crack"": 0.0123, ""dust"": 0.0288, ""fold"": 0.1143, ""missing_region"": 0.0831, ""mold"": 0.1107, ""scratch"": 0.0307, ""stain"": 0.1563, ""tear"": 0.0877}","{}","0","0","0","0","0","0","0","0","0","0","0","0","0","0","90dc08a2d8730225f1f81fa4a628a08eb0a5ca0a5bf5d0251314a6926b8bdfc2","3034742","png"
"1115","clean_near_000417","clean_near","417","photo-0834","1145.png","clean_near_000417.png","dataset_images/clean_near/clean_near_000417.png","43dbae31b10f726145997d47313545f7bff3429c958ea102b66df68840df718c","1503","2035","architecture","RGB","existing_damage","train","real_damaged","赫达·莫里逊中国相册（Hedda Morrison）","","","","","0","texture_catalog_match_v1+source_attribute_v1","","{""crack"": 0.0113, ""dust"": 0.019, ""fold"": 0.0458, ""missing_region"": 0.11, ""mold"": 0.0891, ""scratch"": 0.0217, ""stain"": 0.1323, ""tear"": 0.11}","{}","0","0","0","0","0","0","0","0","0","0","0","0","0","0","43dbae31b10f726145997d47313545f7bff3429c958ea102b66df68840df718c","2472232","png"
"1116","clean_near_000418","clean_near","418","photo-0835","1146.png","clean_near_000418.png","dataset_images/clean_near/clean_near_000418.png","793899aea33b43c8d5c2df781db6002c29ed322743ff064459edd0ec7b56896a","1507","2045","single_portrait","RGB","existing_damage","train","real_damaged","赫达·莫里逊中国相册（Hedda Morrison）","","","","","0","texture_catalog_match_v1+source_attribute_v1","","{""crack"": 0.0041, ""dust"": 0.0076, ""fold"": 0.0176, ""missing_region"": 0.0307, ""mold"": 0.0192, ""scratch"": 0.0101, ""stain"": 0.0157, ""tear"": 0.0307}","{}","0","0","0","0","0","0","0","0","0","0","0","0","0","0","793899aea33b43c8d5c2df781db6002c29ed322743ff064459edd0ec7b56896a","2132252","png"
"1117","clean_near_000419","clean_near","419","photo-0836","1147.png","clean_near_000419.png","dataset_images/clean_near/clean_near_000419.png","1dff7b4b9d33130e9f8ec7fa3d8bb4a17bf7f951d244516b75daf5193b9a82c4","1502","2050","outdoor_scene","RGB","existing_damage","train","real_damaged","赫达·莫里逊中国相册（Hedda Morrison）","","","","","0","texture_catalog_match_v1+source_attribute_v1","","{""crack"": 0.0129, ""dust"": 0.0254, ""fold"": 0.097, ""missing_region"": 0.0524, ""mold"": 0.1233, ""scratch"": 0.0264, ""stain"": 0.0998, ""tear"": 0.1175}","{}","0","0","0","0","0","0","0","0","0","0","0","0","0","0","1dff7b4b9d33130e9f8ec7fa3d8bb4a17bf7f951d244516b75daf5193b9a82c4","2368639","png"
"1118","clean_near_000420","clean_near","420","photo-0837","1148.png","clean_near_000420.png","dataset_images/clean_near/clean_near_000420.png","157bd9ce341f4b4c4da28bbd287049f9881502f863a2fb05b58d048f8d662165","2058","1522","group_portrait","RGB","existing_damage","validation","real_damaged","赫达·莫里逊中国相册（Hedda Morrison）","","","","","0","texture_catalog_match_v1+source_attribute_v1","","{""crack"": 0.0286, ""dust"": 0.0361, ""fold"": 0.0677, ""missing_region"": 0.0382, ""mold"": 0.0797, ""scratch"": 0.0324, ""stain"": 0.0809, ""tear"": 0.0894}","{}","0","0","0","0","0","0","0","0","0","0","0","0","0","0","bf3eff45bf777727396427277a408bf0c8e80c2e92d8c5c81f4c2299aee67eaa","2331282","png"
"1119","clean_near_000421","clean_near","421","photo-0838","1149.png","clean_near_000421.png","dataset_images/clean_near/clean_near_000421.png","12de93bc21dd48bdb460d7830a38eaa1b88aaec0454c52f679df1062c11c6cd2","2045","1487","architecture","RGB","existing_damage","train","real_damaged","赫达·莫里逊中国相册（Hedda Morrison）","","","","","0","texture_catalog_match_v1+source_attribute_v1","","{""crack"": 0.013, ""dust"": 0.0311, ""fold"": 0.1048, ""missing_region"": 0.0502, ""mold"": 0.1191, ""scratch"": 0.0343, ""stain"": 0.1071, ""tear"": 0.0738}","{}","0","0","0","0","0","0","0","0","0","0","0","0","0","0","12de93bc21dd48bdb460d7830a38eaa1b88aaec0454c52f679df1062c11c6cd2","2521229","png"
"1120","clean_near_000422","clean_near","422","photo-0839","1150.png","clean_near_000422.png","dataset_images/clean_near/clean_near_000422.png","f849a47032f4190dd9bc5e2050481b246b02802bfea69764ef87a3ecd9273c76","1497","2045","architecture","RGB","existing_damage","train","real_damaged","赫达·莫里逊中国相册（Hedda Morrison）","","","","","0","texture_catalog_match_v1+source_attribute_v1","","{""crack"": 0.0108, ""dust"": 0.0325, ""fold"": 0.1026, ""missing_region"": 0.0513, ""mold"": 0.0965, ""scratch"": 0.0342, ""stain"": 0.1148, ""tear"": 0.0972}","{}","0","0","0","0","0","0","0","0","0","0","0","0","0","0","f849a47032f4190dd9bc5e2050481b246b02802bfea69764ef87a3ecd9273c76","2616551","png"
"1122","clean_near_000423","clean_near","423","photo-0841","1152.png","clean_near_000423.png","dataset_images/clean_near/clean_near_000423.png","2ef8888b9ad18bef5c4f38d810c9384ae108dc7cbb83a97bc3414c65b52daeec","1508","2040","group_portrait","RGB","existing_damage","train","real_damaged","赫达·莫里逊中国相册（Hedda Morrison）","","","","","0","texture_catalog_match_v1+source_attribute_v1","","{""crack"": 0.0128, ""dust"": 0.0195, ""fold"": 0.0601, ""missing_region"": 0.056, ""mold"": 0.0574, ""scratch"": 0.0245, ""stain"": 0.0502, ""tear"": 0.0624}","{}","0","0","0","0","0","0","0","0","0","0","0","0","0","0","2ef8888b9ad18bef5c4f38d810c9384ae108dc7cbb83a97bc3414c65b52daeec","2529254","png"
"1124","clean_near_000424","clean_near","424","photo-0843","1154.png","clean_near_000424.png","dataset_images/clean_near/clean_near_000424.png","20fc92b0e18907eca98a478768ed0c50fb876e5c3458868b33294e1b46275933","2040","1494","group_portrait","RGB","existing_damage","train","real_damaged","赫达·莫里逊中国相册（Hedda Morrison）","","","","","0","texture_catalog_match_v1+source_attribute_v1","","{""crack"": 0.018, ""dust"": 0.0371, ""fold"": 0.1395, ""missing_region"": 0.0605, ""mold"": 0.1626, ""scratch"": 0.0367, ""stain"": 0.1741, ""tear"": 0.1339}","{}","0","0","0","0","0","0","0","0","0","0","0","0","0","0","989e50f687eaea2db549827e0e5312947bb34f86708c7592c22f93656eb082be","2741652","png"
"1125","clean_near_000425","clean_near","425","photo-0844","1155.png","clean_near_000425.png","dataset_images/clean_near/clean_near_000425.png","2adb1a090e3d451633ae94d3213494b62a6ea85761bb99174102c1a29916a29b","1533","2055","architecture","RGB","existing_damage","train","real_damaged","赫达·莫里逊中国相册（Hedda Morrison）","","","","","0","texture_catalog_match_v1+source_attribute_v1","","{""crack"": 0.0051, ""dust"": 0.0153, ""fold"": 0.0493, ""missing_region"": 0.0692, ""mold"": 0.0872, ""scratch"": 0.0277, ""stain"": 0.0745, ""tear"": 0.0692}","{}","0","0","0","0","0","0","0","0","0","0","0","0","0","0","2adb1a090e3d451633ae94d3213494b62a6ea85761bb99174102c1a29916a29b","2984723","png"
"1127","clean_near_000426","clean_near","426","photo-0846","1157.png","clean_near_000426.png","dataset_images/clean_near/clean_near_000426.png","16802e25c90084a5601e42eb87736bf6c6a03f5e9f74a1e23d40750643d8d4e9","1507","2050","architecture","RGB","existing_damage","train","real_damaged","赫达·莫里逊中国相册（Hedda Morrison）","","","","","0","texture_catalog_match_v1+source_attribute_v1","","{""crack"": 0.0204, ""dust"": 0.0283, ""fold"": 0.0604, ""missing_region"": 0.0301, ""mold"": 0.0941, ""scratch"": 0.0262, ""stain"": 0.0751, ""tear"": 0.1327}","{}","0","0","0","0","0","0","0","0","0","0","0","0","0","0","16802e25c90084a5601e42eb87736bf6c6a03f5e9f74a1e23d40750643d8d4e9","2362826","png"
"1128","clean_near_000427","clean_near","427","photo-0847","1158.png","clean_near_000427.png","dataset_images/clean_near/clean_near_000427.png","674bc11b9fed54f0bfdf17acbfcf7d926f5910d1aa84c70284c9266b1f81eefb","1502","2040","architecture","RGB","existing_damage","validation","real_damaged","赫达·莫里逊中国相册（Hedda Morrison）","","","","","0","texture_catalog_match_v1+source_attribute_v1","","{""crack"": 0.0163, ""dust"": 0.0289, ""fold"": 0.0934, ""missing_region"": 0.0453, ""mold"": 0.1382, ""scratch"": 0.0322, ""stain"": 0.1393, ""tear"": 0.122}","{}","0","0","0","0","0","0","0","0","0","0","0","0","0","0","674bc11b9fed54f0bfdf17acbfcf7d926f5910d1aa84c70284c9266b1f81eefb","2315540","png"
"1129","clean_near_000428","clean_near","428","photo-0848","1159.png","clean_near_000428.png","dataset_images/clean_near/clean_near_000428.png","f5354e6e3fb011dc58721610a5a2d0fe2c875169cae9dbebaa9e847455db3a2b","1502","2055","group_portrait","RGB","existing_damage","train","real_damaged","赫达·莫里逊中国相册（Hedda Morrison）","","","","","0","texture_catalog_match_v1+source_attribute_v1","","{""crack"": 0.0238, ""dust"": 0.0308, ""fold"": 0.0829, ""missing_region"": 0.05, ""mold"": 0.0885, ""scratch"": 0.0284, ""stain"": 0.1028, ""tear"": 0.0857}","{}","0","0","0","0","0","0","0","0","0","0","0","0","0","0","f5354e6e3fb011dc58721610a5a2d0fe2c875169cae9dbebaa9e847455db3a2b","2367600","png"
"1130","clean_near_000429","clean_near","429","photo-0849","1160.png","clean_near_000429.png","dataset_images/clean_near/clean_near_000429.png","e286d06931af8b2990c7e09621c178dd3b561c9faf7db4a77ff0ff1a9299ed58","1492","2029","single_portrait","RGB","existing_damage","train","real_damaged","赫达·莫里逊中国相册（Hedda Morrison）","","","","","0","texture_catalog_match_v1+source_attribute_v1","","{""crack"": 0.0106, ""dust"": 0.0151, ""fold"": 0.0467, ""missing_region"": 0.0188, ""mold"": 0.066, ""scratch"": 0.0159, ""stain"": 0.0352, ""tear"": 0.0426}","{}","0","0","0","0","0","0","0","0","0","0","0","0","0","0","e286d06931af8b2990c7e09621c178dd3b561c9faf7db4a77ff0ff1a9299ed58","2373823","png"
"1134","clean_near_000430","clean_near","430","photo-0853","1164.png","clean_near_000430.png","dataset_images/clean_near/clean_near_000430.png","f035f9b01e8ba45bbed46b6001fc42aad32bfde3e1f5f953b1ee6978c095bef1","1522","2055","group_portrait","RGB","existing_damage","train","real_damaged","赫达·莫里逊中国相册（Hedda Morrison）","","","","","0","texture_catalog_match_v1+source_attribute_v1","","{""crack"": 0.0074, ""dust"": 0.0171, ""fold"": 0.0646, ""missing_region"": 0.0397, ""mold"": 0.0926, ""scratch"": 0.0201, ""stain"": 0.055, ""tear"": 0.0443}","{}","0","0","0","0","0","0","0","0","0","0","0","0","0","0","bad995aec88e1e000c94ae4b623692967588c2ad570bb99e5b41a0b8e50c3c5d","2991895","png"
"1136","clean_near_000431","clean_near","431","photo-0855","1166.png","clean_near_000431.png","dataset_images/clean_near/clean_near_000431.png","6b2ce0c1a0a98f7891caf9a5ad9f3a4aa4411352b803d78d494f363335b3308c","1527","2050","architecture","RGB","existing_damage","test","real_damaged","赫达·莫里逊中国相册（Hedda Morrison）","","","","","0","texture_catalog_match_v1+source_attribute_v1","","{""crack"": 0.012, ""dust"": 0.016, ""fold"": 0.0282, ""missing_region"": 0.0222, ""mold"": 0.0305, ""scratch"": 0.0131, ""stain"": 0.0356, ""tear"": 0.0411}","{}","0","0","0","0","0","0","0","0","0","0","0","0","0","0","609f15ac76b54cbf6c6be443854240f84f560f7e2379c330ad385ac4d53e996f","2416082","png"
"1138","clean_near_000432","clean_near","432","photo-0857","1168.png","clean_near_000432.png","dataset_images/clean_near/clean_near_000432.png","85f7b21fdf38a208399fc82ccc26640089cb35fc7aa70e328f2d27af938de3b0","1512","2045","other","RGB","existing_damage","train","real_damaged","赫达·莫里逊中国相册（Hedda Morrison）","","","","","0","texture_catalog_match_v1+source_attribute_v1","","{""crack"": 0.0182, ""dust"": 0.0299, ""fold"": 0.0754, ""missing_region"": 0.0582, ""mold"": 0.0715, ""scratch"": 0.0316, ""stain"": 0.0852, ""tear"": 0.0747}","{}","0","0","0","0","0","0","0","0","0","0","0","0","0","0","e50ab8e90fd02a1217e237bba880de0b0c9ed144952fba2ffc7a0b432e4d5b81","2691393","png"
"1139","clean_near_000433","clean_near","433","photo-0858","1169.png","clean_near_000433.png","dataset_images/clean_near/clean_near_000433.png","e50a3a8af8bab2c193577723001f183a3964e6ab82873f938a1c3c9c4e07daca","1512","2040","other","RGB","existing_damage","train","real_damaged","赫达·莫里逊中国相册（Hedda Morrison）","","","","","0","texture_catalog_match_v1+source_attribute_v1","","{""crack"": 0.0295, ""dust"": 0.0375, ""fold"": 0.0777, ""missing_region"": 0.0332, ""mold"": 0.0633, ""scratch"": 0.0362, ""stain"": 0.0694, ""tear"": 0.0766}","{}","0","0","0","0","0","0","0","0","0","0","0","0","0","0","e50a3a8af8bab2c193577723001f183a3964e6ab82873f938a1c3c9c4e07daca","2642795","png"
"1140","clean_near_000434","clean_near","434","photo-0859","1170.png","clean_near_000434.png","dataset_images/clean_near/clean_near_000434.png","d4e5a52e136ee1879d8ad427208786be005a3e97f73aaf2609f14fe3e2b62776","1507","1671","other","RGB","existing_damage","train","real_damaged","赫达·莫里逊中国相册（Hedda Morrison）","","","","","0","texture_catalog_match_v1+source_attribute_v1","","{""crack"": 0.0307, ""dust"": 0.0366, ""fold"": 0.0783, ""missing_region"": 0.0363, ""mold"": 0.0954, ""scratch"": 0.0333, ""stain"": 0.1397, ""tear"": 0.1073}","{}","0","0","0","0","0","0","0","0","0","0","0","0","0","0","b6035aa0899d94510835d7c1591b1368e27775c5236864067171d14d8257985c","2326969","png"
"1141","clean_near_000435","clean_near","435","photo-0860","1171.png","clean_near_000435.png","dataset_images/clean_near/clean_near_000435.png","ec0dd445506bf3c11dd15b8eecdbcf75668e371cf8c4e536a0b4b8ff675c4a70","1502","1959","architecture","RGB","existing_damage","train","real_damaged","赫达·莫里逊中国相册（Hedda Morrison）","","","","","0","texture_catalog_match_v1+source_attribute_v1","","{""crack"": 0.0059, ""dust"": 0.0181, ""fold"": 0.0508, ""missing_region"": 0.0407, ""mold"": 0.0897, ""scratch"": 0.0244, ""stain"": 0.0677, ""tear"": 0.0691}","{}","0","0","0","0","0","0","0","0","0","0","0","0","0","0","ec0dd445506bf3c11dd15b8eecdbcf75668e371cf8c4e536a0b4b8ff675c4a70","2700440","png"
"1142","clean_near_000436","clean_near","436","photo-0861","1172.png","clean_near_000436.png","dataset_images/clean_near/clean_near_000436.png","dd7f0fb3dca18e58df7a069cd0898ffec6f7fc34dbcbd0a7025ff7ee03bbc9d7","1507","2053","architecture","RGB","existing_damage","train","real_damaged","赫达·莫里逊中国相册（Hedda Morrison）","","","","","0","texture_catalog_match_v1+source_attribute_v1","","{""crack"": 0.0183, ""dust"": 0.0328, ""fold"": 0.0596, ""missing_region"": 0.0388, ""mold"": 0.083, ""scratch"": 0.0308, ""stain"": 0.0942, ""tear"": 0.1275}","{}","0","0","0","0","0","0","0","0","0","0","0","0","0","0","25f87116ef6caab3c84761b3f4ce5388caacda3a9fa90ae07401a2a576fe8c56","2849147","png"
"1145","clean_near_000437","clean_near","437","photo-0864","1175.png","clean_near_000437.png","dataset_images/clean_near/clean_near_000437.png","8c04a7f15d942f99ef665497f67a8ecbfc0373436080540ccb805e700d45255a","1507","2045","architecture","RGB","existing_damage","test","real_damaged","赫达·莫里逊中国相册（Hedda Morrison）","","","","","0","texture_catalog_match_v1+source_attribute_v1","","{""crack"": 0.0092, ""dust"": 0.0251, ""fold"": 0.0875, ""missing_region"": 0.0364, ""mold"": 0.0866, ""scratch"": 0.027, ""stain"": 0.1199, ""tear"": 0.0641}","{}","0","0","0","0","0","0","0","0","0","0","0","0","0","0","8c04a7f15d942f99ef665497f67a8ecbfc0373436080540ccb805e700d45255a","2801272","png"
"1147","clean_near_000438","clean_near","438","photo-0866","1177.png","clean_near_000438.png","dataset_images/clean_near/clean_near_000438.png","f959d81b87e7682388b770e1e725a75d35c995db7adf32ce8b28fd05e40b880f","1522","2035","architecture","RGB","existing_damage","train","real_damaged","赫达·莫里逊中国相册（Hedda Morrison）","","","","","0","texture_catalog_match_v1+source_attribute_v1","","{""crack"": 0.0092, ""dust"": 0.0141, ""fold"": 0.0433, ""missing_region"": 0.026, ""mold"": 0.0432, ""scratch"": 0.0172, ""stain"": 0.059, ""tear"": 0.0444}","{}","0","0","0","0","0","0","0","0","0","0","0","0","0","0","f959d81b87e7682388b770e1e725a75d35c995db7adf32ce8b28fd05e40b880f","2599366","png"
"1149","clean_near_000439","clean_near","439","photo-0868","1179.png","clean_near_000439.png","dataset_images/clean_near/clean_near_000439.png","7a732846a29ea004459b8a4031ed6e91a24ca3efc17440747814bf3aac44234d","2035","1507","architecture","RGB","existing_damage","train","real_damaged","赫达·莫里逊中国相册（Hedda Morrison）","","","","","0","texture_catalog_match_v1+source_attribute_v1","","{""crack"": 0.0209, ""dust"": 0.0327, ""fold"": 0.1016, ""missing_region"": 0.055, ""mold"": 0.1142, ""scratch"": 0.0322, ""stain"": 0.1218, ""tear"": 0.1363}","{}","0","0","0","0","0","0","0","0","0","0","0","0","0","0","7a732846a29ea004459b8a4031ed6e91a24ca3efc17440747814bf3aac44234d","2638627","png"
"1150","clean_near_000440","clean_near","440","photo-0869","1180.png","clean_near_000440.png","dataset_images/clean_near/clean_near_000440.png","a545ecc0fea3966d00a49e9a5b5f284de42f4e1ee34ebc092472266ed0bd8944","2040","1527","architecture","RGB","existing_damage","train","real_damaged","赫达·莫里逊中国相册（Hedda Morrison）","","","","","0","texture_catalog_match_v1+source_attribute_v1","","{""crack"": 0.0056, ""dust"": 0.0119, ""fold"": 0.0525, ""missing_region"": 0.0481, ""mold"": 0.0497, ""scratch"": 0.0193, ""stain"": 0.0456, ""tear"": 0.0848}","{}","0","0","0","0","0","0","0","0","0","0","0","0","0","0","a545ecc0fea3966d00a49e9a5b5f284de42f4e1ee34ebc092472266ed0bd8944","2680713","png"
"1153","clean_near_000441","clean_near","441","photo-0872","1183.png","clean_near_000441.png","dataset_images/clean_near/clean_near_000441.png","0653fffbfa7953a9068b3dbb79efeec375be103f94b4f7824c5898e363a4ccfe","1497","1924","outdoor_scene","RGB","existing_damage","validation","real_damaged","赫达·莫里逊中国相册（Hedda Morrison）","","","","","0","texture_catalog_match_v1+source_attribute_v1","","{""crack"": 0.0206, ""dust"": 0.0253, ""fold"": 0.1299, ""missing_region"": 0.0538, ""mold"": 0.0889, ""scratch"": 0.0301, ""stain"": 0.0903, ""tear"": 0.1094}","{}","0","0","0","0","0","0","0","0","0","0","0","0","0","0","0653fffbfa7953a9068b3dbb79efeec375be103f94b4f7824c5898e363a4ccfe","2400028","png"
"1154","clean_near_000442","clean_near","442","photo-0873","1184.png","clean_near_000442.png","dataset_images/clean_near/clean_near_000442.png","f50db31405df14586ae40b0a579ef56c6e3fe7b217287022098a90b59efdb8f6","2040","1502","outdoor_scene","RGB","existing_damage","train","real_damaged","赫达·莫里逊中国相册（Hedda Morrison）","","","","","0","texture_catalog_match_v1+source_attribute_v1","","{""crack"": 0.0151, ""dust"": 0.0283, ""fold"": 0.1033, ""missing_region"": 0.064, ""mold"": 0.115, ""scratch"": 0.0327, ""stain"": 0.1192, ""tear"": 0.1231}","{}","0","0","0","0","0","0","0","0","0","0","0","0","0","0","f50db31405df14586ae40b0a579ef56c6e3fe7b217287022098a90b59efdb8f6","2686933","png"
"1155","clean_near_000443","clean_near","443","photo-0874","1185.png","clean_near_000443.png","dataset_images/clean_near/clean_near_000443.png","f21bb23f811c7a95b5db9948873b5a64c25545b6a8106a2e7db41a18a5f90b6d","2040","1512","outdoor_scene","RGB","existing_damage","train","real_damaged","赫达·莫里逊中国相册（Hedda Morrison）","","","","","0","texture_catalog_match_v1+source_attribute_v1","","{""crack"": 0.0262, ""dust"": 0.0286, ""fold"": 0.0597, ""missing_region"": 0.0399, ""mold"": 0.0738, ""scratch"": 0.032, ""stain"": 0.0603, ""tear"": 0.0542}","{}","0","0","0","0","0","0","0","0","0","0","0","0","0","0","f21bb23f811c7a95b5db9948873b5a64c25545b6a8106a2e7db41a18a5f90b6d","2323664","png"
"1156","clean_near_000444","clean_near","444","photo-0875","1186.png","clean_near_000444.png","dataset_images/clean_near/clean_near_000444.png","43b89a2b1183222216f2e96bc1ad0310be0bde44ed168a84efc072b36ddb9cc2","2131","1553","outdoor_scene","RGB","existing_damage","train","real_damaged","赫达·莫里逊中国相册（Hedda Morrison）","","","","","0","texture_catalog_match_v1+source_attribute_v1","","{""crack"": 0.016, ""dust"": 0.0183, ""fold"": 0.0491, ""missing_region"": 0.0217, ""mold"": 0.0344, ""scratch"": 0.0195, ""stain"": 0.039, ""tear"": 0.0663}","{}","0","0","0","0","0","0","0","0","0","0","0","0","0","0","43b89a2b1183222216f2e96bc1ad0310be0bde44ed168a84efc072b36ddb9cc2","2530264","png"
"1157","clean_near_000445","clean_near","445","photo-0876","1187.png","clean_near_000445.png","dataset_images/clean_near/clean_near_000445.png","ea9b379b5fdaa26c8ede1f759cf4e2ca82029c3429c9e3e766ef5e9552b661f8","1522","2060","outdoor_scene","RGB","existing_damage","train","real_damaged","赫达·莫里逊中国相册（Hedda Morrison）","","","","","0","texture_catalog_match_v1+source_attribute_v1","","{""crack"": 0.0186, ""dust"": 0.0175, ""fold"": 0.0469, ""missing_region"": 0.0241, ""mold"": 0.0326, ""scratch"": 0.0213, ""stain"": 0.0382, ""tear"": 0.0769}","{}","0","0","0","0","0","0","0","0","0","0","0","0","0","0","ea9b379b5fdaa26c8ede1f759cf4e2ca82029c3429c9e3e766ef5e9552b661f8","2315021","png"
"1158","clean_near_000446","clean_near","446","photo-0877","1188.png","clean_near_000446.png","dataset_images/clean_near/clean_near_000446.png","f57e668004c44b244024f9624be06b1c26a8ced903b24e5ce7606c2cd29d605e","1502","2040","outdoor_scene","RGB","existing_damage","train","real_damaged","赫达·莫里逊中国相册（Hedda Morrison）","","","","","0","texture_catalog_match_v1+source_attribute_v1","","{""crack"": 0.016, ""dust"": 0.0202, ""fold"": 0.0507, ""missing_region"": 0.0221, ""mold"": 0.0411, ""scratch"": 0.0171, ""stain"": 0.0449, ""tear"": 0.0352}","{}","0","0","0","0","0","0","0","0","0","0","0","0","0","0","f57e668004c44b244024f9624be06b1c26a8ced903b24e5ce7606c2cd29d605e","2069488","png"
"1159","clean_near_000447","clean_near","447","photo-0878","1189.png","clean_near_000447.png","dataset_images/clean_near/clean_near_000447.png","96b416a75061532fc65990621d99c11168902abceffbe72097eefb983b433df9","2024","1502","outdoor_scene","RGB","existing_damage","validation","real_damaged","赫达·莫里逊中国相册（Hedda Morrison）","","","","","0","texture_catalog_match_v1+source_attribute_v1","","{""crack"": 0.02, ""dust"": 0.0225, ""fold"": 0.0484, ""missing_region"": 0.0305, ""mold"": 0.0714, ""scratch"": 0.0234, ""stain"": 0.0728, ""tear"": 0.0563}","{}","0","0","0","0","0","0","0","0","0","0","0","0","0","0","96b416a75061532fc65990621d99c11168902abceffbe72097eefb983b433df9","2394805","png"
"1160","clean_near_000448","clean_near","448","photo-0879","1190.png","clean_near_000448.png","dataset_images/clean_near/clean_near_000448.png","87d75d7123459cd71d6b7773dddef7e95587a31144b42ecffb8246aca43a2cec","2035","1512","outdoor_scene","RGB","existing_damage","test","real_damaged","赫达·莫里逊中国相册（Hedda Morrison）","","","","","0","texture_catalog_match_v1+source_attribute_v1","","{""crack"": 0.019, ""dust"": 0.0244, ""fold"": 0.0907, ""missing_region"": 0.0195, ""mold"": 0.0442, ""scratch"": 0.0249, ""stain"": 0.0562, ""tear"": 0.104}","{}","0","0","0","0","0","0","0","0","0","0","0","0","0","0","87d75d7123459cd71d6b7773dddef7e95587a31144b42ecffb8246aca43a2cec","2364560","png"
"1162","clean_near_000449","clean_near","449","photo-0881","1192.png","clean_near_000449.png","dataset_images/clean_near/clean_near_000449.png","a3f52899367b37f54f16f9464455591a3e2e397d10a457165293b5f69771b3e3","1502","1832","architecture","RGB","existing_damage","train","real_damaged","赫达·莫里逊中国相册（Hedda Morrison）","","","","","0","texture_catalog_match_v1+source_attribute_v1","","{""crack"": 0.0194, ""dust"": 0.0289, ""fold"": 0.0644, ""missing_region"": 0.0683, ""mold"": 0.0646, ""scratch"": 0.0273, ""stain"": 0.0685, ""tear"": 0.0874}","{}","0","0","0","0","0","0","0","0","0","0","0","0","0","0","a3f52899367b37f54f16f9464455591a3e2e397d10a457165293b5f69771b3e3","2296365","png"
"1164","clean_near_000450","clean_near","450","photo-0883","1194.png","clean_near_000450.png","dataset_images/clean_near/clean_near_000450.png","4534ad99cc00650cd9afed05d9cb09da604cbc3dedbf27f58094cb8f4a4861f8","2039","1497","outdoor_scene","RGB","existing_damage","train","real_damaged","赫达·莫里逊中国相册（Hedda Morrison）","","","","","0","texture_catalog_match_v1+source_attribute_v1","","{""crack"": 0.0108, ""dust"": 0.0241, ""fold"": 0.0929, ""missing_region"": 0.0607, ""mold"": 0.1315, ""scratch"": 0.0334, ""stain"": 0.1206, ""tear"": 0.0924}","{}","0","0","0","0","0","0","0","0","0","0","0","0","0","0","4534ad99cc00650cd9afed05d9cb09da604cbc3dedbf27f58094cb8f4a4861f8","2813526","png"
"1174","clean_near_000451","clean_near","451","2004663902","1204.png","clean_near_000451.png","dataset_images/clean_near/clean_near_000451.png","ef9ffa981f3a019403e9f307fccc45ea266df8bd8efffed8e0d91d6a78172cdb","795","1024","single_portrait","RGB","existing_damage","train","real_damaged","Library of Congress","https://www.loc.gov/item/2004663902/","Public Domain","https://www.loc.gov/collections/daguerreotypes/about-this-collection/rights-and-access/","","0","texture_catalog_match_v1+source_attribute_v1","","{""crack"": 0.0051, ""dust"": 0.0196, ""fold"": 0.0485, ""missing_region"": 0.0371, ""mold"": 0.0497, ""scratch"": 0.0154, ""stain"": 0.0491, ""tear"": 0.0837}","{}","0","0","0","0","0","0","0","0","0","0","0","0","0","0","15ef2786bf2c1c88d82183d8bd748f488f0c7127f2d05bed5c6979849cc6ec1b","1456577","png"
"1223","clean_near_000452","clean_near","452","2004664182","1253.png","clean_near_000452.png","dataset_images/clean_near/clean_near_000452.png","c19683d304f9d1d7e5d40bf39bbd37103666ad2357e02799b8b30ed2cdc0f8da","791","1024","single_portrait","RGB","existing_damage","train","real_damaged","Library of Congress","https://www.loc.gov/item/2004664182/","Public Domain","https://www.loc.gov/collections/daguerreotypes/about-this-collection/rights-and-access/","","0","texture_catalog_match_v1+source_attribute_v1","","{""crack"": 0.0304, ""dust"": 0.0394, ""fold"": 0.0758, ""missing_region"": 0.0361, ""mold"": 0.0722, ""scratch"": 0.0343, ""stain"": 0.0757, ""tear"": 0.0993}","{}","0","0","0","0","0","0","0","0","0","0","0","0","0","0","c19683d304f9d1d7e5d40bf39bbd37103666ad2357e02799b8b30ed2cdc0f8da","641948","png"
"1251","clean_near_000453","clean_near","453","2004664211","1281.png","clean_near_000453.png","dataset_images/clean_near/clean_near_000453.png","434cb1ecf3bbcd2ecb8974b2206b58fb33b93ec1c343b32b26895d9650398c22","787","1001","single_portrait","RGB","existing_damage","train","real_damaged","Library of Congress","https://www.loc.gov/item/2004664211/","Public Domain","https://www.loc.gov/collections/daguerreotypes/about-this-collection/rights-and-access/","","0","texture_catalog_match_v1+source_attribute_v1","","{""crack"": 0.0279, ""dust"": 0.0387, ""fold"": 0.087, ""missing_region"": 0.0339, ""mold"": 0.067, ""scratch"": 0.0319, ""stain"": 0.0882, ""tear"": 0.1052}","{}","0","0","0","0","0","0","0","0","0","0","0","0","0","0","672f757d67facaf91601dfe947de05356b58241b97d7c2ebddb86febcb7d9b4d","1162073","png"
"1363","clean_near_000454","clean_near","454","met_263608","1393.png","clean_near_000454.png","dataset_images/clean_near/clean_near_000454.png","ecf703f84fa03e9f670a0514fa00ca10a586dba07e1e2bcd5a5abe476ac2c07c","2560","1887","group_portrait","RGB","existing_damage","train","real_damaged","The Metropolitan Museum of Art","https://www.metmuseum.org/art/collection/search/263608","Public Domain","https://www.metmuseum.org/about-the-met/policies-and-documents/open-access","","0","texture_catalog_match_v1+source_attribute_v1","","{""crack"": 0.0222, ""dust"": 0.0245, ""fold"": 0.0696, ""missing_region"": 0.0572, ""mold"": 0.0599, ""scratch"": 0.0224, ""stain"": 0.093, ""tear"": 0.0572}","{}","0","0","0","0","0","0","0","0","0","0","0","0","0","0","ecf703f84fa03e9f670a0514fa00ca10a586dba07e1e2bcd5a5abe476ac2c07c","3767096","png"
"1369","clean_near_000455","clean_near","455","met_265916","1399.png","clean_near_000455.png","dataset_images/clean_near/clean_near_000455.png","bf409ba9b45b4116166fea8941bf893a18597ee9e22e3eb354c405f2394a5fe6","2513","2063","single_portrait","RGB","existing_damage","train","real_damaged","The Metropolitan Museum of Art","https://www.metmuseum.org/art/collection/search/265916","Public Domain","https://www.metmuseum.org/about-the-met/policies-and-documents/open-access","","0","texture_catalog_match_v1+source_attribute_v1","","{""crack"": 0.0215, ""dust"": 0.0296, ""fold"": 0.0542, ""missing_region"": 0.0321, ""mold"": 0.0703, ""scratch"": 0.0284, ""stain"": 0.074, ""tear"": 0.0972}","{}","0","0","0","0","0","0","0","0","0","0","0","0","0","0","6efe64803ecce604c653b5414602205228d849ecd06e154490b3a5b7c7547d8a","6023346","png"
"1376","clean_near_000456","clean_near","456","met_266332","1406.png","clean_near_000456.png","dataset_images/clean_near/clean_near_000456.png","2444449b042653baadf2ac4e8014e9a05a4b54bcba086f01f37b96882785107a","1911","2560","single_portrait","RGB","existing_damage","validation","real_damaged","The Metropolitan Museum of Art","https://www.metmuseum.org/art/collection/search/266332","Public Domain","https://www.metmuseum.org/about-the-met/policies-and-documents/open-access","","0","texture_catalog_match_v1+source_attribute_v1","","{""crack"": 0.0094, ""dust"": 0.0215, ""fold"": 0.0486, ""missing_region"": 0.0508, ""mold"": 0.0409, ""scratch"": 0.0184, ""stain"": 0.0536, ""tear"": 0.0508}","{}","0","0","0","0","0","0","0","0","0","0","0","0","0","0","520991fe7f355660355216b063da162731c89fb358d394c0b9222c4858a48a5b","7279224","png"
"1377","clean_near_000457","clean_near","457","met_266480","1407.png","clean_near_000457.png","dataset_images/clean_near/clean_near_000457.png","96e5daad847e67470baba73dd16c780139796f8bb7dd2456aed5250bf5e76213","1927","2554","single_portrait","RGB","existing_damage","train","real_damaged","The Metropolitan Museum of Art","https://www.metmuseum.org/art/collection/search/266480","Public Domain","https://www.metmuseum.org/about-the-met/policies-and-documents/open-access","","0","texture_catalog_match_v1+source_attribute_v1","","{""crack"": 0.0255, ""dust"": 0.0202, ""fold"": 0.0333, ""missing_region"": 0.0277, ""mold"": 0.0459, ""scratch"": 0.0252, ""stain"": 0.0508, ""tear"": 0.0485}","{}","0","0","0","0","0","0","0","0","0","0","0","0","0","0","187d921a3cd63842454350b30a04ded25316400bbd87ef258057e361787a28b6","7241449","png"
"1380","clean_near_000458","clean_near","458","met_266982","1410.png","clean_near_000458.png","dataset_images/clean_near/clean_near_000458.png","c08c4334337fd34edc00f8f372fc0857228db71e1348aa488862dd2c42563d17","2560","1892","other","RGB","existing_damage","test","real_damaged","The Metropolitan Museum of Art","https://www.metmuseum.org/art/collection/search/266982","Public Domain","https://www.metmuseum.org/about-the-met/policies-and-documents/open-access","","0","texture_catalog_match_v1+source_attribute_v1","","{""crack"": 0.0095, ""dust"": 0.0178, ""fold"": 0.0361, ""missing_region"": 0.0292, ""mold"": 0.0515, ""scratch"": 0.0241, ""stain"": 0.0435, ""tear"": 0.0785}","{}","0","0","0","0","0","0","0","0","0","0","0","0","0","0","c08c4334337fd34edc00f8f372fc0857228db71e1348aa488862dd2c42563d17","3963858","png"
"1386","clean_near_000459","clean_near","459","met_267370","1416.png","clean_near_000459.png","dataset_images/clean_near/clean_near_000459.png","b8bb18fff6a4e56a2d1b25b49398e535257ab0fe76e9d636a998ee98c111313a","2048","1680","architecture","RGB","existing_damage","train","real_damaged","The Metropolitan Museum of Art","https://www.metmuseum.org/art/collection/search/267370","Public Domain","https://www.metmuseum.org/about-the-met/policies-and-documents/open-access","","0","texture_catalog_match_v1+source_attribute_v1","","{""crack"": 0.0131, ""dust"": 0.025, ""fold"": 0.0786, ""missing_region"": 0.087, ""mold"": 0.1647, ""scratch"": 0.0327, ""stain"": 0.146, ""tear"": 0.1238}","{}","0","0","0","0","0","0","0","0","0","0","0","0","0","0","b8bb18fff6a4e56a2d1b25b49398e535257ab0fe76e9d636a998ee98c111313a","3114460","png"
"1390","clean_near_000460","clean_near","460","met_268326","1420.png","clean_near_000460.png","dataset_images/clean_near/clean_near_000460.png","ce1f36a2121c19877f72cf5d3453533d456252a123d757f37bc27066e5f2a9fb","1918","2560","single_portrait","RGB","existing_damage","train","real_damaged","The Metropolitan Museum of Art","https://www.metmuseum.org/art/collection/search/268326","Public Domain","https://www.metmuseum.org/about-the-met/policies-and-documents/open-access","","0","texture_catalog_match_v1+source_attribute_v1","","{""crack"": 0.0136, ""dust"": 0.026, ""fold"": 0.0639, ""missing_region"": 0.0313, ""mold"": 0.0548, ""scratch"": 0.0212, ""stain"": 0.0613, ""tear"": 0.0398}","{}","0","0","0","0","0","0","0","0","0","0","0","0","0","0","ce1f36a2121c19877f72cf5d3453533d456252a123d757f37bc27066e5f2a9fb","3538726","png"
"1392","clean_near_000461","clean_near","461","met_268340","1422.png","clean_near_000461.png","dataset_images/clean_near/clean_near_000461.png","43c20b92876fc3c378ae73f52957a28b4204790ac5ef773cd5dd2e76770058ca","1952","2560","single_portrait","RGB","existing_damage","train","real_damaged","The Metropolitan Museum of Art","https://www.metmuseum.org/art/collection/search/268340","Public Domain","https://www.metmuseum.org/about-the-met/policies-and-documents/open-access","","0","texture_catalog_match_v1+source_attribute_v1","","{""crack"": 0.0073, ""dust"": 0.0214, ""fold"": 0.0563, ""missing_region"": 0.0474, ""mold"": 0.052, ""scratch"": 0.0238, ""stain"": 0.0461, ""tear"": 0.0474}","{}","0","0","0","0","0","0","0","0","0","0","0","0","0","0","43c20b92876fc3c378ae73f52957a28b4204790ac5ef773cd5dd2e76770058ca","3500212","png"
"1394","clean_near_000462","clean_near","462","met_268659","1424.png","clean_near_000462.png","dataset_images/clean_near/clean_near_000462.png","5ae5b3fc51093500b7d82873acbad037a140a8d4f67679c3c7b3ee9c3afe41d4","2045","2560","outdoor_scene","RGB","existing_damage","train","real_damaged","The Metropolitan Museum of Art","https://www.metmuseum.org/art/collection/search/268659","Public Domain","https://www.metmuseum.org/about-the-met/policies-and-documents/open-access","","0","texture_catalog_match_v1+source_attribute_v1","","{""crack"": 0.0012, ""dust"": 0.0064, ""fold"": 0.0398, ""missing_region"": 0.0292, ""mold"": 0.0562, ""scratch"": 0.0213, ""stain"": 0.0584, ""tear"": 0.0605}","{}","0","0","0","0","0","0","0","0","0","0","0","0","0","0","ed0582b4ba4ac193a6ca6b1bb8053c85cedf66b922c25aa3e7d1f3b5f777fb7e","8554093","png"
"1395","clean_near_000463","clean_near","463","met_26898","1425.png","clean_near_000463.png","dataset_images/clean_near/clean_near_000463.png","f8b9f438e5ee9be844b8a8af14348b9f520d9ae15d5125c68376184d6c72cea5","1978","3200","single_portrait","RGB","existing_damage","train","real_damaged","The Metropolitan Museum of Art","https://www.metmuseum.org/art/collection/search/26898","Public Domain","https://www.metmuseum.org/about-the-met/policies-and-documents/open-access","","0","texture_catalog_match_v1+source_attribute_v1","","{""crack"": 0.0018, ""dust"": 0.0026, ""fold"": 0.0046, ""missing_region"": 0.0039, ""mold"": 0.0048, ""scratch"": 0.0029, ""stain"": 0.005, ""tear"": 0.006}","{}","0","0","0","0","0","0","0","0","0","0","0","0","0","0","f8b9f438e5ee9be844b8a8af14348b9f520d9ae15d5125c68376184d6c72cea5","3660909","png"
"1400","clean_near_000464","clean_near","464","met_271885","1430.png","clean_near_000464.png","dataset_images/clean_near/clean_near_000464.png","47f90e59f82d2dfbab9b85db7da80670e462f9677fe93b26efbe092a0673bad2","1862","2560","group_portrait","RGB","existing_damage","train","real_damaged","The Metropolitan Museum of Art","https://www.metmuseum.org/art/collection/search/271885","Public Domain","https://www.metmuseum.org/about-the-met/policies-and-documents/open-access","","0","texture_catalog_match_v1+source_attribute_v1","","{""crack"": 0.0129, ""dust"": 0.0198, ""fold"": 0.0548, ""missing_region"": 0.0311, ""mold"": 0.0555, ""scratch"": 0.0205, ""stain"": 0.0496, ""tear"": 0.1069}","{}","0","0","0","0","0","0","0","0","0","0","0","0","0","0","972e5e92470c7166e4e3ddeb40efa2c808e7ec4aeac592f8c07415117e909cab","6540449","png"
"1401","clean_near_000465","clean_near","465","met_271890","1431.png","clean_near_000465.png","dataset_images/clean_near/clean_near_000465.png","2f4f78138517c4680c84f4af9708c6117c3dd3ba3df9ca2ac1cc2bc51f278007","2037","2560","outdoor_scene","RGB","existing_damage","validation","real_damaged","The Metropolitan Museum of Art","https://www.metmuseum.org/art/collection/search/271890","Public Domain","https://www.metmuseum.org/about-the-met/policies-and-documents/open-access","","0","texture_catalog_match_v1+source_attribute_v1","","{""crack"": 0.0191, ""dust"": 0.0269, ""fold"": 0.0464, ""missing_region"": 0.0224, ""mold"": 0.0543, ""scratch"": 0.0255, ""stain"": 0.056, ""tear"": 0.0678}","{}","0","0","0","0","0","0","0","0","0","0","0","0","0","0","2f4f78138517c4680c84f4af9708c6117c3dd3ba3df9ca2ac1cc2bc51f278007","3632921","png"
"1405","clean_near_000466","clean_near","466","met_282010","1435.png","clean_near_000466.png","dataset_images/clean_near/clean_near_000466.png","a6a5e1d52a813d455f975c7b0c4fba6cb71b17f36a7b54a9ba540a80f08b6250","2530","1974","other","RGB","existing_damage","validation","real_damaged","The Metropolitan Museum of Art","https://www.metmuseum.org/art/collection/search/282010","Public Domain","https://www.metmuseum.org/about-the-met/policies-and-documents/open-access","","0","texture_catalog_match_v1+source_attribute_v1","","{""crack"": 0.0211, ""dust"": 0.0325, ""fold"": 0.0942, ""missing_region"": 0.0374, ""mold"": 0.081, ""scratch"": 0.0289, ""stain"": 0.1006, ""tear"": 0.0965}","{}","0","0","0","0","0","0","0","0","0","0","0","0","0","0","fc12956357222d316eb5ba9c1701f6bd16cf320961f0ad03c5d85a37c5cbce2f","7011077","png"
"1406","clean_near_000467","clean_near","467","met_282012","1436.png","clean_near_000467.png","dataset_images/clean_near/clean_near_000467.png","03938ddc191a0587831dbd7f2d3d68c800583e7413c1e7c0ba750598a7fd274d","1930","2560","single_portrait","RGB","existing_damage","test","real_damaged","The Metropolitan Museum of Art","https://www.metmuseum.org/art/collection/search/282012","Public Domain","https://www.metmuseum.org/about-the-met/policies-and-documents/open-access","","0","texture_catalog_match_v1+source_attribute_v1","","{""crack"": 0.0177, ""dust"": 0.0228, ""fold"": 0.051, ""missing_region"": 0.0372, ""mold"": 0.0391, ""scratch"": 0.0214, ""stain"": 0.0535, ""tear"": 0.0777}","{}","0","0","0","0","0","0","0","0","0","0","0","0","0","0","03938ddc191a0587831dbd7f2d3d68c800583e7413c1e7c0ba750598a7fd274d","3502146","png"
"1407","clean_near_000468","clean_near","468","met_282017","1437.png","clean_near_000468.png","dataset_images/clean_near/clean_near_000468.png","65949374b43a47f723d32b5b608141841a3bac25d88ef2e19bdf01532b43d4db","1905","2560","single_portrait","RGB","existing_damage","test","real_damaged","The Metropolitan Museum of Art","https://www.metmuseum.org/art/collection/search/282017","Public Domain","https://www.metmuseum.org/about-the-met/policies-and-documents/open-access","","0","texture_catalog_match_v1+source_attribute_v1","","{""crack"": 0.0278, ""dust"": 0.0414, ""fold"": 0.075, ""missing_region"": 0.0439, ""mold"": 0.0986, ""scratch"": 0.04, ""stain"": 0.1063, ""tear"": 0.1457}","{}","0","0","0","0","0","0","0","0","0","0","0","0","0","0","65949374b43a47f723d32b5b608141841a3bac25d88ef2e19bdf01532b43d4db","3914659","png"
"1409","clean_near_000469","clean_near","469","met_282022","1439.png","clean_near_000469.png","dataset_images/clean_near/clean_near_000469.png","54edb3fa5f0478a188f8cbd210fc45b34bff833d39dd4d6ec2013de1ec72e1da","1907","2560","group_portrait","RGB","existing_damage","train","real_damaged","The Metropolitan Museum of Art","https://www.metmuseum.org/art/collection/search/282022","Public Domain","https://www.metmuseum.org/about-the-met/policies-and-documents/open-access","","0","texture_catalog_match_v1+source_attribute_v1","","{""crack"": 0.0149, ""dust"": 0.0158, ""fold"": 0.0631, ""missing_region"": 0.0311, ""mold"": 0.0891, ""scratch"": 0.0217, ""stain"": 0.1077, ""tear"": 0.0532}","{}","0","0","0","0","0","0","0","0","0","0","0","0","0","0","54edb3fa5f0478a188f8cbd210fc45b34bff833d39dd4d6ec2013de1ec72e1da","3454067","png"
"1413","clean_near_000470","clean_near","470","met_282039","1443.png","clean_near_000470.png","dataset_images/clean_near/clean_near_000470.png","786ae3ac66bdc8e720d2ae72601b80deef02cf678f9f937f6ea68b5860787bd5","2918","2169","other","RGB","existing_damage","train","real_damaged","The Metropolitan Museum of Art","https://www.metmuseum.org/art/collection/search/282039","Public Domain","https://www.metmuseum.org/about-the-met/policies-and-documents/open-access","","0","texture_catalog_match_v1+source_attribute_v1","","{""crack"": 0.0188, ""dust"": 0.0269, ""fold"": 0.0684, ""missing_region"": 0.0307, ""mold"": 0.0564, ""scratch"": 0.0222, ""stain"": 0.0791, ""tear"": 0.1068}","{}","0","0","0","0","0","0","0","0","0","0","0","0","0","0","786ae3ac66bdc8e720d2ae72601b80deef02cf678f9f937f6ea68b5860787bd5","3727788","png"
"1421","clean_near_000471","clean_near","471","met_282050","1451.png","clean_near_000471.png","dataset_images/clean_near/clean_near_000471.png","270edff0bd3d2a6cb9bc15a6ab53f2afe252c942dc7db2fda81d7dc0479eef86","2327","2560","other","RGB","existing_damage","test","real_damaged","The Metropolitan Museum of Art","https://www.metmuseum.org/art/collection/search/282050","Public Domain","https://www.metmuseum.org/about-the-met/policies-and-documents/open-access","","0","texture_catalog_match_v1+source_attribute_v1","","{""crack"": 0.0156, ""dust"": 0.0375, ""fold"": 0.0922, ""missing_region"": 0.0425, ""mold"": 0.0779, ""scratch"": 0.03, ""stain"": 0.1414, ""tear"": 0.0885}","{}","0","0","0","0","0","0","0","0","0","0","0","0","0","0","270edff0bd3d2a6cb9bc15a6ab53f2afe252c942dc7db2fda81d7dc0479eef86","3780448","png"
"1431","clean_near_000472","clean_near","472","met_282190","1461.png","clean_near_000472.png","dataset_images/clean_near/clean_near_000472.png","3837c89ca5fe4511749ac9b9350b8ff72133f1dcbacc777284a5ad890337f8ed","2101","2837","single_portrait","RGB","existing_damage","train","real_damaged","The Metropolitan Museum of Art","https://www.metmuseum.org/art/collection/search/282190","Public Domain","https://www.metmuseum.org/about-the-met/policies-and-documents/open-access","","0","texture_catalog_match_v1+source_attribute_v1","","{""crack"": 0.0012, ""dust"": 0.0048, ""fold"": 0.0074, ""missing_region"": 0.022, ""mold"": 0.0182, ""scratch"": 0.01, ""stain"": 0.0209, ""tear"": 0.0224}","{}","0","0","0","0","0","0","0","0","0","0","0","0","0","0","323e8cf64cc6b5de9bf942f23a916e1ad87a7785113165cb9684db636007a660","7024186","png"
"1433","clean_near_000473","clean_near","473","met_282602","1463.png","clean_near_000473.png","dataset_images/clean_near/clean_near_000473.png","da51865c95eb86a751df32657cdfede5b61eb2096c4352dec80a58db0fba8c33","2117","2560","other","RGB","existing_damage","train","real_damaged","The Metropolitan Museum of Art","https://www.metmuseum.org/art/collection/search/282602","Public Domain","https://www.metmuseum.org/about-the-met/policies-and-documents/open-access","","0","texture_catalog_match_v1+source_attribute_v1","","{""crack"": 0.004, ""dust"": 0.0092, ""fold"": 0.0257, ""missing_region"": 0.0254, ""mold"": 0.0213, ""scratch"": 0.0091, ""stain"": 0.0306, ""tear"": 0.0265}","{}","0","0","0","0","0","0","0","0","0","0","0","0","0","0","da51865c95eb86a751df32657cdfede5b61eb2096c4352dec80a58db0fba8c33","3722180","png"
"1439","clean_near_000474","clean_near","474","met_283103","1469.png","clean_near_000474.png","dataset_images/clean_near/clean_near_000474.png","7ba182ea35e9c992796906a8ea42eb9f34171c113828821d008c6b9ce0d10404","2560","2123","outdoor_scene","RGB","existing_damage","train","real_damaged","The Metropolitan Museum of Art","https://www.metmuseum.org/art/collection/search/283103","Public Domain","https://www.metmuseum.org/about-the-met/policies-and-documents/open-access","","0","texture_catalog_match_v1+source_attribute_v1","","{""crack"": 0.0072, ""dust"": 0.0166, ""fold"": 0.0387, ""missing_region"": 0.0255, ""mold"": 0.0313, ""scratch"": 0.0174, ""stain"": 0.0378, ""tear"": 0.0493}","{}","0","0","0","0","0","0","0","0","0","0","0","0","0","0","fe620107df8b2cfebdb9dec68e41eefad704fba846beb5f95e2ec835e22cf6b8","7130720","png"
"1441","clean_near_000475","clean_near","475","met_283108","1471.png","clean_near_000475.png","dataset_images/clean_near/clean_near_000475.png","6e17a446750578a3268656236ed1c0b868184cb51321a365dbb5efde58d261d6","1735","2560","indoor_scene","RGB","existing_damage","train","real_damaged","The Metropolitan Museum of Art","https://www.metmuseum.org/art/collection/search/283108","Public Domain","https://www.metmuseum.org/about-the-met/policies-and-documents/open-access","","0","texture_catalog_match_v1+source_attribute_v1","","{""crack"": 0.0052, ""dust"": 0.0118, ""fold"": 0.0282, ""missing_region"": 0.0326, ""mold"": 0.0474, ""scratch"": 0.0162, ""stain"": 0.0359, ""tear"": 0.0423}","{}","0","0","0","0","0","0","0","0","0","0","0","0","0","0","6e17a446750578a3268656236ed1c0b868184cb51321a365dbb5efde58d261d6","3539668","png"
"1443","clean_near_000476","clean_near","476","met_283120","1473.png","clean_near_000476.png","dataset_images/clean_near/clean_near_000476.png","736dbb0f68b30d17ab647b72fe659f8bbe54bc797e793a58db3f78c84b2d8321","1837","2560","single_portrait","RGB","existing_damage","train","real_damaged","The Metropolitan Museum of Art","https://www.metmuseum.org/art/collection/search/283120","Public Domain","https://www.metmuseum.org/about-the-met/policies-and-documents/open-access","","0","texture_catalog_match_v1+source_attribute_v1","","{""crack"": 0.0033, ""dust"": 0.0077, ""fold"": 0.0294, ""missing_region"": 0.0181, ""mold"": 0.0231, ""scratch"": 0.0112, ""stain"": 0.0213, ""tear"": 0.0209}","{}","0","0","0","0","0","0","0","0","0","0","0","0","0","0","736dbb0f68b30d17ab647b72fe659f8bbe54bc797e793a58db3f78c84b2d8321","3472562","png"
"1444","clean_near_000477","clean_near","477","met_283121","1474.png","clean_near_000477.png","dataset_images/clean_near/clean_near_000477.png","edb858538f533fae268c5e838bb7447ae6ea4694782367e8bb1f2389bb1a6647","2115","2560","single_portrait","RGB","existing_damage","test","real_damaged","The Metropolitan Museum of Art","https://www.metmuseum.org/art/collection/search/283121","Public Domain","https://www.metmuseum.org/about-the-met/policies-and-documents/open-access","","0","texture_catalog_match_v1+source_attribute_v1","","{""crack"": 0.0191, ""dust"": 0.027, ""fold"": 0.0774, ""missing_region"": 0.0401, ""mold"": 0.054, ""scratch"": 0.0252, ""stain"": 0.0829, ""tear"": 0.0837}","{}","0","0","0","0","0","0","0","0","0","0","0","0","0","0","edb858538f533fae268c5e838bb7447ae6ea4694782367e8bb1f2389bb1a6647","3834802","png"
"1445","clean_near_000478","clean_near","478","met_283138","1475.png","clean_near_000478.png","dataset_images/clean_near/clean_near_000478.png","24735ac99d29d46019895bd78c2e974a62da20d16d84078888f5bd3b87ec6680","2560","2100","architecture","RGB","existing_damage","train","real_damaged","The Metropolitan Museum of Art","https://www.metmuseum.org/art/collection/search/283138","Public Domain","https://www.metmuseum.org/about-the-met/policies-and-documents/open-access","","0","texture_catalog_match_v1+source_attribute_v1","","{""crack"": 0.0037, ""dust"": 0.0193, ""fold"": 0.0667, ""missing_region"": 0.0524, ""mold"": 0.0856, ""scratch"": 0.0187, ""stain"": 0.1355, ""tear"": 0.1157}","{}","0","0","0","0","0","0","0","0","0","0","0","0","0","0","24735ac99d29d46019895bd78c2e974a62da20d16d84078888f5bd3b87ec6680","3632859","png"
"1449","clean_near_000479","clean_near","479","met_283206","1479.png","clean_near_000479.png","dataset_images/clean_near/clean_near_000479.png","9be384e3dfd0f448c78d37aac9b15732b0c5202411d05050f97bf60987b963ca","2560","2065","other","RGB","existing_damage","train","real_damaged","The Metropolitan Museum of Art","https://www.metmuseum.org/art/collection/search/283206","Public Domain","https://www.metmuseum.org/about-the-met/policies-and-documents/open-access","","0","texture_catalog_match_v1+source_attribute_v1","","{""crack"": 0.0143, ""dust"": 0.0196, ""fold"": 0.0333, ""missing_region"": 0.0249, ""mold"": 0.0381, ""scratch"": 0.0174, ""stain"": 0.0359, ""tear"": 0.0384}","{}","0","0","0","0","0","0","0","0","0","0","0","0","0","0","9be384e3dfd0f448c78d37aac9b15732b0c5202411d05050f97bf60987b963ca","3337284","png"
"1453","clean_near_000480","clean_near","480","met_283717","1483.png","clean_near_000480.png","dataset_images/clean_near/clean_near_000480.png","52af58c1e1964a37b9adcc0127f203099089bdfd4c35c94ae75dfea5110653eb","3200","2861","single_portrait","RGB","existing_damage","train","real_damaged","The Metropolitan Museum of Art","https://www.metmuseum.org/art/collection/search/283717","Public Domain","https://www.metmuseum.org/about-the-met/policies-and-documents/open-access","","0","texture_catalog_match_v1+source_attribute_v1","","{""crack"": 0.022, ""dust"": 0.0279, ""fold"": 0.0453, ""missing_region"": 0.039, ""mold"": 0.0698, ""scratch"": 0.0267, ""stain"": 0.0894, ""tear"": 0.0739}","{}","0","0","0","0","0","0","0","0","0","0","0","0","0","0","52af58c1e1964a37b9adcc0127f203099089bdfd4c35c94ae75dfea5110653eb","3622273","png"
"1455","clean_near_000481","clean_near","481","met_284452","1485.png","clean_near_000481.png","dataset_images/clean_near/clean_near_000481.png","25e86538bea4314613bc16a9fa2a2794b5dd7efecdd4a87407bd591d931d6ea1","3200","2347","group_portrait","RGB","existing_damage","validation","real_damaged","The Metropolitan Museum of Art","https://www.metmuseum.org/art/collection/search/284452","Public Domain","https://www.metmuseum.org/about-the-met/policies-and-documents/open-access","","0","texture_catalog_match_v1+source_attribute_v1","","{""crack"": 0.0279, ""dust"": 0.0313, ""fold"": 0.0515, ""missing_region"": 0.0474, ""mold"": 0.0509, ""scratch"": 0.0302, ""stain"": 0.0979, ""tear"": 0.0652}","{}","0","0","0","0","0","0","0","0","0","0","0","0","0","0","25e86538bea4314613bc16a9fa2a2794b5dd7efecdd4a87407bd591d931d6ea1","3538477","png"
"1456","clean_near_000482","clean_near","482","met_284453","1486.png","clean_near_000482.png","dataset_images/clean_near/clean_near_000482.png","731685905806584ff28094f7a47bc9cb21b79197a3b8a084d6c514601220dfcb","3200","2296","architecture","RGB","existing_damage","train","real_damaged","The Metropolitan Museum of Art","https://www.metmuseum.org/art/collection/search/284453","Public Domain","https://www.metmuseum.org/about-the-met/policies-and-documents/open-access","","0","texture_catalog_match_v1+source_attribute_v1","","{""crack"": 0.0029, ""dust"": 0.0125, ""fold"": 0.0258, ""missing_region"": 0.0342, ""mold"": 0.0293, ""scratch"": 0.0141, ""stain"": 0.0381, ""tear"": 0.0362}","{}","0","0","0","0","0","0","0","0","0","0","0","0","0","0","731685905806584ff28094f7a47bc9cb21b79197a3b8a084d6c514601220dfcb","3241173","png"
"1457","clean_near_000483","clean_near","483","met_285321","1487.png","clean_near_000483.png","dataset_images/clean_near/clean_near_000483.png","7a172a270c63b6e5df2bf4d7b6f860204a3fadfc435cc3c5ea967a0342a41e72","3573","1897","architecture","RGB","existing_damage","train","real_damaged","The Metropolitan Museum of Art","https://www.metmuseum.org/art/collection/search/285321","Public Domain","https://www.metmuseum.org/about-the-met/policies-and-documents/open-access","","0","texture_catalog_match_v1+source_attribute_v1","","{""crack"": 0.0147, ""dust"": 0.0283, ""fold"": 0.1057, ""missing_region"": 0.0606, ""mold"": 0.0717, ""scratch"": 0.0254, ""stain"": 0.079, ""tear"": 0.0686}","{}","0","0","0","0","0","0","0","0","0","0","0","0","0","0","d547723dfe45c41a7f535a04ac5c819544e967df1bd656fc476ec10a3f3a4e7e","6189033","png"
"1463","clean_near_000484","clean_near","484","met_285808","1493.png","clean_near_000484.png","dataset_images/clean_near/clean_near_000484.png","cb304b72d5d1db36e3052c2df5c5dd13e220503a3c09b4906246f3498e10edde","2560","1877","other","RGB","existing_damage","test","real_damaged","The Metropolitan Museum of Art","https://www.metmuseum.org/art/collection/search/285808","Public Domain","https://www.metmuseum.org/about-the-met/policies-and-documents/open-access","","0","texture_catalog_match_v1+source_attribute_v1","","{""crack"": 0.0276, ""dust"": 0.0358, ""fold"": 0.0584, ""missing_region"": 0.0469, ""mold"": 0.0614, ""scratch"": 0.0327, ""stain"": 0.0981, ""tear"": 0.091}","{}","0","0","0","0","0","0","0","0","0","0","0","0","0","0","cb304b72d5d1db36e3052c2df5c5dd13e220503a3c09b4906246f3498e10edde","3557988","png"
"1466","clean_near_000485","clean_near","485","met_286114","1496.png","clean_near_000485.png","dataset_images/clean_near/clean_near_000485.png","71c5e9a4166d1aa7eb3e045b5e428f26a79ab04084004c86930f63e4a7bb5cb3","2075","2547","outdoor_scene","RGB","existing_damage","train","real_damaged","The Metropolitan Museum of Art","https://www.metmuseum.org/art/collection/search/286114","Public Domain","https://www.metmuseum.org/about-the-met/policies-and-documents/open-access","","0","texture_catalog_match_v1+source_attribute_v1","","{""crack"": 0.0203, ""dust"": 0.0391, ""fold"": 0.128, ""missing_region"": 0.0578, ""mold"": 0.1324, ""scratch"": 0.0312, ""stain"": 0.1258, ""tear"": 0.1029}","{}","0","0","0","0","0","0","0","0","0","0","0","0","0","0","17de9ccece07b6476e18203c573b5215df4e9b5295b04c296aa6e2742ed270c4","5666315","png"
"1467","clean_near_000486","clean_near","486","met_286212","1497.png","clean_near_000486.png","dataset_images/clean_near/clean_near_000486.png","a766b5e24f33cc11b4994468e05cdd0bbe9ef6aac900a066f9405b7b799f2733","1966","2560","single_portrait","RGB","existing_damage","train","real_damaged","The Metropolitan Museum of Art","https://www.metmuseum.org/art/collection/search/286212","Public Domain","https://www.metmuseum.org/about-the-met/policies-and-documents/open-access","","0","texture_catalog_match_v1+source_attribute_v1","","{""crack"": 0.0148, ""dust"": 0.0249, ""fold"": 0.0583, ""missing_region"": 0.0311, ""mold"": 0.0329, ""scratch"": 0.0201, ""stain"": 0.0531, ""tear"": 0.0616}","{}","0","0","0","0","0","0","0","0","0","0","0","0","0","0","cebb4f0ce06f18885975ef34272ce6f1bf6cbc029a3b685e2d1e48f61a381808","8380953","png"
"1469","clean_near_000487","clean_near","487","met_286215","1499.png","clean_near_000487.png","dataset_images/clean_near/clean_near_000487.png","f29a6246dd611203660db1206a9a8e3c193335d72748404b36c88d07e9e2c2ed","1930","2560","architecture","RGB","existing_damage","train","real_damaged","The Metropolitan Museum of Art","https://www.metmuseum.org/art/collection/search/286215","Public Domain","https://www.metmuseum.org/about-the-met/policies-and-documents/open-access","","0","texture_catalog_match_v1+source_attribute_v1","","{""crack"": 0.0057, ""dust"": 0.0184, ""fold"": 0.0447, ""missing_region"": 0.0229, ""mold"": 0.0364, ""scratch"": 0.0215, ""stain"": 0.0617, ""tear"": 0.0414}","{}","0","0","0","0","0","0","0","0","0","0","0","0","0","0","f29a6246dd611203660db1206a9a8e3c193335d72748404b36c88d07e9e2c2ed","3488939","png"
"1471","clean_near_000488","clean_near","488","met_286334","1501.png","clean_near_000488.png","dataset_images/clean_near/clean_near_000488.png","6942300391cf9c96b415269ebfe9a8777e1374b0b6c242a259406e8138134f75","1776","2560","architecture","RGB","existing_damage","train","real_damaged","The Metropolitan Museum of Art","https://www.metmuseum.org/art/collection/search/286334","Public Domain","https://www.metmuseum.org/about-the-met/policies-and-documents/open-access","","0","texture_catalog_match_v1+source_attribute_v1","","{""crack"": 0.0202, ""dust"": 0.0223, ""fold"": 0.051, ""missing_region"": 0.074, ""mold"": 0.0737, ""scratch"": 0.0227, ""stain"": 0.0563, ""tear"": 0.074}","{}","0","0","0","0","0","0","0","0","0","0","0","0","0","0","6942300391cf9c96b415269ebfe9a8777e1374b0b6c242a259406e8138134f75","3683257","png"
"1473","clean_near_000489","clean_near","489","met_286447","1503.png","clean_near_000489.png","dataset_images/clean_near/clean_near_000489.png","be4afb12670577ed37208a5a71cc0cbeb50ccbfffca829cfe5a8b4d212f18008","2560","2023","single_portrait","RGB","existing_damage","train","real_damaged","The Metropolitan Museum of Art","https://www.metmuseum.org/art/collection/search/286447","Public Domain","https://www.metmuseum.org/about-the-met/policies-and-documents/open-access","","0","texture_catalog_match_v1+source_attribute_v1","","{""crack"": 0.0299, ""dust"": 0.0419, ""fold"": 0.0903, ""missing_region"": 0.0864, ""mold"": 0.1604, ""scratch"": 0.0383, ""stain"": 0.1463, ""tear"": 0.179}","{}","0","0","0","0","0","0","0","0","0","0","0","0","0","0","be4afb12670577ed37208a5a71cc0cbeb50ccbfffca829cfe5a8b4d212f18008","3939681","png"
"1477","clean_near_000490","clean_near","490","met_286586","1507.png","clean_near_000490.png","dataset_images/clean_near/clean_near_000490.png","99d6daa5c26d6593fe94715c11fac27b32fd214838410905c8bbb9afaa3e578d","2105","3200","single_portrait","RGB","existing_damage","validation","real_damaged","The Metropolitan Museum of Art","https://www.metmuseum.org/art/collection/search/286586","Public Domain","https://www.metmuseum.org/about-the-met/policies-and-documents/open-access","","0","texture_catalog_match_v1+source_attribute_v1","","{""crack"": 0.0074, ""dust"": 0.0081, ""fold"": 0.0236, ""missing_region"": 0.0213, ""mold"": 0.0256, ""scratch"": 0.0133, ""stain"": 0.0298, ""tear"": 0.0274}","{}","0","0","0","0","0","0","0","0","0","0","0","0","0","0","99d6daa5c26d6593fe94715c11fac27b32fd214838410905c8bbb9afaa3e578d","3738757","png"
"1480","clean_near_000491","clean_near","491","met_286900","1510.png","clean_near_000491.png","dataset_images/clean_near/clean_near_000491.png","42afc80859448543347618520d636c4fe4c38be0c68ca54f39cc0f03c6f9f51b","2656","2170","other","RGB","existing_damage","train","real_damaged","The Metropolitan Museum of Art","https://www.metmuseum.org/art/collection/search/286900","Public Domain","https://www.metmuseum.org/about-the-met/policies-and-documents/open-access","","0","texture_catalog_match_v1+source_attribute_v1","","{""crack"": 0.0042, ""dust"": 0.0101, ""fold"": 0.0426, ""missing_region"": 0.0229, ""mold"": 0.0323, ""scratch"": 0.0199, ""stain"": 0.0363, ""tear"": 0.0325}","{}","0","0","0","0","0","0","0","0","0","0","0","0","0","0","42afc80859448543347618520d636c4fe4c38be0c68ca54f39cc0f03c6f9f51b","3899728","png"
"1486","clean_near_000492","clean_near","492","met_287799","1516.png","clean_near_000492.png","dataset_images/clean_near/clean_near_000492.png","f952701be6f85deeb86147fb69673116c1266c117032da981bc5a704326cbfc9","2550","3200","indoor_scene","RGB","existing_damage","train","real_damaged","The Metropolitan Museum of Art","https://www.metmuseum.org/art/collection/search/287799","Public Domain","https://www.metmuseum.org/about-the-met/policies-and-documents/open-access","","0","texture_catalog_match_v1+source_attribute_v1","","{""crack"": 0.0149, ""dust"": 0.0195, ""fold"": 0.0448, ""missing_region"": 0.0429, ""mold"": 0.0599, ""scratch"": 0.0196, ""stain"": 0.0651, ""tear"": 0.0708}","{}","0","0","0","0","0","0","0","0","0","0","0","0","0","0","f952701be6f85deeb86147fb69673116c1266c117032da981bc5a704326cbfc9","3771344","png"
"1487","clean_near_000493","clean_near","493","met_287891","1517.png","clean_near_000493.png","dataset_images/clean_near/clean_near_000493.png","27f1effdbe681dd21261a44ca465f7925632f646394a826fe90e1c5a6dc87142","1584","3180","group_portrait","RGB","existing_damage","train","real_damaged","The Metropolitan Museum of Art","https://www.metmuseum.org/art/collection/search/287891","Public Domain","https://www.metmuseum.org/about-the-met/policies-and-documents/open-access","","0","texture_catalog_match_v1+source_attribute_v1","","{""crack"": 0.016, ""dust"": 0.0335, ""fold"": 0.0845, ""missing_region"": 0.0428, ""mold"": 0.1158, ""scratch"": 0.0288, ""stain"": 0.1155, ""tear"": 0.0598}","{}","0","0","0","0","0","0","0","0","0","0","0","0","0","0","27f1effdbe681dd21261a44ca465f7925632f646394a826fe90e1c5a6dc87142","2979901","png"
"1488","clean_near_000494","clean_near","494","met_287893","1518.png","clean_near_000494.png","dataset_images/clean_near/clean_near_000494.png","5f83e1c427e8b605da4841e2783afbab8c728bf60ce4058d3b4d87ebf8ff0d4f","1550","1788","single_portrait","RGB","existing_damage","train","real_damaged","The Metropolitan Museum of Art","https://www.metmuseum.org/art/collection/search/287893","Public Domain","https://www.metmuseum.org/about-the-met/policies-and-documents/open-access","","0","texture_catalog_match_v1+source_attribute_v1","","{""crack"": 0.0019, ""dust"": 0.0105, ""fold"": 0.0467, ""missing_region"": 0.023, ""mold"": 0.0516, ""scratch"": 0.015, ""stain"": 0.0439, ""tear"": 0.0506}","{}","0","0","0","0","0","0","0","0","0","0","0","0","0","0","7a5f4d24df1dc65645c1f4d73cc461ad2e73c9c8dc87a0faeac22807bfda9301","3240498","png"
"1489","clean_near_000495","clean_near","495","met_287894","1519.png","clean_near_000495.png","dataset_images/clean_near/clean_near_000495.png","5bb7a52cf08f3163026e879ecf46ec48911fd73e5b725bdc753ebf6d244ebdf5","1465","1841","single_portrait","RGB","existing_damage","train","real_damaged","The Metropolitan Museum of Art","https://www.metmuseum.org/art/collection/search/287894","Public Domain","https://www.metmuseum.org/about-the-met/policies-and-documents/open-access","","0","texture_catalog_match_v1+source_attribute_v1","","{""crack"": 0.0017, ""dust"": 0.0043, ""fold"": 0.0104, ""missing_region"": 0.0152, ""mold"": 0.0149, ""scratch"": 0.0065, ""stain"": 0.0132, ""tear"": 0.0152}","{}","0","0","0","0","0","0","0","0","0","0","0","0","0","0","022da0296c37792466db22f0953001969cd7eded20c4007d52a5a57b83f5f1c4","2684657","png"
"1491","clean_near_000496","clean_near","496","met_287896","1521.png","clean_near_000496.png","dataset_images/clean_near/clean_near_000496.png","466e8da3dffe2ecd3fce2de6b6fbd8c101aeac5a5b87d2aa7502ce114780cf2d","1484","1706","single_portrait","RGB","existing_damage","train","real_damaged","The Metropolitan Museum of Art","https://www.metmuseum.org/art/collection/search/287896","Public Domain","https://www.metmuseum.org/about-the-met/policies-and-documents/open-access","","0","texture_catalog_match_v1+source_attribute_v1","","{""crack"": 0.0036, ""dust"": 0.0056, ""fold"": 0.024, ""missing_region"": 0.0167, ""mold"": 0.0207, ""scratch"": 0.0086, ""stain"": 0.0291, ""tear"": 0.0376}","{}","0","0","0","0","0","0","0","0","0","0","0","0","0","0","9df2e5cb5775b1706616892104d46e7c8be528f5db69828f1670cf09308af78f","2999762","png"
"1493","clean_near_000497","clean_near","497","met_287900","1523.png","clean_near_000497.png","dataset_images/clean_near/clean_near_000497.png","0db14d5ccb16789573c72337dd91caf658958a70f2ce8a78857be723a3276e82","1529","3177","group_portrait","RGB","existing_damage","train","real_damaged","The Metropolitan Museum of Art","https://www.metmuseum.org/art/collection/search/287900","Public Domain","https://www.metmuseum.org/about-the-met/policies-and-documents/open-access","","0","texture_catalog_match_v1+source_attribute_v1","","{""crack"": 0.0023, ""dust"": 0.0059, ""fold"": 0.0291, ""missing_region"": 0.0111, ""mold"": 0.0342, ""scratch"": 0.0193, ""stain"": 0.0181, ""tear"": 0.026}","{}","0","0","0","0","0","0","0","0","0","0","0","0","0","0","0db14d5ccb16789573c72337dd91caf658958a70f2ce8a78857be723a3276e82","2642440","png"
"1495","clean_near_000498","clean_near","498","met_287902","1525.png","clean_near_000498.png","dataset_images/clean_near/clean_near_000498.png","34911fe5e6f90724e4e61b43539e19e47bf7f7672fad5ef08e28d1d228e4f2a6","874","1083","outdoor_scene","RGB","existing_damage","train","real_damaged","The Metropolitan Museum of Art","https://www.metmuseum.org/art/collection/search/287902","Public Domain","https://www.metmuseum.org/about-the-met/policies-and-documents/open-access","","0","texture_catalog_match_v1+source_attribute_v1","","{""crack"": 0.0, ""dust"": 0.0, ""fold"": 0.0, ""missing_region"": 0.0001, ""mold"": 0.0, ""scratch"": 0.0, ""stain"": 0.0, ""tear"": 0.0002}","{}","0","0","0","0","0","0","0","0","0","0","0","0","0","0","d98d0a90d0513813541747eb384a8b40c28d191fad3c1518147b666aa47ad1e7","1240555","png"
"1496","clean_near_000499","clean_near","499","met_287903","1526.png","clean_near_000499.png","dataset_images/clean_near/clean_near_000499.png","0b82f0a2de0a576909a59356ef3b655688954899b317242e2e9d9fa9116e41dc","2135","2860","single_portrait","RGB","existing_damage","test","real_damaged","The Metropolitan Museum of Art","https://www.metmuseum.org/art/collection/search/287903","Public Domain","https://www.metmuseum.org/about-the-met/policies-and-documents/open-access","","0","texture_catalog_match_v1+source_attribute_v1","","{""crack"": 0.0, ""dust"": 0.0, ""fold"": 0.0, ""missing_region"": 0.0, ""mold"": 0.0, ""scratch"": 0.0, ""stain"": 0.0, ""tear"": 0.0}","{}","0","0","0","0","0","0","0","0","0","0","0","0","0","0","0b82f0a2de0a576909a59356ef3b655688954899b317242e2e9d9fa9116e41dc","3268100","png"
"1498","clean_near_000500","clean_near","500","met_287907","1528.png","clean_near_000500.png","dataset_images/clean_near/clean_near_000500.png","6631580de73c611d4a2ca460b6309654a2f00225e312e3d85d3a8efb8b2112de","2560","2054","single_portrait","RGB","existing_damage","train","real_damaged","The Metropolitan Museum of Art","https://www.metmuseum.org/art/collection/search/287907","Public Domain","https://www.metmuseum.org/about-the-met/policies-and-documents/open-access","","0","texture_catalog_match_v1+source_attribute_v1","","{""crack"": 0.0005, ""dust"": 0.004, ""fold"": 0.0167, ""missing_region"": 0.0141, ""mold"": 0.0243, ""scratch"": 0.012, ""stain"": 0.0221, ""tear"": 0.0258}","{}","0","0","0","0","0","0","0","0","0","0","0","0","0","0","6631580de73c611d4a2ca460b6309654a2f00225e312e3d85d3a8efb8b2112de","3767162","png"
"1499","clean_near_000501","clean_near","501","met_287908","1529.png","clean_near_000501.png","dataset_images/clean_near/clean_near_000501.png","fd16cf41331ecec53c349146398e0004bf7a349b6ff1d78e2aa35e5d0b0ed46f","2560","2165","outdoor_scene","RGB","existing_damage","train","real_damaged","The Metropolitan Museum of Art","https://www.metmuseum.org/art/collection/search/287908","Public Domain","https://www.metmuseum.org/about-the-met/policies-and-documents/open-access","","0","texture_catalog_match_v1+source_attribute_v1","","{""crack"": 0.0023, ""dust"": 0.0131, ""fold"": 0.0395, ""missing_region"": 0.0759, ""mold"": 0.1015, ""scratch"": 0.0301, ""stain"": 0.054, ""tear"": 0.083}","{}","0","0","0","0","0","0","0","0","0","0","0","0","0","0","fd16cf41331ecec53c349146398e0004bf7a349b6ff1d78e2aa35e5d0b0ed46f","3510373","png"
"1500","clean_near_000502","clean_near","502","met_287909","1530.png","clean_near_000502.png","dataset_images/clean_near/clean_near_000502.png","e07c6fe6ca613ed4c31f9b71480a51fa91c47f6b94bc3d7a346fce913c511b74","2560","2136","single_portrait","RGB","existing_damage","train","real_damaged","The Metropolitan Museum of Art","https://www.metmuseum.org/art/collection/search/287909","Public Domain","https://www.metmuseum.org/about-the-met/policies-and-documents/open-access","","0","texture_catalog_match_v1+source_attribute_v1","","{""crack"": 0.004, ""dust"": 0.0237, ""fold"": 0.0381, ""missing_region"": 0.0449, ""mold"": 0.0664, ""scratch"": 0.0209, ""stain"": 0.0572, ""tear"": 0.0627}","{}","0","0","0","0","0","0","0","0","0","0","0","0","0","0","e07c6fe6ca613ed4c31f9b71480a51fa91c47f6b94bc3d7a346fce913c511b74","3748969","png"
"1503","clean_near_000503","clean_near","503","met_287912","1533.png","clean_near_000503.png","dataset_images/clean_near/clean_near_000503.png","db10e083d744fb8012c55dcc2f4ba74a7136bf11af90af3704085f04f2b7453c","2560","2151","single_portrait","RGB","existing_damage","train","real_damaged","The Metropolitan Museum of Art","https://www.metmuseum.org/art/collection/search/287912","Public Domain","https://www.metmuseum.org/about-the-met/policies-and-documents/open-access","","0","texture_catalog_match_v1+source_attribute_v1","","{""crack"": 0.0072, ""dust"": 0.0336, ""fold"": 0.09, ""missing_region"": 0.0537, ""mold"": 0.1021, ""scratch"": 0.0317, ""stain"": 0.0975, ""tear"": 0.0846}","{}","0","0","0","0","0","0","0","0","0","0","0","0","0","0","db10e083d744fb8012c55dcc2f4ba74a7136bf11af90af3704085f04f2b7453c","3789724","png"
"1504","clean_near_000504","clean_near","504","met_287913","1534.png","clean_near_000504.png","dataset_images/clean_near/clean_near_000504.png","159dc458ebdf68eef56e2307ab706dbf966772aa61a94311a7edd01159632f0d","2807","2372","group_portrait","RGB","existing_damage","train","real_damaged","The Metropolitan Museum of Art","https://www.metmuseum.org/art/collection/search/287913","Public Domain","https://www.metmuseum.org/about-the-met/policies-and-documents/open-access","","0","texture_catalog_match_v1+source_attribute_v1","","{""crack"": 0.0, ""dust"": 0.0, ""fold"": 0.0, ""missing_region"": 0.0, ""mold"": 0.0, ""scratch"": 0.0, ""stain"": 0.0, ""tear"": 0.0}","{}","0","0","0","0","0","0","0","0","0","0","0","0","0","0","159dc458ebdf68eef56e2307ab706dbf966772aa61a94311a7edd01159632f0d","3932001","png"
"1505","clean_near_000505","clean_near","505","met_287914","1535.png","clean_near_000505.png","dataset_images/clean_near/clean_near_000505.png","b86342bc35c665cb1413a869ec8041ac4fb9035e2137bc99697537eebe0f1e16","2560","1966","outdoor_scene","RGB","existing_damage","train","real_damaged","The Metropolitan Museum of Art","https://www.metmuseum.org/art/collection/search/287914","Public Domain","https://www.metmuseum.org/about-the-met/policies-and-documents/open-access","","0","texture_catalog_match_v1+source_attribute_v1","","{""crack"": 0.0007, ""dust"": 0.0065, ""fold"": 0.0237, ""missing_region"": 0.0367, ""mold"": 0.0661, ""scratch"": 0.015, ""stain"": 0.1205, ""tear"": 0.0979}","{}","0","0","0","0","0","0","0","0","0","0","0","0","0","0","b86342bc35c665cb1413a869ec8041ac4fb9035e2137bc99697537eebe0f1e16","3426322","png"
"1507","clean_near_000506","clean_near","506","met_287916","1537.png","clean_near_000506.png","dataset_images/clean_near/clean_near_000506.png","378e5c3fc1ca0d3e447396938742bff55c16b83376e9331f5187d8bd93ecd10e","2667","2281","other","RGB","existing_damage","train","real_damaged","The Metropolitan Museum of Art","https://www.metmuseum.org/art/collection/search/287916","Public Domain","https://www.metmuseum.org/about-the-met/policies-and-documents/open-access","","0","texture_catalog_match_v1+source_attribute_v1","","{""crack"": 0.0005, ""dust"": 0.0027, ""fold"": 0.0054, ""missing_region"": 0.0149, ""mold"": 0.0123, ""scratch"": 0.0046, ""stain"": 0.0293, ""tear"": 0.0202}","{}","0","0","0","0","0","0","0","0","0","0","0","0","0","0","378e5c3fc1ca0d3e447396938742bff55c16b83376e9331f5187d8bd93ecd10e","3744890","png"
"1508","clean_near_000507","clean_near","507","met_287918","1538.png","clean_near_000507.png","dataset_images/clean_near/clean_near_000507.png","19f94bdd72e1ef4bb60113210965674a1b1875c8b3d7a489cd4fa54a6adf093b","1976","2945","outdoor_scene","RGB","existing_damage","train","real_damaged","The Metropolitan Museum of Art","https://www.metmuseum.org/art/collection/search/287918","Public Domain","https://www.metmuseum.org/about-the-met/policies-and-documents/open-access","","0","texture_catalog_match_v1+source_attribute_v1","","{""crack"": 0.0, ""dust"": 0.0, ""fold"": 0.0, ""missing_region"": 0.0, ""mold"": 0.0, ""scratch"": 0.0, ""stain"": 0.0, ""tear"": 0.0}","{}","0","0","0","0","0","0","0","0","0","0","0","0","0","0","19f94bdd72e1ef4bb60113210965674a1b1875c8b3d7a489cd4fa54a6adf093b","3348308","png"
"1509","clean_near_000508","clean_near","508","met_287919","1539.png","clean_near_000508.png","dataset_images/clean_near/clean_near_000508.png","0e73c890cf676b24449dd16cf3d752c4ab9f9cd20cd313127c71d99d79dbe00b","2352","3099","outdoor_scene","RGB","existing_damage","train","real_damaged","The Metropolitan Museum of Art","https://www.metmuseum.org/art/collection/search/287919","Public Domain","https://www.metmuseum.org/about-the-met/policies-and-documents/open-access","","0","texture_catalog_match_v1+source_attribute_v1","","{""crack"": 0.0, ""dust"": 0.0, ""fold"": 0.0, ""missing_region"": 0.0, ""mold"": 0.0, ""scratch"": 0.0, ""stain"": 0.0, ""tear"": 0.0}","{}","0","0","0","0","0","0","0","0","0","0","0","0","0","0","0e73c890cf676b24449dd16cf3d752c4ab9f9cd20cd313127c71d99d79dbe00b","3789080","png"
"1510","clean_near_000509","clean_near","509","met_287921","1540.png","clean_near_000509.png","dataset_images/clean_near/clean_near_000509.png","cffe2f307762fe0b992ae8cfd0c463685e9daec8c84ff5cd04ee0f28f58fa129","2886","2284","single_portrait","RGB","existing_damage","test","real_damaged","The Metropolitan Museum of Art","https://www.metmuseum.org/art/collection/search/287921","Public Domain","https://www.metmuseum.org/about-the-met/policies-and-documents/open-access","","0","texture_catalog_match_v1+source_attribute_v1","","{""crack"": 0.0106, ""dust"": 0.0305, ""fold"": 0.1404, ""missing_region"": 0.0639, ""mold"": 0.1065, ""scratch"": 0.0338, ""stain"": 0.1191, ""tear"": 0.113}","{}","0","0","0","0","0","0","0","0","0","0","0","0","0","0","cffe2f307762fe0b992ae8cfd0c463685e9daec8c84ff5cd04ee0f28f58fa129","3992048","png"
"1513","clean_near_000510","clean_near","510","met_287925","1543.png","clean_near_000510.png","dataset_images/clean_near/clean_near_000510.png","563f96f68b4d84e39309846d0a0917af9ce67854216c29e38f1bd9dd8b011bf1","2109","2797","single_portrait","RGB","existing_damage","train","real_damaged","The Metropolitan Museum of Art","https://www.metmuseum.org/art/collection/search/287925","Public Domain","https://www.metmuseum.org/about-the-met/policies-and-documents/open-access","","0","texture_catalog_match_v1+source_attribute_v1","","{""crack"": 0.0, ""dust"": 0.0001, ""fold"": 0.0002, ""missing_region"": 0.0055, ""mold"": 0.0002, ""scratch"": 0.0001, ""stain"": 0.0004, ""tear"": 0.0066}","{}","0","0","0","0","0","0","0","0","0","0","0","0","0","0","563f96f68b4d84e39309846d0a0917af9ce67854216c29e38f1bd9dd8b011bf1","3656066","png"
"1515","clean_near_000511","clean_near","511","met_287928","1545.png","clean_near_000511.png","dataset_images/clean_near/clean_near_000511.png","42b4615486455ef16b094b518a80dd84eea3310ce98c0da875b4c504c1f2151d","2005","3146","outdoor_scene","RGB","existing_damage","train","real_damaged","The Metropolitan Museum of Art","https://www.metmuseum.org/art/collection/search/287928","Public Domain","https://www.metmuseum.org/about-the-met/policies-and-documents/open-access","","0","texture_catalog_match_v1+source_attribute_v1","","{""crack"": 0.0, ""dust"": 0.0, ""fold"": 0.0, ""missing_region"": 0.0002, ""mold"": 0.0, ""scratch"": 0.0, ""stain"": 0.0, ""tear"": 0.0002}","{}","0","0","0","0","0","0","0","0","0","0","0","0","0","0","42b4615486455ef16b094b518a80dd84eea3310ce98c0da875b4c504c1f2151d","3285001","png"
"1517","clean_near_000512","clean_near","512","met_287936","1548.png","clean_near_000512.png","dataset_images/clean_near/clean_near_000512.png","d17f6dd754852ba588d8a3c8647616863d3a52b09fa06fd8caf8549b9c1e9adb","2867","2306","group_portrait","RGB","existing_damage","train","real_damaged","The Metropolitan Museum of Art","https://www.metmuseum.org/art/collection/search/287936","Public Domain","https://www.metmuseum.org/about-the-met/policies-and-documents/open-access","","0","texture_catalog_match_v1+source_attribute_v1","","{""crack"": 0.0, ""dust"": 0.0, ""fold"": 0.0, ""missing_region"": 0.0, ""mold"": 0.0, ""scratch"": 0.0, ""stain"": 0.0, ""tear"": 0.0}","{}","0","0","0","0","0","0","0","0","0","0","0","0","0","0","d17f6dd754852ba588d8a3c8647616863d3a52b09fa06fd8caf8549b9c1e9adb","3877219","png"
"1518","clean_near_000513","clean_near","513","met_287937","1549.png","clean_near_000513.png","dataset_images/clean_near/clean_near_000513.png","418d324d2edbc2bc4d3ed8b5abafc3ec26541587e4e4e3158bcc17ed2ff1595b","2560","2108","outdoor_scene","RGB","existing_damage","train","real_damaged","The Metropolitan Museum of Art","https://www.metmuseum.org/art/collection/search/287937","Public Domain","https://www.metmuseum.org/about-the-met/policies-and-documents/open-access","","0","texture_catalog_match_v1+source_attribute_v1","","{""crack"": 0.0063, ""dust"": 0.0316, ""fold"": 0.1222, ""missing_region"": 0.0859, ""mold"": 0.157, ""scratch"": 0.0325, ""stain"": 0.1137, ""tear"": 0.1421}","{}","0","0","0","0","0","0","0","0","0","0","0","0","0","0","418d324d2edbc2bc4d3ed8b5abafc3ec26541587e4e4e3158bcc17ed2ff1595b","3467889","png"
"1520","clean_near_000514","clean_near","514","met_287941","1551.png","clean_near_000514.png","dataset_images/clean_near/clean_near_000514.png","ec445bec61b92969bdf556e528767003eb98ed13cf86b5679898121d684188d1","2792","2305","outdoor_scene","RGB","existing_damage","train","real_damaged","The Metropolitan Museum of Art","https://www.metmuseum.org/art/collection/search/287941","Public Domain","https://www.metmuseum.org/about-the-met/policies-and-documents/open-access","","0","texture_catalog_match_v1+source_attribute_v1","","{""crack"": 0.0077, ""dust"": 0.0256, ""fold"": 0.1039, ""missing_region"": 0.034, ""mold"": 0.0946, ""scratch"": 0.0315, ""stain"": 0.0899, ""tear"": 0.0715}","{}","0","0","0","0","0","0","0","0","0","0","0","0","0","0","ec445bec61b92969bdf556e528767003eb98ed13cf86b5679898121d684188d1","3461000","png"
"1522","clean_near_000515","clean_near","515","met_287944","1553.png","clean_near_000515.png","dataset_images/clean_near/clean_near_000515.png","da30d8d22febea3c3495ca03eb17ad4b27bc6c6ee88a872c8aab5940d9172aab","2560","2099","outdoor_scene","RGB","existing_damage","train","real_damaged","The Metropolitan Museum of Art","https://www.metmuseum.org/art/collection/search/287944","Public Domain","https://www.metmuseum.org/about-the-met/policies-and-documents/open-access","","0","texture_catalog_match_v1+source_attribute_v1","","{""crack"": 0.0045, ""dust"": 0.0196, ""fold"": 0.0987, ""missing_region"": 0.0415, ""mold"": 0.0832, ""scratch"": 0.0246, ""stain"": 0.0843, ""tear"": 0.0714}","{}","0","0","0","0","0","0","0","0","0","0","0","0","0","0","da30d8d22febea3c3495ca03eb17ad4b27bc6c6ee88a872c8aab5940d9172aab","3411873","png"
"1524","clean_near_000516","clean_near","516","met_287947","1555.png","clean_near_000516.png","dataset_images/clean_near/clean_near_000516.png","bc82561309f21ee1d47b80e19f0963b941702aa0dddfb0b29ef15f955bdadfa5","2560","2132","single_portrait","RGB","existing_damage","train","real_damaged","The Metropolitan Museum of Art","https://www.metmuseum.org/art/collection/search/287947","Public Domain","https://www.metmuseum.org/about-the-met/policies-and-documents/open-access","","0","texture_catalog_match_v1+source_attribute_v1","","{""crack"": 0.0006, ""dust"": 0.0052, ""fold"": 0.0267, ""missing_region"": 0.0227, ""mold"": 0.0337, ""scratch"": 0.0118, ""stain"": 0.0629, ""tear"": 0.0816}","{}","0","0","0","0","0","0","0","0","0","0","0","0","0","0","bc82561309f21ee1d47b80e19f0963b941702aa0dddfb0b29ef15f955bdadfa5","3464048","png"
"1526","clean_near_000517","clean_near","517","met_287952","1557.png","clean_near_000517.png","dataset_images/clean_near/clean_near_000517.png","9ce4d1ab5297c651b072a2217cf9702c105438122d1894c6b9c2e5dbea7b7c49","1985","3372","single_portrait","RGB","existing_damage","test","real_damaged","The Metropolitan Museum of Art","https://www.metmuseum.org/art/collection/search/287952","Public Domain","https://www.metmuseum.org/about-the-met/policies-and-documents/open-access","","0","texture_catalog_match_v1+source_attribute_v1","","{""crack"": 0.0, ""dust"": 0.0, ""fold"": 0.0, ""missing_region"": 0.0, ""mold"": 0.0, ""scratch"": 0.0, ""stain"": 0.0, ""tear"": 0.0}","{}","0","0","0","0","0","0","0","0","0","0","0","0","0","0","9ce4d1ab5297c651b072a2217cf9702c105438122d1894c6b9c2e5dbea7b7c49","3358398","png"
"1527","clean_near_000518","clean_near","518","met_287953","1558.png","clean_near_000518.png","dataset_images/clean_near/clean_near_000518.png","2d406f23ef8fbad1e2a90533c2a72ab89b625bc62d469de7b01fdb452b9acbb7","2239","3163","single_portrait","RGB","existing_damage","train","real_damaged","The Metropolitan Museum of Art","https://www.metmuseum.org/art/collection/search/287953","Public Domain","https://www.metmuseum.org/about-the-met/policies-and-documents/open-access","","0","texture_catalog_match_v1+source_attribute_v1","","{""crack"": 0.0052, ""dust"": 0.0064, ""fold"": 0.0186, ""missing_region"": 0.0076, ""mold"": 0.0154, ""scratch"": 0.0081, ""stain"": 0.0257, ""tear"": 0.0093}","{}","0","0","0","0","0","0","0","0","0","0","0","0","0","0","2d406f23ef8fbad1e2a90533c2a72ab89b625bc62d469de7b01fdb452b9acbb7","3315265","png"
"1530","clean_near_000519","clean_near","519","met_287967","1561.png","clean_near_000519.png","dataset_images/clean_near/clean_near_000519.png","162cd3376f72136fdd3d0947f8c3b807fd516f0142f95bd7c127fc4fb286cfda","1940","2560","single_portrait","RGB","existing_damage","validation","real_damaged","The Metropolitan Museum of Art","https://www.metmuseum.org/art/collection/search/287967","Public Domain","https://www.metmuseum.org/about-the-met/policies-and-documents/open-access","","0","texture_catalog_match_v1+source_attribute_v1","","{""crack"": 0.0023, ""dust"": 0.0195, ""fold"": 0.0453, ""missing_region"": 0.0548, ""mold"": 0.0895, ""scratch"": 0.0253, ""stain"": 0.0914, ""tear"": 0.0779}","{}","0","0","0","0","0","0","0","0","0","0","0","0","0","0","162cd3376f72136fdd3d0947f8c3b807fd516f0142f95bd7c127fc4fb286cfda","3857040","png"
"1532","clean_near_000520","clean_near","520","met_287973","1563.png","clean_near_000520.png","dataset_images/clean_near/clean_near_000520.png","77a149b7f5caa10e19d0d55f3c445a34991816385ae91ef185a2f5b5c8317e40","2560","2054","single_portrait","RGB","existing_damage","train","real_damaged","The Metropolitan Museum of Art","https://www.metmuseum.org/art/collection/search/287973","Public Domain","https://www.metmuseum.org/about-the-met/policies-and-documents/open-access","","0","texture_catalog_match_v1+source_attribute_v1","","{""crack"": 0.0059, ""dust"": 0.0122, ""fold"": 0.0539, ""missing_region"": 0.0588, ""mold"": 0.0863, ""scratch"": 0.0245, ""stain"": 0.046, ""tear"": 0.0588}","{}","0","0","0","0","0","0","0","0","0","0","0","0","0","0","77a149b7f5caa10e19d0d55f3c445a34991816385ae91ef185a2f5b5c8317e40","3341404","png"
"1535","clean_near_000521","clean_near","521","met_288053","1566.png","clean_near_000521.png","dataset_images/clean_near/clean_near_000521.png","5c53328e4f665e76839166cc6abcca2461f969feef267676a04bca859c80475c","1593","2092","single_portrait","RGB","existing_damage","validation","real_damaged","The Metropolitan Museum of Art","https://www.metmuseum.org/art/collection/search/288053","Public Domain","https://www.metmuseum.org/about-the-met/policies-and-documents/open-access","","0","texture_catalog_match_v1+source_attribute_v1","","{""crack"": 0.0028, ""dust"": 0.0091, ""fold"": 0.013, ""missing_region"": 0.0313, ""mold"": 0.0202, ""scratch"": 0.0146, ""stain"": 0.0181, ""tear"": 0.0313}","{}","0","0","0","0","0","0","0","0","0","0","0","0","0","0","5c53328e4f665e76839166cc6abcca2461f969feef267676a04bca859c80475c","2010404","png"
"1536","clean_near_000522","clean_near","522","met_288054","1567.png","clean_near_000522.png","dataset_images/clean_near/clean_near_000522.png","6de8bdc6ec3418431668c2eaee05cf2b07316c799d29f6c4e66529174ff2bd9a","1646","2179","single_portrait","RGB","existing_damage","train","real_damaged","The Metropolitan Museum of Art","https://www.metmuseum.org/art/collection/search/288054","Public Domain","https://www.metmuseum.org/about-the-met/policies-and-documents/open-access","","0","texture_catalog_match_v1+source_attribute_v1","","{""crack"": 0.013, ""dust"": 0.0193, ""fold"": 0.0297, ""missing_region"": 0.0303, ""mold"": 0.0464, ""scratch"": 0.0221, ""stain"": 0.0435, ""tear"": 0.0405}","{}","0","0","0","0","0","0","0","0","0","0","0","0","0","0","6de8bdc6ec3418431668c2eaee05cf2b07316c799d29f6c4e66529174ff2bd9a","2131560","png"
"1539","clean_near_000523","clean_near","523","met_288057","1570.png","clean_near_000523.png","dataset_images/clean_near/clean_near_000523.png","59c997932a3b044c0b7624eec169955a9442d7b2633223aaa3e33d27797c8841","1633","2010","single_portrait","RGB","existing_damage","validation","real_damaged","The Metropolitan Museum of Art","https://www.metmuseum.org/art/collection/search/288057","Public Domain","https://www.metmuseum.org/about-the-met/policies-and-documents/open-access","","0","texture_catalog_match_v1+source_attribute_v1","","{""crack"": 0.0047, ""dust"": 0.0043, ""fold"": 0.0079, ""missing_region"": 0.0041, ""mold"": 0.0054, ""scratch"": 0.0048, ""stain"": 0.0068, ""tear"": 0.0062}","{}","0","0","0","0","0","0","0","0","0","0","0","0","0","0","59c997932a3b044c0b7624eec169955a9442d7b2633223aaa3e33d27797c8841","2198911","png"
"1541","clean_near_000524","clean_near","524","met_288059","1572.png","clean_near_000524.png","dataset_images/clean_near/clean_near_000524.png","4495d7fbbadcc041a94245e2e693bcc142ed7074b82c7c577c7c6e850b95733e","2065","1474","outdoor_scene","RGB","existing_damage","train","real_damaged","The Metropolitan Museum of Art","https://www.metmuseum.org/art/collection/search/288059","Public Domain","https://www.metmuseum.org/about-the-met/policies-and-documents/open-access","","0","texture_catalog_match_v1+source_attribute_v1","","{""crack"": 0.0212, ""dust"": 0.0327, ""fold"": 0.0559, ""missing_region"": 0.0564, ""mold"": 0.0889, ""scratch"": 0.0321, ""stain"": 0.0798, ""tear"": 0.0772}","{}","0","0","0","0","0","0","0","0","0","0","0","0","0","0","4495d7fbbadcc041a94245e2e693bcc142ed7074b82c7c577c7c6e850b95733e","2056784","png"
"1543","clean_near_000525","clean_near","525","met_288061","1574.png","clean_near_000525.png","dataset_images/clean_near/clean_near_000525.png","004ee11253dd5ff268fa01aa6e0b2c0516c503ba8542a948115dbc34220a7f5e","2353","1937","group_portrait","RGB","existing_damage","train","real_damaged","The Metropolitan Museum of Art","https://www.metmuseum.org/art/collection/search/288061","Public Domain","https://www.metmuseum.org/about-the-met/policies-and-documents/open-access","","0","texture_catalog_match_v1+source_attribute_v1","","{""crack"": 0.0241, ""dust"": 0.0252, ""fold"": 0.0489, ""missing_region"": 0.037, ""mold"": 0.0464, ""scratch"": 0.0238, ""stain"": 0.0466, ""tear"": 0.0583}","{}","0","0","0","0","0","0","0","0","0","0","0","0","0","0","004ee11253dd5ff268fa01aa6e0b2c0516c503ba8542a948115dbc34220a7f5e","2750615","png"
"1545","clean_near_000526","clean_near","526","met_288063","1576.png","clean_near_000526.png","dataset_images/clean_near/clean_near_000526.png","ab26627287ab03d16bf09baa6d52c8636d6639963baee26f5f97d9f30aef9ea6","2644","2104","group_portrait","RGB","existing_damage","test","real_damaged","The Metropolitan Museum of Art","https://www.metmuseum.org/art/collection/search/288063","Public Domain","https://www.metmuseum.org/about-the-met/policies-and-documents/open-access","","0","texture_catalog_match_v1+source_attribute_v1","","{""crack"": 0.0159, ""dust"": 0.03, ""fold"": 0.1094, ""missing_region"": 0.0437, ""mold"": 0.0907, ""scratch"": 0.0299, ""stain"": 0.1093, ""tear"": 0.0719}","{}","0","0","0","0","0","0","0","0","0","0","0","0","0","0","ab26627287ab03d16bf09baa6d52c8636d6639963baee26f5f97d9f30aef9ea6","3570356","png"
"1547","clean_near_000527","clean_near","527","met_288065","1578.png","clean_near_000527.png","dataset_images/clean_near/clean_near_000527.png","22c39234f0122f5aa7b4fd66cd6f917d6341a5c8bbf5001436b6b38493233922","2772","2223","other","RGB","existing_damage","train","real_damaged","The Metropolitan Museum of Art","https://www.metmuseum.org/art/collection/search/288065","Public Domain","https://www.metmuseum.org/about-the-met/policies-and-documents/open-access","","0","texture_catalog_match_v1+source_attribute_v1","","{""crack"": 0.0258, ""dust"": 0.0379, ""fold"": 0.0816, ""missing_region"": 0.0722, ""mold"": 0.1045, ""scratch"": 0.0338, ""stain"": 0.1299, ""tear"": 0.0964}","{}","0","0","0","0","0","0","0","0","0","0","0","0","0","0","22c39234f0122f5aa7b4fd66cd6f917d6341a5c8bbf5001436b6b38493233922","3891648","png"
"1552","clean_near_000528","clean_near","528","met_288070","1583.png","clean_near_000528.png","dataset_images/clean_near/clean_near_000528.png","3efcad3dc35b42380a908cb7ff344dd19f184060a961de9bb691f5b26e0d803e","1684","2024","outdoor_scene","RGB","existing_damage","train","real_damaged","The Metropolitan Museum of Art","https://www.metmuseum.org/art/collection/search/288070","Public Domain","https://www.metmuseum.org/about-the-met/policies-and-documents/open-access","","0","texture_catalog_match_v1+source_attribute_v1","","{""crack"": 0.013, ""dust"": 0.0264, ""fold"": 0.1091, ""missing_region"": 0.0427, ""mold"": 0.0701, ""scratch"": 0.0262, ""stain"": 0.0608, ""tear"": 0.0746}","{}","0","0","0","0","0","0","0","0","0","0","0","0","0","0","3efcad3dc35b42380a908cb7ff344dd19f184060a961de9bb691f5b26e0d803e","2514628","png"
"1554","clean_near_000529","clean_near","529","met_288072","1585.png","clean_near_000529.png","dataset_images/clean_near/clean_near_000529.png","8f0e948999328175868b8263ade1fe1aa344ddb43342d5ec511510dad09e6625","1661","2186","other","RGB","existing_damage","train","real_damaged","The Metropolitan Museum of Art","https://www.metmuseum.org/art/collection/search/288072","Public Domain","https://www.metmuseum.org/about-the-met/policies-and-documents/open-access","","0","texture_catalog_match_v1+source_attribute_v1","","{""crack"": 0.0274, ""dust"": 0.0371, ""fold"": 0.1157, ""missing_region"": 0.0437, ""mold"": 0.0898, ""scratch"": 0.0303, ""stain"": 0.1162, ""tear"": 0.0831}","{}","0","0","0","0","0","0","0","0","0","0","0","0","0","0","8f0e948999328175868b8263ade1fe1aa344ddb43342d5ec511510dad09e6625","2544840","png"
"1560","clean_near_000530","clean_near","530","met_288078","1591.png","clean_near_000530.png","dataset_images/clean_near/clean_near_000530.png","5a7ebdc2acd6a3f4632d43b0aa7d93b3994ea896c5f44e83850b6c270ee6880d","2465","2068","group_portrait","RGB","existing_damage","train","real_damaged","The Metropolitan Museum of Art","https://www.metmuseum.org/art/collection/search/288078","Public Domain","https://www.metmuseum.org/about-the-met/policies-and-documents/open-access","","0","texture_catalog_match_v1+source_attribute_v1","","{""crack"": 0.0016, ""dust"": 0.0049, ""fold"": 0.0433, ""missing_region"": 0.0186, ""mold"": 0.0278, ""scratch"": 0.0168, ""stain"": 0.0551, ""tear"": 0.0364}","{}","0","0","0","0","0","0","0","0","0","0","0","0","0","0","5a7ebdc2acd6a3f4632d43b0aa7d93b3994ea896c5f44e83850b6c270ee6880d","3140548","png"
"1561","clean_near_000531","clean_near","531","met_288079","1592.png","clean_near_000531.png","dataset_images/clean_near/clean_near_000531.png","9b4e7484ab5a9d15f2a5c12f474b3ca6f5bd9e00394c73fab619923e528f5fcd","2490","2105","single_portrait","RGB","existing_damage","train","real_damaged","The Metropolitan Museum of Art","https://www.metmuseum.org/art/collection/search/288079","Public Domain","https://www.metmuseum.org/about-the-met/policies-and-documents/open-access","","0","texture_catalog_match_v1+source_attribute_v1","","{""crack"": 0.0097, ""dust"": 0.0327, ""fold"": 0.127, ""missing_region"": 0.0638, ""mold"": 0.121, ""scratch"": 0.0319, ""stain"": 0.1004, ""tear"": 0.1103}","{}","0","0","0","0","0","0","0","0","0","0","0","0","0","0","9b4e7484ab5a9d15f2a5c12f474b3ca6f5bd9e00394c73fab619923e528f5fcd","3753352","png"
"1563","clean_near_000532","clean_near","532","met_288081","1594.png","clean_near_000532.png","dataset_images/clean_near/clean_near_000532.png","b223290f0eabf3253d08717245f6833a30a193b0b1bcc5b7fe0b4325ae0030bf","1631","2107","other","RGB","existing_damage","train","real_damaged","The Metropolitan Museum of Art","https://www.metmuseum.org/art/collection/search/288081","Public Domain","https://www.metmuseum.org/about-the-met/policies-and-documents/open-access","","0","texture_catalog_match_v1+source_attribute_v1","","{""crack"": 0.0138, ""dust"": 0.0366, ""fold"": 0.1411, ""missing_region"": 0.0459, ""mold"": 0.0846, ""scratch"": 0.0282, ""stain"": 0.1492, ""tear"": 0.1093}","{}","0","0","0","0","0","0","0","0","0","0","0","0","0","0","b223290f0eabf3253d08717245f6833a30a193b0b1bcc5b7fe0b4325ae0030bf","2508855","png"
"1566","clean_near_000533","clean_near","533","met_288084","1597.png","clean_near_000533.png","dataset_images/clean_near/clean_near_000533.png","309cca5131b9b749fde3cb59fe98a7ad1cedc500873feaf6a09908faffe83e5e","2111","1670","group_portrait","RGB","existing_damage","train","real_damaged","The Metropolitan Museum of Art","https://www.metmuseum.org/art/collection/search/288084","Public Domain","https://www.metmuseum.org/about-the-met/policies-and-documents/open-access","","0","texture_catalog_match_v1+source_attribute_v1","","{""crack"": 0.0146, ""dust"": 0.0298, ""fold"": 0.1, ""missing_region"": 0.0424, ""mold"": 0.0734, ""scratch"": 0.0264, ""stain"": 0.1336, ""tear"": 0.0673}","{}","0","0","0","0","0","0","0","0","0","0","0","0","0","0","309cca5131b9b749fde3cb59fe98a7ad1cedc500873feaf6a09908faffe83e5e","2543645","png"
"1567","clean_near_000534","clean_near","534","met_288085","1598.png","clean_near_000534.png","dataset_images/clean_near/clean_near_000534.png","3762f75df05c986e8f4072a9fdecec7b5c09a9e7399cfae5674064423bd7d5f9","1636","2093","outdoor_scene","RGB","existing_damage","train","real_damaged","The Metropolitan Museum of Art","https://www.metmuseum.org/art/collection/search/288085","Public Domain","https://www.metmuseum.org/about-the-met/policies-and-documents/open-access","","0","texture_catalog_match_v1+source_attribute_v1","","{""crack"": 0.0021, ""dust"": 0.0132, ""fold"": 0.0602, ""missing_region"": 0.0417, ""mold"": 0.0677, ""scratch"": 0.0167, ""stain"": 0.0765, ""tear"": 0.0727}","{}","0","0","0","0","0","0","0","0","0","0","0","0","0","0","3762f75df05c986e8f4072a9fdecec7b5c09a9e7399cfae5674064423bd7d5f9","2470004","png"
"1570","clean_near_000535","clean_near","535","met_289721","1601.png","clean_near_000535.png","dataset_images/clean_near/clean_near_000535.png","7abd55706c8bdc67437f91e8c654d4009b7cf35c18e368cbd1ebb550c5db766e","3200","2238","architecture","RGB","existing_damage","train","real_damaged","The Metropolitan Museum of Art","https://www.metmuseum.org/art/collection/search/289721","Public Domain","https://www.metmuseum.org/about-the-met/policies-and-documents/open-access","","0","texture_catalog_match_v1+source_attribute_v1","","{""crack"": 0.0112, ""dust"": 0.0153, ""fold"": 0.0474, ""missing_region"": 0.0395, ""mold"": 0.0468, ""scratch"": 0.0152, ""stain"": 0.074, ""tear"": 0.0673}","{}","0","0","0","0","0","0","0","0","0","0","0","0","0","0","7abd55706c8bdc67437f91e8c654d4009b7cf35c18e368cbd1ebb550c5db766e","3749664","png"
"1572","clean_near_000536","clean_near","536","met_291411","1603.png","clean_near_000536.png","dataset_images/clean_near/clean_near_000536.png","27e1b5243504fa551ed1b3e35039bd4019af51a934484baf51d81d33912acfcf","2086","1629","single_portrait","RGB","existing_damage","train","real_damaged","The Metropolitan Museum of Art","https://www.metmuseum.org/art/collection/search/291411","Public Domain","https://www.metmuseum.org/about-the-met/policies-and-documents/open-access","","0","texture_catalog_match_v1+source_attribute_v1","","{""crack"": 0.0212, ""dust"": 0.0326, ""fold"": 0.0807, ""missing_region"": 0.0471, ""mold"": 0.0981, ""scratch"": 0.0251, ""stain"": 0.0888, ""tear"": 0.0785}","{}","0","0","0","0","0","0","0","0","0","0","0","0","0","0","45d458fe4adb782cdfd8fdae008ba2e5ae79004aa03769c28f3f39165650e40f","3489806","png"
"1574","clean_near_000537","clean_near","537","met_291553","1606.png","clean_near_000537.png","dataset_images/clean_near/clean_near_000537.png","96799a092ed1770d3d9f3519c434b33cd0435c385fddb6a489acf671833ffa51","2090","2560","single_portrait","RGB","existing_damage","test","real_damaged","The Metropolitan Museum of Art","https://www.metmuseum.org/art/collection/search/291553","Public Domain","https://www.metmuseum.org/about-the-met/policies-and-documents/open-access","","0","texture_catalog_match_v1+source_attribute_v1","","{""crack"": 0.018, ""dust"": 0.0246, ""fold"": 0.0544, ""missing_region"": 0.0281, ""mold"": 0.042, ""scratch"": 0.0336, ""stain"": 0.0627, ""tear"": 0.1124}","{}","0","0","0","0","0","0","0","0","0","0","0","0","0","0","96799a092ed1770d3d9f3519c434b33cd0435c385fddb6a489acf671833ffa51","3375456","png"
"1575","clean_near_000538","clean_near","538","met_291637","1690.png","clean_near_000538.png","dataset_images/clean_near/clean_near_000538.png","d2b29b89e45fd8be8634942389a97c74c668738faae7e8f7fb4ca1f5e684cf6d","2160","2560","single_portrait","RGB","existing_damage","train","real_damaged","The Metropolitan Museum of Art","https://www.metmuseum.org/art/collection/search/291637","Public Domain","https://www.metmuseum.org/about-the-met/policies-and-documents/open-access","","0","texture_catalog_match_v1+source_attribute_v1","","{""crack"": 0.0226, ""dust"": 0.0409, ""fold"": 0.0825, ""missing_region"": 0.0453, ""mold"": 0.1152, ""scratch"": 0.0299, ""stain"": 0.1593, ""tear"": 0.0929}","{}","0","0","0","0","0","0","0","0","0","0","0","0","0","0","d2b29b89e45fd8be8634942389a97c74c668738faae7e8f7fb4ca1f5e684cf6d","3644862","png"
"1576","clean_near_000539","clean_near","539","met_291643","1696.png","clean_near_000539.png","dataset_images/clean_near/clean_near_000539.png","42283fcffe8d13a71ebc80138a5091193c05389d4626ec3d20f643af07a5ea1c","2160","2560","single_portrait","RGB","existing_damage","train","real_damaged","The Metropolitan Museum of Art","https://www.metmuseum.org/art/collection/search/291643","Public Domain","https://www.metmuseum.org/about-the-met/policies-and-documents/open-access","","0","texture_catalog_match_v1+source_attribute_v1","","{""crack"": 0.0203, ""dust"": 0.0278, ""fold"": 0.0477, ""missing_region"": 0.0378, ""mold"": 0.0612, ""scratch"": 0.0307, ""stain"": 0.0693, ""tear"": 0.076}","{}","0","0","0","0","0","0","0","0","0","0","0","0","0","0","42283fcffe8d13a71ebc80138a5091193c05389d4626ec3d20f643af07a5ea1c","3851567","png"
"1577","clean_near_000540","clean_near","540","met_291651","1704.png","clean_near_000540.png","dataset_images/clean_near/clean_near_000540.png","29ac47f175396b4fce7eba628ff6757b738bf9933da37bd357e0637707f00bda","1500","1894","single_portrait","RGB","existing_damage","train","real_damaged","The Metropolitan Museum of Art","https://www.metmuseum.org/art/collection/search/291651","Public Domain","https://www.metmuseum.org/about-the-met/policies-and-documents/open-access","","0","texture_catalog_match_v1+source_attribute_v1","","{""crack"": 0.0076, ""dust"": 0.0119, ""fold"": 0.0287, ""missing_region"": 0.0138, ""mold"": 0.0246, ""scratch"": 0.0156, ""stain"": 0.0244, ""tear"": 0.0253}","{}","0","0","0","0","0","0","0","0","0","0","0","0","0","0","29ac47f175396b4fce7eba628ff6757b738bf9933da37bd357e0637707f00bda","1826335","png"
"1578","clean_near_000541","clean_near","541","met_291652","1705.png","clean_near_000541.png","dataset_images/clean_near/clean_near_000541.png","a3a7d7d980c2a47ef963ccf647f285b3bc733b861431b8975f3f894cb1c11bd8","1242","1620","single_portrait","RGB","existing_damage","train","real_damaged","The Metropolitan Museum of Art","https://www.metmuseum.org/art/collection/search/291652","Public Domain","https://www.metmuseum.org/about-the-met/policies-and-documents/open-access","","0","texture_catalog_match_v1+source_attribute_v1","","{""crack"": 0.0127, ""dust"": 0.0117, ""fold"": 0.0293, ""missing_region"": 0.0119, ""mold"": 0.0184, ""scratch"": 0.0128, ""stain"": 0.0221, ""tear"": 0.03}","{}","0","0","0","0","0","0","0","0","0","0","0","0","0","0","008b122d026b69dd873562974ab6d1f28f3d27e8fb851b330cd95b459bfa7ff3","2335671","png"
"1579","clean_near_000542","clean_near","542","met_291653","1706.png","clean_near_000542.png","dataset_images/clean_near/clean_near_000542.png","8c05a4b342e5e555698df736f5f946e365eed234ad5c4745deebec930184393f","1452","1864","single_portrait","RGB","existing_damage","train","real_damaged","The Metropolitan Museum of Art","https://www.metmuseum.org/art/collection/search/291653","Public Domain","https://www.metmuseum.org/about-the-met/policies-and-documents/open-access","","0","texture_catalog_match_v1+source_attribute_v1","","{""crack"": 0.0099, ""dust"": 0.0139, ""fold"": 0.0287, ""missing_region"": 0.0158, ""mold"": 0.0175, ""scratch"": 0.0193, ""stain"": 0.0246, ""tear"": 0.0202}","{}","0","0","0","0","0","0","0","0","0","0","0","0","0","0","8c05a4b342e5e555698df736f5f946e365eed234ad5c4745deebec930184393f","1651548","png"
"1581","clean_near_000543","clean_near","543","met_291655","1708.png","clean_near_000543.png","dataset_images/clean_near/clean_near_000543.png","9355c6b93bd33753b73ef12e9d81cab200ffb7dd9cd5951902fd7a5e854c8be5","1248","1636","single_portrait","RGB","existing_damage","train","real_damaged","The Metropolitan Museum of Art","https://www.metmuseum.org/art/collection/search/291655","Public Domain","https://www.metmuseum.org/about-the-met/policies-and-documents/open-access","","0","texture_catalog_match_v1+source_attribute_v1","","{""crack"": 0.0143, ""dust"": 0.0152, ""fold"": 0.0357, ""missing_region"": 0.0148, ""mold"": 0.0205, ""scratch"": 0.0191, ""stain"": 0.0271, ""tear"": 0.0354}","{}","0","0","0","0","0","0","0","0","0","0","0","0","0","0","b15a82feb7f7b43055e0c705d78253526c0e48d01821c0e632aec5b81e11e61c","2300591","png"
"1582","clean_near_000544","clean_near","544","met_291656","1709.png","clean_near_000544.png","dataset_images/clean_near/clean_near_000544.png","5fa70e5d3a5af4ed599267fd2fb42b55e2e0b37b4b2a3c4ef5bba75f8c476722","3200","2136","single_portrait","RGB","existing_damage","train","real_damaged","The Metropolitan Museum of Art","https://www.metmuseum.org/art/collection/search/291656","Public Domain","https://www.metmuseum.org/about-the-met/policies-and-documents/open-access","","0","texture_catalog_match_v1+source_attribute_v1","","{""crack"": 0.0075, ""dust"": 0.0261, ""fold"": 0.0719, ""missing_region"": 0.0667, ""mold"": 0.0562, ""scratch"": 0.0209, ""stain"": 0.0919, ""tear"": 0.0667}","{}","0","0","0","0","0","0","0","0","0","0","0","0","0","0","5fa70e5d3a5af4ed599267fd2fb42b55e2e0b37b4b2a3c4ef5bba75f8c476722","3869817","png"
"1583","clean_near_000545","clean_near","545","met_291739","1710.png","clean_near_000545.png","dataset_images/clean_near/clean_near_000545.png","b5c4167d06fa892483ccaf72a2efb88f19f33a396a9c6772e553422cbce8966e","1993","2560","indoor_scene","RGB","existing_damage","train","real_damaged","The Metropolitan Museum of Art","https://www.metmuseum.org/art/collection/search/291739","Public Domain","https://www.metmuseum.org/about-the-met/policies-and-documents/open-access","","0","texture_catalog_match_v1+source_attribute_v1","","{""crack"": 0.0315, ""dust"": 0.0425, ""fold"": 0.0965, ""missing_region"": 0.0509, ""mold"": 0.0995, ""scratch"": 0.0398, ""stain"": 0.1014, ""tear"": 0.1194}","{}","0","0","0","0","0","0","0","0","0","0","0","0","0","0","b5c4167d06fa892483ccaf72a2efb88f19f33a396a9c6772e553422cbce8966e","3509566","png"
"1586","clean_near_000546","clean_near","546","met_299407","1713.png","clean_near_000546.png","dataset_images/clean_near/clean_near_000546.png","b0d31cc1c1e10a8e7cf88adb2a2e139aff38e78b53804ebdc1e7f36a949ba16f","1717","2560","other","RGB","existing_damage","train","real_damaged","The Metropolitan Museum of Art","https://www.metmuseum.org/art/collection/search/299407","Public Domain","https://www.metmuseum.org/about-the-met/policies-and-documents/open-access","","0","texture_catalog_match_v1+source_attribute_v1","","{""crack"": 0.0243, ""dust"": 0.0355, ""fold"": 0.1381, ""missing_region"": 0.0421, ""mold"": 0.0953, ""scratch"": 0.0362, ""stain"": 0.1289, ""tear"": 0.0928}","{}","0","0","0","0","0","0","0","0","0","0","0","0","0","0","b0d31cc1c1e10a8e7cf88adb2a2e139aff38e78b53804ebdc1e7f36a949ba16f","3374805","png"
"1587","clean_near_000547","clean_near","547","met_299408","1714.png","clean_near_000547.png","dataset_images/clean_near/clean_near_000547.png","2f42a588afdc71e5eb6aa4e557ab8550f9a3c4540cdfe3611878ef3e13d6bde8","1710","2560","other","RGB","existing_damage","train","real_damaged","The Metropolitan Museum of Art","https://www.metmuseum.org/art/collection/search/299408","Public Domain","https://www.metmuseum.org/about-the-met/policies-and-documents/open-access","","0","texture_catalog_match_v1+source_attribute_v1","","{""crack"": 0.0303, ""dust"": 0.045, ""fold"": 0.0821, ""missing_region"": 0.0473, ""mold"": 0.1081, ""scratch"": 0.0424, ""stain"": 0.1251, ""tear"": 0.1336}","{}","0","0","0","0","0","0","0","0","0","0","0","0","0","0","2f42a588afdc71e5eb6aa4e557ab8550f9a3c4540cdfe3611878ef3e13d6bde8","3230830","png"
"1590","clean_near_000548","clean_near","548","met_301891","1717.png","clean_near_000548.png","dataset_images/clean_near/clean_near_000548.png","7d1917cae093c49c4872bdccb0c2b1f32db3d23f1bf7c5e41f55472b578339ff","2266","2560","other","RGB","existing_damage","validation","real_damaged","The Metropolitan Museum of Art","https://www.metmuseum.org/art/collection/search/301891","Public Domain","https://www.metmuseum.org/about-the-met/policies-and-documents/open-access","","0","texture_catalog_match_v1+source_attribute_v1","","{""crack"": 0.0056, ""dust"": 0.0103, ""fold"": 0.0219, ""missing_region"": 0.0341, ""mold"": 0.018, ""scratch"": 0.0114, ""stain"": 0.0308, ""tear"": 0.0396}","{}","0","0","0","0","0","0","0","0","0","0","0","0","0","0","7d1917cae093c49c4872bdccb0c2b1f32db3d23f1bf7c5e41f55472b578339ff","3809333","png"
"1596","clean_near_000549","clean_near","549","met_302358","1723.png","clean_near_000549.png","dataset_images/clean_near/clean_near_000549.png","7404395e93732a205ca4daaaff9fd5926079548442266e89bb564b727eb4578e","1094","1742","group_portrait","RGB","existing_damage","train","real_damaged","The Metropolitan Museum of Art","https://www.metmuseum.org/art/collection/search/302358","Public Domain","https://www.metmuseum.org/about-the-met/policies-and-documents/open-access","","0","texture_catalog_match_v1+source_attribute_v1","","{""crack"": 0.0082, ""dust"": 0.0198, ""fold"": 0.0303, ""missing_region"": 0.0316, ""mold"": 0.0419, ""scratch"": 0.017, ""stain"": 0.0437, ""tear"": 0.0328}","{}","0","0","0","0","0","0","0","0","0","0","0","0","0","0","76691152e3716437c5ab8eb91f3225a12afe71c8526afc3503db4e7847df866c","2892685","png"
"1597","clean_near_000550","clean_near","550","met_302466","1724.png","clean_near_000550.png","dataset_images/clean_near/clean_near_000550.png","aea8ae0c24b9b95c8891b0045b4196cabadd1f052d8547607f56c20e0c4c058b","3550","1725","single_portrait","RGB","existing_damage","train","real_damaged","The Metropolitan Museum of Art","https://www.metmuseum.org/art/collection/search/302466","Public Domain","https://www.metmuseum.org/about-the-met/policies-and-documents/open-access","","0","texture_catalog_match_v1+source_attribute_v1","","{""crack"": 0.0075, ""dust"": 0.0153, ""fold"": 0.0243, ""missing_region"": 0.0246, ""mold"": 0.0353, ""scratch"": 0.0139, ""stain"": 0.0595, ""tear"": 0.0432}","{}","0","0","0","0","0","0","0","0","0","0","0","0","0","0","aea8ae0c24b9b95c8891b0045b4196cabadd1f052d8547607f56c20e0c4c058b","3524127","png"
"1598","clean_near_000551","clean_near","551","met_306173","1725.png","clean_near_000551.png","dataset_images/clean_near/clean_near_000551.png","5f0a2acb32de9e55967987ba31ae235b6dc367525e123e7c4d63e8759aafbf7b","1410","1851","other","RGB","existing_damage","train","real_damaged","The Metropolitan Museum of Art","https://www.metmuseum.org/art/collection/search/306173","Public Domain","https://www.metmuseum.org/about-the-met/policies-and-documents/open-access","","0","texture_catalog_match_v1+source_attribute_v1","","{""crack"": 0.0261, ""dust"": 0.0261, ""fold"": 0.0391, ""missing_region"": 0.0279, ""mold"": 0.0301, ""scratch"": 0.0259, ""stain"": 0.0501, ""tear"": 0.0567}","{}","0","0","0","0","0","0","0","0","0","0","0","0","0","0","eb353e47b030c146c46476172b6af520bea2cf557816442387172b97848ba457","2634618","png"
"1599","clean_near_000552","clean_near","552","met_306202","1726.png","clean_near_000552.png","dataset_images/clean_near/clean_near_000552.png","f3ccb9327293732e72d4598e850ab8cd916961b5a10c11c9cdefa21f6e931810","2560","2132","outdoor_scene","RGB","existing_damage","train","real_damaged","The Metropolitan Museum of Art","https://www.metmuseum.org/art/collection/search/306202","Public Domain","https://www.metmuseum.org/about-the-met/policies-and-documents/open-access","","0","texture_catalog_match_v1+source_attribute_v1","","{""crack"": 0.02, ""dust"": 0.0376, ""fold"": 0.1179, ""missing_region"": 0.0595, ""mold"": 0.0862, ""scratch"": 0.0316, ""stain"": 0.0861, ""tear"": 0.0807}","{}","0","0","0","0","0","0","0","0","0","0","0","0","0","0","f3ccb9327293732e72d4598e850ab8cd916961b5a10c11c9cdefa21f6e931810","3971340","png"
"1600","clean_near_000553","clean_near","553","met_306203","1727.png","clean_near_000553.png","dataset_images/clean_near/clean_near_000553.png","5569a46d27be7b71dc987ad55e6a8c3ee0fae24d5487bd0231237ead48687551","2560","2008","single_portrait","RGB","existing_damage","test","real_damaged","The Metropolitan Museum of Art","https://www.metmuseum.org/art/collection/search/306203","Public Domain","https://www.metmuseum.org/about-the-met/policies-and-documents/open-access","","0","texture_catalog_match_v1+source_attribute_v1","","{""crack"": 0.0066, ""dust"": 0.0253, ""fold"": 0.0888, ""missing_region"": 0.1078, ""mold"": 0.1218, ""scratch"": 0.0253, ""stain"": 0.1538, ""tear"": 0.1078}","{}","0","0","0","0","0","0","0","0","0","0","0","0","0","0","5569a46d27be7b71dc987ad55e6a8c3ee0fae24d5487bd0231237ead48687551","3628583","png"
"1607","clean_near_000554","clean_near","554","met_306228","1734.png","clean_near_000554.png","dataset_images/clean_near/clean_near_000554.png","4e732182674b363006b4ec15d3c64656ac465d95f38cd0c65565a2b36955c751","2102","2560","group_portrait","RGB","existing_damage","train","real_damaged","The Metropolitan Museum of Art","https://www.metmuseum.org/art/collection/search/306228","Public Domain","https://www.metmuseum.org/about-the-met/policies-and-documents/open-access","","0","texture_catalog_match_v1+source_attribute_v1","","{""crack"": 0.0059, ""dust"": 0.0128, ""fold"": 0.0367, ""missing_region"": 0.0219, ""mold"": 0.0416, ""scratch"": 0.0158, ""stain"": 0.0377, ""tear"": 0.0436}","{}","0","0","0","0","0","0","0","0","0","0","0","0","0","0","4e732182674b363006b4ec15d3c64656ac465d95f38cd0c65565a2b36955c751","3383877","png"
"1612","clean_near_000555","clean_near","555","met_306252","1739.png","clean_near_000555.png","dataset_images/clean_near/clean_near_000555.png","8c08851ac604d896a76fffc0ef51e27d693d06f51843999882b9bc0e97e61294","2560","2124","group_portrait","RGB","existing_damage","train","real_damaged","The Metropolitan Museum of Art","https://www.metmuseum.org/art/collection/search/306252","Public Domain","https://www.metmuseum.org/about-the-met/policies-and-documents/open-access","","0","texture_catalog_match_v1+source_attribute_v1","","{""crack"": 0.0089, ""dust"": 0.031, ""fold"": 0.0822, ""missing_region"": 0.0566, ""mold"": 0.1017, ""scratch"": 0.0324, ""stain"": 0.1002, ""tear"": 0.0888}","{}","0","0","0","0","0","0","0","0","0","0","0","0","0","0","8c08851ac604d896a76fffc0ef51e27d693d06f51843999882b9bc0e97e61294","3687153","png"
"1613","clean_near_000556","clean_near","556","met_306253","1740.png","clean_near_000556.png","dataset_images/clean_near/clean_near_000556.png","450cc68501b068cdb3a7830738ebf697ae6b2356a073e411b3ca8503192e6a85","2081","2560","single_portrait","RGB","existing_damage","train","real_damaged","The Metropolitan Museum of Art","https://www.metmuseum.org/art/collection/search/306253","Public Domain","https://www.metmuseum.org/about-the-met/policies-and-documents/open-access","","0","texture_catalog_match_v1+source_attribute_v1","","{""crack"": 0.0173, ""dust"": 0.0319, ""fold"": 0.0571, ""missing_region"": 0.0434, ""mold"": 0.0842, ""scratch"": 0.0293, ""stain"": 0.0967, ""tear"": 0.0811}","{}","0","0","0","0","0","0","0","0","0","0","0","0","0","0","450cc68501b068cdb3a7830738ebf697ae6b2356a073e411b3ca8503192e6a85","3634664","png"
"1615","clean_near_000557","clean_near","557","met_306255","1742.png","clean_near_000557.png","dataset_images/clean_near/clean_near_000557.png","b461e23d5d86ada412ff6524b10b91017720237ed01819d438c57255c2f868fe","1267","982","group_portrait","RGB","existing_damage","train","real_damaged","The Metropolitan Museum of Art","https://www.metmuseum.org/art/collection/search/306255","Public Domain","https://www.metmuseum.org/about-the-met/policies-and-documents/open-access","","0","texture_catalog_match_v1+source_attribute_v1","","{""crack"": 0.0273, ""dust"": 0.0365, ""fold"": 0.0837, ""missing_region"": 0.0353, ""mold"": 0.0711, ""scratch"": 0.0302, ""stain"": 0.12, ""tear"": 0.0903}","{}","0","0","0","0","0","0","0","0","0","0","0","0","0","0","145756f0b4dbb2fd4a532a73841574bce3bbf1726292d03541be890538a0b7b2","1859121","png"
"1618","clean_near_000558","clean_near","558","met_306323","1745.png","clean_near_000558.png","dataset_images/clean_near/clean_near_000558.png","bd0d196dd8a204ae7d05ffd44d4e124da611edd9200cd4abd56bc86e7a965f1f","1572","2069","single_portrait","RGB","existing_damage","train","real_damaged","The Metropolitan Museum of Art","https://www.metmuseum.org/art/collection/search/306323","Public Domain","https://www.metmuseum.org/about-the-met/policies-and-documents/open-access","","0","texture_catalog_match_v1+source_attribute_v1","","{""crack"": 0.0105, ""dust"": 0.0201, ""fold"": 0.0713, ""missing_region"": 0.0425, ""mold"": 0.0417, ""scratch"": 0.0206, ""stain"": 0.0533, ""tear"": 0.0425}","{}","0","0","0","0","0","0","0","0","0","0","0","0","0","0","4638355bd66054979109548203ead97dd69649a114e23472f5651b07a3f5a94d","5345329","png"
"1623","clean_near_000559","clean_near","559","met_307108","1750.png","clean_near_000559.png","dataset_images/clean_near/clean_near_000559.png","5ae578f996a3b115938bcc561c3a7cf83651f1fd37e369da561d40018226433f","1798","2293","single_portrait","RGB","existing_damage","train","real_damaged","The Metropolitan Museum of Art","https://www.metmuseum.org/art/collection/search/307108","Public Domain","https://www.metmuseum.org/about-the-met/policies-and-documents/open-access","","0","texture_catalog_match_v1+source_attribute_v1","","{""crack"": 0.0261, ""dust"": 0.0288, ""fold"": 0.1296, ""missing_region"": 0.048, ""mold"": 0.0875, ""scratch"": 0.0327, ""stain"": 0.0846, ""tear"": 0.0722}","{}","0","0","0","0","0","0","0","0","0","0","0","0","0","0","5bf368d2e45752da863163fc155b95ee634ef7826344142dec2e191b40bb2424","4081140","png"
"1624","clean_near_000560","clean_near","560","met_369698","1751.png","clean_near_000560.png","dataset_images/clean_near/clean_near_000560.png","bc1f9ec7b67ed2915d7527ec47ebff86463e7ebbeb416b58c2939b299bc81606","1681","2560","other","RGB","existing_damage","test","real_damaged","The Metropolitan Museum of Art","https://www.metmuseum.org/art/collection/search/369698","Public Domain","https://www.metmuseum.org/about-the-met/policies-and-documents/open-access","","0","texture_catalog_match_v1+source_attribute_v1","","{""crack"": 0.0121, ""dust"": 0.0315, ""fold"": 0.0772, ""missing_region"": 0.0474, ""mold"": 0.0862, ""scratch"": 0.025, ""stain"": 0.1238, ""tear"": 0.0943}","{}","0","0","0","0","0","0","0","0","0","0","0","0","0","0","bc1f9ec7b67ed2915d7527ec47ebff86463e7ebbeb416b58c2939b299bc81606","3889255","png"
"1627","clean_near_000561","clean_near","561","met_629811","1754.png","clean_near_000561.png","dataset_images/clean_near/clean_near_000561.png","1d8b7c21ee865ace8802c2ae95c5c77e0dfc0cd31ea006938c60a4b17176bd68","2560","1880","architecture","RGB","existing_damage","test","real_damaged","The Metropolitan Museum of Art","https://www.metmuseum.org/art/collection/search/629811","Public Domain","https://www.metmuseum.org/about-the-met/policies-and-documents/open-access","","0","texture_catalog_match_v1+source_attribute_v1","","{""crack"": 0.0119, ""dust"": 0.015, ""fold"": 0.0655, ""missing_region"": 0.0347, ""mold"": 0.1038, ""scratch"": 0.0285, ""stain"": 0.0708, ""tear"": 0.0723}","{}","0","0","0","0","0","0","0","0","0","0","0","0","0","0","1d8b7c21ee865ace8802c2ae95c5c77e0dfc0cd31ea006938c60a4b17176bd68","3727507","png"
"1631","clean_near_000562","clean_near","562","met_651553","1758.png","clean_near_000562.png","dataset_images/clean_near/clean_near_000562.png","bd5239461d33459378123a7afa3a73e3f1c4246ed875b8c3cff3c8c45fe55ff4","3200","2420","group_portrait","RGB","existing_damage","train","real_damaged","The Metropolitan Museum of Art","https://www.metmuseum.org/art/collection/search/651553","Public Domain","https://www.metmuseum.org/about-the-met/policies-and-documents/open-access","","0","texture_catalog_match_v1+source_attribute_v1","","{""crack"": 0.0097, ""dust"": 0.0115, ""fold"": 0.0245, ""missing_region"": 0.0134, ""mold"": 0.0177, ""scratch"": 0.0215, ""stain"": 0.0252, ""tear"": 0.0557}","{}","0","0","0","0","0","0","0","0","0","0","0","0","0","0","bd5239461d33459378123a7afa3a73e3f1c4246ed875b8c3cff3c8c45fe55ff4","3848435","png"
"1634","clean_near_000563","clean_near","563","met_906040","1761.png","clean_near_000563.png","dataset_images/clean_near/clean_near_000563.png","10e373dd5454cc232ad97d3486ddaddef0cac599476e8a458fea5d98c473414c","2178","2560","single_portrait","RGB","existing_damage","train","real_damaged","The Metropolitan Museum of Art","https://www.metmuseum.org/art/collection/search/906040","Public Domain","https://www.metmuseum.org/about-the-met/policies-and-documents/open-access","","0","texture_catalog_match_v1+source_attribute_v1","","{""crack"": 0.0, ""dust"": 0.0, ""fold"": 0.0, ""missing_region"": 0.0002, ""mold"": 0.0, ""scratch"": 0.0, ""stain"": 0.0, ""tear"": 0.0002}","{}","0","0","0","0","0","0","0","0","0","0","0","0","0","0","8e4b4878c6aae630bffda009ba7ee28c95a9fb218bd06986edc2d29fd64b406f","6662736","png"
"1635","clean_near_000564","clean_near","564","met_917740","1762.png","clean_near_000564.png","dataset_images/clean_near/clean_near_000564.png","efeb4dfd795eea814dc6c6ee49780240c9fe45c53f6175e6601d1b484585da26","2050","3094","outdoor_scene","RGB","existing_damage","test","real_damaged","The Metropolitan Museum of Art","https://www.metmuseum.org/art/collection/search/917740","Public Domain","https://www.metmuseum.org/about-the-met/policies-and-documents/open-access","","0","texture_catalog_match_v1+source_attribute_v1","","{""crack"": 0.0133, ""dust"": 0.0309, ""fold"": 0.0741, ""missing_region"": 0.0478, ""mold"": 0.0809, ""scratch"": 0.0267, ""stain"": 0.0954, ""tear"": 0.0762}","{}","0","0","0","0","0","0","0","0","0","0","0","0","0","0","efeb4dfd795eea814dc6c6ee49780240c9fe45c53f6175e6601d1b484585da26","3764183","png"
"1637","clean_near_000565","clean_near","565","met_926744","1764.png","clean_near_000565.png","dataset_images/clean_near/clean_near_000565.png","ab04c4ff7ce168fbb02e3ddc6168286fe0af4896a9038e4f22f22bdeda8bdfd5","1182","1022","other","RGB","existing_damage","train","real_damaged","The Metropolitan Museum of Art","https://www.metmuseum.org/art/collection/search/926744","Public Domain","https://www.metmuseum.org/about-the-met/policies-and-documents/open-access","","0","texture_catalog_match_v1+source_attribute_v1","","{""crack"": 0.0046, ""dust"": 0.0044, ""fold"": 0.0099, ""missing_region"": 0.0054, ""mold"": 0.0071, ""scratch"": 0.0064, ""stain"": 0.0084, ""tear"": 0.0097}","{}","0","0","0","0","0","0","0","0","0","0","0","0","0","0","bff78f1c8e826d3f355781462a89dc28a0d35de9a97e28c93290b9baeb79a9eb","1577311","png"
"1638","clean_near_000566","clean_near","566","met_926745","1765.png","clean_near_000566.png","dataset_images/clean_near/clean_near_000566.png","aa6377fcd6df71eb2cacbc0c3ac623a89127b9a7c96874ac6f15c9a94f455e3e","1178","1015","other","RGB","existing_damage","train","real_damaged","The Metropolitan Museum of Art","https://www.metmuseum.org/art/collection/search/926745","Public Domain","https://www.metmuseum.org/about-the-met/policies-and-documents/open-access","","0","texture_catalog_match_v1+source_attribute_v1","","{""crack"": 0.0, ""dust"": 0.0, ""fold"": 0.0, ""missing_region"": 0.0, ""mold"": 0.0, ""scratch"": 0.0, ""stain"": 0.0, ""tear"": 0.0}","{}","0","0","0","0","0","0","0","0","0","0","0","0","0","0","06440f819176076714aad4b2cb2c07bbd46cca6786a8129f41e42199f67b6b87","1695682","png"
"1639","clean_near_000567","clean_near","567","met_926746","1766.png","clean_near_000567.png","dataset_images/clean_near/clean_near_000567.png","1dff3014669d7cb9e087f4fe44dedbef01f73270cc58e152fff805cdc7ece7a6","2560","2001","other","RGB","existing_damage","train","real_damaged","The Metropolitan Museum of Art","https://www.metmuseum.org/art/collection/search/926746","Public Domain","https://www.metmuseum.org/about-the-met/policies-and-documents/open-access","","0","texture_catalog_match_v1+source_attribute_v1","","{""crack"": 0.007, ""dust"": 0.0096, ""fold"": 0.0138, ""missing_region"": 0.0061, ""mold"": 0.012, ""scratch"": 0.0113, ""stain"": 0.0196, ""tear"": 0.0125}","{}","0","0","0","0","0","0","0","0","0","0","0","0","0","0","1dff3014669d7cb9e087f4fe44dedbef01f73270cc58e152fff805cdc7ece7a6","3548505","png"
"1655","clean_near_000568","clean_near","568","smithsonian_ld1-1696063492069-1696063503850-0","1785.png","clean_near_000568.png","dataset_images/clean_near/clean_near_000568.png","e2583ec03f5a55fdbcc194c507f8247aac3cc6af1dcaea0d5ce93afc0e4c5753","1556","2426","single_portrait","RGB","existing_damage","train","real_damaged","Smithsonian Open Access","https://nmaahc.si.edu/object/nmaahc_2020.10.10.12","CC0","https://www.si.edu/openaccess","","0","texture_catalog_match_v1+source_attribute_v1","","{""crack"": 0.0202, ""dust"": 0.0386, ""fold"": 0.0551, ""missing_region"": 0.035, ""mold"": 0.0899, ""scratch"": 0.0272, ""stain"": 0.088, ""tear"": 0.0605}","{}","0","0","0","0","0","0","0","0","0","0","0","0","0","0","a6d015660cafaeb529bd3511b2fb3622f57b6dc9d92a1b4f1a79ece02ed7b9f4","5408681","png"
"1658","clean_near_000569","clean_near","569","smithsonian_ld1-1722680953733-1722680966532-0","1788.png","clean_near_000569.png","dataset_images/clean_near/clean_near_000569.png","8f65859f7da687f2191b370ba85c05b5a33ac3ead7ac8ad9b59b622999b9af34","1627","2560","single_portrait","RGB","existing_damage","validation","real_damaged","Smithsonian Open Access","https://nmaahc.si.edu/object/nmaahc_2021.13.21","CC0","https://www.si.edu/openaccess","","0","texture_catalog_match_v1+source_attribute_v1","","{""crack"": 0.0087, ""dust"": 0.0204, ""fold"": 0.0332, ""missing_region"": 0.0253, ""mold"": 0.0428, ""scratch"": 0.0255, ""stain"": 0.0705, ""tear"": 0.0786}","{}","0","0","0","0","0","0","0","0","0","0","0","0","0","0","8f65859f7da687f2191b370ba85c05b5a33ac3ead7ac8ad9b59b622999b9af34","3522054","png"
"1659","clean_near_000570","clean_near","570","smithsonian_ld1-1722680953733-1722680966537-0","1789.png","clean_near_000570.png","dataset_images/clean_near/clean_near_000570.png","d3529dc9709d46042649a5f34dcbe60d7b78ef0c8f84ae4e25d8447884e524d9","2162","3200","single_portrait","RGB","existing_damage","train","real_damaged","Smithsonian Open Access","https://nmaahc.si.edu/object/nmaahc_2021.13.7","CC0","https://www.si.edu/openaccess","","0","texture_catalog_match_v1+source_attribute_v1","","{""crack"": 0.015, ""dust"": 0.0233, ""fold"": 0.053, ""missing_region"": 0.0513, ""mold"": 0.0488, ""scratch"": 0.0255, ""stain"": 0.0669, ""tear"": 0.0823}","{}","0","0","0","0","0","0","0","0","0","0","0","0","0","0","d3529dc9709d46042649a5f34dcbe60d7b78ef0c8f84ae4e25d8447884e524d9","3893605","png"
"1661","clean_near_000571","clean_near","571","smithsonian_ld1-1727866808604-1727866813515-0","1791.png","clean_near_000571.png","dataset_images/clean_near/clean_near_000571.png","eb1db12893e9c30aedb12ee5cc9a7dfbbb2984e2916a293018af78a50be4fc93","2110","3112","other","RGB","existing_damage","train","real_damaged","Smithsonian Open Access","https://nmaahc.si.edu/object/nmaahc_2011.36.147","CC0","https://www.si.edu/openaccess","","0","texture_catalog_match_v1+source_attribute_v1","","{""crack"": 0.0167, ""dust"": 0.0193, ""fold"": 0.0358, ""missing_region"": 0.0176, ""mold"": 0.0342, ""scratch"": 0.0187, ""stain"": 0.0447, ""tear"": 0.0319}","{}","0","0","0","0","0","0","0","0","0","0","0","0","0","0","d803fdfa7d9fc6d4b643be2788a3c046a734f6733df55faec44702c6db9a72fc","8373249","png"
"1662","clean_near_000572","clean_near","572","image-001","1792.png","clean_near_000572.png","dataset_images/clean_near/clean_near_000572.png","997bfc359355ed9ac6d3f965f51e76db46d1f6de134aa78d4f6034d1b591dcf9","1688","1309","outdoor_scene","RGB","existing_damage","train","real_damaged","托马斯·查尔德中国摄影集（Lothar Lehmann 藏）","","","","","0","texture_catalog_match_v1+source_attribute_v1","","{""crack"": 0.018, ""dust"": 0.036, ""fold"": 0.0897, ""missing_region"": 0.0506, ""mold"": 0.1077, ""scratch"": 0.0356, ""stain"": 0.1276, ""tear"": 0.0852}","{}","0","0","0","0","0","0","0","0","0","0","0","0","0","0","997bfc359355ed9ac6d3f965f51e76db46d1f6de134aa78d4f6034d1b591dcf9","2379104","png"
"1664","clean_near_000573","clean_near","573","image-003","1794.png","clean_near_000573.png","dataset_images/clean_near/clean_near_000573.png","dbcf4ef7d82b35fa74e1cd5dec210b9b3b749756134a9ba4d6a178296d7a83f0","1510","1125","architecture","RGB","existing_damage","train","real_damaged","托马斯·查尔德中国摄影集（Lothar Lehmann 藏）","","","","","0","texture_catalog_match_v1+source_attribute_v1","","{""crack"": 0.0065, ""dust"": 0.0109, ""fold"": 0.0258, ""missing_region"": 0.0257, ""mold"": 0.0405, ""scratch"": 0.0146, ""stain"": 0.0553, ""tear"": 0.0462}","{}","0","0","0","0","0","0","0","0","0","0","0","0","0","0","dbcf4ef7d82b35fa74e1cd5dec210b9b3b749756134a9ba4d6a178296d7a83f0","2282552","png"
"1666","clean_near_000574","clean_near","574","image-005","1796.png","clean_near_000574.png","dataset_images/clean_near/clean_near_000574.png","b6c7bc225e2e5ec36bf80292336a23f2a904f875bd2f6e248b141269261c9e71","1629","1157","outdoor_scene","RGB","existing_damage","train","real_damaged","托马斯·查尔德中国摄影集（Lothar Lehmann 藏）","","","","","0","texture_catalog_match_v1+source_attribute_v1","","{""crack"": 0.0072, ""dust"": 0.0095, ""fold"": 0.0225, ""missing_region"": 0.0227, ""mold"": 0.0386, ""scratch"": 0.0113, ""stain"": 0.0779, ""tear"": 0.0556}","{}","0","0","0","0","0","0","0","0","0","0","0","0","0","0","b6c7bc225e2e5ec36bf80292336a23f2a904f875bd2f6e248b141269261c9e71","2405817","png"
"1668","clean_near_000575","clean_near","575","image-007","1798.png","clean_near_000575.png","dataset_images/clean_near/clean_near_000575.png","89356521855a8a9766ceedb87d1fe1d8b4f221b462d912da7a2431722873a257","1650","1322","architecture","RGB","existing_damage","validation","real_damaged","托马斯·查尔德中国摄影集（Lothar Lehmann 藏）","","","","","0","texture_catalog_match_v1+source_attribute_v1","","{""crack"": 0.0205, ""dust"": 0.0375, ""fold"": 0.1044, ""missing_region"": 0.0533, ""mold"": 0.1225, ""scratch"": 0.0346, ""stain"": 0.1356, ""tear"": 0.1351}","{}","0","0","0","0","0","0","0","0","0","0","0","0","0","0","89356521855a8a9766ceedb87d1fe1d8b4f221b462d912da7a2431722873a257","2986263","png"
"1669","clean_near_000576","clean_near","576","image-008","1799.png","clean_near_000576.png","dataset_images/clean_near/clean_near_000576.png","ea20bdb41e395d53d6ff13c87020c4e65daffa907c43afd70822f6354048e439","1225","1011","outdoor_scene","RGB","existing_damage","validation","real_damaged","托马斯·查尔德中国摄影集（Lothar Lehmann 藏）","","","","","0","texture_catalog_match_v1+source_attribute_v1","","{""crack"": 0.0064, ""dust"": 0.0189, ""fold"": 0.0677, ""missing_region"": 0.0472, ""mold"": 0.0816, ""scratch"": 0.0215, ""stain"": 0.0699, ""tear"": 0.1037}","{}","0","0","0","0","0","0","0","0","0","0","0","0","0","0","ea20bdb41e395d53d6ff13c87020c4e65daffa907c43afd70822f6354048e439","1902252","png"
"1671","clean_near_000577","clean_near","577","image-010","1801.png","clean_near_000577.png","dataset_images/clean_near/clean_near_000577.png","bcbf5c9c099d6a10586d450a7a13f8d7473f12d824cc97ec28ba8b7e64c1d404","1191","970","outdoor_scene","RGB","existing_damage","test","real_damaged","托马斯·查尔德中国摄影集（Lothar Lehmann 藏）","","","","","0","texture_catalog_match_v1+source_attribute_v1","","{""crack"": 0.0085, ""dust"": 0.0179, ""fold"": 0.0457, ""missing_region"": 0.06, ""mold"": 0.0634, ""scratch"": 0.0207, ""stain"": 0.0759, ""tear"": 0.1245}","{}","0","0","0","0","0","0","0","0","0","0","0","0","0","0","bcbf5c9c099d6a10586d450a7a13f8d7473f12d824cc97ec28ba8b7e64c1d404","1588014","png"
"1673","clean_near_000578","clean_near","578","image-012","1803.png","clean_near_000578.png","dataset_images/clean_near/clean_near_000578.png","6a74682b160626a30ce70c149c8d9717c89619cdd2fd5da54be415ab15c5d528","1321","1027","outdoor_scene","RGB","existing_damage","test","real_damaged","托马斯·查尔德中国摄影集（Lothar Lehmann 藏）","","","","","0","texture_catalog_match_v1+source_attribute_v1","","{""crack"": 0.0289, ""dust"": 0.0332, ""fold"": 0.0804, ""missing_region"": 0.0527, ""mold"": 0.0979, ""scratch"": 0.0363, ""stain"": 0.0952, ""tear"": 0.1036}","{}","0","0","0","0","0","0","0","0","0","0","0","0","0","0","6a74682b160626a30ce70c149c8d9717c89619cdd2fd5da54be415ab15c5d528","1905266","png"
"1674","clean_near_000579","clean_near","579","image-013","1804.png","clean_near_000579.png","dataset_images/clean_near/clean_near_000579.png","6627356ed76338d7bcc6be641a3a4e7bc3b681f0c8769550af4449d0f372fcfd","1645","1270","outdoor_scene","RGB","existing_damage","train","real_damaged","托马斯·查尔德中国摄影集（Lothar Lehmann 藏）","","","","","0","texture_catalog_match_v1+source_attribute_v1","","{""crack"": 0.0266, ""dust"": 0.0434, ""fold"": 0.1287, ""missing_region"": 0.0578, ""mold"": 0.1484, ""scratch"": 0.0335, ""stain"": 0.1652, ""tear"": 0.13}","{}","0","0","0","0","0","0","0","0","0","0","0","0","0","0","6627356ed76338d7bcc6be641a3a4e7bc3b681f0c8769550af4449d0f372fcfd","2456523","png"
"1675","clean_near_000580","clean_near","580","image-014","1805.png","clean_near_000580.png","dataset_images/clean_near/clean_near_000580.png","4c7ddb357f5e3efd9d044a6bf82e7cc4b2523b4d2135679defe535420d2ef879","1246","1022","outdoor_scene","RGB","existing_damage","train","real_damaged","托马斯·查尔德中国摄影集（Lothar Lehmann 藏）","","","","","0","texture_catalog_match_v1+source_attribute_v1","","{""crack"": 0.0204, ""dust"": 0.0322, ""fold"": 0.0922, ""missing_region"": 0.0492, ""mold"": 0.1127, ""scratch"": 0.0296, ""stain"": 0.1135, ""tear"": 0.0622}","{}","0","0","0","0","0","0","0","0","0","0","0","0","0","0","4c7ddb357f5e3efd9d044a6bf82e7cc4b2523b4d2135679defe535420d2ef879","1493915","png"
"1676","clean_near_000581","clean_near","581","image-015","1806.png","clean_near_000581.png","dataset_images/clean_near/clean_near_000581.png","c3057af08bca0c3e694e4ef20beb7d1c324eb2cce24c4a69ad6eb357df87d270","1671","1310","outdoor_scene","RGB","existing_damage","validation","real_damaged","托马斯·查尔德中国摄影集（Lothar Lehmann 藏）","","","","","0","texture_catalog_match_v1+source_attribute_v1","","{""crack"": 0.0192, ""dust"": 0.0296, ""fold"": 0.101, ""missing_region"": 0.0761, ""mold"": 0.155, ""scratch"": 0.0378, ""stain"": 0.1084, ""tear"": 0.0951}","{}","0","0","0","0","0","0","0","0","0","0","0","0","0","0","c3057af08bca0c3e694e4ef20beb7d1c324eb2cce24c4a69ad6eb357df87d270","3414437","png"
"1677","clean_near_000582","clean_near","582","image-016","1807.png","clean_near_000582.png","dataset_images/clean_near/clean_near_000582.png","46c0748dbcd9540d4226ccdc9775d9e8cbef816cebd0fa6902230151c27d1bb2","1619","1311","outdoor_scene","RGB","existing_damage","train","real_damaged","托马斯·查尔德中国摄影集（Lothar Lehmann 藏）","","","","","0","texture_catalog_match_v1+source_attribute_v1","","{""crack"": 0.0182, ""dust"": 0.0239, ""fold"": 0.0672, ""missing_region"": 0.0289, ""mold"": 0.045, ""scratch"": 0.0286, ""stain"": 0.0707, ""tear"": 0.0947}","{}","0","0","0","0","0","0","0","0","0","0","0","0","0","0","46c0748dbcd9540d4226ccdc9775d9e8cbef816cebd0fa6902230151c27d1bb2","2763020","png"
"1680","clean_near_000583","clean_near","583","image-019","1810.png","clean_near_000583.png","dataset_images/clean_near/clean_near_000583.png","259406fa5c8b0d3e9b3d5c115db668fc8cfc0a019f6fd11207e9d732e39c4b47","1698","1330","group_portrait","RGB","existing_damage","train","real_damaged","托马斯·查尔德中国摄影集（Lothar Lehmann 藏）","","","","","0","texture_catalog_match_v1+source_attribute_v1","","{""crack"": 0.0056, ""dust"": 0.0304, ""fold"": 0.0918, ""missing_region"": 0.0698, ""mold"": 0.09, ""scratch"": 0.0273, ""stain"": 0.1135, ""tear"": 0.1228}","{}","0","0","0","0","0","0","0","0","0","0","0","0","0","0","259406fa5c8b0d3e9b3d5c115db668fc8cfc0a019f6fd11207e9d732e39c4b47","3093840","png"
"1681","clean_near_000584","clean_near","584","image-020","1811.png","clean_near_000584.png","dataset_images/clean_near/clean_near_000584.png","f49f0b539e2864512fb92784a5c05110e90570f704672a13eebd18960db20574","1331","988","outdoor_scene","RGB","existing_damage","train","real_damaged","托马斯·查尔德中国摄影集（Lothar Lehmann 藏）","","","","","0","texture_catalog_match_v1+source_attribute_v1","","{""crack"": 0.0057, ""dust"": 0.0164, ""fold"": 0.0343, ""missing_region"": 0.0276, ""mold"": 0.0307, ""scratch"": 0.0162, ""stain"": 0.0635, ""tear"": 0.1512}","{}","0","0","0","0","0","0","0","0","0","0","0","0","0","0","f49f0b539e2864512fb92784a5c05110e90570f704672a13eebd18960db20574","1676033","png"
"1682","clean_near_000585","clean_near","585","image-021","1812.png","clean_near_000585.png","dataset_images/clean_near/clean_near_000585.png","6ff23528824247af1259a188eb3604e87b842dba710fc44f7ca4d167781c5541","1698","1331","group_portrait","RGB","existing_damage","train","real_damaged","托马斯·查尔德中国摄影集（Lothar Lehmann 藏）","","","","","0","texture_catalog_match_v1+source_attribute_v1","","{""crack"": 0.0059, ""dust"": 0.0299, ""fold"": 0.0914, ""missing_region"": 0.067, ""mold"": 0.0946, ""scratch"": 0.0277, ""stain"": 0.1123, ""tear"": 0.1201}","{}","0","0","0","0","0","0","0","0","0","0","0","0","0","0","6ff23528824247af1259a188eb3604e87b842dba710fc44f7ca4d167781c5541","3157723","png"
"1683","clean_near_000586","clean_near","586","image-022","1813.png","clean_near_000586.png","dataset_images/clean_near/clean_near_000586.png","94c26263fa8081cf9e63f3d7fc33314ca577e3655e8945d5272f1fa1f2dcd0e0","1700","1323","indoor_scene","RGB","existing_damage","train","real_damaged","托马斯·查尔德中国摄影集（Lothar Lehmann 藏）","","","","","0","texture_catalog_match_v1+source_attribute_v1","","{""crack"": 0.0037, ""dust"": 0.0076, ""fold"": 0.0139, ""missing_region"": 0.0156, ""mold"": 0.0146, ""scratch"": 0.0078, ""stain"": 0.022, ""tear"": 0.0264}","{}","0","0","0","0","0","0","0","0","0","0","0","0","0","0","94c26263fa8081cf9e63f3d7fc33314ca577e3655e8945d5272f1fa1f2dcd0e0","2811537","png"
"1684","clean_near_000587","clean_near","587","image-023","1814.png","clean_near_000587.png","dataset_images/clean_near/clean_near_000587.png","30d2e69c7cdb88acf6f6b8a17f9974c46afd2e7cca30397dc4697746fe68e844","1695","1303","other","RGB","existing_damage","train","real_damaged","托马斯·查尔德中国摄影集（Lothar Lehmann 藏）","","","","","0","texture_catalog_match_v1+source_attribute_v1","","{""crack"": 0.0072, ""dust"": 0.0131, ""fold"": 0.0259, ""missing_region"": 0.0265, ""mold"": 0.0367, ""scratch"": 0.0204, ""stain"": 0.0316, ""tear"": 0.035}","{}","0","0","0","0","0","0","0","0","0","0","0","0","0","0","30d2e69c7cdb88acf6f6b8a17f9974c46afd2e7cca30397dc4697746fe68e844","2615012","png"
"1686","clean_near_000588","clean_near","588","image-025","1816.png","clean_near_000588.png","dataset_images/clean_near/clean_near_000588.png","3203d52446e56882ebf4621a4f01a94354d094ed718900ee3b4decb3b74b669e","1693","1326","architecture","RGB","existing_damage","train","real_damaged","托马斯·查尔德中国摄影集（Lothar Lehmann 藏）","","","","","0","texture_catalog_match_v1+source_attribute_v1","","{""crack"": 0.0291, ""dust"": 0.0273, ""fold"": 0.0895, ""missing_region"": 0.0579, ""mold"": 0.121, ""scratch"": 0.0306, ""stain"": 0.0989, ""tear"": 0.0709}","{}","0","0","0","0","0","0","0","0","0","0","0","0","0","0","3203d52446e56882ebf4621a4f01a94354d094ed718900ee3b4decb3b74b669e","2540202","png"
"1688","clean_near_000589","clean_near","589","image-027","1818.png","clean_near_000589.png","dataset_images/clean_near/clean_near_000589.png","fd419ac027d08ddbcd4fdcc9683c3ad70dbb2594334d0d94058799b1f555215a","1517","1157","architecture","RGB","existing_damage","train","real_damaged","托马斯·查尔德中国摄影集（Lothar Lehmann 藏）","","","","","0","texture_catalog_match_v1+source_attribute_v1","","{""crack"": 0.0062, ""dust"": 0.0246, ""fold"": 0.1083, ""missing_region"": 0.0435, ""mold"": 0.0571, ""scratch"": 0.0226, ""stain"": 0.0806, ""tear"": 0.0784}","{}","0","0","0","0","0","0","0","0","0","0","0","0","0","0","41e9ad546350196f58fcd3e4374991000fdb2c7986d48835ffd2f383a22f0bbe","2350408","png"
"1689","clean_near_000590","clean_near","590","image-028","1819.png","clean_near_000590.png","dataset_images/clean_near/clean_near_000590.png","69a275580a62f190f6acd18eb801e6226d05903dd175ed66d5fcc666fe6d2e34","1299","1613","single_portrait","RGB","existing_damage","train","real_damaged","托马斯·查尔德中国摄影集（Lothar Lehmann 藏）","","","","","0","texture_catalog_match_v1+source_attribute_v1","","{""crack"": 0.0085, ""dust"": 0.0121, ""fold"": 0.0416, ""missing_region"": 0.0262, ""mold"": 0.0261, ""scratch"": 0.0183, ""stain"": 0.0284, ""tear"": 0.0636}","{}","0","0","0","0","0","0","0","0","0","0","0","0","0","0","69a275580a62f190f6acd18eb801e6226d05903dd175ed66d5fcc666fe6d2e34","2573817","png"
"1690","clean_near_000591","clean_near","591","image-029","1820.png","clean_near_000591.png","dataset_images/clean_near/clean_near_000591.png","1152e665a916ea89943af8348c13614ad72a01416598d2d7c48ae9b20daa6e6f","1692","1311","architecture","RGB","existing_damage","train","real_damaged","托马斯·查尔德中国摄影集（Lothar Lehmann 藏）","","","","","0","texture_catalog_match_v1+source_attribute_v1","","{""crack"": 0.0247, ""dust"": 0.0264, ""fold"": 0.0987, ""missing_region"": 0.0521, ""mold"": 0.111, ""scratch"": 0.0309, ""stain"": 0.1005, ""tear"": 0.1389}","{}","0","0","0","0","0","0","0","0","0","0","0","0","0","0","1152e665a916ea89943af8348c13614ad72a01416598d2d7c48ae9b20daa6e6f","2761409","png"
"1691","clean_near_000592","clean_near","592","image-030","1821.png","clean_near_000592.png","dataset_images/clean_near/clean_near_000592.png","c268b92ea9fd965a544fa9fb12fab824c4960f52d5788ac630538b58fe756585","1640","1300","architecture","RGB","existing_damage","train","real_damaged","托马斯·查尔德中国摄影集（Lothar Lehmann 藏）","","","","","0","texture_catalog_match_v1+source_attribute_v1","","{""crack"": 0.004, ""dust"": 0.0155, ""fold"": 0.0309, ""missing_region"": 0.0306, ""mold"": 0.0467, ""scratch"": 0.0173, ""stain"": 0.1016, ""tear"": 0.1138}","{}","0","0","0","0","0","0","0","0","0","0","0","0","0","0","c268b92ea9fd965a544fa9fb12fab824c4960f52d5788ac630538b58fe756585","3702327","png"
"1694","clean_near_000593","clean_near","593","image-033","1824.png","clean_near_000593.png","dataset_images/clean_near/clean_near_000593.png","640494bec3d527b8ec26da70c0cc04febcd7f971f69de119d6b61315e94b64e4","1650","1276","group_portrait","RGB","existing_damage","test","real_damaged","托马斯·查尔德中国摄影集（Lothar Lehmann 藏）","","","","","0","texture_catalog_match_v1+source_attribute_v1","","{""crack"": 0.0062, ""dust"": 0.0278, ""fold"": 0.101, ""missing_region"": 0.0634, ""mold"": 0.1279, ""scratch"": 0.0361, ""stain"": 0.1082, ""tear"": 0.1383}","{}","0","0","0","0","0","0","0","0","0","0","0","0","0","0","640494bec3d527b8ec26da70c0cc04febcd7f971f69de119d6b61315e94b64e4","3349275","png"
"1695","clean_near_000594","clean_near","594","image-034","1825.png","clean_near_000594.png","dataset_images/clean_near/clean_near_000594.png","88cc74631eaed2c74c7e2c4a15556fff218a9093859bf1b382de458ea375a76e","1267","1662","group_portrait","RGB","existing_damage","train","real_damaged","托马斯·查尔德中国摄影集（Lothar Lehmann 藏）","","","","","0","texture_catalog_match_v1+source_attribute_v1","","{""crack"": 0.0068, ""dust"": 0.0135, ""fold"": 0.0324, ""missing_region"": 0.035, ""mold"": 0.0476, ""scratch"": 0.0169, ""stain"": 0.0472, ""tear"": 0.0428}","{}","0","0","0","0","0","0","0","0","0","0","0","0","0","0","88cc74631eaed2c74c7e2c4a15556fff218a9093859bf1b382de458ea375a76e","3169124","png"
"1696","clean_near_000595","clean_near","595","image-035","1826.png","clean_near_000595.png","dataset_images/clean_near/clean_near_000595.png","b359e35a20fa2ee81a938053d1e3858af61db17c6c278d4f7d4c1175541b7452","1672","1259","indoor_scene","RGB","existing_damage","train","real_damaged","托马斯·查尔德中国摄影集（Lothar Lehmann 藏）","","","","","0","texture_catalog_match_v1+source_attribute_v1","","{""crack"": 0.0145, ""dust"": 0.0132, ""fold"": 0.0295, ""missing_region"": 0.0188, ""mold"": 0.027, ""scratch"": 0.0173, ""stain"": 0.0343, ""tear"": 0.037}","{}","0","0","0","0","0","0","0","0","0","0","0","0","0","0","b359e35a20fa2ee81a938053d1e3858af61db17c6c278d4f7d4c1175541b7452","2860533","png"
"1698","clean_near_000596","clean_near","596","image-037","1828.png","clean_near_000596.png","dataset_images/clean_near/clean_near_000596.png","c86a7ff44ccbd11edfe0f7c2efeb60c61e924e9fc5862d69ab857fb59d0a9f1b","1370","1077","outdoor_scene","RGB","existing_damage","test","real_damaged","托马斯·查尔德中国摄影集（Lothar Lehmann 藏）","","","","","0","texture_catalog_match_v1+source_attribute_v1","","{""crack"": 0.0121, ""dust"": 0.0299, ""fold"": 0.0941, ""missing_region"": 0.0787, ""mold"": 0.1102, ""scratch"": 0.0251, ""stain"": 0.1151, ""tear"": 0.1235}","{}","0","0","0","0","0","0","0","0","0","0","0","0","0","0","c86a7ff44ccbd11edfe0f7c2efeb60c61e924e9fc5862d69ab857fb59d0a9f1b","2026067","png"
"1699","clean_near_000597","clean_near","597","image-038","1829.png","clean_near_000597.png","dataset_images/clean_near/clean_near_000597.png","04bf05e4211e39477a536dbe4ed65eaf17f1423f73af3749eaf3f4268feff4aa","1576","1292","outdoor_scene","RGB","existing_damage","train","real_damaged","托马斯·查尔德中国摄影集（Lothar Lehmann 藏）","","","","","0","texture_catalog_match_v1+source_attribute_v1","","{""crack"": 0.0162, ""dust"": 0.0256, ""fold"": 0.0533, ""missing_region"": 0.0558, ""mold"": 0.0796, ""scratch"": 0.0231, ""stain"": 0.0858, ""tear"": 0.103}","{}","0","0","0","0","0","0","0","0","0","0","0","0","0","0","04bf05e4211e39477a536dbe4ed65eaf17f1423f73af3749eaf3f4268feff4aa","2446249","png"
"1700","clean_near_000598","clean_near","598","image-039","1830.png","clean_near_000598.png","dataset_images/clean_near/clean_near_000598.png","b44a06e529cbe2bd8312f3021b3dbb9e9a5717d8146d983c08560cce34f53fda","1661","1316","architecture","RGB","existing_damage","train","real_damaged","托马斯·查尔德中国摄影集（Lothar Lehmann 藏）","","","","","0","texture_catalog_match_v1+source_attribute_v1","","{""crack"": 0.0076, ""dust"": 0.0154, ""fold"": 0.0347, ""missing_region"": 0.0259, ""mold"": 0.0485, ""scratch"": 0.016, ""stain"": 0.064, ""tear"": 0.0905}","{}","0","0","0","0","0","0","0","0","0","0","0","0","0","0","b44a06e529cbe2bd8312f3021b3dbb9e9a5717d8146d983c08560cce34f53fda","2755101","png"
"1702","clean_near_000599","clean_near","599","image-041","1832.png","clean_near_000599.png","dataset_images/clean_near/clean_near_000599.png","e5babbda528e937f610b3bb8683b2150fd949ebb736215908273710a1fa37a0c","1264","957","group_portrait","RGB","existing_damage","train","real_damaged","托马斯·查尔德中国摄影集（Lothar Lehmann 藏）","","","","","0","texture_catalog_match_v1+source_attribute_v1","","{""crack"": 0.0141, ""dust"": 0.0313, ""fold"": 0.082, ""missing_region"": 0.0363, ""mold"": 0.0714, ""scratch"": 0.0298, ""stain"": 0.0975, ""tear"": 0.1231}","{}","0","0","0","0","0","0","0","0","0","0","0","0","0","0","e5babbda528e937f610b3bb8683b2150fd949ebb736215908273710a1fa37a0c","1560397","png"
"1704","clean_near_000600","clean_near","600","image-043","1834.png","clean_near_000600.png","dataset_images/clean_near/clean_near_000600.png","e85f5780efe6b81bc389042c9b67e868b63e0357396bf65d4c9c1cc07e7d8333","1699","1332","group_portrait","RGB","existing_damage","train","real_damaged","托马斯·查尔德中国摄影集（Lothar Lehmann 藏）","","","","","0","texture_catalog_match_v1+source_attribute_v1","","{""crack"": 0.0065, ""dust"": 0.0136, ""fold"": 0.0312, ""missing_region"": 0.0427, ""mold"": 0.0637, ""scratch"": 0.0147, ""stain"": 0.0749, ""tear"": 0.0509}","{}","0","0","0","0","0","0","0","0","0","0","0","0","0","0","e85f5780efe6b81bc389042c9b67e868b63e0357396bf65d4c9c1cc07e7d8333","2596885","png"
"1705","clean_near_000601","clean_near","601","image-044","1835.png","clean_near_000601.png","dataset_images/clean_near/clean_near_000601.png","8a68b735041b49b0e5ff393ec5827b27a01550e01a594d08df767f5971347ba9","1382","1071","group_portrait","RGB","existing_damage","train","real_damaged","托马斯·查尔德中国摄影集（Lothar Lehmann 藏）","","","","","0","texture_catalog_match_v1+source_attribute_v1","","{""crack"": 0.0047, ""dust"": 0.0117, ""fold"": 0.0227, ""missing_region"": 0.0356, ""mold"": 0.0278, ""scratch"": 0.014, ""stain"": 0.0567, ""tear"": 0.0505}","{}","0","0","0","0","0","0","0","0","0","0","0","0","0","0","8a68b735041b49b0e5ff393ec5827b27a01550e01a594d08df767f5971347ba9","2015236","png"
"1707","clean_near_000602","clean_near","602","image-046","1837.png","clean_near_000602.png","dataset_images/clean_near/clean_near_000602.png","381969af98e7ff860b5dbb54763c79596c457ffc894219d9dbda2c052dbcf517","1547","1191","group_portrait","RGB","existing_damage","train","real_damaged","托马斯·查尔德中国摄影集（Lothar Lehmann 藏）","","","","","0","texture_catalog_match_v1+source_attribute_v1","","{""crack"": 0.0256, ""dust"": 0.0272, ""fold"": 0.1297, ""missing_region"": 0.0455, ""mold"": 0.125, ""scratch"": 0.0328, ""stain"": 0.112, ""tear"": 0.0733}","{}","0","0","0","0","0","0","0","0","0","0","0","0","0","0","381969af98e7ff860b5dbb54763c79596c457ffc894219d9dbda2c052dbcf517","2479315","png"
"1708","clean_near_000603","clean_near","603","image-047","1838.png","clean_near_000603.png","dataset_images/clean_near/clean_near_000603.png","2344164cee124d6a4eeb96c163b2cd5911b26d8aa169b5ff3953f81462427e14","1700","1319","group_portrait","RGB","existing_damage","train","real_damaged","托马斯·查尔德中国摄影集（Lothar Lehmann 藏）","","","","","0","texture_catalog_match_v1+source_attribute_v1","","{""crack"": 0.0068, ""dust"": 0.021, ""fold"": 0.0985, ""missing_region"": 0.0535, ""mold"": 0.1216, ""scratch"": 0.0262, ""stain"": 0.1253, ""tear"": 0.1603}","{}","0","0","0","0","0","0","0","0","0","0","0","0","0","0","2344164cee124d6a4eeb96c163b2cd5911b26d8aa169b5ff3953f81462427e14","2870246","png"
"1709","clean_near_000604","clean_near","604","image-048","1839.png","clean_near_000604.png","dataset_images/clean_near/clean_near_000604.png","982b26f83e9913937be89efa4e71e7fa0d895a4cc980bc8b86a0d17d35ea6b03","1243","1023","group_portrait","RGB","existing_damage","train","real_damaged","托马斯·查尔德中国摄影集（Lothar Lehmann 藏）","","","","","0","texture_catalog_match_v1+source_attribute_v1","","{""crack"": 0.0291, ""dust"": 0.0318, ""fold"": 0.069, ""missing_region"": 0.0407, ""mold"": 0.0652, ""scratch"": 0.0299, ""stain"": 0.0771, ""tear"": 0.0691}","{}","0","0","0","0","0","0","0","0","0","0","0","0","0","0","982b26f83e9913937be89efa4e71e7fa0d895a4cc980bc8b86a0d17d35ea6b03","1516293","png"
"1711","clean_near_000605","clean_near","605","image-050","1841.png","clean_near_000605.png","dataset_images/clean_near/clean_near_000605.png","54434692296ac930884e9af5f58a0c3c369e090415c114486f7064eaa060ea2b","1567","1302","group_portrait","RGB","existing_damage","train","real_damaged","托马斯·查尔德中国摄影集（Lothar Lehmann 藏）","","","","","0","texture_catalog_match_v1+source_attribute_v1","","{""crack"": 0.0104, ""dust"": 0.0246, ""fold"": 0.1264, ""missing_region"": 0.0566, ""mold"": 0.1119, ""scratch"": 0.0353, ""stain"": 0.1045, ""tear"": 0.1075}","{}","0","0","0","0","0","0","0","0","0","0","0","0","0","0","54434692296ac930884e9af5f58a0c3c369e090415c114486f7064eaa060ea2b","3102498","png"
"1713","clean_near_000606","clean_near","606","image-052","1843.png","clean_near_000606.png","dataset_images/clean_near/clean_near_000606.png","1442188d20c43bbdffd08e2ba5b3bfc98c2455c1b43f2694378fc17366042bb1","1632","1317","architecture","RGB","existing_damage","train","real_damaged","托马斯·查尔德中国摄影集（Lothar Lehmann 藏）","","","","","0","texture_catalog_match_v1+source_attribute_v1","","{""crack"": 0.0251, ""dust"": 0.0273, ""fold"": 0.0448, ""missing_region"": 0.0255, ""mold"": 0.0509, ""scratch"": 0.0251, ""stain"": 0.0629, ""tear"": 0.0711}","{}","0","0","0","0","0","0","0","0","0","0","0","0","0","0","1442188d20c43bbdffd08e2ba5b3bfc98c2455c1b43f2694378fc17366042bb1","2095464","png"
"1715","clean_near_000607","clean_near","607","image-054","1845.png","clean_near_000607.png","dataset_images/clean_near/clean_near_000607.png","18fead643b1bb3ce8a0e32941a5f86336ad16e3017af8db3b7a950bef1879020","1571","1145","outdoor_scene","RGB","existing_damage","train","real_damaged","托马斯·查尔德中国摄影集（Lothar Lehmann 藏）","","","","","0","texture_catalog_match_v1+source_attribute_v1","","{""crack"": 0.0286, ""dust"": 0.0296, ""fold"": 0.0938, ""missing_region"": 0.0623, ""mold"": 0.0992, ""scratch"": 0.029, ""stain"": 0.1371, ""tear"": 0.091}","{}","0","0","0","0","0","0","0","0","0","0","0","0","0","0","18fead643b1bb3ce8a0e32941a5f86336ad16e3017af8db3b7a950bef1879020","2728435","png"
"1716","clean_near_000608","clean_near","608","image-055","1846.png","clean_near_000608.png","dataset_images/clean_near/clean_near_000608.png","0cd163e9bbcb8d65a6b9ba102e99415c0544b218a8eb0bdbb2b90ce0cc8612fd","1705","1273","outdoor_scene","RGB","existing_damage","test","real_damaged","托马斯·查尔德中国摄影集（Lothar Lehmann 藏）","","","","","0","texture_catalog_match_v1+source_attribute_v1","","{""crack"": 0.0256, ""dust"": 0.0303, ""fold"": 0.0727, ""missing_region"": 0.0369, ""mold"": 0.0703, ""scratch"": 0.0274, ""stain"": 0.0673, ""tear"": 0.134}","{}","0","0","0","0","0","0","0","0","0","0","0","0","0","0","0cd163e9bbcb8d65a6b9ba102e99415c0544b218a8eb0bdbb2b90ce0cc8612fd","2556900","png"
"1717","clean_near_000609","clean_near","609","image-056","1847.png","clean_near_000609.png","dataset_images/clean_near/clean_near_000609.png","e73b85988e2a6b3e67e6d6292f432625a6711c0972ef124d8cff0f6a4f58e459","1579","1143","outdoor_scene","RGB","existing_damage","test","real_damaged","托马斯·查尔德中国摄影集（Lothar Lehmann 藏）","","","","","0","texture_catalog_match_v1+source_attribute_v1","","{""crack"": 0.0292, ""dust"": 0.0303, ""fold"": 0.0556, ""missing_region"": 0.036, ""mold"": 0.0603, ""scratch"": 0.0298, ""stain"": 0.0811, ""tear"": 0.0801}","{}","0","0","0","0","0","0","0","0","0","0","0","0","0","0","e73b85988e2a6b3e67e6d6292f432625a6711c0972ef124d8cff0f6a4f58e459","2300059","png"
"1718","clean_near_000610","clean_near","610","image-057","1848.png","clean_near_000610.png","dataset_images/clean_near/clean_near_000610.png","aeb383b0b883753ead85a7549f5393fe8ab8ede5aeafb5757242340733d46ee2","1630","1296","outdoor_scene","RGB","existing_damage","train","real_damaged","托马斯·查尔德中国摄影集（Lothar Lehmann 藏）","","","","","0","texture_catalog_match_v1+source_attribute_v1","","{""crack"": 0.0274, ""dust"": 0.0273, ""fold"": 0.0505, ""missing_region"": 0.0341, ""mold"": 0.0464, ""scratch"": 0.0245, ""stain"": 0.0669, ""tear"": 0.0753}","{}","0","0","0","0","0","0","0","0","0","0","0","0","0","0","aeb383b0b883753ead85a7549f5393fe8ab8ede5aeafb5757242340733d46ee2","2524042","png"
"1720","clean_near_000611","clean_near","611","image-059","1850.png","clean_near_000611.png","dataset_images/clean_near/clean_near_000611.png","caa3aa9c078dcadd9ff5886f1ba8a60677415d0ec43b39ebf73c40ceed9c0f18","1715","1317","outdoor_scene","RGB","existing_damage","test","real_damaged","托马斯·查尔德中国摄影集（Lothar Lehmann 藏）","","","","","0","texture_catalog_match_v1+source_attribute_v1","","{""crack"": 0.0223, ""dust"": 0.0208, ""fold"": 0.0562, ""missing_region"": 0.0275, ""mold"": 0.0336, ""scratch"": 0.0198, ""stain"": 0.0384, ""tear"": 0.0869}","{}","0","0","0","0","0","0","0","0","0","0","0","0","0","0","caa3aa9c078dcadd9ff5886f1ba8a60677415d0ec43b39ebf73c40ceed9c0f18","2438775","png"
"1721","clean_near_000612","clean_near","612","image-060","1851.png","clean_near_000612.png","dataset_images/clean_near/clean_near_000612.png","6164509cadfb7b06ad1701d5a45fa8d96cc268547f234d90fa016bc55e6e071e","1596","1272","outdoor_scene","RGB","existing_damage","train","real_damaged","托马斯·查尔德中国摄影集（Lothar Lehmann 藏）","","","","","0","texture_catalog_match_v1+source_attribute_v1","","{""crack"": 0.0222, ""dust"": 0.0309, ""fold"": 0.0981, ""missing_region"": 0.0474, ""mold"": 0.1172, ""scratch"": 0.0272, ""stain"": 0.0973, ""tear"": 0.0719}","{}","0","0","0","0","0","0","0","0","0","0","0","0","0","0","6164509cadfb7b06ad1701d5a45fa8d96cc268547f234d90fa016bc55e6e071e","2202744","png"
"1723","clean_near_000613","clean_near","613","image-062","1853.png","clean_near_000613.png","dataset_images/clean_near/clean_near_000613.png","0ac0c1daf12fe33c7bbe2dba0e9b510775ddd9eab647d56ca1fa4ca6f383c55c","1604","1311","outdoor_scene","RGB","existing_damage","train","real_damaged","托马斯·查尔德中国摄影集（Lothar Lehmann 藏）","","","","","0","texture_catalog_match_v1+source_attribute_v1","","{""crack"": 0.0203, ""dust"": 0.0252, ""fold"": 0.0435, ""missing_region"": 0.0226, ""mold"": 0.0294, ""scratch"": 0.0254, ""stain"": 0.0493, ""tear"": 0.0495}","{}","0","0","0","0","0","0","0","0","0","0","0","0","0","0","0ac0c1daf12fe33c7bbe2dba0e9b510775ddd9eab647d56ca1fa4ca6f383c55c","2265662","png"
"1724","clean_near_000614","clean_near","614","image-063","1854.png","clean_near_000614.png","dataset_images/clean_near/clean_near_000614.png","49d48a816390d3fc5bc93ae1a5f84dc1d89b4782b5db3c660ce8bf38634fdb78","1584","1197","outdoor_scene","RGB","existing_damage","validation","real_damaged","托马斯·查尔德中国摄影集（Lothar Lehmann 藏）","","","","","0","texture_catalog_match_v1+source_attribute_v1","","{""crack"": 0.0223, ""dust"": 0.0242, ""fold"": 0.0465, ""missing_region"": 0.0257, ""mold"": 0.039, ""scratch"": 0.0239, ""stain"": 0.0454, ""tear"": 0.0916}","{}","0","0","0","0","0","0","0","0","0","0","0","0","0","0","49d48a816390d3fc5bc93ae1a5f84dc1d89b4782b5db3c660ce8bf38634fdb78","1971238","png"
"1725","clean_near_000615","clean_near","615","image-064","1855.png","clean_near_000615.png","dataset_images/clean_near/clean_near_000615.png","a06fb32de9d340950a44748e638a5dcf9fb0b692a34fe574c1f362bb11883270","1212","1002","architecture","RGB","existing_damage","train","real_damaged","托马斯·查尔德中国摄影集（Lothar Lehmann 藏）","","","","","0","texture_catalog_match_v1+source_attribute_v1","","{""crack"": 0.0228, ""dust"": 0.0368, ""fold"": 0.121, ""missing_region"": 0.0482, ""mold"": 0.0968, ""scratch"": 0.033, ""stain"": 0.127, ""tear"": 0.1256}","{}","0","0","0","0","0","0","0","0","0","0","0","0","0","0","a06fb32de9d340950a44748e638a5dcf9fb0b692a34fe574c1f362bb11883270","1703136","png"
"1726","clean_near_000616","clean_near","616","image-065","1856.png","clean_near_000616.png","dataset_images/clean_near/clean_near_000616.png","78293d8e459444d73c32ce5613b81699a21b6c86cc72225039ce7a19db40f5ae","1627","1211","outdoor_scene","RGB","existing_damage","train","real_damaged","托马斯·查尔德中国摄影集（Lothar Lehmann 藏）","","","","","0","texture_catalog_match_v1+source_attribute_v1","","{""crack"": 0.0308, ""dust"": 0.0328, ""fold"": 0.0506, ""missing_region"": 0.0399, ""mold"": 0.0511, ""scratch"": 0.0321, ""stain"": 0.0588, ""tear"": 0.0843}","{}","0","0","0","0","0","0","0","0","0","0","0","0","0","0","78293d8e459444d73c32ce5613b81699a21b6c86cc72225039ce7a19db40f5ae","2162701","png"
"1727","clean_near_000617","clean_near","617","image-066","1857.png","clean_near_000617.png","dataset_images/clean_near/clean_near_000617.png","0ac37aa5a4e0917957c7c06fda9c7a9ab1fb52034d6843940371d7eff99d246c","1352","1020","architecture","RGB","existing_damage","train","real_damaged","托马斯·查尔德中国摄影集（Lothar Lehmann 藏）","","","","","0","texture_catalog_match_v1+source_attribute_v1","","{""crack"": 0.0146, ""dust"": 0.0241, ""fold"": 0.0788, ""missing_region"": 0.1069, ""mold"": 0.1296, ""scratch"": 0.0326, ""stain"": 0.137, ""tear"": 0.1069}","{}","0","0","0","0","0","0","0","0","0","0","0","0","0","0","0ac37aa5a4e0917957c7c06fda9c7a9ab1fb52034d6843940371d7eff99d246c","1647591","png"
"1728","clean_near_000618","clean_near","618","image-067","1858.png","clean_near_000618.png","dataset_images/clean_near/clean_near_000618.png","f5ed8d4153a57989e68ba3e9f16a79a2a39d69f7176bfaedf01559739b3fb5f0","1639","1324","outdoor_scene","RGB","existing_damage","train","real_damaged","托马斯·查尔德中国摄影集（Lothar Lehmann 藏）","","","","","0","texture_catalog_match_v1+source_attribute_v1","","{""crack"": 0.0174, ""dust"": 0.0329, ""fold"": 0.0524, ""missing_region"": 0.031, ""mold"": 0.0917, ""scratch"": 0.0287, ""stain"": 0.1284, ""tear"": 0.1348}","{}","0","0","0","0","0","0","0","0","0","0","0","0","0","0","f5ed8d4153a57989e68ba3e9f16a79a2a39d69f7176bfaedf01559739b3fb5f0","2353150","png"
"1730","clean_near_000619","clean_near","619","image-069","1860.png","clean_near_000619.png","dataset_images/clean_near/clean_near_000619.png","5fd255bdaa7cb68c95af1055852946d0e01e46b77868df3fcd997268f258a05b","1665","1299","outdoor_scene","RGB","existing_damage","train","real_damaged","托马斯·查尔德中国摄影集（Lothar Lehmann 藏）","","","","","0","texture_catalog_match_v1+source_attribute_v1","","{""crack"": 0.0281, ""dust"": 0.0297, ""fold"": 0.1358, ""missing_region"": 0.0667, ""mold"": 0.097, ""scratch"": 0.0352, ""stain"": 0.0911, ""tear"": 0.1182}","{}","0","0","0","0","0","0","0","0","0","0","0","0","0","0","5fd255bdaa7cb68c95af1055852946d0e01e46b77868df3fcd997268f258a05b","2811174","png"
"1731","clean_near_000620","clean_near","620","image-070","1861.png","clean_near_000620.png","dataset_images/clean_near/clean_near_000620.png","c1f49a276416dca0d769158521f5717da45b01d040e224668ee2799fc9d9ae01","1294","1005","outdoor_scene","RGB","existing_damage","train","real_damaged","托马斯·查尔德中国摄影集（Lothar Lehmann 藏）","","","","","0","texture_catalog_match_v1+source_attribute_v1","","{""crack"": 0.006, ""dust"": 0.0185, ""fold"": 0.0748, ""missing_region"": 0.0457, ""mold"": 0.0956, ""scratch"": 0.03, ""stain"": 0.0776, ""tear"": 0.0779}","{}","0","0","0","0","0","0","0","0","0","0","0","0","0","0","c1f49a276416dca0d769158521f5717da45b01d040e224668ee2799fc9d9ae01","2222380","png"
"1732","clean_near_000621","clean_near","621","image-071","1862.png","clean_near_000621.png","dataset_images/clean_near/clean_near_000621.png","f2649260630e185bf4dd9994ca80445f78e20f5bc246f03e475ba167017b4f17","1626","1305","outdoor_scene","RGB","existing_damage","train","real_damaged","托马斯·查尔德中国摄影集（Lothar Lehmann 藏）","","","","","0","texture_catalog_match_v1+source_attribute_v1","","{""crack"": 0.026, ""dust"": 0.0332, ""fold"": 0.0603, ""missing_region"": 0.038, ""mold"": 0.0716, ""scratch"": 0.0362, ""stain"": 0.1315, ""tear"": 0.1054}","{}","0","0","0","0","0","0","0","0","0","0","0","0","0","0","f2649260630e185bf4dd9994ca80445f78e20f5bc246f03e475ba167017b4f17","2691149","png"
"1735","clean_near_000622","clean_near","622","image-074","1865.png","clean_near_000622.png","dataset_images/clean_near/clean_near_000622.png","981a009fef7867e8c27e1d044ad6ba95310ceb1ef9f01b09488871e1c6640126","1323","963","outdoor_scene","RGB","existing_damage","train","real_damaged","托马斯·查尔德中国摄影集（Lothar Lehmann 藏）","","","","","0","texture_catalog_match_v1+source_attribute_v1","","{""crack"": 0.0268, ""dust"": 0.0294, ""fold"": 0.0493, ""missing_region"": 0.0482, ""mold"": 0.0856, ""scratch"": 0.0295, ""stain"": 0.0614, ""tear"": 0.08}","{}","0","0","0","0","0","0","0","0","0","0","0","0","0","0","981a009fef7867e8c27e1d044ad6ba95310ceb1ef9f01b09488871e1c6640126","1505539","png"
"1736","clean_near_000623","clean_near","623","image-075","1866.png","clean_near_000623.png","dataset_images/clean_near/clean_near_000623.png","add1c4df9f5747c7bc914a3b5644bbe1268dbde2c2f677bf102524581422f7be","1249","970","outdoor_scene","RGB","existing_damage","train","real_damaged","托马斯·查尔德中国摄影集（Lothar Lehmann 藏）","","","","","0","texture_catalog_match_v1+source_attribute_v1","","{""crack"": 0.0305, ""dust"": 0.0315, ""fold"": 0.0505, ""missing_region"": 0.0316, ""mold"": 0.0536, ""scratch"": 0.0315, ""stain"": 0.0546, ""tear"": 0.0737}","{}","0","0","0","0","0","0","0","0","0","0","0","0","0","0","add1c4df9f5747c7bc914a3b5644bbe1268dbde2c2f677bf102524581422f7be","1242892","png"
"1740","clean_near_000624","clean_near","624","image-079","1870.png","clean_near_000624.png","dataset_images/clean_near/clean_near_000624.png","370b5b79b376a77ba84e50e2a976b1073308ad9a89f02dda03ff6b5df1d92a1b","1542","1092","outdoor_scene","RGB","existing_damage","train","real_damaged","托马斯·查尔德中国摄影集（Lothar Lehmann 藏）","","","","","0","texture_catalog_match_v1+source_attribute_v1","","{""crack"": 0.0252, ""dust"": 0.029, ""fold"": 0.0825, ""missing_region"": 0.0426, ""mold"": 0.0955, ""scratch"": 0.0264, ""stain"": 0.1018, ""tear"": 0.0559}","{}","0","0","0","0","0","0","0","0","0","0","0","0","0","0","370b5b79b376a77ba84e50e2a976b1073308ad9a89f02dda03ff6b5df1d92a1b","2289920","png"
"1743","clean_near_000625","clean_near","625","image-082","1873.png","clean_near_000625.png","dataset_images/clean_near/clean_near_000625.png","78ae88633d6d1665c8347e1083e9c8810aab9bc75a9f3edc340bc46fc49faa54","1187","1602","outdoor_scene","RGB","existing_damage","train","real_damaged","托马斯·查尔德中国摄影集（Lothar Lehmann 藏）","","","","","0","texture_catalog_match_v1+source_attribute_v1","","{""crack"": 0.0276, ""dust"": 0.035, ""fold"": 0.073, ""missing_region"": 0.0294, ""mold"": 0.0868, ""scratch"": 0.0328, ""stain"": 0.0908, ""tear"": 0.078}","{}","0","0","0","0","0","0","0","0","0","0","0","0","0","0","78ae88633d6d1665c8347e1083e9c8810aab9bc75a9f3edc340bc46fc49faa54","2329587","png"
"1744","clean_near_000626","clean_near","626","image-083","1874.png","clean_near_000626.png","dataset_images/clean_near/clean_near_000626.png","d27518cbac047d398e4e5e934a551a2e77256c0e903df05718f19d953026ac20","1623","1305","outdoor_scene","RGB","existing_damage","train","real_damaged","托马斯·查尔德中国摄影集（Lothar Lehmann 藏）","","","","","0","texture_catalog_match_v1+source_attribute_v1","","{""crack"": 0.0285, ""dust"": 0.0301, ""fold"": 0.0622, ""missing_region"": 0.051, ""mold"": 0.0983, ""scratch"": 0.0298, ""stain"": 0.1262, ""tear"": 0.1045}","{}","0","0","0","0","0","0","0","0","0","0","0","0","0","0","d27518cbac047d398e4e5e934a551a2e77256c0e903df05718f19d953026ac20","2433204","png"
"1745","clean_near_000627","clean_near","627","image-084","1875.png","clean_near_000627.png","dataset_images/clean_near/clean_near_000627.png","a53c533223e2c48bddd2c71a6694f1bd56965a70598966b916325a928086fb05","1464","1216","architecture","RGB","existing_damage","train","real_damaged","托马斯·查尔德中国摄影集（Lothar Lehmann 藏）","","","","","0","texture_catalog_match_v1+source_attribute_v1","","{""crack"": 0.0285, ""dust"": 0.0427, ""fold"": 0.1154, ""missing_region"": 0.0613, ""mold"": 0.1303, ""scratch"": 0.0355, ""stain"": 0.1453, ""tear"": 0.1309}","{}","0","0","0","0","0","0","0","0","0","0","0","0","0","0","a53c533223e2c48bddd2c71a6694f1bd56965a70598966b916325a928086fb05","2408616","png"
"1747","clean_near_000628","clean_near","628","image-086","1877.png","clean_near_000628.png","dataset_images/clean_near/clean_near_000628.png","df1faa332973cf4d6ea468543d7cbc6b8111ab36d162665fee97f416ca67d40c","1384","988","architecture","RGB","existing_damage","train","real_damaged","托马斯·查尔德中国摄影集（Lothar Lehmann 藏）","","","","","0","texture_catalog_match_v1+source_attribute_v1","","{""crack"": 0.0195, ""dust"": 0.0254, ""fold"": 0.0742, ""missing_region"": 0.0576, ""mold"": 0.0852, ""scratch"": 0.0262, ""stain"": 0.0603, ""tear"": 0.1031}","{}","0","0","0","0","0","0","0","0","0","0","0","0","0","0","df1faa332973cf4d6ea468543d7cbc6b8111ab36d162665fee97f416ca67d40c","2013056","png"
"1749","clean_near_000629","clean_near","629","image-088","1879.png","clean_near_000629.png","dataset_images/clean_near/clean_near_000629.png","63d3879f8a77f54d7503f1daff6a7d90968f8b83653032c95c710a497951f45d","1443","1121","outdoor_scene","RGB","existing_damage","train","real_damaged","托马斯·查尔德中国摄影集（Lothar Lehmann 藏）","","","","","0","texture_catalog_match_v1+source_attribute_v1","","{""crack"": 0.0185, ""dust"": 0.0405, ""fold"": 0.1241, ""missing_region"": 0.0613, ""mold"": 0.1554, ""scratch"": 0.0332, ""stain"": 0.1566, ""tear"": 0.1042}","{}","0","0","0","0","0","0","0","0","0","0","0","0","0","0","63d3879f8a77f54d7503f1daff6a7d90968f8b83653032c95c710a497951f45d","2163954","png"
"1753","clean_near_000630","clean_near","630","image-092","1883.png","clean_near_000630.png","dataset_images/clean_near/clean_near_000630.png","8c80f990fdc1fb44cc362fa0244a0d77e8fc6f6a27b0e0db299bd0d1890a8fca","1535","1165","architecture","RGB","existing_damage","train","real_damaged","托马斯·查尔德中国摄影集（Lothar Lehmann 藏）","","","","","0","texture_catalog_match_v1+source_attribute_v1","","{""crack"": 0.0302, ""dust"": 0.0303, ""fold"": 0.0846, ""missing_region"": 0.0414, ""mold"": 0.0778, ""scratch"": 0.0287, ""stain"": 0.0755, ""tear"": 0.0808}","{}","0","0","0","0","0","0","0","0","0","0","0","0","0","0","8c80f990fdc1fb44cc362fa0244a0d77e8fc6f6a27b0e0db299bd0d1890a8fca","1899923","png"
"1754","clean_near_000631","clean_near","631","image-093","1884.png","clean_near_000631.png","dataset_images/clean_near/clean_near_000631.png","d9b64dbd16f293887fd7ec70d10fe7b3e14234f81a145f67dfc88949c78ea5b8","1512","1121","architecture","RGB","existing_damage","train","real_damaged","托马斯·查尔德中国摄影集（Lothar Lehmann 藏）","","","","","0","texture_catalog_match_v1+source_attribute_v1","","{""crack"": 0.02, ""dust"": 0.0391, ""fold"": 0.0896, ""missing_region"": 0.0543, ""mold"": 0.0961, ""scratch"": 0.0325, ""stain"": 0.1152, ""tear"": 0.1088}","{}","0","0","0","0","0","0","0","0","0","0","0","0","0","0","d9b64dbd16f293887fd7ec70d10fe7b3e14234f81a145f67dfc88949c78ea5b8","2006220","png"
"1755","clean_near_000632","clean_near","632","image-094","1885.png","clean_near_000632.png","dataset_images/clean_near/clean_near_000632.png","98bb48684c262a824f038952cdb91a5da83f48de8d7c9bfd9c9836554aea3a68","1498","704","architecture","RGB","existing_damage","train","real_damaged","托马斯·查尔德中国摄影集（Lothar Lehmann 藏）","","","","","0","texture_catalog_match_v1+source_attribute_v1","","{""crack"": 0.0212, ""dust"": 0.0276, ""fold"": 0.078, ""missing_region"": 0.0721, ""mold"": 0.0739, ""scratch"": 0.0281, ""stain"": 0.0682, ""tear"": 0.1037}","{}","0","0","0","0","0","0","0","0","0","0","0","0","0","0","af585c59bd61dc4c95d9fa88f203ae8511d206dd10736b91044ebc80e3143ce5","1701470","png"
"1756","clean_near_000633","clean_near","633","image-095","1886.png","clean_near_000633.png","dataset_images/clean_near/clean_near_000633.png","28bb3f5a37288dc85fa6ab2a61c7a1d50d7d71cfabcbc70c1449197b4af0d8c2","1157","1510","other","RGB","existing_damage","train","real_damaged","托马斯·查尔德中国摄影集（Lothar Lehmann 藏）","","","","","0","texture_catalog_match_v1+source_attribute_v1","","{""crack"": 0.0135, ""dust"": 0.023, ""fold"": 0.0677, ""missing_region"": 0.0372, ""mold"": 0.093, ""scratch"": 0.023, ""stain"": 0.0601, ""tear"": 0.0658}","{}","0","0","0","0","0","0","0","0","0","0","0","0","0","0","28bb3f5a37288dc85fa6ab2a61c7a1d50d7d71cfabcbc70c1449197b4af0d8c2","2386325","png"
"1757","clean_near_000634","clean_near","634","image-096","1887.png","clean_near_000634.png","dataset_images/clean_near/clean_near_000634.png","cdf3dc57f84515ab55d2a344f3180a12fe82776529495f5f1a3bc251c7a7cad4","1470","1100","architecture","RGB","existing_damage","train","real_damaged","托马斯·查尔德中国摄影集（Lothar Lehmann 藏）","","","","","0","texture_catalog_match_v1+source_attribute_v1","","{""crack"": 0.0132, ""dust"": 0.0201, ""fold"": 0.0792, ""missing_region"": 0.0348, ""mold"": 0.0888, ""scratch"": 0.0289, ""stain"": 0.0912, ""tear"": 0.0647}","{}","0","0","0","0","0","0","0","0","0","0","0","0","0","0","cdf3dc57f84515ab55d2a344f3180a12fe82776529495f5f1a3bc251c7a7cad4","1953583","png"
"1758","clean_near_000635","clean_near","635","image-097","1888.png","clean_near_000635.png","dataset_images/clean_near/clean_near_000635.png","8bcc174b420a8f17e076fef8c6b99b38b5f860d2870bb616f2daba4c12bcb161","1485","1177","outdoor_scene","RGB","existing_damage","train","real_damaged","托马斯·查尔德中国摄影集（Lothar Lehmann 藏）","","","","","0","texture_catalog_match_v1+source_attribute_v1","","{""crack"": 0.0118, ""dust"": 0.0396, ""fold"": 0.1098, ""missing_region"": 0.0675, ""mold"": 0.1231, ""scratch"": 0.0301, ""stain"": 0.1478, ""tear"": 0.0752}","{}","0","0","0","0","0","0","0","0","0","0","0","0","0","0","8bcc174b420a8f17e076fef8c6b99b38b5f860d2870bb616f2daba4c12bcb161","2215264","png"
"1759","clean_near_000636","clean_near","636","image-098","1889.png","clean_near_000636.png","dataset_images/clean_near/clean_near_000636.png","084c3d730145da4093d19fc2951f865e52edb12d573b5be8169854500f15c08e","1495","1055","architecture","RGB","existing_damage","train","real_damaged","托马斯·查尔德中国摄影集（Lothar Lehmann 藏）","","","","","0","texture_catalog_match_v1+source_attribute_v1","","{""crack"": 0.0232, ""dust"": 0.031, ""fold"": 0.1276, ""missing_region"": 0.0656, ""mold"": 0.1103, ""scratch"": 0.0237, ""stain"": 0.1334, ""tear"": 0.1183}","{}","0","0","0","0","0","0","0","0","0","0","0","0","0","0","084c3d730145da4093d19fc2951f865e52edb12d573b5be8169854500f15c08e","2238527","png"
"1761","clean_near_000637","clean_near","637","image-100","1891.png","clean_near_000637.png","dataset_images/clean_near/clean_near_000637.png","599eb26fd445b1992cf38a3dfcc299d9bf5d8034af6066189d4900f8ead67cae","1486","1172","architecture","RGB","existing_damage","train","real_damaged","托马斯·查尔德中国摄影集（Lothar Lehmann 藏）","","","","","0","texture_catalog_match_v1+source_attribute_v1","","{""crack"": 0.0227, ""dust"": 0.0345, ""fold"": 0.1191, ""missing_region"": 0.0468, ""mold"": 0.1057, ""scratch"": 0.0336, ""stain"": 0.1567, ""tear"": 0.0895}","{}","0","0","0","0","0","0","0","0","0","0","0","0","0","0","599eb26fd445b1992cf38a3dfcc299d9bf5d8034af6066189d4900f8ead67cae","2030024","png"
"1762","clean_near_000638","clean_near","638","image-101","1892.png","clean_near_000638.png","dataset_images/clean_near/clean_near_000638.png","e0447906da6c3cdf4edb63baab947d444993bf80a569335796066a3feb4cfa4a","1482","1167","architecture","RGB","existing_damage","train","real_damaged","托马斯·查尔德中国摄影集（Lothar Lehmann 藏）","","","","","0","texture_catalog_match_v1+source_attribute_v1","","{""crack"": 0.0237, ""dust"": 0.0341, ""fold"": 0.1166, ""missing_region"": 0.0528, ""mold"": 0.126, ""scratch"": 0.0284, ""stain"": 0.1397, ""tear"": 0.1071}","{}","0","0","0","0","0","0","0","0","0","0","0","0","0","0","e0447906da6c3cdf4edb63baab947d444993bf80a569335796066a3feb4cfa4a","2183664","png"
"1763","clean_near_000639","clean_near","639","image-102","1893.png","clean_near_000639.png","dataset_images/clean_near/clean_near_000639.png","a8de8df1e1f124579007e2cf564a44315a344e7751aa2cfba5badd6ca59b215d","1488","1167","outdoor_scene","RGB","existing_damage","train","real_damaged","托马斯·查尔德中国摄影集（Lothar Lehmann 藏）","","","","","0","texture_catalog_match_v1+source_attribute_v1","","{""crack"": 0.0182, ""dust"": 0.0238, ""fold"": 0.036, ""missing_region"": 0.0307, ""mold"": 0.0667, ""scratch"": 0.0271, ""stain"": 0.0655, ""tear"": 0.0697}","{}","0","0","0","0","0","0","0","0","0","0","0","0","0","0","a8de8df1e1f124579007e2cf564a44315a344e7751aa2cfba5badd6ca59b215d","2102906","png"
"1764","clean_near_000640","clean_near","640","image-103","1894.png","clean_near_000640.png","dataset_images/clean_near/clean_near_000640.png","e1e946d1d10a26f54714ffd1450852f2f745ffb097c9246c2ecbaa64f453a2c5","1527","1152","architecture","RGB","existing_damage","test","real_damaged","托马斯·查尔德中国摄影集（Lothar Lehmann 藏）","","","","","0","texture_catalog_match_v1+source_attribute_v1","","{""crack"": 0.0246, ""dust"": 0.026, ""fold"": 0.0771, ""missing_region"": 0.0488, ""mold"": 0.1016, ""scratch"": 0.0299, ""stain"": 0.076, ""tear"": 0.0931}","{}","0","0","0","0","0","0","0","0","0","0","0","0","0","0","e1e946d1d10a26f54714ffd1450852f2f745ffb097c9246c2ecbaa64f453a2c5","1875168","png"
"1765","clean_near_000641","clean_near","641","image-104","1895.png","clean_near_000641.png","dataset_images/clean_near/clean_near_000641.png","a3649ffb7a90984ec9a1e765fda1f3073bcc548afd0c245748cd5e4c0c88ac5d","1501","1158","architecture","RGB","existing_damage","train","real_damaged","托马斯·查尔德中国摄影集（Lothar Lehmann 藏）","","","","","0","texture_catalog_match_v1+source_attribute_v1","","{""crack"": 0.0282, ""dust"": 0.0336, ""fold"": 0.093, ""missing_region"": 0.0633, ""mold"": 0.1367, ""scratch"": 0.0354, ""stain"": 0.0893, ""tear"": 0.0853}","{}","0","0","0","0","0","0","0","0","0","0","0","0","0","0","a3649ffb7a90984ec9a1e765fda1f3073bcc548afd0c245748cd5e4c0c88ac5d","1847920","png"
"1766","clean_near_000642","clean_near","642","image-105","1896.png","clean_near_000642.png","dataset_images/clean_near/clean_near_000642.png","c7d40d82dd1ea621ba745027fe23d14693a66431d1db19ec5416806cf8bf71ea","1509","1160","architecture","RGB","existing_damage","train","real_damaged","托马斯·查尔德中国摄影集（Lothar Lehmann 藏）","","","","","0","texture_catalog_match_v1+source_attribute_v1","","{""crack"": 0.0249, ""dust"": 0.0378, ""fold"": 0.0935, ""missing_region"": 0.0498, ""mold"": 0.1259, ""scratch"": 0.0322, ""stain"": 0.1292, ""tear"": 0.0916}","{}","0","0","0","0","0","0","0","0","0","0","0","0","0","0","c7d40d82dd1ea621ba745027fe23d14693a66431d1db19ec5416806cf8bf71ea","1625647","png"
"1767","clean_near_000643","clean_near","643","image-106","1897.png","clean_near_000643.png","dataset_images/clean_near/clean_near_000643.png","73c67c9b1d881042d7ae8b985a1f30fdd5492846138332393f2d288a66f82ac1","1494","1191","outdoor_scene","RGB","existing_damage","test","real_damaged","托马斯·查尔德中国摄影集（Lothar Lehmann 藏）","","","","","0","texture_catalog_match_v1+source_attribute_v1","","{""crack"": 0.0254, ""dust"": 0.0385, ""fold"": 0.0869, ""missing_region"": 0.0374, ""mold"": 0.0998, ""scratch"": 0.0291, ""stain"": 0.1319, ""tear"": 0.0736}","{}","0","0","0","0","0","0","0","0","0","0","0","0","0","0","73c67c9b1d881042d7ae8b985a1f30fdd5492846138332393f2d288a66f82ac1","1844433","png"
"1768","clean_near_000644","clean_near","644","image-107","1898.png","clean_near_000644.png","dataset_images/clean_near/clean_near_000644.png","efc846b1ef9fc14ed7e49045f4d0a50fd970dfc4ffefc4cae71109d54f186ad7","1505","1157","architecture","RGB","existing_damage","test","real_damaged","托马斯·查尔德中国摄影集（Lothar Lehmann 藏）","","","","","0","texture_catalog_match_v1+source_attribute_v1","","{""crack"": 0.0067, ""dust"": 0.0226, ""fold"": 0.098, ""missing_region"": 0.051, ""mold"": 0.1099, ""scratch"": 0.0221, ""stain"": 0.0891, ""tear"": 0.1806}","{}","0","0","0","0","0","0","0","0","0","0","0","0","0","0","efc846b1ef9fc14ed7e49045f4d0a50fd970dfc4ffefc4cae71109d54f186ad7","2593962","png"
"1769","clean_near_000645","clean_near","645","image-108","1899.png","clean_near_000645.png","dataset_images/clean_near/clean_near_000645.png","5737b2a91c2d28c002de9f195c4af8cb6010bee8dfd1466194b24094436e3c5d","1466","1135","architecture","RGB","existing_damage","train","real_damaged","托马斯·查尔德中国摄影集（Lothar Lehmann 藏）","","","","","0","texture_catalog_match_v1+source_attribute_v1","","{""crack"": 0.0274, ""dust"": 0.0304, ""fold"": 0.1142, ""missing_region"": 0.0679, ""mold"": 0.1037, ""scratch"": 0.0296, ""stain"": 0.1594, ""tear"": 0.1221}","{}","0","0","0","0","0","0","0","0","0","0","0","0","0","0","5737b2a91c2d28c002de9f195c4af8cb6010bee8dfd1466194b24094436e3c5d","2540080","png"
"1770","clean_near_000646","clean_near","646","image-109","1900.png","clean_near_000646.png","dataset_images/clean_near/clean_near_000646.png","3590df083dd6b56f1a219591b0a52b2e3e849f46848fad903f0ce8eb911d4d1f","1125","1467","architecture","RGB","existing_damage","train","real_damaged","托马斯·查尔德中国摄影集（Lothar Lehmann 藏）","","","","","0","texture_catalog_match_v1+source_attribute_v1","","{""crack"": 0.0265, ""dust"": 0.0282, ""fold"": 0.1009, ""missing_region"": 0.0491, ""mold"": 0.1407, ""scratch"": 0.0313, ""stain"": 0.1202, ""tear"": 0.0779}","{}","0","0","0","0","0","0","0","0","0","0","0","0","0","0","3590df083dd6b56f1a219591b0a52b2e3e849f46848fad903f0ce8eb911d4d1f","2297249","png"
"1771","clean_near_000647","clean_near","647","image-110","1901.png","clean_near_000647.png","dataset_images/clean_near/clean_near_000647.png","be126637cee9f317262fc1dc48d5ff6ce0cd760340df37f33f5c4d39f9a6b0ce","1489","1148","outdoor_scene","RGB","existing_damage","train","real_damaged","托马斯·查尔德中国摄影集（Lothar Lehmann 藏）","","","","","0","texture_catalog_match_v1+source_attribute_v1","","{""crack"": 0.0264, ""dust"": 0.0391, ""fold"": 0.1365, ""missing_region"": 0.0624, ""mold"": 0.1403, ""scratch"": 0.0351, ""stain"": 0.1698, ""tear"": 0.1028}","{}","0","0","0","0","0","0","0","0","0","0","0","0","0","0","be126637cee9f317262fc1dc48d5ff6ce0cd760340df37f33f5c4d39f9a6b0ce","1939730","png"
"1773","clean_near_000648","clean_near","648","image-112","1903.png","clean_near_000648.png","dataset_images/clean_near/clean_near_000648.png","5abe612a405e80d8ccddf2eb4170d1acc8bba8a0d9ca1d6fe69aa70a3f14649c","1507","1154","architecture","RGB","existing_damage","train","real_damaged","托马斯·查尔德中国摄影集（Lothar Lehmann 藏）","","","","","0","texture_catalog_match_v1+source_attribute_v1","","{""crack"": 0.0239, ""dust"": 0.0262, ""fold"": 0.1308, ""missing_region"": 0.0543, ""mold"": 0.0887, ""scratch"": 0.0273, ""stain"": 0.0804, ""tear"": 0.0777}","{}","0","0","0","0","0","0","0","0","0","0","0","0","0","0","5abe612a405e80d8ccddf2eb4170d1acc8bba8a0d9ca1d6fe69aa70a3f14649c","2515164","png"
"1775","clean_near_000649","clean_near","649","image-114","1905.png","clean_near_000649.png","dataset_images/clean_near/clean_near_000649.png","9eaa4435eedbfbae08be82d6724493841443b3f9202af3ab7539c006468830f2","1164","1478","architecture","RGB","existing_damage","train","real_damaged","托马斯·查尔德中国摄影集（Lothar Lehmann 藏）","","","","","0","texture_catalog_match_v1+source_attribute_v1","","{""crack"": 0.0133, ""dust"": 0.0188, ""fold"": 0.0879, ""missing_region"": 0.0459, ""mold"": 0.0786, ""scratch"": 0.0247, ""stain"": 0.0781, ""tear"": 0.1034}","{}","0","0","0","0","0","0","0","0","0","0","0","0","0","0","9eaa4435eedbfbae08be82d6724493841443b3f9202af3ab7539c006468830f2","2203011","png"
"1776","clean_near_000650","clean_near","650","image-115","1906.png","clean_near_000650.png","dataset_images/clean_near/clean_near_000650.png","bb3f1bd5f8f57363c4863b8e279358a8f7c4d38224cbef930836ee6d0694f75e","1524","1161","architecture","RGB","existing_damage","train","real_damaged","托马斯·查尔德中国摄影集（Lothar Lehmann 藏）","","","","","0","texture_catalog_match_v1+source_attribute_v1","","{""crack"": 0.0175, ""dust"": 0.0287, ""fold"": 0.1333, ""missing_region"": 0.0542, ""mold"": 0.119, ""scratch"": 0.0328, ""stain"": 0.1155, ""tear"": 0.1031}","{}","0","0","0","0","0","0","0","0","0","0","0","0","0","0","bb3f1bd5f8f57363c4863b8e279358a8f7c4d38224cbef930836ee6d0694f75e","2265943","png"
"1777","clean_near_000651","clean_near","651","image-116","1907.png","clean_near_000651.png","dataset_images/clean_near/clean_near_000651.png","3edaaa938036f5e6a72265288a29466676131b03053878aafb061507cbadbdb1","1491","1178","outdoor_scene","RGB","existing_damage","train","real_damaged","托马斯·查尔德中国摄影集（Lothar Lehmann 藏）","","","","","0","texture_catalog_match_v1+source_attribute_v1","","{""crack"": 0.0291, ""dust"": 0.0306, ""fold"": 0.0825, ""missing_region"": 0.0806, ""mold"": 0.1049, ""scratch"": 0.0314, ""stain"": 0.0925, ""tear"": 0.101}","{}","0","0","0","0","0","0","0","0","0","0","0","0","0","0","3edaaa938036f5e6a72265288a29466676131b03053878aafb061507cbadbdb1","2111964","png"
"1779","clean_near_000652","clean_near","652","image-118","1909.png","clean_near_000652.png","dataset_images/clean_near/clean_near_000652.png","28f75599a02cbe57047edeff1ce30cc9aa74174e82803bdd81783a9c66a088cf","1379","1131","architecture","RGB","existing_damage","train","real_damaged","托马斯·查尔德中国摄影集（Lothar Lehmann 藏）","","","","","0","texture_catalog_match_v1+source_attribute_v1","","{""crack"": 0.0286, ""dust"": 0.0307, ""fold"": 0.0712, ""missing_region"": 0.058, ""mold"": 0.1306, ""scratch"": 0.0327, ""stain"": 0.1077, ""tear"": 0.075}","{}","0","0","0","0","0","0","0","0","0","0","0","0","0","0","28f75599a02cbe57047edeff1ce30cc9aa74174e82803bdd81783a9c66a088cf","2053198","png"
"1780","clean_near_000653","clean_near","653","image-119","1910.png","clean_near_000653.png","dataset_images/clean_near/clean_near_000653.png","e69fbb070d5572a4a4215bde8267ee32b652c86ee66b9dc163a8567e6213c9e3","1488","1170","architecture","RGB","existing_damage","validation","real_damaged","托马斯·查尔德中国摄影集（Lothar Lehmann 藏）","","","","","0","texture_catalog_match_v1+source_attribute_v1","","{""crack"": 0.0204, ""dust"": 0.0269, ""fold"": 0.0895, ""missing_region"": 0.058, ""mold"": 0.1376, ""scratch"": 0.0302, ""stain"": 0.1063, ""tear"": 0.1528}","{}","0","0","0","0","0","0","0","0","0","0","0","0","0","0","e69fbb070d5572a4a4215bde8267ee32b652c86ee66b9dc163a8567e6213c9e3","2526907","png"
"1781","clean_near_000654","clean_near","654","image-120","1911.png","clean_near_000654.png","dataset_images/clean_near/clean_near_000654.png","8defdcd09faae96e8e7d97dc05896fc3046c39cc83a23e73219af2f6104b4666","1165","1535","architecture","RGB","existing_damage","train","real_damaged","托马斯·查尔德中国摄影集（Lothar Lehmann 藏）","","","","","0","texture_catalog_match_v1+source_attribute_v1","","{""crack"": 0.0301, ""dust"": 0.0318, ""fold"": 0.0553, ""missing_region"": 0.0294, ""mold"": 0.035, ""scratch"": 0.0313, ""stain"": 0.0505, ""tear"": 0.0809}","{}","0","0","0","0","0","0","0","0","0","0","0","0","0","0","8defdcd09faae96e8e7d97dc05896fc3046c39cc83a23e73219af2f6104b4666","2103508","png"
"1783","clean_near_000655","clean_near","655","image-122","1913.png","clean_near_000655.png","dataset_images/clean_near/clean_near_000655.png","12e2da28d500a128a39676dd0b96de9e74643f9468e0b0fa03a86ad8af9695ea","1521","1085","architecture","RGB","existing_damage","train","real_damaged","托马斯·查尔德中国摄影集（Lothar Lehmann 藏）","","","","","0","texture_catalog_match_v1+source_attribute_v1","","{""crack"": 0.0292, ""dust"": 0.0314, ""fold"": 0.0538, ""missing_region"": 0.0307, ""mold"": 0.042, ""scratch"": 0.0304, ""stain"": 0.0397, ""tear"": 0.108}","{}","0","0","0","0","0","0","0","0","0","0","0","0","0","0","12e2da28d500a128a39676dd0b96de9e74643f9468e0b0fa03a86ad8af9695ea","2005121","png"
"1785","clean_near_000656","clean_near","656","image-124","1915.png","clean_near_000656.png","dataset_images/clean_near/clean_near_000656.png","c2c044225805988d4de457e1ffdbdbfea0a09daf9d067575ad070be36f82fc7c","1485","1156","architecture","RGB","existing_damage","test","real_damaged","托马斯·查尔德中国摄影集（Lothar Lehmann 藏）","","","","","0","texture_catalog_match_v1+source_attribute_v1","","{""crack"": 0.019, ""dust"": 0.0325, ""fold"": 0.1237, ""missing_region"": 0.0596, ""mold"": 0.1177, ""scratch"": 0.0283, ""stain"": 0.1443, ""tear"": 0.0909}","{}","0","0","0","0","0","0","0","0","0","0","0","0","0","0","c2c044225805988d4de457e1ffdbdbfea0a09daf9d067575ad070be36f82fc7c","2801536","png"
"1788","clean_near_000657","clean_near","657","image-127","1918.png","clean_near_000657.png","dataset_images/clean_near/clean_near_000657.png","acaeed4d5321c463b8eaffe1ec9a6e824bd9892c3d3768b897ba6e7cbab10ebf","1531","1214","architecture","RGB","existing_damage","train","real_damaged","托马斯·查尔德中国摄影集（Lothar Lehmann 藏）","","","","","0","texture_catalog_match_v1+source_attribute_v1","","{""crack"": 0.0276, ""dust"": 0.0292, ""fold"": 0.0618, ""missing_region"": 0.0375, ""mold"": 0.0826, ""scratch"": 0.0288, ""stain"": 0.0687, ""tear"": 0.0799}","{}","0","0","0","0","0","0","0","0","0","0","0","0","0","0","acaeed4d5321c463b8eaffe1ec9a6e824bd9892c3d3768b897ba6e7cbab10ebf","2323734","png"
"1789","clean_near_000658","clean_near","658","image-128","1919.png","clean_near_000658.png","dataset_images/clean_near/clean_near_000658.png","4c7c4e7267c258135aecf98d8b109f6f5e92a75fb853b438be1f71428de78313","1507","1157","architecture","RGB","existing_damage","train","real_damaged","托马斯·查尔德中国摄影集（Lothar Lehmann 藏）","","","","","0","texture_catalog_match_v1+source_attribute_v1","","{""crack"": 0.0223, ""dust"": 0.0227, ""fold"": 0.0454, ""missing_region"": 0.0572, ""mold"": 0.1076, ""scratch"": 0.0252, ""stain"": 0.1437, ""tear"": 0.0891}","{}","0","0","0","0","0","0","0","0","0","0","0","0","0","0","4c7c4e7267c258135aecf98d8b109f6f5e92a75fb853b438be1f71428de78313","2827386","png"
"1792","clean_near_000659","clean_near","659","image-131","1922.png","clean_near_000659.png","dataset_images/clean_near/clean_near_000659.png","663266e46f940f6d680d57767c2cebd72e14adf685ee05c4b2eb3c80e5a9fe18","1528","1168","architecture","RGB","existing_damage","train","real_damaged","托马斯·查尔德中国摄影集（Lothar Lehmann 藏）","","","","","0","texture_catalog_match_v1+source_attribute_v1","","{""crack"": 0.0174, ""dust"": 0.024, ""fold"": 0.0662, ""missing_region"": 0.0593, ""mold"": 0.1211, ""scratch"": 0.0365, ""stain"": 0.0758, ""tear"": 0.0824}","{}","0","0","0","0","0","0","0","0","0","0","0","0","0","0","663266e46f940f6d680d57767c2cebd72e14adf685ee05c4b2eb3c80e5a9fe18","2811209","png"
"1793","clean_near_000660","clean_near","660","image-132","1923.png","clean_near_000660.png","dataset_images/clean_near/clean_near_000660.png","28ad94553964696b056c1928601b2d1a2d2b5a6ba85c1ac7d3ae2af0cb7dd575","1161","1521","architecture","RGB","existing_damage","train","real_damaged","托马斯·查尔德中国摄影集（Lothar Lehmann 藏）","","","","","0","texture_catalog_match_v1+source_attribute_v1","","{""crack"": 0.0153, ""dust"": 0.0227, ""fold"": 0.0782, ""missing_region"": 0.046, ""mold"": 0.0923, ""scratch"": 0.0277, ""stain"": 0.0935, ""tear"": 0.0501}","{}","0","0","0","0","0","0","0","0","0","0","0","0","0","0","28ad94553964696b056c1928601b2d1a2d2b5a6ba85c1ac7d3ae2af0cb7dd575","2366467","png"
"1798","clean_near_000661","clean_near","661","image-137","1928.png","clean_near_000661.png","dataset_images/clean_near/clean_near_000661.png","21497f17dde081ee9f72aa2f877b0ba7930a5f22a803bd29b588d22a0d49ae48","1273","1650","architecture","RGB","existing_damage","train","real_damaged","托马斯·查尔德中国摄影集（Lothar Lehmann 藏）","","","","","0","texture_catalog_match_v1+source_attribute_v1","","{""crack"": 0.0277, ""dust"": 0.0291, ""fold"": 0.0563, ""missing_region"": 0.0291, ""mold"": 0.0421, ""scratch"": 0.0287, ""stain"": 0.0467, ""tear"": 0.1167}","{}","0","0","0","0","0","0","0","0","0","0","0","0","0","0","21497f17dde081ee9f72aa2f877b0ba7930a5f22a803bd29b588d22a0d49ae48","2453408","png"
"1799","clean_near_000662","clean_near","662","image-138","1929.png","clean_near_000662.png","dataset_images/clean_near/clean_near_000662.png","2fc3f520096683f7adbadc8feda8527e2763b75d2f239ca353543d65e7232d9c","1471","1130","other","RGB","existing_damage","train","real_damaged","托马斯·查尔德中国摄影集（Lothar Lehmann 藏）","","","","","0","texture_catalog_match_v1+source_attribute_v1","","{""crack"": 0.0284, ""dust"": 0.0303, ""fold"": 0.0883, ""missing_region"": 0.0533, ""mold"": 0.073, ""scratch"": 0.0295, ""stain"": 0.0906, ""tear"": 0.1633}","{}","0","0","0","0","0","0","0","0","0","0","0","0","0","0","2fc3f520096683f7adbadc8feda8527e2763b75d2f239ca353543d65e7232d9c","2141076","png"
"1800","clean_near_000663","clean_near","663","image-139","1930.png","clean_near_000663.png","dataset_images/clean_near/clean_near_000663.png","5facdbcdf996c34d6c5bbc9eea2a4e1dd44e6c56532ef1b53a76daab2abc216c","950","1320","architecture","RGB","existing_damage","test","real_damaged","托马斯·查尔德中国摄影集（Lothar Lehmann 藏）","","","","","0","texture_catalog_match_v1+source_attribute_v1","","{""crack"": 0.0047, ""dust"": 0.0257, ""fold"": 0.1032, ""missing_region"": 0.0761, ""mold"": 0.103, ""scratch"": 0.0336, ""stain"": 0.1221, ""tear"": 0.0775}","{}","0","0","0","0","0","0","0","0","0","0","0","0","0","0","5facdbcdf996c34d6c5bbc9eea2a4e1dd44e6c56532ef1b53a76daab2abc216c","2180475","png"
"1801","clean_near_000664","clean_near","664","image-140","1931.png","clean_near_000664.png","dataset_images/clean_near/clean_near_000664.png","fd97b2c74280ae9368807543ba9d8a4a94e8810377a7430d8937813d2c45548e","1459","1137","architecture","RGB","existing_damage","train","real_damaged","托马斯·查尔德中国摄影集（Lothar Lehmann 藏）","","","","","0","texture_catalog_match_v1+source_attribute_v1","","{""crack"": 0.0251, ""dust"": 0.0271, ""fold"": 0.0624, ""missing_region"": 0.0747, ""mold"": 0.1071, ""scratch"": 0.0295, ""stain"": 0.0898, ""tear"": 0.1485}","{}","0","0","0","0","0","0","0","0","0","0","0","0","0","0","fd97b2c74280ae9368807543ba9d8a4a94e8810377a7430d8937813d2c45548e","2428175","png"
"1802","clean_near_000665","clean_near","665","image-141","1932.png","clean_near_000665.png","dataset_images/clean_near/clean_near_000665.png","6f2c50d00c9c3eb224a474fcdd4b635c791578980592ebc70ddc852da514b88d","1495","1174","architecture","RGB","existing_damage","train","real_damaged","托马斯·查尔德中国摄影集（Lothar Lehmann 藏）","","","","","0","texture_catalog_match_v1+source_attribute_v1","","{""crack"": 0.0235, ""dust"": 0.0399, ""fold"": 0.1092, ""missing_region"": 0.0427, ""mold"": 0.0865, ""scratch"": 0.0342, ""stain"": 0.0957, ""tear"": 0.1385}","{}","0","0","0","0","0","0","0","0","0","0","0","0","0","0","6f2c50d00c9c3eb224a474fcdd4b635c791578980592ebc70ddc852da514b88d","1896919","png"
"1803","clean_near_000666","clean_near","666","image-142","1933.png","clean_near_000666.png","dataset_images/clean_near/clean_near_000666.png","010df3b973d4fbe9772850b828ae2712bc9e10ee4453ec6d3d5a361634a49f5d","936","1302","architecture","RGB","existing_damage","test","real_damaged","托马斯·查尔德中国摄影集（Lothar Lehmann 藏）","","","","","0","texture_catalog_match_v1+source_attribute_v1","","{""crack"": 0.0082, ""dust"": 0.0247, ""fold"": 0.0702, ""missing_region"": 0.0632, ""mold"": 0.0966, ""scratch"": 0.0239, ""stain"": 0.1024, ""tear"": 0.1048}","{}","0","0","0","0","0","0","0","0","0","0","0","0","0","0","010df3b973d4fbe9772850b828ae2712bc9e10ee4453ec6d3d5a361634a49f5d","2270041","png"
"1804","clean_near_000667","clean_near","667","image-143","1934.png","clean_near_000667.png","dataset_images/clean_near/clean_near_000667.png","7be068c3f777d800ac33192d6422d3e229d1d98c7e4aed189e57d5231735ed3b","1504","1166","architecture","RGB","existing_damage","train","real_damaged","托马斯·查尔德中国摄影集（Lothar Lehmann 藏）","","","","","0","texture_catalog_match_v1+source_attribute_v1","","{""crack"": 0.0046, ""dust"": 0.0244, ""fold"": 0.1149, ""missing_region"": 0.0732, ""mold"": 0.1301, ""scratch"": 0.0296, ""stain"": 0.1257, ""tear"": 0.1666}","{}","0","0","0","0","0","0","0","0","0","0","0","0","0","0","7be068c3f777d800ac33192d6422d3e229d1d98c7e4aed189e57d5231735ed3b","2689619","png"
"1805","clean_near_000668","clean_near","668","image-144","1935.png","clean_near_000668.png","dataset_images/clean_near/clean_near_000668.png","614b0adbd969565f6498f12966d6c4ba2b821c182a2e63ae7cde32c86d10c13f","1156","1515","architecture","RGB","existing_damage","test","real_damaged","托马斯·查尔德中国摄影集（Lothar Lehmann 藏）","","","","","0","texture_catalog_match_v1+source_attribute_v1","","{""crack"": 0.0183, ""dust"": 0.0235, ""fold"": 0.0737, ""missing_region"": 0.0347, ""mold"": 0.1063, ""scratch"": 0.0269, ""stain"": 0.1395, ""tear"": 0.0821}","{}","0","0","0","0","0","0","0","0","0","0","0","0","0","0","614b0adbd969565f6498f12966d6c4ba2b821c182a2e63ae7cde32c86d10c13f","2190597","png"
"1806","clean_near_000669","clean_near","669","image-145","1936.png","clean_near_000669.png","dataset_images/clean_near/clean_near_000669.png","54d4a0030c588d26bcd3c6d1518817689363a775e246db325b30de871e1feae3","1496","1178","other","RGB","existing_damage","train","real_damaged","托马斯·查尔德中国摄影集（Lothar Lehmann 藏）","","","","","0","texture_catalog_match_v1+source_attribute_v1","","{""crack"": 0.0051, ""dust"": 0.0208, ""fold"": 0.0395, ""missing_region"": 0.0403, ""mold"": 0.0794, ""scratch"": 0.0224, ""stain"": 0.1218, ""tear"": 0.0884}","{}","0","0","0","0","0","0","0","0","0","0","0","0","0","0","54d4a0030c588d26bcd3c6d1518817689363a775e246db325b30de871e1feae3","2954280","png"
"1807","clean_near_000670","clean_near","670","image-147","1937.png","clean_near_000670.png","dataset_images/clean_near/clean_near_000670.png","8ac190868aefa6bc5a6531c4ae9706107ad34f21dcedc1b80d826cec47b9bad2","1470","1190","architecture","RGB","existing_damage","validation","real_damaged","托马斯·查尔德中国摄影集（Lothar Lehmann 藏）","","","","","0","texture_catalog_match_v1+source_attribute_v1","","{""crack"": 0.0156, ""dust"": 0.0146, ""fold"": 0.0397, ""missing_region"": 0.0306, ""mold"": 0.0563, ""scratch"": 0.0181, ""stain"": 0.0676, ""tear"": 0.0614}","{}","0","0","0","0","0","0","0","0","0","0","0","0","0","0","8ac190868aefa6bc5a6531c4ae9706107ad34f21dcedc1b80d826cec47b9bad2","2133160","png"
"1808","clean_near_000671","clean_near","671","image-148","1938.png","clean_near_000671.png","dataset_images/clean_near/clean_near_000671.png","7cc50847743febfc8333e007c2fa1559b962f89d2e9f9e8a23c790ba8eed7639","998","1378","architecture","RGB","existing_damage","train","real_damaged","托马斯·查尔德中国摄影集（Lothar Lehmann 藏）","","","","","0","texture_catalog_match_v1+source_attribute_v1","","{""crack"": 0.016, ""dust"": 0.026, ""fold"": 0.1059, ""missing_region"": 0.062, ""mold"": 0.0998, ""scratch"": 0.0271, ""stain"": 0.0865, ""tear"": 0.1605}","{}","0","0","0","0","0","0","0","0","0","0","0","0","0","0","7cc50847743febfc8333e007c2fa1559b962f89d2e9f9e8a23c790ba8eed7639","1819162","png"
"1809","clean_near_000672","clean_near","672","image-149","1939.png","clean_near_000672.png","dataset_images/clean_near/clean_near_000672.png","f1630b367405ee6a340f817875914367220046047859c58872cdc3157f8cbbc6","1517","1140","other","RGB","existing_damage","train","real_damaged","托马斯·查尔德中国摄影集（Lothar Lehmann 藏）","","","","","0","texture_catalog_match_v1+source_attribute_v1","","{""crack"": 0.0141, ""dust"": 0.0278, ""fold"": 0.1014, ""missing_region"": 0.0703, ""mold"": 0.1124, ""scratch"": 0.0301, ""stain"": 0.1383, ""tear"": 0.1145}","{}","0","0","0","0","0","0","0","0","0","0","0","0","0","0","f1630b367405ee6a340f817875914367220046047859c58872cdc3157f8cbbc6","2860340","png"
"1810","clean_near_000673","clean_near","673","image-150","1940.png","clean_near_000673.png","dataset_images/clean_near/clean_near_000673.png","13dc46c0ebc71b7674cf4a09486e72cd8d56e9309fa5479a6ab66662b96a7d11","1421","1156","architecture","RGB","existing_damage","train","real_damaged","托马斯·查尔德中国摄影集（Lothar Lehmann 藏）","","","","","0","texture_catalog_match_v1+source_attribute_v1","","{""crack"": 0.0289, ""dust"": 0.0316, ""fold"": 0.0807, ""missing_region"": 0.0419, ""mold"": 0.0773, ""scratch"": 0.0314, ""stain"": 0.1118, ""tear"": 0.0768}","{}","0","0","0","0","0","0","0","0","0","0","0","0","0","0","13dc46c0ebc71b7674cf4a09486e72cd8d56e9309fa5479a6ab66662b96a7d11","1680021","png"
"1811","clean_near_000674","clean_near","674","image-151","1941.png","clean_near_000674.png","dataset_images/clean_near/clean_near_000674.png","b546870b3e83bbfa4b52047119c3160f17771c248c657f07fd159e0940305371","1489","1157","architecture","RGB","existing_damage","train","real_damaged","托马斯·查尔德中国摄影集（Lothar Lehmann 藏）","","","","","0","texture_catalog_match_v1+source_attribute_v1","","{""crack"": 0.0114, ""dust"": 0.0209, ""fold"": 0.0681, ""missing_region"": 0.0661, ""mold"": 0.0762, ""scratch"": 0.0218, ""stain"": 0.058, ""tear"": 0.0671}","{}","0","0","0","0","0","0","0","0","0","0","0","0","0","0","b546870b3e83bbfa4b52047119c3160f17771c248c657f07fd159e0940305371","2498450","png"
"1812","clean_near_000675","clean_near","675","image-152","1942.png","clean_near_000675.png","dataset_images/clean_near/clean_near_000675.png","467413129114de9b2ec462bd8591ddd3fa2ed06d299b0b54261ff381f8b84d5f","1471","1138","outdoor_scene","RGB","existing_damage","train","real_damaged","托马斯·查尔德中国摄影集（Lothar Lehmann 藏）","","","","","0","texture_catalog_match_v1+source_attribute_v1","","{""crack"": 0.0252, ""dust"": 0.0285, ""fold"": 0.0513, ""missing_region"": 0.0389, ""mold"": 0.0823, ""scratch"": 0.0272, ""stain"": 0.0955, ""tear"": 0.0528}","{}","0","0","0","0","0","0","0","0","0","0","0","0","0","0","467413129114de9b2ec462bd8591ddd3fa2ed06d299b0b54261ff381f8b84d5f","1943671","png"
"1813","clean_near_000676","clean_near","676","image-153","1943.png","clean_near_000676.png","dataset_images/clean_near/clean_near_000676.png","e6f0ca8055c87334ed19dcf98266930fb8e9fdc38748619b1d05178cda4b2f22","1078","1525","other","RGB","existing_damage","train","real_damaged","托马斯·查尔德中国摄影集（Lothar Lehmann 藏）","","","","","0","texture_catalog_match_v1+source_attribute_v1","","{""crack"": 0.0109, ""dust"": 0.027, ""fold"": 0.0525, ""missing_region"": 0.0319, ""mold"": 0.0926, ""scratch"": 0.0309, ""stain"": 0.1053, ""tear"": 0.0462}","{}","0","0","0","0","0","0","0","0","0","0","0","0","0","0","e6f0ca8055c87334ed19dcf98266930fb8e9fdc38748619b1d05178cda4b2f22","1833069","png"
"1814","clean_near_000677","clean_near","677","image-154","1944.png","clean_near_000677.png","dataset_images/clean_near/clean_near_000677.png","7c092784dfbba925c1036e843aa595705cf19462891f192e610d8508a0757085","1487","1142","outdoor_scene","RGB","existing_damage","train","real_damaged","托马斯·查尔德中国摄影集（Lothar Lehmann 藏）","","","","","0","texture_catalog_match_v1+source_attribute_v1","","{""crack"": 0.0217, ""dust"": 0.029, ""fold"": 0.0794, ""missing_region"": 0.0514, ""mold"": 0.0902, ""scratch"": 0.0295, ""stain"": 0.0958, ""tear"": 0.0753}","{}","0","0","0","0","0","0","0","0","0","0","0","0","0","0","7c092784dfbba925c1036e843aa595705cf19462891f192e610d8508a0757085","1824647","png"
"1815","clean_near_000678","clean_near","678","image-155","1945.png","clean_near_000678.png","dataset_images/clean_near/clean_near_000678.png","b2f7949c5a6b656e5dcbc699d782a6387ec3f5650e3c6a30cd4c5d7f1b67c68f","1139","1485","architecture","RGB","existing_damage","train","real_damaged","托马斯·查尔德中国摄影集（Lothar Lehmann 藏）","","","","","0","texture_catalog_match_v1+source_attribute_v1","","{""crack"": 0.0092, ""dust"": 0.0245, ""fold"": 0.1367, ""missing_region"": 0.0514, ""mold"": 0.1254, ""scratch"": 0.0277, ""stain"": 0.1327, ""tear"": 0.1175}","{}","0","0","0","0","0","0","0","0","0","0","0","0","0","0","b2f7949c5a6b656e5dcbc699d782a6387ec3f5650e3c6a30cd4c5d7f1b67c68f","2641836","png"
"1816","clean_near_000679","clean_near","679","image-156","1946.png","clean_near_000679.png","dataset_images/clean_near/clean_near_000679.png","48ccbd508444d0d408047a8819a69a2c4562268cd3d67061c391035842650081","1495","1181","architecture","RGB","existing_damage","train","real_damaged","托马斯·查尔德中国摄影集（Lothar Lehmann 藏）","","","","","0","texture_catalog_match_v1+source_attribute_v1","","{""crack"": 0.0145, ""dust"": 0.0282, ""fold"": 0.0727, ""missing_region"": 0.0311, ""mold"": 0.0899, ""scratch"": 0.0244, ""stain"": 0.0901, ""tear"": 0.0565}","{}","0","0","0","0","0","0","0","0","0","0","0","0","0","0","48ccbd508444d0d408047a8819a69a2c4562268cd3d67061c391035842650081","2118122","png"
"1817","clean_near_000680","clean_near","680","image-157","1947.png","clean_near_000680.png","dataset_images/clean_near/clean_near_000680.png","1ae3697bab022f3f916d895ff30bc6747f6f8b224d8634956fc514d6079196a1","1489","1168","architecture","RGB","existing_damage","train","real_damaged","托马斯·查尔德中国摄影集（Lothar Lehmann 藏）","","","","","0","texture_catalog_match_v1+source_attribute_v1","","{""crack"": 0.0139, ""dust"": 0.0208, ""fold"": 0.0528, ""missing_region"": 0.0219, ""mold"": 0.0389, ""scratch"": 0.0217, ""stain"": 0.0519, ""tear"": 0.0797}","{}","0","0","0","0","0","0","0","0","0","0","0","0","0","0","1ae3697bab022f3f916d895ff30bc6747f6f8b224d8634956fc514d6079196a1","2009902","png"
"1818","clean_near_000681","clean_near","681","image-158","1948.png","clean_near_000681.png","dataset_images/clean_near/clean_near_000681.png","7fa321a3a09f9a9360d3a14f1aa72926e18424702dc03e582dddabc568b1dca9","1190","1473","single_portrait","RGB","existing_damage","train","real_damaged","托马斯·查尔德中国摄影集（Lothar Lehmann 藏）","","","","","0","texture_catalog_match_v1+source_attribute_v1","","{""crack"": 0.0146, ""dust"": 0.0232, ""fold"": 0.0469, ""missing_region"": 0.035, ""mold"": 0.0581, ""scratch"": 0.0204, ""stain"": 0.0482, ""tear"": 0.0621}","{}","0","0","0","0","0","0","0","0","0","0","0","0","0","0","7fa321a3a09f9a9360d3a14f1aa72926e18424702dc03e582dddabc568b1dca9","1636414","png"
"1820","clean_near_000682","clean_near","682","image-160","1950.png","clean_near_000682.png","dataset_images/clean_near/clean_near_000682.png","e59f76f70b906aa49f9105c7928ed4c0197a9aff41869ced94182b7d9b5809f3","1486","1158","outdoor_scene","RGB","existing_damage","train","real_damaged","托马斯·查尔德中国摄影集（Lothar Lehmann 藏）","","","","","0","texture_catalog_match_v1+source_attribute_v1","","{""crack"": 0.0275, ""dust"": 0.0293, ""fold"": 0.0623, ""missing_region"": 0.0273, ""mold"": 0.0636, ""scratch"": 0.0282, ""stain"": 0.0557, ""tear"": 0.1068}","{}","0","0","0","0","0","0","0","0","0","0","0","0","0","0","e59f76f70b906aa49f9105c7928ed4c0197a9aff41869ced94182b7d9b5809f3","2285338","png"
"1821","clean_near_000683","clean_near","683","image-161","1951.png","clean_near_000683.png","dataset_images/clean_near/clean_near_000683.png","c1becf47a14950197ba05e130717e7f4cc4ffeab0d928e7089af639068abf905","1467","1182","architecture","RGB","existing_damage","train","real_damaged","托马斯·查尔德中国摄影集（Lothar Lehmann 藏）","","","","","0","texture_catalog_match_v1+source_attribute_v1","","{""crack"": 0.0168, ""dust"": 0.029, ""fold"": 0.0928, ""missing_region"": 0.0659, ""mold"": 0.0873, ""scratch"": 0.0283, ""stain"": 0.1026, ""tear"": 0.0959}","{}","0","0","0","0","0","0","0","0","0","0","0","0","0","0","c1becf47a14950197ba05e130717e7f4cc4ffeab0d928e7089af639068abf905","2353372","png"
"1822","clean_near_000684","clean_near","684","image-162","1952.png","clean_near_000684.png","dataset_images/clean_near/clean_near_000684.png","07d66d0bebecd9515a01804cbfa22cfce6a1c03a3f3dcff0e33aff44c525eca8","1485","1146","outdoor_scene","RGB","existing_damage","train","real_damaged","托马斯·查尔德中国摄影集（Lothar Lehmann 藏）","","","","","0","texture_catalog_match_v1+source_attribute_v1","","{""crack"": 0.0242, ""dust"": 0.0323, ""fold"": 0.0792, ""missing_region"": 0.034, ""mold"": 0.0889, ""scratch"": 0.026, ""stain"": 0.1228, ""tear"": 0.1023}","{}","0","0","0","0","0","0","0","0","0","0","0","0","0","0","07d66d0bebecd9515a01804cbfa22cfce6a1c03a3f3dcff0e33aff44c525eca8","1567142","png"
"1823","clean_near_000685","clean_near","685","image-163","1953.png","clean_near_000685.png","dataset_images/clean_near/clean_near_000685.png","f3f45c053f393c52b393ca64c45c4381af4c1e5e68efb45b8938357b57c441d6","1367","1133","architecture","RGB","existing_damage","train","real_damaged","托马斯·查尔德中国摄影集（Lothar Lehmann 藏）","","","","","0","texture_catalog_match_v1+source_attribute_v1","","{""crack"": 0.0294, ""dust"": 0.0313, ""fold"": 0.095, ""missing_region"": 0.05, ""mold"": 0.1457, ""scratch"": 0.0333, ""stain"": 0.0739, ""tear"": 0.0728}","{}","0","0","0","0","0","0","0","0","0","0","0","0","0","0","f3f45c053f393c52b393ca64c45c4381af4c1e5e68efb45b8938357b57c441d6","1511515","png"
"1825","clean_near_000686","clean_near","686","image-165","1955.png","clean_near_000686.png","dataset_images/clean_near/clean_near_000686.png","5de7a944f7fe1e1e60eee26cfae63c8caa5ef3d6b5bdf617080113caf212455a","1457","1125","indoor_scene","RGB","existing_damage","validation","real_damaged","托马斯·查尔德中国摄影集（Lothar Lehmann 藏）","","","","","0","texture_catalog_match_v1+source_attribute_v1","","{""crack"": 0.0187, ""dust"": 0.0378, ""fold"": 0.1216, ""missing_region"": 0.0802, ""mold"": 0.0931, ""scratch"": 0.0368, ""stain"": 0.1193, ""tear"": 0.0875}","{}","0","0","0","0","0","0","0","0","0","0","0","0","0","0","5de7a944f7fe1e1e60eee26cfae63c8caa5ef3d6b5bdf617080113caf212455a","1996154","png"
"1826","clean_near_000687","clean_near","687","image-166","1956.png","clean_near_000687.png","dataset_images/clean_near/clean_near_000687.png","9fcf0fe3d74392fe8d06dd437988ae271a2fea6d0902d8e0c234f804f5c698b8","1166","1491","architecture","RGB","existing_damage","train","real_damaged","托马斯·查尔德中国摄影集（Lothar Lehmann 藏）","","","","","0","texture_catalog_match_v1+source_attribute_v1","","{""crack"": 0.0148, ""dust"": 0.0333, ""fold"": 0.0784, ""missing_region"": 0.0439, ""mold"": 0.0852, ""scratch"": 0.0265, ""stain"": 0.0992, ""tear"": 0.0963}","{}","0","0","0","0","0","0","0","0","0","0","0","0","0","0","9fcf0fe3d74392fe8d06dd437988ae271a2fea6d0902d8e0c234f804f5c698b8","2164262","png"
"1827","clean_near_000688","clean_near","688","image-167","1957.png","clean_near_000688.png","dataset_images/clean_near/clean_near_000688.png","2d7c37c22457dc2daa803a3c5f14841df0a97d400aafb201dca7c418720f1e79","1482","1151","outdoor_scene","RGB","existing_damage","train","real_damaged","托马斯·查尔德中国摄影集（Lothar Lehmann 藏）","","","","","0","texture_catalog_match_v1+source_attribute_v1","","{""crack"": 0.0161, ""dust"": 0.0273, ""fold"": 0.095, ""missing_region"": 0.036, ""mold"": 0.0748, ""scratch"": 0.0286, ""stain"": 0.0864, ""tear"": 0.0805}","{}","0","0","0","0","0","0","0","0","0","0","0","0","0","0","2d7c37c22457dc2daa803a3c5f14841df0a97d400aafb201dca7c418720f1e79","1782382","png"
"1830","clean_near_000689","clean_near","689","image-170","1960.png","clean_near_000689.png","dataset_images/clean_near/clean_near_000689.png","78f5d1f3b78f9f06fcd7bbc2585c4cbacb726c6136d015ca23431a3348a02ac2","1480","1170","outdoor_scene","RGB","existing_damage","train","real_damaged","托马斯·查尔德中国摄影集（Lothar Lehmann 藏）","","","","","0","texture_catalog_match_v1+source_attribute_v1","","{""crack"": 0.0237, ""dust"": 0.0367, ""fold"": 0.0924, ""missing_region"": 0.0475, ""mold"": 0.0824, ""scratch"": 0.03, ""stain"": 0.1029, ""tear"": 0.1018}","{}","0","0","0","0","0","0","0","0","0","0","0","0","0","0","78f5d1f3b78f9f06fcd7bbc2585c4cbacb726c6136d015ca23431a3348a02ac2","2139630","png"
"1833","clean_near_000690","clean_near","690","image-173","1963.png","clean_near_000690.png","dataset_images/clean_near/clean_near_000690.png","331a3ec39ce14d47d4f34a4b3a745112fdfd4bd0cf2c22358cf4904f3b135f37","1451","1038","group_portrait","RGB","existing_damage","train","real_damaged","托马斯·查尔德中国摄影集（Lothar Lehmann 藏）","","","","","0","texture_catalog_match_v1+source_attribute_v1","","{""crack"": 0.0161, ""dust"": 0.031, ""fold"": 0.0682, ""missing_region"": 0.0691, ""mold"": 0.0589, ""scratch"": 0.0273, ""stain"": 0.1238, ""tear"": 0.0943}","{}","0","0","0","0","0","0","0","0","0","0","0","0","0","0","331a3ec39ce14d47d4f34a4b3a745112fdfd4bd0cf2c22358cf4904f3b135f37","1805671","png"
"1835","clean_near_000691","clean_near","691","image-175","1965.png","clean_near_000691.png","dataset_images/clean_near/clean_near_000691.png","5019faba096bc5a2f2dce8d1b4281615b01a5ee3b8aa06fc206f25ae827421f6","982","1287","other","RGB","existing_damage","train","real_damaged","托马斯·查尔德中国摄影集（Lothar Lehmann 藏）","","","","","0","texture_catalog_match_v1+source_attribute_v1","","{""crack"": 0.0244, ""dust"": 0.0256, ""fold"": 0.074, ""missing_region"": 0.0273, ""mold"": 0.0354, ""scratch"": 0.0224, ""stain"": 0.056, ""tear"": 0.0827}","{}","0","0","0","0","0","0","0","0","0","0","0","0","0","0","5019faba096bc5a2f2dce8d1b4281615b01a5ee3b8aa06fc206f25ae827421f6","1550609","png"
"1836","clean_near_000692","clean_near","692","image-176","1966.png","clean_near_000692.png","dataset_images/clean_near/clean_near_000692.png","d2e577cd27d734a8df8b6f8aa62952e355c7688b995b27189af39018094053f2","1487","1152","architecture","RGB","existing_damage","train","real_damaged","托马斯·查尔德中国摄影集（Lothar Lehmann 藏）","","","","","0","texture_catalog_match_v1+source_attribute_v1","","{""crack"": 0.0192, ""dust"": 0.0375, ""fold"": 0.0903, ""missing_region"": 0.0638, ""mold"": 0.1467, ""scratch"": 0.0322, ""stain"": 0.1194, ""tear"": 0.1047}","{}","0","0","0","0","0","0","0","0","0","0","0","0","0","0","d2e577cd27d734a8df8b6f8aa62952e355c7688b995b27189af39018094053f2","2686134","png"
"1839","clean_near_000693","clean_near","693","image-179","1969.png","clean_near_000693.png","dataset_images/clean_near/clean_near_000693.png","c26c7c953d664e0c72a779ac17dc294e713836d2627c283cdcc6ce50e3905e56","1160","1485","outdoor_scene","RGB","existing_damage","train","real_damaged","托马斯·查尔德中国摄影集（Lothar Lehmann 藏）","","","","","0","texture_catalog_match_v1+source_attribute_v1","","{""crack"": 0.0136, ""dust"": 0.028, ""fold"": 0.0711, ""missing_region"": 0.0602, ""mold"": 0.1471, ""scratch"": 0.0297, ""stain"": 0.0881, ""tear"": 0.1332}","{}","0","0","0","0","0","0","0","0","0","0","0","0","0","0","c26c7c953d664e0c72a779ac17dc294e713836d2627c283cdcc6ce50e3905e56","2680097","png"
"1840","clean_near_000694","clean_near","694","image-180","1970.png","clean_near_000694.png","dataset_images/clean_near/clean_near_000694.png","c68cc32e410b266f3397fe0f063fbb2b8e7fbaa31e2e85119fbc77c1f7c706e8","1283","954","group_portrait","RGB","existing_damage","test","real_damaged","托马斯·查尔德中国摄影集（Lothar Lehmann 藏）","","","","","0","texture_catalog_match_v1+source_attribute_v1","","{""crack"": 0.0051, ""dust"": 0.0176, ""fold"": 0.0549, ""missing_region"": 0.0756, ""mold"": 0.0872, ""scratch"": 0.0217, ""stain"": 0.1035, ""tear"": 0.1169}","{}","0","0","0","0","0","0","0","0","0","0","0","0","0","0","c68cc32e410b266f3397fe0f063fbb2b8e7fbaa31e2e85119fbc77c1f7c706e8","1924101","png"
"1841","clean_near_000695","clean_near","695","image-181","1971.png","clean_near_000695.png","dataset_images/clean_near/clean_near_000695.png","d9e5c19a0f90c96891c3b4da644d36b4ce1dec3976866f4232b66308e9dfbab3","1490","1172","outdoor_scene","RGB","existing_damage","train","real_damaged","托马斯·查尔德中国摄影集（Lothar Lehmann 藏）","","","","","0","texture_catalog_match_v1+source_attribute_v1","","{""crack"": 0.0192, ""dust"": 0.0187, ""fold"": 0.0478, ""missing_region"": 0.0372, ""mold"": 0.0533, ""scratch"": 0.0214, ""stain"": 0.0528, ""tear"": 0.0914}","{}","0","0","0","0","0","0","0","0","0","0","0","0","0","0","d9e5c19a0f90c96891c3b4da644d36b4ce1dec3976866f4232b66308e9dfbab3","2274724","png"
"1842","clean_near_000696","clean_near","696","image-182","1972.png","clean_near_000696.png","dataset_images/clean_near/clean_near_000696.png","6b0ba94f452b2b13b0ef678cfed97daeefed640b9505ba80def7d44e467d6296","1313","967","group_portrait","RGB","existing_damage","train","real_damaged","托马斯·查尔德中国摄影集（Lothar Lehmann 藏）","","","","","0","texture_catalog_match_v1+source_attribute_v1","","{""crack"": 0.0145, ""dust"": 0.0224, ""fold"": 0.0591, ""missing_region"": 0.0652, ""mold"": 0.0816, ""scratch"": 0.0251, ""stain"": 0.0764, ""tear"": 0.0724}","{}","0","0","0","0","0","0","0","0","0","0","0","0","0","0","6b0ba94f452b2b13b0ef678cfed97daeefed640b9505ba80def7d44e467d6296","1402445","png"
"1843","clean_near_000697","clean_near","697","image-183","1973.png","clean_near_000697.png","dataset_images/clean_near/clean_near_000697.png","845cfa5cf9385a83e6c1a6efbcbace88f99607188c4f47677cf1b97f68abb3db","1518","1168","architecture","RGB","existing_damage","train","real_damaged","托马斯·查尔德中国摄影集（Lothar Lehmann 藏）","","","","","0","texture_catalog_match_v1+source_attribute_v1","","{""crack"": 0.0239, ""dust"": 0.0262, ""fold"": 0.078, ""missing_region"": 0.0701, ""mold"": 0.0803, ""scratch"": 0.0275, ""stain"": 0.1061, ""tear"": 0.1001}","{}","0","0","0","0","0","0","0","0","0","0","0","0","0","0","845cfa5cf9385a83e6c1a6efbcbace88f99607188c4f47677cf1b97f68abb3db","2096413","png"
"1846","clean_near_000698","clean_near","698","image-186","1976.png","clean_near_000698.png","dataset_images/clean_near/clean_near_000698.png","7979be0ce6d8f6a032864a6c1896d2b46adc1e4c7867a34b84a75c0a1fda4dcb","1475","1161","outdoor_scene","RGB","existing_damage","train","real_damaged","托马斯·查尔德中国摄影集（Lothar Lehmann 藏）","","","","","0","texture_catalog_match_v1+source_attribute_v1","","{""crack"": 0.0277, ""dust"": 0.0336, ""fold"": 0.0627, ""missing_region"": 0.0371, ""mold"": 0.0721, ""scratch"": 0.0269, ""stain"": 0.0787, ""tear"": 0.0942}","{}","0","0","0","0","0","0","0","0","0","0","0","0","0","0","7979be0ce6d8f6a032864a6c1896d2b46adc1e4c7867a34b84a75c0a1fda4dcb","2066938","png"
"1847","clean_near_000699","clean_near","699","image-187","1977.png","clean_near_000699.png","dataset_images/clean_near/clean_near_000699.png","4e95c96f014ecf8f5e2df5bbb10d074cb3f9b9dcef81f12792881eb474342601","1483","1168","architecture","RGB","existing_damage","train","real_damaged","托马斯·查尔德中国摄影集（Lothar Lehmann 藏）","","","","","0","texture_catalog_match_v1+source_attribute_v1","","{""crack"": 0.0284, ""dust"": 0.0307, ""fold"": 0.0881, ""missing_region"": 0.0493, ""mold"": 0.0872, ""scratch"": 0.0302, ""stain"": 0.1129, ""tear"": 0.0909}","{}","0","0","0","0","0","0","0","0","0","0","0","0","0","0","4e95c96f014ecf8f5e2df5bbb10d074cb3f9b9dcef81f12792881eb474342601","1941954","png"
"1848","clean_near_000700","clean_near","700","image-188","1978.png","clean_near_000700.png","dataset_images/clean_near/clean_near_000700.png","17f0d10e7be9b99679a62f1a4885598e3807e96a6c72f8dfccb46e0777baf5f9","1502","1113","outdoor_scene","RGB","existing_damage","train","real_damaged","托马斯·查尔德中国摄影集（Lothar Lehmann 藏）","","","","","0","texture_catalog_match_v1+source_attribute_v1","","{""crack"": 0.0204, ""dust"": 0.0362, ""fold"": 0.1055, ""missing_region"": 0.0583, ""mold"": 0.0995, ""scratch"": 0.0342, ""stain"": 0.1393, ""tear"": 0.1027}","{}","0","0","0","0","0","0","0","0","0","0","0","0","0","0","17f0d10e7be9b99679a62f1a4885598e3807e96a6c72f8dfccb46e0777baf5f9","2197727","png"
"1849","clean_near_000701","clean_near","701","image-189","1979.png","clean_near_000701.png","dataset_images/clean_near/clean_near_000701.png","118b573e45bb3044d735d4a1a0f544e04c8cf512832ac2bb2c38dd4b712f5200","1523","1160","outdoor_scene","RGB","existing_damage","train","real_damaged","托马斯·查尔德中国摄影集（Lothar Lehmann 藏）","","","","","0","texture_catalog_match_v1+source_attribute_v1","","{""crack"": 0.0253, ""dust"": 0.0355, ""fold"": 0.0713, ""missing_region"": 0.0435, ""mold"": 0.1001, ""scratch"": 0.0293, ""stain"": 0.0742, ""tear"": 0.1137}","{}","0","0","0","0","0","0","0","0","0","0","0","0","0","0","118b573e45bb3044d735d4a1a0f544e04c8cf512832ac2bb2c38dd4b712f5200","1998396","png"
"1850","clean_near_000702","clean_near","702","image-190","1980.png","clean_near_000702.png","dataset_images/clean_near/clean_near_000702.png","747071f8c2f2f75ae1b2b753f6c1ec0453bc823dcdcfbb69929a5a401e3bc345","1483","1161","architecture","RGB","existing_damage","train","real_damaged","托马斯·查尔德中国摄影集（Lothar Lehmann 藏）","","","","","0","texture_catalog_match_v1+source_attribute_v1","","{""crack"": 0.0046, ""dust"": 0.0236, ""fold"": 0.0932, ""missing_region"": 0.0737, ""mold"": 0.079, ""scratch"": 0.0275, ""stain"": 0.0947, ""tear"": 0.1007}","{}","0","0","0","0","0","0","0","0","0","0","0","0","0","0","747071f8c2f2f75ae1b2b753f6c1ec0453bc823dcdcfbb69929a5a401e3bc345","2807217","png"
"1853","clean_near_000703","clean_near","703","image-193","1983.png","clean_near_000703.png","dataset_images/clean_near/clean_near_000703.png","3baa63a4ab6ce75ee0c85a94bbb49d30bf9e091e70197c948e49f99fbf3f30ce","1518","1085","architecture","RGB","existing_damage","train","real_damaged","托马斯·查尔德中国摄影集（Lothar Lehmann 藏）","","","","","0","texture_catalog_match_v1+source_attribute_v1","","{""crack"": 0.0304, ""dust"": 0.032, ""fold"": 0.0625, ""missing_region"": 0.0313, ""mold"": 0.0593, ""scratch"": 0.0316, ""stain"": 0.0558, ""tear"": 0.1491}","{}","0","0","0","0","0","0","0","0","0","0","0","0","0","0","3baa63a4ab6ce75ee0c85a94bbb49d30bf9e091e70197c948e49f99fbf3f30ce","1925647","png"
"1855","clean_near_000704","clean_near","704","image-195","1985.png","clean_near_000704.png","dataset_images/clean_near/clean_near_000704.png","df496dde9f9ebc142241338f0f1b03fdf9cd7e1e02a7a90e851c2a0de91ff672","1485","1186","outdoor_scene","RGB","existing_damage","train","real_damaged","托马斯·查尔德中国摄影集（Lothar Lehmann 藏）","","","","","0","texture_catalog_match_v1+source_attribute_v1","","{""crack"": 0.0097, ""dust"": 0.0242, ""fold"": 0.0402, ""missing_region"": 0.0336, ""mold"": 0.0467, ""scratch"": 0.02, ""stain"": 0.0824, ""tear"": 0.0665}","{}","0","0","0","0","0","0","0","0","0","0","0","0","0","0","df496dde9f9ebc142241338f0f1b03fdf9cd7e1e02a7a90e851c2a0de91ff672","2382078","png"
"1856","clean_near_000705","clean_near","705","image-196","1986.png","clean_near_000705.png","dataset_images/clean_near/clean_near_000705.png","d45c53eb2ac2a3c7680f675798f901a09ac37ca9ca671cb859f03762e9607f7d","1595","1239","outdoor_scene","RGB","existing_damage","train","real_damaged","托马斯·查尔德中国摄影集（Lothar Lehmann 藏）","","","","","0","texture_catalog_match_v1+source_attribute_v1","","{""crack"": 0.0259, ""dust"": 0.0277, ""fold"": 0.1121, ""missing_region"": 0.0525, ""mold"": 0.1112, ""scratch"": 0.0342, ""stain"": 0.1039, ""tear"": 0.0885}","{}","0","0","0","0","0","0","0","0","0","0","0","0","0","0","d45c53eb2ac2a3c7680f675798f901a09ac37ca9ca671cb859f03762e9607f7d","2413370","png"
"1858","clean_near_000706","clean_near","706","image-198","1988.png","clean_near_000706.png","dataset_images/clean_near/clean_near_000706.png","8840ab91a515fc774418c14bbf7f7e12b8e4a44937b4048487113230462e7df5","1503","1241","outdoor_scene","RGB","existing_damage","train","real_damaged","托马斯·查尔德中国摄影集（Lothar Lehmann 藏）","","","","","0","texture_catalog_match_v1+source_attribute_v1","","{""crack"": 0.0282, ""dust"": 0.0354, ""fold"": 0.0997, ""missing_region"": 0.0304, ""mold"": 0.0881, ""scratch"": 0.0332, ""stain"": 0.1095, ""tear"": 0.1181}","{}","0","0","0","0","0","0","0","0","0","0","0","0","0","0","8840ab91a515fc774418c14bbf7f7e12b8e4a44937b4048487113230462e7df5","2107106","png"
"1859","clean_near_000707","clean_near","707","image-199","1989.png","clean_near_000707.png","dataset_images/clean_near/clean_near_000707.png","d13c1c868ab468d9b94b0120a74b2b895430fdd2dda9d8b6999be92d65c8987b","1164","1409","architecture","RGB","existing_damage","train","real_damaged","托马斯·查尔德中国摄影集（Lothar Lehmann 藏）","","","","","0","texture_catalog_match_v1+source_attribute_v1","","{""crack"": 0.0199, ""dust"": 0.0215, ""fold"": 0.0466, ""missing_region"": 0.0248, ""mold"": 0.0494, ""scratch"": 0.0221, ""stain"": 0.0528, ""tear"": 0.0501}","{}","0","0","0","0","0","0","0","0","0","0","0","0","0","0","d13c1c868ab468d9b94b0120a74b2b895430fdd2dda9d8b6999be92d65c8987b","2117992","png"
"1860","clean_near_000708","clean_near","708","image-200","1990.png","clean_near_000708.png","dataset_images/clean_near/clean_near_000708.png","e57b1671b1d519284bb69075af73a717162e62cae444f4674602063ff689aa7e","1483","1130","outdoor_scene","RGB","existing_damage","train","real_damaged","托马斯·查尔德中国摄影集（Lothar Lehmann 藏）","","","","","0","texture_catalog_match_v1+source_attribute_v1","","{""crack"": 0.0178, ""dust"": 0.0218, ""fold"": 0.0583, ""missing_region"": 0.0419, ""mold"": 0.1073, ""scratch"": 0.0243, ""stain"": 0.1099, ""tear"": 0.0899}","{}","0","0","0","0","0","0","0","0","0","0","0","0","0","0","e57b1671b1d519284bb69075af73a717162e62cae444f4674602063ff689aa7e","1875721","png"
"1861","clean_near_000709","clean_near","709","image-201","1991.png","clean_near_000709.png","dataset_images/clean_near/clean_near_000709.png","e22018755ff18d0cf67bd676db69aaf98ca44fa5612bbe24f4d1c6d97177bbac","1375","1028","architecture","RGB","existing_damage","train","real_damaged","托马斯·查尔德中国摄影集（Lothar Lehmann 藏）","","","","","0","texture_catalog_match_v1+source_attribute_v1","","{""crack"": 0.0294, ""dust"": 0.0309, ""fold"": 0.0892, ""missing_region"": 0.0638, ""mold"": 0.0761, ""scratch"": 0.0295, ""stain"": 0.1003, ""tear"": 0.0717}","{}","0","0","0","0","0","0","0","0","0","0","0","0","0","0","e22018755ff18d0cf67bd676db69aaf98ca44fa5612bbe24f4d1c6d97177bbac","1546383","png"
"1862","clean_near_000710","clean_near","710","image-202","1992.png","clean_near_000710.png","dataset_images/clean_near/clean_near_000710.png","40a326865218b4f5911e7590ccfe52b564563c6892290ba1e10481ee25b4e7f8","1504","1088","outdoor_scene","RGB","existing_damage","train","real_damaged","托马斯·查尔德中国摄影集（Lothar Lehmann 藏）","","","","","0","texture_catalog_match_v1+source_attribute_v1","","{""crack"": 0.0115, ""dust"": 0.0283, ""fold"": 0.0912, ""missing_region"": 0.0642, ""mold"": 0.0827, ""scratch"": 0.0265, ""stain"": 0.1216, ""tear"": 0.0911}","{}","0","0","0","0","0","0","0","0","0","0","0","0","0","0","40a326865218b4f5911e7590ccfe52b564563c6892290ba1e10481ee25b4e7f8","2314008","png"
"1863","clean_near_000711","clean_near","711","image-203","1993.png","clean_near_000711.png","dataset_images/clean_near/clean_near_000711.png","96ecd648bf4cb89939f18fbf8407c4cdb74ede01b975bef111857d223de1a115","1516","1246","outdoor_scene","RGB","existing_damage","train","real_damaged","托马斯·查尔德中国摄影集（Lothar Lehmann 藏）","","","","","0","texture_catalog_match_v1+source_attribute_v1","","{""crack"": 0.0297, ""dust"": 0.0323, ""fold"": 0.096, ""missing_region"": 0.0454, ""mold"": 0.1021, ""scratch"": 0.0314, ""stain"": 0.0816, ""tear"": 0.1298}","{}","0","0","0","0","0","0","0","0","0","0","0","0","0","0","96ecd648bf4cb89939f18fbf8407c4cdb74ede01b975bef111857d223de1a115","2146999","png"
"1865","clean_near_000712","clean_near","712","image-205","1995.png","clean_near_000712.png","dataset_images/clean_near/clean_near_000712.png","7c0db711fed1d88f1445dcded2c302def0787b365ba00ed022465e08088161f0","1481","1167","architecture","RGB","existing_damage","train","real_damaged","托马斯·查尔德中国摄影集（Lothar Lehmann 藏）","","","","","0","texture_catalog_match_v1+source_attribute_v1","","{""crack"": 0.0222, ""dust"": 0.038, ""fold"": 0.1246, ""missing_region"": 0.0696, ""mold"": 0.1196, ""scratch"": 0.0371, ""stain"": 0.1318, ""tear"": 0.1415}","{}","0","0","0","0","0","0","0","0","0","0","0","0","0","0","7c0db711fed1d88f1445dcded2c302def0787b365ba00ed022465e08088161f0","2264468","png"
"1867","clean_near_000713","clean_near","713","image-207","1997.png","clean_near_000713.png","dataset_images/clean_near/clean_near_000713.png","1d67ed8342bb2bc125c9f8900ea7559c290dc316b79cdba4a181acdea4d9baa5","1508","1116","architecture","RGB","existing_damage","test","real_damaged","托马斯·查尔德中国摄影集（Lothar Lehmann 藏）","","","","","0","texture_catalog_match_v1+source_attribute_v1","","{""crack"": 0.0287, ""dust"": 0.0405, ""fold"": 0.1394, ""missing_region"": 0.046, ""mold"": 0.1384, ""scratch"": 0.0364, ""stain"": 0.1738, ""tear"": 0.0968}","{}","0","0","0","0","0","0","0","0","0","0","0","0","0","0","1d67ed8342bb2bc125c9f8900ea7559c290dc316b79cdba4a181acdea4d9baa5","2083041","png"
"1868","clean_near_000714","clean_near","714","image-208","1998.png","clean_near_000714.png","dataset_images/clean_near/clean_near_000714.png","df4450b93c5cc8b46e7a1b1cf67466377b22685f76292aae7b1a19f000e9689c","1219","1603","outdoor_scene","RGB","existing_damage","train","real_damaged","托马斯·查尔德中国摄影集（Lothar Lehmann 藏）","","","","","0","texture_catalog_match_v1+source_attribute_v1","","{""crack"": 0.0298, ""dust"": 0.0344, ""fold"": 0.0771, ""missing_region"": 0.0384, ""mold"": 0.1038, ""scratch"": 0.0367, ""stain"": 0.1417, ""tear"": 0.0942}","{}","0","0","0","0","0","0","0","0","0","0","0","0","0","0","df4450b93c5cc8b46e7a1b1cf67466377b22685f76292aae7b1a19f000e9689c","2311171","png"
"1869","clean_near_000715","clean_near","715","image-209","1999.png","clean_near_000715.png","dataset_images/clean_near/clean_near_000715.png","341d945eba0224980958e21bd115c58f380343c93b411229d81518f68f40b28e","1240","1594","outdoor_scene","RGB","existing_damage","train","real_damaged","托马斯·查尔德中国摄影集（Lothar Lehmann 藏）","","","","","0","texture_catalog_match_v1+source_attribute_v1","","{""crack"": 0.0304, ""dust"": 0.0349, ""fold"": 0.0655, ""missing_region"": 0.0326, ""mold"": 0.048, ""scratch"": 0.0296, ""stain"": 0.1005, ""tear"": 0.0901}","{}","0","0","0","0","0","0","0","0","0","0","0","0","0","0","341d945eba0224980958e21bd115c58f380343c93b411229d81518f68f40b28e","2539794","png"
"1872","clean_near_000716","clean_near","716","image-212","2002.png","clean_near_000716.png","dataset_images/clean_near/clean_near_000716.png","8da3b09cdf901a815d585d9d06333200a48b9621e6782d838062abfb698a5db9","1324","1082","outdoor_scene","RGB","existing_damage","train","real_damaged","托马斯·查尔德中国摄影集（Lothar Lehmann 藏）","","","","","0","texture_catalog_match_v1+source_attribute_v1","","{""crack"": 0.026, ""dust"": 0.0435, ""fold"": 0.1322, ""missing_region"": 0.0548, ""mold"": 0.1365, ""scratch"": 0.0414, ""stain"": 0.1771, ""tear"": 0.1244}","{}","0","0","0","0","0","0","0","0","0","0","0","0","0","0","8da3b09cdf901a815d585d9d06333200a48b9621e6782d838062abfb698a5db9","1623164","png"
"1875","clean_near_000717","clean_near","717","image-215","2005.png","clean_near_000717.png","dataset_images/clean_near/clean_near_000717.png","d80be779942b81d3864c7e4820eac4cc33f28302f9e113aae88f2cdb20855250","1459","1154","outdoor_scene","RGB","existing_damage","train","real_damaged","托马斯·查尔德中国摄影集（Lothar Lehmann 藏）","","","","","0","texture_catalog_match_v1+source_attribute_v1","","{""crack"": 0.0227, ""dust"": 0.0386, ""fold"": 0.1256, ""missing_region"": 0.0608, ""mold"": 0.152, ""scratch"": 0.0378, ""stain"": 0.153, ""tear"": 0.1112}","{}","0","0","0","0","0","0","0","0","0","0","0","0","0","0","d80be779942b81d3864c7e4820eac4cc33f28302f9e113aae88f2cdb20855250","2396281","png"
"1878","clean_near_000718","clean_near","718","image-218","2008.png","clean_near_000718.png","dataset_images/clean_near/clean_near_000718.png","64ad17f2e9ff4d9855f9e1b218a3608fdee61811a5e8d4f5249eedcd5489aa53","1489","1130","outdoor_scene","RGB","existing_damage","train","real_damaged","托马斯·查尔德中国摄影集（Lothar Lehmann 藏）","","","","","0","texture_catalog_match_v1+source_attribute_v1","","{""crack"": 0.0247, ""dust"": 0.0358, ""fold"": 0.1006, ""missing_region"": 0.0397, ""mold"": 0.1028, ""scratch"": 0.0322, ""stain"": 0.1264, ""tear"": 0.139}","{}","0","0","0","0","0","0","0","0","0","0","0","0","0","0","64ad17f2e9ff4d9855f9e1b218a3608fdee61811a5e8d4f5249eedcd5489aa53","1981076","png"
"1879","clean_near_000719","clean_near","719","image-219","2009.png","clean_near_000719.png","dataset_images/clean_near/clean_near_000719.png","a99d49292ff94f92f65d0e0e412d23b93dc297066523752dd935e5cafc00a68f","1014","1258","architecture","RGB","existing_damage","train","real_damaged","托马斯·查尔德中国摄影集（Lothar Lehmann 藏）","","","","","0","texture_catalog_match_v1+source_attribute_v1","","{""crack"": 0.0293, ""dust"": 0.0361, ""fold"": 0.0855, ""missing_region"": 0.049, ""mold"": 0.1118, ""scratch"": 0.0387, ""stain"": 0.1305, ""tear"": 0.0744}","{}","0","0","0","0","0","0","0","0","0","0","0","0","0","0","a99d49292ff94f92f65d0e0e412d23b93dc297066523752dd935e5cafc00a68f","1511629","png"
"1881","clean_near_000720","clean_near","720","image-221","2011.png","clean_near_000720.png","dataset_images/clean_near/clean_near_000720.png","a2706478ae6d043ae1fc7614986fe43d763b5467bdc447a630fdc5166ee783df","1475","1224","architecture","RGB","existing_damage","train","real_damaged","托马斯·查尔德中国摄影集（Lothar Lehmann 藏）","","","","","0","texture_catalog_match_v1+source_attribute_v1","","{""crack"": 0.0283, ""dust"": 0.031, ""fold"": 0.0922, ""missing_region"": 0.0423, ""mold"": 0.1089, ""scratch"": 0.0338, ""stain"": 0.1151, ""tear"": 0.0929}","{}","0","0","0","0","0","0","0","0","0","0","0","0","0","0","a2706478ae6d043ae1fc7614986fe43d763b5467bdc447a630fdc5166ee783df","2152018","png"
"1882","clean_near_000721","clean_near","721","image-222","2012.png","clean_near_000721.png","dataset_images/clean_near/clean_near_000721.png","8d279e900547aeb55240c18938b74ea13074559782fe5c12a90ddeca6c137357","1493","1151","architecture","RGB","existing_damage","train","real_damaged","托马斯·查尔德中国摄影集（Lothar Lehmann 藏）","","","","","0","texture_catalog_match_v1+source_attribute_v1","","{""crack"": 0.0185, ""dust"": 0.0196, ""fold"": 0.0505, ""missing_region"": 0.0743, ""mold"": 0.0834, ""scratch"": 0.0218, ""stain"": 0.0557, ""tear"": 0.1032}","{}","0","0","0","0","0","0","0","0","0","0","0","0","0","0","8d279e900547aeb55240c18938b74ea13074559782fe5c12a90ddeca6c137357","2696673","png"
"1883","clean_near_000722","clean_near","722","image-223","2013.png","clean_near_000722.png","dataset_images/clean_near/clean_near_000722.png","acdfd4e6da3aab6146c8542aa16b72e0f3fdf00de5d6ca609bb074f60111a3ac","1489","1182","architecture","RGB","existing_damage","train","real_damaged","托马斯·查尔德中国摄影集（Lothar Lehmann 藏）","","","","","0","texture_catalog_match_v1+source_attribute_v1","","{""crack"": 0.0181, ""dust"": 0.0256, ""fold"": 0.1074, ""missing_region"": 0.0349, ""mold"": 0.0824, ""scratch"": 0.0322, ""stain"": 0.112, ""tear"": 0.0657}","{}","0","0","0","0","0","0","0","0","0","0","0","0","0","0","acdfd4e6da3aab6146c8542aa16b72e0f3fdf00de5d6ca609bb074f60111a3ac","2594502","png"
"1884","clean_near_000723","clean_near","723","image-224","2014.png","clean_near_000723.png","dataset_images/clean_near/clean_near_000723.png","2962e3dd0fa991dc283c849477830d033466de593ce67bd5452c8a8aad851e97","1495","1147","indoor_scene","RGB","existing_damage","train","real_damaged","托马斯·查尔德中国摄影集（Lothar Lehmann 藏）","","","","","0","texture_catalog_match_v1+source_attribute_v1","","{""crack"": 0.0216, ""dust"": 0.0283, ""fold"": 0.0537, ""missing_region"": 0.0363, ""mold"": 0.0489, ""scratch"": 0.026, ""stain"": 0.0588, ""tear"": 0.0892}","{}","0","0","0","0","0","0","0","0","0","0","0","0","0","0","2962e3dd0fa991dc283c849477830d033466de593ce67bd5452c8a8aad851e97","2081433","png"
"1886","clean_near_000724","clean_near","724","image-226","2016.png","clean_near_000724.png","dataset_images/clean_near/clean_near_000724.png","d3fcdf1be6034e373e187ed1c44b4314f924019c103bd0b6d1a4a433f46ea53a","1372","971","architecture","RGB","existing_damage","train","real_damaged","托马斯·查尔德中国摄影集（Lothar Lehmann 藏）","","","","","0","texture_catalog_match_v1+source_attribute_v1","","{""crack"": 0.0234, ""dust"": 0.0363, ""fold"": 0.0704, ""missing_region"": 0.0444, ""mold"": 0.1435, ""scratch"": 0.0292, ""stain"": 0.148, ""tear"": 0.0685}","{}","0","0","0","0","0","0","0","0","0","0","0","0","0","0","d3fcdf1be6034e373e187ed1c44b4314f924019c103bd0b6d1a4a433f46ea53a","1601313","png"
"1888","clean_near_000725","clean_near","725","image-228","2018.png","clean_near_000725.png","dataset_images/clean_near/clean_near_000725.png","291aaa562fe181f95500f29f31c3e9f0e116eaa765cf2326a5049aceb4ef98e0","1238","1014","architecture","RGB","existing_damage","train","real_damaged","托马斯·查尔德中国摄影集（Lothar Lehmann 藏）","","","","","0","texture_catalog_match_v1+source_attribute_v1","","{""crack"": 0.0283, ""dust"": 0.038, ""fold"": 0.0742, ""missing_region"": 0.0551, ""mold"": 0.0881, ""scratch"": 0.0373, ""stain"": 0.1436, ""tear"": 0.1321}","{}","0","0","0","0","0","0","0","0","0","0","0","0","0","0","291aaa562fe181f95500f29f31c3e9f0e116eaa765cf2326a5049aceb4ef98e0","1361556","png"
"1889","clean_near_000726","clean_near","726","image-229","2019.png","clean_near_000726.png","dataset_images/clean_near/clean_near_000726.png","8b0dda24ed2450929ccaf291965ea620cbebcadfa170e030e58d5e9f87bee43b","1009","1277","outdoor_scene","RGB","existing_damage","train","real_damaged","托马斯·查尔德中国摄影集（Lothar Lehmann 藏）","","","","","0","texture_catalog_match_v1+source_attribute_v1","","{""crack"": 0.0075, ""dust"": 0.0153, ""fold"": 0.0554, ""missing_region"": 0.0193, ""mold"": 0.0309, ""scratch"": 0.0258, ""stain"": 0.0454, ""tear"": 0.0302}","{}","0","0","0","0","0","0","0","0","0","0","0","0","0","0","8b0dda24ed2450929ccaf291965ea620cbebcadfa170e030e58d5e9f87bee43b","1670437","png"
"1890","clean_near_000727","clean_near","727","image-230","2020.png","clean_near_000727.png","dataset_images/clean_near/clean_near_000727.png","9cc170823a5cc4683dca145bc81ae81f503fc7cca6c86692dc3965fb66d2a5ee","999","1275","outdoor_scene","RGB","existing_damage","validation","real_damaged","托马斯·查尔德中国摄影集（Lothar Lehmann 藏）","","","","","0","texture_catalog_match_v1+source_attribute_v1","","{""crack"": 0.0143, ""dust"": 0.0192, ""fold"": 0.0427, ""missing_region"": 0.0378, ""mold"": 0.0859, ""scratch"": 0.0208, ""stain"": 0.0585, ""tear"": 0.0522}","{}","0","0","0","0","0","0","0","0","0","0","0","0","0","0","9cc170823a5cc4683dca145bc81ae81f503fc7cca6c86692dc3965fb66d2a5ee","1597909","png"
"1891","clean_near_000728","clean_near","728","image-231","2021.png","clean_near_000728.png","dataset_images/clean_near/clean_near_000728.png","891083f1adc170e57e6e7021f99fc9eae5273a4b39a43e6d45b027028cfff560","1397","995","architecture","RGB","existing_damage","test","real_damaged","托马斯·查尔德中国摄影集（Lothar Lehmann 藏）","","","","","0","texture_catalog_match_v1+source_attribute_v1","","{""crack"": 0.0108, ""dust"": 0.0334, ""fold"": 0.1321, ""missing_region"": 0.0426, ""mold"": 0.0832, ""scratch"": 0.0305, ""stain"": 0.0961, ""tear"": 0.0975}","{}","0","0","0","0","0","0","0","0","0","0","0","0","0","0","891083f1adc170e57e6e7021f99fc9eae5273a4b39a43e6d45b027028cfff560","1898550","png"
"1892","clean_near_000729","clean_near","729","image-232","2022.png","clean_near_000729.png","dataset_images/clean_near/clean_near_000729.png","a930af62d738263e5f2b187628338777f1a7ef10673a2e5d586fcd94110b5743","1297","989","outdoor_scene","RGB","existing_damage","train","real_damaged","托马斯·查尔德中国摄影集（Lothar Lehmann 藏）","","","","","0","texture_catalog_match_v1+source_attribute_v1","","{""crack"": 0.0276, ""dust"": 0.0294, ""fold"": 0.0614, ""missing_region"": 0.0498, ""mold"": 0.0438, ""scratch"": 0.0329, ""stain"": 0.0659, ""tear"": 0.0722}","{}","0","0","0","0","0","0","0","0","0","0","0","0","0","0","a930af62d738263e5f2b187628338777f1a7ef10673a2e5d586fcd94110b5743","1550005","png"
"1893","clean_near_000730","clean_near","730","image-233","2023.png","clean_near_000730.png","dataset_images/clean_near/clean_near_000730.png","d239519921b7e4a7ac46e481cadbc7ff46eb6efbbff4999bb4864ddbb430ca71","1571","1162","outdoor_scene","RGB","existing_damage","train","real_damaged","托马斯·查尔德中国摄影集（Lothar Lehmann 藏）","","","","","0","texture_catalog_match_v1+source_attribute_v1","","{""crack"": 0.0236, ""dust"": 0.0315, ""fold"": 0.0839, ""missing_region"": 0.0391, ""mold"": 0.0865, ""scratch"": 0.0259, ""stain"": 0.1003, ""tear"": 0.1041}","{}","0","0","0","0","0","0","0","0","0","0","0","0","0","0","d239519921b7e4a7ac46e481cadbc7ff46eb6efbbff4999bb4864ddbb430ca71","2050322","png"
"1894","clean_near_000731","clean_near","731","image-234","2024.png","clean_near_000731.png","dataset_images/clean_near/clean_near_000731.png","42fa18394711794e0462114a55ec0839726be2d70137c602c892cb93879f537d","1114","1415","outdoor_scene","RGB","existing_damage","test","real_damaged","托马斯·查尔德中国摄影集（Lothar Lehmann 藏）","","","","","0","texture_catalog_match_v1+source_attribute_v1","","{""crack"": 0.0277, ""dust"": 0.0278, ""fold"": 0.0616, ""missing_region"": 0.0269, ""mold"": 0.0397, ""scratch"": 0.0276, ""stain"": 0.0479, ""tear"": 0.1252}","{}","0","0","0","0","0","0","0","0","0","0","0","0","0","0","42fa18394711794e0462114a55ec0839726be2d70137c602c892cb93879f537d","2031754","png"
"1895","clean_near_000732","clean_near","732","image-235","2025.png","clean_near_000732.png","dataset_images/clean_near/clean_near_000732.png","84725a2e9f8c8d385197cea0cb2a7a59a368419b3ee6ee34af25f27e9462d63f","1008","1245","outdoor_scene","RGB","existing_damage","train","real_damaged","托马斯·查尔德中国摄影集（Lothar Lehmann 藏）","","","","","0","texture_catalog_match_v1+source_attribute_v1","","{""crack"": 0.0127, ""dust"": 0.0182, ""fold"": 0.0783, ""missing_region"": 0.0266, ""mold"": 0.0669, ""scratch"": 0.0177, ""stain"": 0.0624, ""tear"": 0.1047}","{}","0","0","0","0","0","0","0","0","0","0","0","0","0","0","84725a2e9f8c8d385197cea0cb2a7a59a368419b3ee6ee34af25f27e9462d63f","1513364","png"
"1896","clean_near_000733","clean_near","733","image-236","2026.png","clean_near_000733.png","dataset_images/clean_near/clean_near_000733.png","e0662eae5feae6d966cec12d1de12782e57506bb7172d7a2f1d99981f32fd609","1251","1020","architecture","RGB","existing_damage","train","real_damaged","托马斯·查尔德中国摄影集（Lothar Lehmann 藏）","","","","","0","texture_catalog_match_v1+source_attribute_v1","","{""crack"": 0.0241, ""dust"": 0.0296, ""fold"": 0.054, ""missing_region"": 0.0374, ""mold"": 0.0707, ""scratch"": 0.0314, ""stain"": 0.0862, ""tear"": 0.1046}","{}","0","0","0","0","0","0","0","0","0","0","0","0","0","0","e0662eae5feae6d966cec12d1de12782e57506bb7172d7a2f1d99981f32fd609","1631054","png"
"1897","clean_near_000734","clean_near","734","image-237","2027.png","clean_near_000734.png","dataset_images/clean_near/clean_near_000734.png","e6caded051db76a2ebad41a1e7f8698f4060c61874ab110117cc8023f8876637","1231","1560","outdoor_scene","RGB","existing_damage","train","real_damaged","托马斯·查尔德中国摄影集（Lothar Lehmann 藏）","","","","","0","texture_catalog_match_v1+source_attribute_v1","","{""crack"": 0.0179, ""dust"": 0.0188, ""fold"": 0.0505, ""missing_region"": 0.0354, ""mold"": 0.0487, ""scratch"": 0.0224, ""stain"": 0.0514, ""tear"": 0.0555}","{}","0","0","0","0","0","0","0","0","0","0","0","0","0","0","e6caded051db76a2ebad41a1e7f8698f4060c61874ab110117cc8023f8876637","2339059","png"
"1898","clean_near_000735","clean_near","735","image-238","2028.png","clean_near_000735.png","dataset_images/clean_near/clean_near_000735.png","f230e23adc8fd178f0a7f78a30c1801b7b74dab486ea481867ac735d524e2a19","1036","1462","outdoor_scene","RGB","existing_damage","train","real_damaged","托马斯·查尔德中国摄影集（Lothar Lehmann 藏）","","","","","0","texture_catalog_match_v1+source_attribute_v1","","{""crack"": 0.0254, ""dust"": 0.026, ""fold"": 0.061, ""missing_region"": 0.0241, ""mold"": 0.0373, ""scratch"": 0.0255, ""stain"": 0.0505, ""tear"": 0.0913}","{}","0","0","0","0","0","0","0","0","0","0","0","0","0","0","f230e23adc8fd178f0a7f78a30c1801b7b74dab486ea481867ac735d524e2a19","1842989","png"
"1899","clean_near_000736","clean_near","736","image-239","2029.png","clean_near_000736.png","dataset_images/clean_near/clean_near_000736.png","3b253a40562fd93ce32bd1fcc9856817c5e0b99e663580a56c1965cae1d96851","1035","1311","outdoor_scene","RGB","existing_damage","train","real_damaged","托马斯·查尔德中国摄影集（Lothar Lehmann 藏）","","","","","0","texture_catalog_match_v1+source_attribute_v1","","{""crack"": 0.0048, ""dust"": 0.0211, ""fold"": 0.057, ""missing_region"": 0.0445, ""mold"": 0.0823, ""scratch"": 0.02, ""stain"": 0.0891, ""tear"": 0.0474}","{}","0","0","0","0","0","0","0","0","0","0","0","0","0","0","3b253a40562fd93ce32bd1fcc9856817c5e0b99e663580a56c1965cae1d96851","1866325","png"
"1900","clean_near_000737","clean_near","737","image-240","2030.png","clean_near_000737.png","dataset_images/clean_near/clean_near_000737.png","d84e8176db6a42e972baf21633d93eee5dba9b4837eb8cb9777a01953e2c72aa","1234","1556","architecture","RGB","existing_damage","train","real_damaged","托马斯·查尔德中国摄影集（Lothar Lehmann 藏）","","","","","0","texture_catalog_match_v1+source_attribute_v1","","{""crack"": 0.0299, ""dust"": 0.032, ""fold"": 0.0672, ""missing_region"": 0.0445, ""mold"": 0.0418, ""scratch"": 0.0307, ""stain"": 0.0578, ""tear"": 0.08}","{}","0","0","0","0","0","0","0","0","0","0","0","0","0","0","d84e8176db6a42e972baf21633d93eee5dba9b4837eb8cb9777a01953e2c72aa","2531432","png"
"1901","clean_near_000738","clean_near","738","image-241","2031.png","clean_near_000738.png","dataset_images/clean_near/clean_near_000738.png","c6ce4bb12792f41dc8566d9b878727fedd5a64e99fe4967b2572177004276c99","1595","1179","architecture","RGB","existing_damage","train","real_damaged","托马斯·查尔德中国摄影集（Lothar Lehmann 藏）","","","","","0","texture_catalog_match_v1+source_attribute_v1","","{""crack"": 0.0204, ""dust"": 0.0247, ""fold"": 0.0547, ""missing_region"": 0.0611, ""mold"": 0.1112, ""scratch"": 0.0209, ""stain"": 0.1488, ""tear"": 0.1118}","{}","0","0","0","0","0","0","0","0","0","0","0","0","0","0","c6ce4bb12792f41dc8566d9b878727fedd5a64e99fe4967b2572177004276c99","2493824","png"
"1903","clean_near_000739","clean_near","739","image-243","2033.png","clean_near_000739.png","dataset_images/clean_near/clean_near_000739.png","1b6aa3d8b6a1f30b5359e333f8583416fce60d722dbdf13fdab2722a99709586","1324","1020","outdoor_scene","RGB","existing_damage","train","real_damaged","托马斯·查尔德中国摄影集（Lothar Lehmann 藏）","","","","","0","texture_catalog_match_v1+source_attribute_v1","","{""crack"": 0.0157, ""dust"": 0.0254, ""fold"": 0.0889, ""missing_region"": 0.0516, ""mold"": 0.0559, ""scratch"": 0.0244, ""stain"": 0.0889, ""tear"": 0.0654}","{}","0","0","0","0","0","0","0","0","0","0","0","0","0","0","1b6aa3d8b6a1f30b5359e333f8583416fce60d722dbdf13fdab2722a99709586","1625552","png"
"1904","clean_near_000740","clean_near","740","image-244","2034.png","clean_near_000740.png","dataset_images/clean_near/clean_near_000740.png","f1d576fe92fdf8d2e2452cb576e0b8c20724b5a0795d163df6c5abde4e336600","1025","1269","outdoor_scene","RGB","existing_damage","train","real_damaged","托马斯·查尔德中国摄影集（Lothar Lehmann 藏）","","","","","0","texture_catalog_match_v1+source_attribute_v1","","{""crack"": 0.0197, ""dust"": 0.0356, ""fold"": 0.0797, ""missing_region"": 0.0407, ""mold"": 0.0922, ""scratch"": 0.0306, ""stain"": 0.0922, ""tear"": 0.109}","{}","0","0","0","0","0","0","0","0","0","0","0","0","0","0","f1d576fe92fdf8d2e2452cb576e0b8c20724b5a0795d163df6c5abde4e336600","1691957","png"
"1905","clean_near_000741","clean_near","741","image-245","2035.png","clean_near_000741.png","dataset_images/clean_near/clean_near_000741.png","556bc8316bdc0b04124db8ff3de85f8472ab0bd858a1045fe8777bf5ee43d639","998","1222","outdoor_scene","RGB","existing_damage","train","real_damaged","托马斯·查尔德中国摄影集（Lothar Lehmann 藏）","","","","","0","texture_catalog_match_v1+source_attribute_v1","","{""crack"": 0.0279, ""dust"": 0.0343, ""fold"": 0.1065, ""missing_region"": 0.0418, ""mold"": 0.1213, ""scratch"": 0.0331, ""stain"": 0.1491, ""tear"": 0.0703}","{}","0","0","0","0","0","0","0","0","0","0","0","0","0","0","556bc8316bdc0b04124db8ff3de85f8472ab0bd858a1045fe8777bf5ee43d639","1379852","png"
"1906","clean_near_000742","clean_near","742","image-246","2036.png","clean_near_000742.png","dataset_images/clean_near/clean_near_000742.png","ac7b64671548270a8e9c423acf57e96842b768f9ba18ca339c173179b0e15c10","1014","1311","outdoor_scene","RGB","existing_damage","train","real_damaged","托马斯·查尔德中国摄影集（Lothar Lehmann 藏）","","","","","0","texture_catalog_match_v1+source_attribute_v1","","{""crack"": 0.0215, ""dust"": 0.0218, ""fold"": 0.0671, ""missing_region"": 0.0291, ""mold"": 0.0468, ""scratch"": 0.024, ""stain"": 0.0726, ""tear"": 0.1169}","{}","0","0","0","0","0","0","0","0","0","0","0","0","0","0","ac7b64671548270a8e9c423acf57e96842b768f9ba18ca339c173179b0e15c10","1733909","png"
"1907","clean_near_000743","clean_near","743","image-247","2037.png","clean_near_000743.png","dataset_images/clean_near/clean_near_000743.png","8727a17485ddaf89fff4c74d27153181de7c13fae3ce48703b6eeff6a3f07777","1020","1352","architecture","RGB","existing_damage","train","real_damaged","托马斯·查尔德中国摄影集（Lothar Lehmann 藏）","","","","","0","texture_catalog_match_v1+source_attribute_v1","","{""crack"": 0.0213, ""dust"": 0.0426, ""fold"": 0.1357, ""missing_region"": 0.0487, ""mold"": 0.1044, ""scratch"": 0.0378, ""stain"": 0.1574, ""tear"": 0.1258}","{}","0","0","0","0","0","0","0","0","0","0","0","0","0","0","8727a17485ddaf89fff4c74d27153181de7c13fae3ce48703b6eeff6a3f07777","1727240","png"
"1908","clean_near_000744","clean_near","744","image-248","2038.png","clean_near_000744.png","dataset_images/clean_near/clean_near_000744.png","6aae5c02f8b4bad58cebf4497f67c28b475c658fd9614e77c5a904dbce77a24c","968","1318","outdoor_scene","RGB","existing_damage","train","real_damaged","托马斯·查尔德中国摄影集（Lothar Lehmann 藏）","","","","","0","texture_catalog_match_v1+source_attribute_v1","","{""crack"": 0.0118, ""dust"": 0.0191, ""fold"": 0.054, ""missing_region"": 0.0454, ""mold"": 0.0481, ""scratch"": 0.0209, ""stain"": 0.0594, ""tear"": 0.0864}","{}","0","0","0","0","0","0","0","0","0","0","0","0","0","0","6aae5c02f8b4bad58cebf4497f67c28b475c658fd9614e77c5a904dbce77a24c","1556689","png"
"1909","clean_near_000745","clean_near","745","image-249","2039.png","clean_near_000745.png","dataset_images/clean_near/clean_near_000745.png","89b1b655eec95b58ceff8b27b80fdc44cc98fc8b0c1ea72ddb8f105c64a2a567","1558","1174","outdoor_scene","RGB","existing_damage","train","real_damaged","托马斯·查尔德中国摄影集（Lothar Lehmann 藏）","","","","","0","texture_catalog_match_v1+source_attribute_v1","","{""crack"": 0.0206, ""dust"": 0.0249, ""fold"": 0.0582, ""missing_region"": 0.0441, ""mold"": 0.0716, ""scratch"": 0.0239, ""stain"": 0.1047, ""tear"": 0.0788}","{}","0","0","0","0","0","0","0","0","0","0","0","0","0","0","89b1b655eec95b58ceff8b27b80fdc44cc98fc8b0c1ea72ddb8f105c64a2a567","2268709","png"
"1911","clean_near_000746","clean_near","746","image-251","2041.png","clean_near_000746.png","dataset_images/clean_near/clean_near_000746.png","b0fe368beb8f29c074c05f4c6889006be75ec86b701a48be238bc48e30b90613","1613","1148","outdoor_scene","RGB","existing_damage","train","real_damaged","托马斯·查尔德中国摄影集（Lothar Lehmann 藏）","","","","","0","texture_catalog_match_v1+source_attribute_v1","","{""crack"": 0.0195, ""dust"": 0.0283, ""fold"": 0.0605, ""missing_region"": 0.0456, ""mold"": 0.0738, ""scratch"": 0.0216, ""stain"": 0.1036, ""tear"": 0.0903}","{}","0","0","0","0","0","0","0","0","0","0","0","0","0","0","b0fe368beb8f29c074c05f4c6889006be75ec86b701a48be238bc48e30b90613","2186633","png"
"1912","clean_near_000747","clean_near","747","image-252","2042.png","clean_near_000747.png","dataset_images/clean_near/clean_near_000747.png","129a54d788e6583619a7ef02e0fea40ea22aaf96993738f04399081592a92f8b","1022","1368","architecture","RGB","existing_damage","train","real_damaged","托马斯·查尔德中国摄影集（Lothar Lehmann 藏）","","","","","0","texture_catalog_match_v1+source_attribute_v1","","{""crack"": 0.016, ""dust"": 0.0327, ""fold"": 0.0745, ""missing_region"": 0.0333, ""mold"": 0.0876, ""scratch"": 0.0288, ""stain"": 0.1059, ""tear"": 0.0656}","{}","0","0","0","0","0","0","0","0","0","0","0","0","0","0","129a54d788e6583619a7ef02e0fea40ea22aaf96993738f04399081592a92f8b","1739799","png"
"1917","clean_near_000748","clean_near","748","image-257","2047.png","clean_near_000748.png","dataset_images/clean_near/clean_near_000748.png","9b211cc25840e96f8caf03061bd76a4762b3ee38157e21a187c40d2ebaf9e5df","1469","1138","architecture","RGB","existing_damage","train","real_damaged","托马斯·查尔德中国摄影集（Lothar Lehmann 藏）","","","","","0","texture_catalog_match_v1+source_attribute_v1","","{""crack"": 0.0164, ""dust"": 0.0304, ""fold"": 0.1058, ""missing_region"": 0.0669, ""mold"": 0.1104, ""scratch"": 0.0328, ""stain"": 0.1733, ""tear"": 0.121}","{}","0","0","0","0","0","0","0","0","0","0","0","0","0","0","9b211cc25840e96f8caf03061bd76a4762b3ee38157e21a187c40d2ebaf9e5df","2535713","png"
"1918","clean_near_000749","clean_near","749","image-258","2048.png","clean_near_000749.png","dataset_images/clean_near/clean_near_000749.png","2a52deed273736a3765c3d19d743d56b2c6c0530730be1aa2fa8d96310e49a73","1079","1337","architecture","RGB","existing_damage","test","real_damaged","托马斯·查尔德中国摄影集（Lothar Lehmann 藏）","","","","","0","texture_catalog_match_v1+source_attribute_v1","","{""crack"": 0.0137, ""dust"": 0.032, ""fold"": 0.1258, ""missing_region"": 0.0486, ""mold"": 0.1046, ""scratch"": 0.0306, ""stain"": 0.1152, ""tear"": 0.111}","{}","0","0","0","0","0","0","0","0","0","0","0","0","0","0","2a52deed273736a3765c3d19d743d56b2c6c0530730be1aa2fa8d96310e49a73","2120508","png"
"1919","clean_near_000750","clean_near","750","image-259","2049.png","clean_near_000750.png","dataset_images/clean_near/clean_near_000750.png","23bcce79cdcb573ffc0bf5e5ebe95de407dd9a04beb950f7519e705e63727d52","1477","1139","architecture","RGB","existing_damage","train","real_damaged","托马斯·查尔德中国摄影集（Lothar Lehmann 藏）","","","","","0","texture_catalog_match_v1+source_attribute_v1","","{""crack"": 0.0202, ""dust"": 0.0291, ""fold"": 0.0786, ""missing_region"": 0.0676, ""mold"": 0.1161, ""scratch"": 0.0352, ""stain"": 0.0963, ""tear"": 0.1022}","{}","0","0","0","0","0","0","0","0","0","0","0","0","0","0","23bcce79cdcb573ffc0bf5e5ebe95de407dd9a04beb950f7519e705e63727d52","2739608","png"
"1921","clean_near_000751","clean_near","751","image-261","2051.png","clean_near_000751.png","dataset_images/clean_near/clean_near_000751.png","466023394270790c7fc81d4db660055bad26b54340950c17ea0e618eddde02bd","1476","1151","architecture","RGB","existing_damage","train","real_damaged","托马斯·查尔德中国摄影集（Lothar Lehmann 藏）","","","","","0","texture_catalog_match_v1+source_attribute_v1","","{""crack"": 0.0217, ""dust"": 0.0248, ""fold"": 0.124, ""missing_region"": 0.034, ""mold"": 0.0674, ""scratch"": 0.0256, ""stain"": 0.0828, ""tear"": 0.1488}","{}","0","0","0","0","0","0","0","0","0","0","0","0","0","0","466023394270790c7fc81d4db660055bad26b54340950c17ea0e618eddde02bd","2227842","png"
"1923","clean_near_000752","clean_near","752","image-263","2053.png","clean_near_000752.png","dataset_images/clean_near/clean_near_000752.png","0afaaa5e3dd8ef60397a2136bbc88a6815ca38ec51b3d6a496739fb3e7ca92c9","1142","1380","single_portrait","RGB","existing_damage","train","real_damaged","托马斯·查尔德中国摄影集（Lothar Lehmann 藏）","","","","","0","texture_catalog_match_v1+source_attribute_v1","","{""crack"": 0.0194, ""dust"": 0.0357, ""fold"": 0.1143, ""missing_region"": 0.0656, ""mold"": 0.1462, ""scratch"": 0.0398, ""stain"": 0.1572, ""tear"": 0.0904}","{}","0","0","0","0","0","0","0","0","0","0","0","0","0","0","0afaaa5e3dd8ef60397a2136bbc88a6815ca38ec51b3d6a496739fb3e7ca92c9","1906787","png"
"1924","clean_near_000753","clean_near","753","image-264","2054.png","clean_near_000753.png","dataset_images/clean_near/clean_near_000753.png","f60a98efbb7d0a0973c3881e0d12f5d1590dae0eaee65c8f3647ca8fdcf9d9ef","1262","972","outdoor_scene","RGB","existing_damage","test","real_damaged","托马斯·查尔德中国摄影集（Lothar Lehmann 藏）","","","","","0","texture_catalog_match_v1+source_attribute_v1","","{""crack"": 0.0166, ""dust"": 0.0315, ""fold"": 0.0652, ""missing_region"": 0.0448, ""mold"": 0.0745, ""scratch"": 0.0252, ""stain"": 0.0822, ""tear"": 0.073}","{}","0","0","0","0","0","0","0","0","0","0","0","0","0","0","f60a98efbb7d0a0973c3881e0d12f5d1590dae0eaee65c8f3647ca8fdcf9d9ef","1654533","png"
"1925","clean_near_000754","clean_near","754","image-265","2055.png","clean_near_000754.png","dataset_images/clean_near/clean_near_000754.png","b798e6c937d35ba873ffc0201772323c0ab1f289b96c316763360f4fdd333559","1265","986","outdoor_scene","RGB","existing_damage","train","real_damaged","托马斯·查尔德中国摄影集（Lothar Lehmann 藏）","","","","","0","texture_catalog_match_v1+source_attribute_v1","","{""crack"": 0.0197, ""dust"": 0.0402, ""fold"": 0.1073, ""missing_region"": 0.044, ""mold"": 0.1225, ""scratch"": 0.0299, ""stain"": 0.1217, ""tear"": 0.104}","{}","0","0","0","0","0","0","0","0","0","0","0","0","0","0","b798e6c937d35ba873ffc0201772323c0ab1f289b96c316763360f4fdd333559","1501985","png"
"1930","clean_near_000755","clean_near","755","image-270","2060.png","clean_near_000755.png","dataset_images/clean_near/clean_near_000755.png","c6eea67dfe51cbf50c3dae73a06088364ef30fa2d5c90e364793549d0a0b7f61","1327","1014","architecture","RGB","existing_damage","test","real_damaged","托马斯·查尔德中国摄影集（Lothar Lehmann 藏）","","","","","0","texture_catalog_match_v1+source_attribute_v1","","{""crack"": 0.0107, ""dust"": 0.043, ""fold"": 0.1372, ""missing_region"": 0.0778, ""mold"": 0.1389, ""scratch"": 0.0345, ""stain"": 0.1343, ""tear"": 0.1358}","{}","0","0","0","0","0","0","0","0","0","0","0","0","0","0","c6eea67dfe51cbf50c3dae73a06088364ef30fa2d5c90e364793549d0a0b7f61","1985941","png"
"1932","clean_near_000756","clean_near","756","image-272","2062.png","clean_near_000756.png","dataset_images/clean_near/clean_near_000756.png","e6149aa64f5c908adc4d46abb74b0bf9fb6915c9c8b912dd0fced27c9ae188ba","1460","1146","architecture","RGB","existing_damage","validation","real_damaged","托马斯·查尔德中国摄影集（Lothar Lehmann 藏）","","","","","0","texture_catalog_match_v1+source_attribute_v1","","{""crack"": 0.0065, ""dust"": 0.0258, ""fold"": 0.0703, ""missing_region"": 0.0539, ""mold"": 0.075, ""scratch"": 0.0186, ""stain"": 0.1373, ""tear"": 0.0633}","{}","0","0","0","0","0","0","0","0","0","0","0","0","0","0","e6149aa64f5c908adc4d46abb74b0bf9fb6915c9c8b912dd0fced27c9ae188ba","2823402","png"
"1933","clean_near_000757","clean_near","757","image-273","2063.png","clean_near_000757.png","dataset_images/clean_near/clean_near_000757.png","74498199523edcb51e18547442f8c1a5dfc5cb3dd14ebad0d250194200eef215","1320","1012","architecture","RGB","existing_damage","train","real_damaged","托马斯·查尔德中国摄影集（Lothar Lehmann 藏）","","","","","0","texture_catalog_match_v1+source_attribute_v1","","{""crack"": 0.0192, ""dust"": 0.0281, ""fold"": 0.0698, ""missing_region"": 0.0365, ""mold"": 0.0759, ""scratch"": 0.0248, ""stain"": 0.0929, ""tear"": 0.0921}","{}","0","0","0","0","0","0","0","0","0","0","0","0","0","0","74498199523edcb51e18547442f8c1a5dfc5cb3dd14ebad0d250194200eef215","1825954","png"
"1936","clean_near_000758","clean_near","758","image-276","2066.png","clean_near_000758.png","dataset_images/clean_near/clean_near_000758.png","eae10a7851037f5e4f68243a6dc90132fd19858b5ea7c8b81216f83857c7f237","1481","1121","group_portrait","RGB","existing_damage","train","real_damaged","托马斯·查尔德中国摄影集（Lothar Lehmann 藏）","","","","","0","texture_catalog_match_v1+source_attribute_v1","","{""crack"": 0.0208, ""dust"": 0.0243, ""fold"": 0.0656, ""missing_region"": 0.0411, ""mold"": 0.0546, ""scratch"": 0.025, ""stain"": 0.0603, ""tear"": 0.0599}","{}","0","0","0","0","0","0","0","0","0","0","0","0","0","0","eae10a7851037f5e4f68243a6dc90132fd19858b5ea7c8b81216f83857c7f237","1672236","png"
"1937","clean_near_000759","clean_near","759","image-277","2067.png","clean_near_000759.png","dataset_images/clean_near/clean_near_000759.png","99961064768550fb76c223186c5f5d370dbeddaf47500cc529d5d9f01db981ba","1453","1073","architecture","RGB","existing_damage","train","real_damaged","托马斯·查尔德中国摄影集（Lothar Lehmann 藏）","","","","","0","texture_catalog_match_v1+source_attribute_v1","","{""crack"": 0.023, ""dust"": 0.0314, ""fold"": 0.0703, ""missing_region"": 0.0413, ""mold"": 0.0775, ""scratch"": 0.0278, ""stain"": 0.0925, ""tear"": 0.1209}","{}","0","0","0","0","0","0","0","0","0","0","0","0","0","0","99961064768550fb76c223186c5f5d370dbeddaf47500cc529d5d9f01db981ba","1640216","png"
"1938","clean_near_000760","clean_near","760","image-278","2068.png","clean_near_000760.png","dataset_images/clean_near/clean_near_000760.png","cd7d240ef907ff3c9ae5479748d0efe0fa8921be94825cc82b3ead025d133949","1199","990","architecture","RGB","existing_damage","train","real_damaged","托马斯·查尔德中国摄影集（Lothar Lehmann 藏）","","","","","0","texture_catalog_match_v1+source_attribute_v1","","{""crack"": 0.0048, ""dust"": 0.0291, ""fold"": 0.0813, ""missing_region"": 0.0586, ""mold"": 0.1198, ""scratch"": 0.0314, ""stain"": 0.1011, ""tear"": 0.1457}","{}","0","0","0","0","0","0","0","0","0","0","0","0","0","0","cd7d240ef907ff3c9ae5479748d0efe0fa8921be94825cc82b3ead025d133949","1775175","png"
"1939","clean_near_000761","clean_near","761","image-279","2069.png","clean_near_000761.png","dataset_images/clean_near/clean_near_000761.png","d7d3e6ec9e47c822620b607b1a0695fdd57daf5ff73cec445c9d0f79f51971ea","1410","1096","outdoor_scene","RGB","existing_damage","test","real_damaged","托马斯·查尔德中国摄影集（Lothar Lehmann 藏）","","","","","0","texture_catalog_match_v1+source_attribute_v1","","{""crack"": 0.0268, ""dust"": 0.0394, ""fold"": 0.0711, ""missing_region"": 0.0604, ""mold"": 0.1335, ""scratch"": 0.036, ""stain"": 0.1116, ""tear"": 0.121}","{}","0","0","0","0","0","0","0","0","0","0","0","0","0","0","d7d3e6ec9e47c822620b607b1a0695fdd57daf5ff73cec445c9d0f79f51971ea","2091565","png"
"1940","clean_near_000762","clean_near","762","image-280","2070.png","clean_near_000762.png","dataset_images/clean_near/clean_near_000762.png","c47c227a01db84457c337750bd9fd811b1b986f90ed5c8429d79e0ece1a4e5d9","1458","1140","architecture","RGB","existing_damage","train","real_damaged","托马斯·查尔德中国摄影集（Lothar Lehmann 藏）","","","","","0","texture_catalog_match_v1+source_attribute_v1","","{""crack"": 0.0099, ""dust"": 0.0318, ""fold"": 0.0954, ""missing_region"": 0.0523, ""mold"": 0.1355, ""scratch"": 0.0285, ""stain"": 0.1194, ""tear"": 0.0884}","{}","0","0","0","0","0","0","0","0","0","0","0","0","0","0","c47c227a01db84457c337750bd9fd811b1b986f90ed5c8429d79e0ece1a4e5d9","2735029","png"
"1941","clean_near_000763","clean_near","763","image-281","2071.png","clean_near_000763.png","dataset_images/clean_near/clean_near_000763.png","6a6848457ac663ae4ba917e68efed1af18814d7115352e436f0162be6f4ea57e","3457","1400","outdoor_scene","RGB","existing_damage","train","real_damaged","托马斯·查尔德中国摄影集（Lothar Lehmann 藏）","","","","","0","texture_catalog_match_v1+source_attribute_v1","","{""crack"": 0.0242, ""dust"": 0.0391, ""fold"": 0.0956, ""missing_region"": 0.047, ""mold"": 0.0745, ""scratch"": 0.0326, ""stain"": 0.0896, ""tear"": 0.1189}","{}","0","0","0","0","0","0","0","0","0","0","0","0","0","0","6a6848457ac663ae4ba917e68efed1af18814d7115352e436f0162be6f4ea57e","3488393","png"
"1942","clean_near_000764","clean_near","764","image-282","2072.png","clean_near_000764.png","dataset_images/clean_near/clean_near_000764.png","c6ce315bed8fcd32c68aac6622e60110624e7f286da47ad2d35351d2599ac24d","3243","1359","outdoor_scene","RGB","existing_damage","test","real_damaged","托马斯·查尔德中国摄影集（Lothar Lehmann 藏）","","","","","0","texture_catalog_match_v1+source_attribute_v1","","{""crack"": 0.0189, ""dust"": 0.0293, ""fold"": 0.1302, ""missing_region"": 0.0749, ""mold"": 0.0928, ""scratch"": 0.0307, ""stain"": 0.1056, ""tear"": 0.0749}","{}","0","0","0","0","0","0","0","0","0","0","0","0","0","0","c6ce315bed8fcd32c68aac6622e60110624e7f286da47ad2d35351d2599ac24d","3182666","png"
"1943","clean_near_000765","clean_near","765","image-283","2073.png","clean_near_000765.png","dataset_images/clean_near/clean_near_000765.png","5e93b956cc6c337179039952a7f31d1d1b49a1d9da41957eacd652724f3a65a1","4096","1089","outdoor_scene","RGB","existing_damage","test","real_damaged","托马斯·查尔德中国摄影集（Lothar Lehmann 藏）","","","","","0","texture_catalog_match_v1+source_attribute_v1","","{""crack"": 0.0233, ""dust"": 0.0371, ""fold"": 0.09, ""missing_region"": 0.046, ""mold"": 0.075, ""scratch"": 0.0327, ""stain"": 0.1268, ""tear"": 0.0852}","{}","0","0","0","0","0","0","0","0","0","0","0","0","0","0","5e93b956cc6c337179039952a7f31d1d1b49a1d9da41957eacd652724f3a65a1","3218525","png"
"1947","clean_near_000766","clean_near","766","image-287","2077.png","clean_near_000766.png","dataset_images/clean_near/clean_near_000766.png","bd98763b5f05c5cd653c9de28e894bca627a1aa355553eacaa689e35586336b1","1805","1318","group_portrait","RGB","existing_damage","train","real_damaged","托马斯·查尔德中国摄影集（Lothar Lehmann 藏）","","","","","0","texture_catalog_match_v1+source_attribute_v1","","{""crack"": 0.0159, ""dust"": 0.0302, ""fold"": 0.0897, ""missing_region"": 0.0604, ""mold"": 0.0798, ""scratch"": 0.0246, ""stain"": 0.1322, ""tear"": 0.0953}","{}","0","0","0","0","0","0","0","0","0","0","0","0","0","0","bd98763b5f05c5cd653c9de28e894bca627a1aa355553eacaa689e35586336b1","2015129","png"
"1948","clean_near_000767","clean_near","767","image-288","2078.png","clean_near_000767.png","dataset_images/clean_near/clean_near_000767.png","acd9e5c8cf9e99a547129c51c7d275359ac8d3730f2ac91c99e781b8e478d637","1328","1740","outdoor_scene","RGB","existing_damage","train","real_damaged","托马斯·查尔德中国摄影集（Lothar Lehmann 藏）","","","","","0","texture_catalog_match_v1+source_attribute_v1","","{""crack"": 0.0104, ""dust"": 0.0247, ""fold"": 0.078, ""missing_region"": 0.0568, ""mold"": 0.0921, ""scratch"": 0.0279, ""stain"": 0.131, ""tear"": 0.0711}","{}","0","0","0","0","0","0","0","0","0","0","0","0","0","0","acd9e5c8cf9e99a547129c51c7d275359ac8d3730f2ac91c99e781b8e478d637","3602191","png"
"1950","clean_near_000768","clean_near","768","image-290","2080.png","clean_near_000768.png","dataset_images/clean_near/clean_near_000768.png","a0bd109e9930d5c7522e8b5bc5c3aade0e446ac97b2f8819e62de7326d9d10b6","1387","1105","architecture","RGB","existing_damage","train","real_damaged","托马斯·查尔德中国摄影集（Lothar Lehmann 藏）","","","","","0","texture_catalog_match_v1+source_attribute_v1","","{""crack"": 0.0264, ""dust"": 0.0338, ""fold"": 0.1362, ""missing_region"": 0.0596, ""mold"": 0.1031, ""scratch"": 0.0399, ""stain"": 0.1406, ""tear"": 0.1323}","{}","0","0","0","0","0","0","0","0","0","0","0","0","0","0","a0bd109e9930d5c7522e8b5bc5c3aade0e446ac97b2f8819e62de7326d9d10b6","2296444","png"
"1951","clean_near_000769","clean_near","769","image-291","2081.png","clean_near_000769.png","dataset_images/clean_near/clean_near_000769.png","4c2259508b22034aa740b165fb6fab74d0cac1718a921a89d7cd31f9aab437d0","1792","1399","outdoor_scene","RGB","existing_damage","test","real_damaged","托马斯·查尔德中国摄影集（Lothar Lehmann 藏）","","","","","0","texture_catalog_match_v1+source_attribute_v1","","{""crack"": 0.021, ""dust"": 0.0218, ""fold"": 0.0612, ""missing_region"": 0.0821, ""mold"": 0.1124, ""scratch"": 0.0245, ""stain"": 0.145, ""tear"": 0.0986}","{}","0","0","0","0","0","0","0","0","0","0","0","0","0","0","4c2259508b22034aa740b165fb6fab74d0cac1718a921a89d7cd31f9aab437d0","3955170","png"
"1954","clean_near_000770","clean_near","770","image-294","2084.png","clean_near_000770.png","dataset_images/clean_near/clean_near_000770.png","5ece0c4e381b54b7fa326a00f13d2ee053d4253461ada9a7bfeb650de68d5cae","1385","1057","architecture","RGB","existing_damage","train","real_damaged","托马斯·查尔德中国摄影集（Lothar Lehmann 藏）","","","","","0","texture_catalog_match_v1+source_attribute_v1","","{""crack"": 0.019, ""dust"": 0.0305, ""fold"": 0.0904, ""missing_region"": 0.0671, ""mold"": 0.1268, ""scratch"": 0.0321, ""stain"": 0.1411, ""tear"": 0.0785}","{}","0","0","0","0","0","0","0","0","0","0","0","0","0","0","5ece0c4e381b54b7fa326a00f13d2ee053d4253461ada9a7bfeb650de68d5cae","2273189","png"
"1955","clean_near_000771","clean_near","771","image-295","2085.png","clean_near_000771.png","dataset_images/clean_near/clean_near_000771.png","bbc63d40c52d6cae1705c571999c0e34cfa3f7213cf86669b30c44ab815d6a66","1759","1264","outdoor_scene","RGB","existing_damage","test","real_damaged","托马斯·查尔德中国摄影集（Lothar Lehmann 藏）","","","","","0","texture_catalog_match_v1+source_attribute_v1","","{""crack"": 0.0193, ""dust"": 0.0284, ""fold"": 0.0814, ""missing_region"": 0.068, ""mold"": 0.1232, ""scratch"": 0.0304, ""stain"": 0.1172, ""tear"": 0.1086}","{}","0","0","0","0","0","0","0","0","0","0","0","0","0","0","bbc63d40c52d6cae1705c571999c0e34cfa3f7213cf86669b30c44ab815d6a66","2588084","png"
"1956","clean_near_000772","clean_near","772","image-296","2086.png","clean_near_000772.png","dataset_images/clean_near/clean_near_000772.png","bcfbfd858bf9200c1e9b2d2613b82d62579ddb186c757f37a466392d690efbfe","1188","968","outdoor_scene","RGB","existing_damage","train","real_damaged","托马斯·查尔德中国摄影集（Lothar Lehmann 藏）","","","","","0","texture_catalog_match_v1+source_attribute_v1","","{""crack"": 0.0257, ""dust"": 0.0273, ""fold"": 0.0584, ""missing_region"": 0.0377, ""mold"": 0.0898, ""scratch"": 0.027, ""stain"": 0.137, ""tear"": 0.0882}","{}","0","0","0","0","0","0","0","0","0","0","0","0","0","0","bcfbfd858bf9200c1e9b2d2613b82d62579ddb186c757f37a466392d690efbfe","1488735","png"
"1957","clean_near_000773","clean_near","773","image-297","2087.png","clean_near_000773.png","dataset_images/clean_near/clean_near_000773.png","377b901092adb931971b5571e143e755381e476d18a840402c3c309ba516ef2a","1035","1318","architecture","RGB","existing_damage","train","real_damaged","托马斯·查尔德中国摄影集（Lothar Lehmann 藏）","","","","","0","texture_catalog_match_v1+source_attribute_v1","","{""crack"": 0.0295, ""dust"": 0.0301, ""fold"": 0.0493, ""missing_region"": 0.0538, ""mold"": 0.0788, ""scratch"": 0.0309, ""stain"": 0.1523, ""tear"": 0.065}","{}","0","0","0","0","0","0","0","0","0","0","0","0","0","0","377b901092adb931971b5571e143e755381e476d18a840402c3c309ba516ef2a","1904089","png"
"1959","clean_near_000774","clean_near","774","image-299","2089.png","clean_near_000774.png","dataset_images/clean_near/clean_near_000774.png","df437973ad6d5aa87f32e71397e0fbdf0c4125f0f5102df4e1f950ce2c9ae052","1389","1131","group_portrait","RGB","existing_damage","validation","real_damaged","托马斯·查尔德中国摄影集（Lothar Lehmann 藏）","","","","","0","texture_catalog_match_v1+source_attribute_v1","","{""crack"": 0.0231, ""dust"": 0.0324, ""fold"": 0.0475, ""missing_region"": 0.0559, ""mold"": 0.0909, ""scratch"": 0.0253, ""stain"": 0.0748, ""tear"": 0.1192}","{}","0","0","0","0","0","0","0","0","0","0","0","0","0","0","df437973ad6d5aa87f32e71397e0fbdf0c4125f0f5102df4e1f950ce2c9ae052","2010654","png"
"1965","clean_near_000775","clean_near","775","image-305","2095.png","clean_near_000775.png","dataset_images/clean_near/clean_near_000775.png","8feb746a964a54a057a5ce45ae54e9be49874ae6019b16b45ed00ec5f0d4af97","1796","1406","outdoor_scene","RGB","existing_damage","train","real_damaged","托马斯·查尔德中国摄影集（Lothar Lehmann 藏）","","","","","0","texture_catalog_match_v1+source_attribute_v1","","{""crack"": 0.0082, ""dust"": 0.0168, ""fold"": 0.0787, ""missing_region"": 0.0555, ""mold"": 0.1694, ""scratch"": 0.0273, ""stain"": 0.1483, ""tear"": 0.1493}","{}","0","0","0","0","0","0","0","0","0","0","0","0","0","0","8feb746a964a54a057a5ce45ae54e9be49874ae6019b16b45ed00ec5f0d4af97","2231024","png"
"1966","clean_near_000776","clean_near","776","image-306","2096.png","clean_near_000776.png","dataset_images/clean_near/clean_near_000776.png","8128337976e67572de43f69c2297043519f12bcdfe604377c3863356e07107cc","1282","974","architecture","RGB","existing_damage","train","real_damaged","托马斯·查尔德中国摄影集（Lothar Lehmann 藏）","","","","","0","texture_catalog_match_v1+source_attribute_v1","","{""crack"": 0.0069, ""dust"": 0.0251, ""fold"": 0.1162, ""missing_region"": 0.0641, ""mold"": 0.0984, ""scratch"": 0.0369, ""stain"": 0.1019, ""tear"": 0.1581}","{}","0","0","0","0","0","0","0","0","0","0","0","0","0","0","8128337976e67572de43f69c2297043519f12bcdfe604377c3863356e07107cc","1443564","png"
"1967","clean_near_000777","clean_near","777","image-307","2097.png","clean_near_000777.png","dataset_images/clean_near/clean_near_000777.png","81c46fdb679d17be2e69bfd05b2453d94536f47cf89928783c973428b5296e71","1261","967","outdoor_scene","RGB","existing_damage","train","real_damaged","托马斯·查尔德中国摄影集（Lothar Lehmann 藏）","","","","","0","texture_catalog_match_v1+source_attribute_v1","","{""crack"": 0.0235, ""dust"": 0.024, ""fold"": 0.0346, ""missing_region"": 0.0375, ""mold"": 0.0445, ""scratch"": 0.0258, ""stain"": 0.0815, ""tear"": 0.0561}","{}","0","0","0","0","0","0","0","0","0","0","0","0","0","0","81c46fdb679d17be2e69bfd05b2453d94536f47cf89928783c973428b5296e71","1525685","png"
"1969","clean_near_000778","clean_near","778","image-309","2099.png","clean_near_000778.png","dataset_images/clean_near/clean_near_000778.png","4d866978530b95d0563cf5810ff6017b3699e994d8b20b2622bce9c313a54e06","1755","1405","architecture","RGB","existing_damage","train","real_damaged","托马斯·查尔德中国摄影集（Lothar Lehmann 藏）","","","","","0","texture_catalog_match_v1+source_attribute_v1","","{""crack"": 0.0134, ""dust"": 0.0221, ""fold"": 0.0549, ""missing_region"": 0.0787, ""mold"": 0.1222, ""scratch"": 0.0226, ""stain"": 0.142, ""tear"": 0.0975}","{}","0","0","0","0","0","0","0","0","0","0","0","0","0","0","4d866978530b95d0563cf5810ff6017b3699e994d8b20b2622bce9c313a54e06","3363286","png"
"1970","clean_near_000779","clean_near","779","image-310","2100.png","clean_near_000779.png","dataset_images/clean_near/clean_near_000779.png","71b30cf8079522b36051e63c093382f994a902bb8ee3b67e4b11418a4fb7d104","1407","1044","outdoor_scene","RGB","existing_damage","train","real_damaged","托马斯·查尔德中国摄影集（Lothar Lehmann 藏）","","","","","0","texture_catalog_match_v1+source_attribute_v1","","{""crack"": 0.0047, ""dust"": 0.0233, ""fold"": 0.0872, ""missing_region"": 0.0715, ""mold"": 0.1296, ""scratch"": 0.0347, ""stain"": 0.1157, ""tear"": 0.1188}","{}","0","0","0","0","0","0","0","0","0","0","0","0","0","0","71b30cf8079522b36051e63c093382f994a902bb8ee3b67e4b11418a4fb7d104","2645811","png"
"1973","clean_near_000780","clean_near","780","image-313","2103.png","clean_near_000780.png","dataset_images/clean_near/clean_near_000780.png","f48d471a1679a9d3e23d00432ab6e4e5d968f3a07a4ed619e17be5ff45c6e7b2","1785","1323","outdoor_scene","RGB","existing_damage","train","real_damaged","托马斯·查尔德中国摄影集（Lothar Lehmann 藏）","","","","","0","texture_catalog_match_v1+source_attribute_v1","","{""crack"": 0.0225, ""dust"": 0.0259, ""fold"": 0.0541, ""missing_region"": 0.0436, ""mold"": 0.0872, ""scratch"": 0.028, ""stain"": 0.066, ""tear"": 0.0661}","{}","0","0","0","0","0","0","0","0","0","0","0","0","0","0","f48d471a1679a9d3e23d00432ab6e4e5d968f3a07a4ed619e17be5ff45c6e7b2","2806249","png"
"1974","clean_near_000781","clean_near","781","image-314","2104.png","clean_near_000781.png","dataset_images/clean_near/clean_near_000781.png","169d5b4f5e80b4c8a00c6399e7b5607e375dac7484df605b6095421bb38e1552","1184","964","architecture","RGB","existing_damage","train","real_damaged","托马斯·查尔德中国摄影集（Lothar Lehmann 藏）","","","","","0","texture_catalog_match_v1+source_attribute_v1","","{""crack"": 0.0191, ""dust"": 0.0364, ""fold"": 0.1144, ""missing_region"": 0.051, ""mold"": 0.1269, ""scratch"": 0.0352, ""stain"": 0.1112, ""tear"": 0.1131}","{}","0","0","0","0","0","0","0","0","0","0","0","0","0","0","169d5b4f5e80b4c8a00c6399e7b5607e375dac7484df605b6095421bb38e1552","1752870","png"
"1976","clean_near_000782","clean_near","782","image-316","2106.png","clean_near_000782.png","dataset_images/clean_near/clean_near_000782.png","02d3725bdd46aa84cd9135ec07683500805ae1ad15c8957145be4f8a54cf0723","1221","966","outdoor_scene","RGB","existing_damage","train","real_damaged","托马斯·查尔德中国摄影集（Lothar Lehmann 藏）","","","","","0","texture_catalog_match_v1+source_attribute_v1","","{""crack"": 0.0176, ""dust"": 0.0274, ""fold"": 0.0622, ""missing_region"": 0.0684, ""mold"": 0.0849, ""scratch"": 0.0255, ""stain"": 0.0752, ""tear"": 0.0706}","{}","0","0","0","0","0","0","0","0","0","0","0","0","0","0","02d3725bdd46aa84cd9135ec07683500805ae1ad15c8957145be4f8a54cf0723","1381052","png"
"1980","clean_near_000783","clean_near","783","image-320","2110.png","clean_near_000783.png","dataset_images/clean_near/clean_near_000783.png","ff8d9333202d600175842779682b0d82d4bb506148b0626aa177d713c2d44d18","1616","1180","outdoor_scene","RGB","existing_damage","test","real_damaged","托马斯·查尔德中国摄影集（Lothar Lehmann 藏）","","","","","0","texture_catalog_match_v1+source_attribute_v1","","{""crack"": 0.0268, ""dust"": 0.0346, ""fold"": 0.068, ""missing_region"": 0.0439, ""mold"": 0.084, ""scratch"": 0.0292, ""stain"": 0.0887, ""tear"": 0.0814}","{}","0","0","0","0","0","0","0","0","0","0","0","0","0","0","ff8d9333202d600175842779682b0d82d4bb506148b0626aa177d713c2d44d18","2303863","png"
"1981","clean_near_000784","clean_near","784","image-321","2111.png","clean_near_000784.png","dataset_images/clean_near/clean_near_000784.png","c379b7d9c8f843dac8c427945242b45dd903a303f7d07f22d94ce2040308afb6","1188","975","outdoor_scene","RGB","existing_damage","train","real_damaged","托马斯·查尔德中国摄影集（Lothar Lehmann 藏）","","","","","0","texture_catalog_match_v1+source_attribute_v1","","{""crack"": 0.0319, ""dust"": 0.0324, ""fold"": 0.0766, ""missing_region"": 0.0481, ""mold"": 0.1351, ""scratch"": 0.0316, ""stain"": 0.0838, ""tear"": 0.0779}","{}","0","0","0","0","0","0","0","0","0","0","0","0","0","0","c379b7d9c8f843dac8c427945242b45dd903a303f7d07f22d94ce2040308afb6","1156517","png"
"1982","clean_near_000785","clean_near","785","image-322","2112.png","clean_near_000785.png","dataset_images/clean_near/clean_near_000785.png","8c888cc72aabf8efc81788eacf3167f0d70d49fff91236741a0a29c3f0e5133f","1575","1149","outdoor_scene","RGB","existing_damage","train","real_damaged","托马斯·查尔德中国摄影集（Lothar Lehmann 藏）","","","","","0","texture_catalog_match_v1+source_attribute_v1","","{""crack"": 0.0245, ""dust"": 0.0255, ""fold"": 0.0993, ""missing_region"": 0.0466, ""mold"": 0.0668, ""scratch"": 0.0276, ""stain"": 0.0785, ""tear"": 0.0685}","{}","0","0","0","0","0","0","0","0","0","0","0","0","0","0","8c888cc72aabf8efc81788eacf3167f0d70d49fff91236741a0a29c3f0e5133f","1757300","png"
"1983","clean_near_000786","clean_near","786","image-323","2113.png","clean_near_000786.png","dataset_images/clean_near/clean_near_000786.png","156049aa60061dd2a4b580569e7702c59c22b57a1765b671caeca3aa5df130e0","1658","1169","outdoor_scene","RGB","existing_damage","train","real_damaged","托马斯·查尔德中国摄影集（Lothar Lehmann 藏）","","","","","0","texture_catalog_match_v1+source_attribute_v1","","{""crack"": 0.0163, ""dust"": 0.0277, ""fold"": 0.1032, ""missing_region"": 0.0501, ""mold"": 0.1093, ""scratch"": 0.0278, ""stain"": 0.0758, ""tear"": 0.0611}","{}","0","0","0","0","0","0","0","0","0","0","0","0","0","0","156049aa60061dd2a4b580569e7702c59c22b57a1765b671caeca3aa5df130e0","2830831","png"
"1984","clean_near_000787","clean_near","787","image-324","2114.png","clean_near_000787.png","dataset_images/clean_near/clean_near_000787.png","7cef191e612f848bd3023a0c10690eaf94f1b54bcc6d10d532261e2fc9ef99bb","1275","982","outdoor_scene","RGB","existing_damage","validation","real_damaged","托马斯·查尔德中国摄影集（Lothar Lehmann 藏）","","","","","0","texture_catalog_match_v1+source_attribute_v1","","{""crack"": 0.0125, ""dust"": 0.0177, ""fold"": 0.0512, ""missing_region"": 0.0364, ""mold"": 0.1253, ""scratch"": 0.0275, ""stain"": 0.0607, ""tear"": 0.05}","{}","0","0","0","0","0","0","0","0","0","0","0","0","0","0","7cef191e612f848bd3023a0c10690eaf94f1b54bcc6d10d532261e2fc9ef99bb","2110926","png"
"1986","clean_near_000788","clean_near","788","image-326","2116.png","clean_near_000788.png","dataset_images/clean_near/clean_near_000788.png","bf8f865c933ec1583ce4257462e911b4d192635c3af3aa68aa7ba72cce85fa18","3437","1225","outdoor_scene","RGB","existing_damage","train","real_damaged","托马斯·查尔德中国摄影集（Lothar Lehmann 藏）","","","","","0","texture_catalog_match_v1+source_attribute_v1","","{""crack"": 0.0217, ""dust"": 0.0276, ""fold"": 0.1013, ""missing_region"": 0.0465, ""mold"": 0.0666, ""scratch"": 0.0308, ""stain"": 0.0857, ""tear"": 0.0851}","{}","0","0","0","0","0","0","0","0","0","0","0","0","0","0","bf8f865c933ec1583ce4257462e911b4d192635c3af3aa68aa7ba72cce85fa18","3127664","png"
"1989","clean_near_000789","clean_near","789","image-329","2119.png","clean_near_000789.png","dataset_images/clean_near/clean_near_000789.png","98129edb9fbcc6d8a4734e8ab2c87da7e700b5552e0ef1277732a6162aa74677","1787","1393","group_portrait","RGB","existing_damage","validation","real_damaged","托马斯·查尔德中国摄影集（Lothar Lehmann 藏）","","","","","0","texture_catalog_match_v1+source_attribute_v1","","{""crack"": 0.0087, ""dust"": 0.0326, ""fold"": 0.0861, ""missing_region"": 0.0629, ""mold"": 0.0912, ""scratch"": 0.0226, ""stain"": 0.1601, ""tear"": 0.1069}","{}","0","0","0","0","0","0","0","0","0","0","0","0","0","0","98129edb9fbcc6d8a4734e8ab2c87da7e700b5552e0ef1277732a6162aa74677","3047451","png"
"1990","clean_near_000790","clean_near","790","image-330","2120.png","clean_near_000790.png","dataset_images/clean_near/clean_near_000790.png","b40a54186f86108a12ff2fa1afcec821c7c072c745f89abf0a5a56596671cec7","1661","1266","group_portrait","RGB","existing_damage","train","real_damaged","托马斯·查尔德中国摄影集（Lothar Lehmann 藏）","","","","","0","texture_catalog_match_v1+source_attribute_v1","","{""crack"": 0.0137, ""dust"": 0.0436, ""fold"": 0.1154, ""missing_region"": 0.076, ""mold"": 0.1177, ""scratch"": 0.0312, ""stain"": 0.1731, ""tear"": 0.1043}","{}","0","0","0","0","0","0","0","0","0","0","0","0","0","0","b40a54186f86108a12ff2fa1afcec821c7c072c745f89abf0a5a56596671cec7","2527478","png"
"1994","clean_near_000791","clean_near","791","image-334","2124.png","clean_near_000791.png","dataset_images/clean_near/clean_near_000791.png","2ee9b7dd1ddcfa9fcf88f071ceefa516502a9feddcc87e1721430f5a9fb74cfe","1323","1686","architecture","RGB","existing_damage","test","real_damaged","托马斯·查尔德中国摄影集（Lothar Lehmann 藏）","","","","","0","texture_catalog_match_v1+source_attribute_v1","","{""crack"": 0.0073, ""dust"": 0.0189, ""fold"": 0.0678, ""missing_region"": 0.0517, ""mold"": 0.1004, ""scratch"": 0.031, ""stain"": 0.0862, ""tear"": 0.0844}","{}","0","0","0","0","0","0","0","0","0","0","0","0","0","0","2ee9b7dd1ddcfa9fcf88f071ceefa516502a9feddcc87e1721430f5a9fb74cfe","2799515","png"
"1996","clean_near_000792","clean_near","792","image-336","2126.png","clean_near_000792.png","dataset_images/clean_near/clean_near_000792.png","72a3452a267b5da8661bf39e8d03997a8da629ed4bda49b56c1beb730de1148d","4096","1050","outdoor_scene","RGB","existing_damage","train","real_damaged","托马斯·查尔德中国摄影集（Lothar Lehmann 藏）","","","","","0","texture_catalog_match_v1+source_attribute_v1","","{""crack"": 0.0207, ""dust"": 0.0289, ""fold"": 0.0798, ""missing_region"": 0.0738, ""mold"": 0.1029, ""scratch"": 0.0299, ""stain"": 0.1341, ""tear"": 0.1063}","{}","0","0","0","0","0","0","0","0","0","0","0","0","0","0","72a3452a267b5da8661bf39e8d03997a8da629ed4bda49b56c1beb730de1148d","3199449","png"
"1997","clean_near_000793","clean_near","793","image-337","2127.png","clean_near_000793.png","dataset_images/clean_near/clean_near_000793.png","967c1630a0cce83451af90cc3d4d5f5cb8c399e8067ab1e1de1c597846073a8a","1805","1362","architecture","RGB","existing_damage","test","real_damaged","托马斯·查尔德中国摄影集（Lothar Lehmann 藏）","","","","","0","texture_catalog_match_v1+source_attribute_v1","","{""crack"": 0.0236, ""dust"": 0.0373, ""fold"": 0.1126, ""missing_region"": 0.0739, ""mold"": 0.1459, ""scratch"": 0.0269, ""stain"": 0.1755, ""tear"": 0.1573}","{}","0","0","0","0","0","0","0","0","0","0","0","0","0","0","967c1630a0cce83451af90cc3d4d5f5cb8c399e8067ab1e1de1c597846073a8a","2951503","png"
"1998","clean_near_000794","clean_near","794","image-338","2128.png","clean_near_000794.png","dataset_images/clean_near/clean_near_000794.png","741f3a77b7b8221b244d24e1982b30316e34b340bf93d521e9e3e3808f7875e0","1698","1252","architecture","RGB","existing_damage","validation","real_damaged","托马斯·查尔德中国摄影集（Lothar Lehmann 藏）","","","","","0","texture_catalog_match_v1+source_attribute_v1","","{""crack"": 0.004, ""dust"": 0.0148, ""fold"": 0.0514, ""missing_region"": 0.0489, ""mold"": 0.0861, ""scratch"": 0.019, ""stain"": 0.1395, ""tear"": 0.1157}","{}","0","0","0","0","0","0","0","0","0","0","0","0","0","0","741f3a77b7b8221b244d24e1982b30316e34b340bf93d521e9e3e3808f7875e0","2910269","png"
"1999","clean_near_000795","clean_near","795","image-339","2129.png","clean_near_000795.png","dataset_images/clean_near/clean_near_000795.png","6bd22611513f5b4b6a9775d1f9ddfc650497bc0cd343314c186d343b029ac7f1","1563","1288","outdoor_scene","RGB","existing_damage","train","real_damaged","托马斯·查尔德中国摄影集（Lothar Lehmann 藏）","","","","","0","texture_catalog_match_v1+source_attribute_v1","","{""crack"": 0.0298, ""dust"": 0.0318, ""fold"": 0.092, ""missing_region"": 0.0662, ""mold"": 0.1352, ""scratch"": 0.0325, ""stain"": 0.1076, ""tear"": 0.1597}","{}","0","0","0","0","0","0","0","0","0","0","0","0","0","0","6bd22611513f5b4b6a9775d1f9ddfc650497bc0cd343314c186d343b029ac7f1","2023580","png"
"2001","clean_near_000796","clean_near","796","image-341","2131.png","clean_near_000796.png","dataset_images/clean_near/clean_near_000796.png","1c0bc7525d2ab49387f04b7eaaf7ef038ca7b5afc09992576844906265bcbfbe","1016","1270","group_portrait","RGB","existing_damage","train","real_damaged","托马斯·查尔德中国摄影集（Lothar Lehmann 藏）","","","","","0","texture_catalog_match_v1+source_attribute_v1","","{""crack"": 0.019, ""dust"": 0.0304, ""fold"": 0.0704, ""missing_region"": 0.0467, ""mold"": 0.0886, ""scratch"": 0.0303, ""stain"": 0.1031, ""tear"": 0.0927}","{}","0","0","0","0","0","0","0","0","0","0","0","0","0","0","1c0bc7525d2ab49387f04b7eaaf7ef038ca7b5afc09992576844906265bcbfbe","1372747","png"
"2002","clean_near_000797","clean_near","797","image-342","2132.png","clean_near_000797.png","dataset_images/clean_near/clean_near_000797.png","67cb42f308df56560cc148c4e139be31390077a10c8bba98c7174adbbdc0fed6","1317","1633","single_portrait","RGB","existing_damage","train","real_damaged","托马斯·查尔德中国摄影集（Lothar Lehmann 藏）","","","","","0","texture_catalog_match_v1+source_attribute_v1","","{""crack"": 0.0126, ""dust"": 0.0228, ""fold"": 0.0282, ""missing_region"": 0.0396, ""mold"": 0.0388, ""scratch"": 0.0168, ""stain"": 0.0524, ""tear"": 0.0587}","{}","0","0","0","0","0","0","0","0","0","0","0","0","0","0","67cb42f308df56560cc148c4e139be31390077a10c8bba98c7174adbbdc0fed6","2946451","png"
"2003","clean_near_000798","clean_near","798","image-343","2133.png","clean_near_000798.png","dataset_images/clean_near/clean_near_000798.png","623f8122ffef01396fe6a7172ef2765aa6777bddb95ed034b9c500985524ee1c","1306","1647","single_portrait","RGB","existing_damage","train","real_damaged","托马斯·查尔德中国摄影集（Lothar Lehmann 藏）","","","","","0","texture_catalog_match_v1+source_attribute_v1","","{""crack"": 0.0192, ""dust"": 0.0217, ""fold"": 0.0443, ""missing_region"": 0.0334, ""mold"": 0.0631, ""scratch"": 0.0198, ""stain"": 0.0676, ""tear"": 0.0742}","{}","0","0","0","0","0","0","0","0","0","0","0","0","0","0","623f8122ffef01396fe6a7172ef2765aa6777bddb95ed034b9c500985524ee1c","2266194","png"
"2004","clean_near_000799","clean_near","799","image-344","2134.png","clean_near_000799.png","dataset_images/clean_near/clean_near_000799.png","546806c194f8af86aa4cdaacf92d19390555d467f501cd914dc2e9c8b61ecabe","1626","1298","group_portrait","RGB","existing_damage","train","real_damaged","托马斯·查尔德中国摄影集（Lothar Lehmann 藏）","","","","","0","texture_catalog_match_v1+source_attribute_v1","","{""crack"": 0.0047, ""dust"": 0.0154, ""fold"": 0.042, ""missing_region"": 0.0467, ""mold"": 0.0386, ""scratch"": 0.0169, ""stain"": 0.1009, ""tear"": 0.0773}","{}","0","0","0","0","0","0","0","0","0","0","0","0","0","0","546806c194f8af86aa4cdaacf92d19390555d467f501cd914dc2e9c8b61ecabe","2810483","png"
"2006","clean_near_000800","clean_near","800","image-346","2136.png","clean_near_000800.png","dataset_images/clean_near/clean_near_000800.png","71ca5dc3959c497c133931bfbbe6823983866d777baa58d559b17992c7f485d7","1773","1390","architecture","RGB","existing_damage","train","real_damaged","托马斯·查尔德中国摄影集（Lothar Lehmann 藏）","","","","","0","texture_catalog_match_v1+source_attribute_v1","","{""crack"": 0.0202, ""dust"": 0.0336, ""fold"": 0.0709, ""missing_region"": 0.0477, ""mold"": 0.1053, ""scratch"": 0.03, ""stain"": 0.1327, ""tear"": 0.0888}","{}","0","0","0","0","0","0","0","0","0","0","0","0","0","0","71ca5dc3959c497c133931bfbbe6823983866d777baa58d559b17992c7f485d7","2580487","png"
"2008","clean_near_000801","clean_near","801","image-348","2138.png","clean_near_000801.png","dataset_images/clean_near/clean_near_000801.png","b4eba01e4b3fb795f92b603f7fdf67a996fc1ee871d48ad9ebe12ef9d9353553","1775","1307","outdoor_scene","RGB","existing_damage","train","real_damaged","托马斯·查尔德中国摄影集（Lothar Lehmann 藏）","","","","","0","texture_catalog_match_v1+source_attribute_v1","","{""crack"": 0.0117, ""dust"": 0.024, ""fold"": 0.105, ""missing_region"": 0.0854, ""mold"": 0.1148, ""scratch"": 0.0324, ""stain"": 0.106, ""tear"": 0.1256}","{}","0","0","0","0","0","0","0","0","0","0","0","0","0","0","b4eba01e4b3fb795f92b603f7fdf67a996fc1ee871d48ad9ebe12ef9d9353553","3060202","png"
"2010","clean_near_000802","clean_near","802","image-350","2140.png","clean_near_000802.png","dataset_images/clean_near/clean_near_000802.png","90b01cb8ec3063bc40320c28fb69ad02a562f90918f747a696e7c2db65f3757b","1744","1232","group_portrait","RGB","existing_damage","train","real_damaged","托马斯·查尔德中国摄影集（Lothar Lehmann 藏）","","","","","0","texture_catalog_match_v1+source_attribute_v1","","{""crack"": 0.0251, ""dust"": 0.0272, ""fold"": 0.1102, ""missing_region"": 0.05, ""mold"": 0.071, ""scratch"": 0.0247, ""stain"": 0.115, ""tear"": 0.1105}","{}","0","0","0","0","0","0","0","0","0","0","0","0","0","0","90b01cb8ec3063bc40320c28fb69ad02a562f90918f747a696e7c2db65f3757b","2569551","png"
"2011","clean_near_000803","clean_near","803","image-351","2141.png","clean_near_000803.png","dataset_images/clean_near/clean_near_000803.png","947c2cdd5dbbf36e654725fbebf1efe3d87921abf6581eb166e11ed703daf1a5","1579","1300","group_portrait","RGB","existing_damage","validation","real_damaged","托马斯·查尔德中国摄影集（Lothar Lehmann 藏）","","","","","0","texture_catalog_match_v1+source_attribute_v1","","{""crack"": 0.0101, ""dust"": 0.0378, ""fold"": 0.1107, ""missing_region"": 0.0518, ""mold"": 0.1496, ""scratch"": 0.0353, ""stain"": 0.1666, ""tear"": 0.1494}","{}","0","0","0","0","0","0","0","0","0","0","0","0","0","0","947c2cdd5dbbf36e654725fbebf1efe3d87921abf6581eb166e11ed703daf1a5","3377564","png"
"2012","clean_near_000804","clean_near","804","image-352","2142.png","clean_near_000804.png","dataset_images/clean_near/clean_near_000804.png","255083212460af933ee7920f1441212e278eae4b5006e37868fdd92a702f0b36","1657","1228","group_portrait","RGB","existing_damage","train","real_damaged","托马斯·查尔德中国摄影集（Lothar Lehmann 藏）","","","","","0","texture_catalog_match_v1+source_attribute_v1","","{""crack"": 0.0245, ""dust"": 0.0298, ""fold"": 0.0973, ""missing_region"": 0.0595, ""mold"": 0.0837, ""scratch"": 0.0292, ""stain"": 0.1583, ""tear"": 0.0932}","{}","0","0","0","0","0","0","0","0","0","0","0","0","0","0","255083212460af933ee7920f1441212e278eae4b5006e37868fdd92a702f0b36","2322988","png"
"2014","clean_near_000805","clean_near","805","image-354","2144.png","clean_near_000805.png","dataset_images/clean_near/clean_near_000805.png","4b18a512615af56e30e21ec923cd85be8f16751924fd6d86073d2878e4731a7d","1286","1557","single_portrait","RGB","existing_damage","train","real_damaged","托马斯·查尔德中国摄影集（Lothar Lehmann 藏）","","","","","0","texture_catalog_match_v1+source_attribute_v1","","{""crack"": 0.0165, ""dust"": 0.0187, ""fold"": 0.0528, ""missing_region"": 0.0372, ""mold"": 0.0383, ""scratch"": 0.0211, ""stain"": 0.0438, ""tear"": 0.0503}","{}","0","0","0","0","0","0","0","0","0","0","0","0","0","0","4b18a512615af56e30e21ec923cd85be8f16751924fd6d86073d2878e4731a7d","2190436","png"
"2016","clean_near_000806","clean_near","806","image-356","2146.png","clean_near_000806.png","dataset_images/clean_near/clean_near_000806.png","03d65ac3493fba90dec268c0a92cd1f6deac60c2b92dbd810386acd08cbf6b94","1647","1284","group_portrait","RGB","existing_damage","train","real_damaged","托马斯·查尔德中国摄影集（Lothar Lehmann 藏）","","","","","0","texture_catalog_match_v1+source_attribute_v1","","{""crack"": 0.0154, ""dust"": 0.0194, ""fold"": 0.0516, ""missing_region"": 0.0305, ""mold"": 0.0576, ""scratch"": 0.0237, ""stain"": 0.0827, ""tear"": 0.0982}","{}","0","0","0","0","0","0","0","0","0","0","0","0","0","0","03d65ac3493fba90dec268c0a92cd1f6deac60c2b92dbd810386acd08cbf6b94","2492030","png"
"2018","clean_near_000807","clean_near","807","image-358","2148.png","clean_near_000807.png","dataset_images/clean_near/clean_near_000807.png","39078de1100e947b8de358e331b68d7e48159f3717d73d5f0c0d8f094e3bea7d","1253","1511","single_portrait","RGB","existing_damage","train","real_damaged","托马斯·查尔德中国摄影集（Lothar Lehmann 藏）","","","","","0","texture_catalog_match_v1+source_attribute_v1","","{""crack"": 0.0205, ""dust"": 0.0234, ""fold"": 0.0603, ""missing_region"": 0.0253, ""mold"": 0.0471, ""scratch"": 0.0227, ""stain"": 0.0822, ""tear"": 0.0757}","{}","0","0","0","0","0","0","0","0","0","0","0","0","0","0","39078de1100e947b8de358e331b68d7e48159f3717d73d5f0c0d8f094e3bea7d","2150219","png"
"2019","clean_near_000808","clean_near","808","image-359","2149.png","clean_near_000808.png","dataset_images/clean_near/clean_near_000808.png","00b3d660150578fed75c6fd3b3802622e9df79b2484a23d98266f70551088734","1280","1572","group_portrait","RGB","existing_damage","train","real_damaged","托马斯·查尔德中国摄影集（Lothar Lehmann 藏）","","","","","0","texture_catalog_match_v1+source_attribute_v1","","{""crack"": 0.0242, ""dust"": 0.0241, ""fold"": 0.0448, ""missing_region"": 0.0495, ""mold"": 0.0589, ""scratch"": 0.0253, ""stain"": 0.0455, ""tear"": 0.0674}","{}","0","0","0","0","0","0","0","0","0","0","0","0","0","0","00b3d660150578fed75c6fd3b3802622e9df79b2484a23d98266f70551088734","2608153","png"
"2021","clean_near_000809","clean_near","809","image-361","2151.png","clean_near_000809.png","dataset_images/clean_near/clean_near_000809.png","18b674019dc3f0873e72647484fdcfc4e965d490db6ff16c61bb1a32dc9ad78d","1346","1763","outdoor_scene","RGB","existing_damage","train","real_damaged","托马斯·查尔德中国摄影集（Lothar Lehmann 藏）","","","","","0","texture_catalog_match_v1+source_attribute_v1","","{""crack"": 0.0224, ""dust"": 0.0294, ""fold"": 0.0838, ""missing_region"": 0.0403, ""mold"": 0.1074, ""scratch"": 0.0299, ""stain"": 0.09, ""tear"": 0.081}","{}","0","0","0","0","0","0","0","0","0","0","0","0","0","0","18b674019dc3f0873e72647484fdcfc4e965d490db6ff16c61bb1a32dc9ad78d","2532652","png"
"2023","clean_near_000810","clean_near","810","image-363","2153.png","clean_near_000810.png","dataset_images/clean_near/clean_near_000810.png","50463dde01a3f5386ee356899c4df3d68b8baac3294014c34d326020e3047a88","1500","1164","architecture","RGB","existing_damage","train","real_damaged","托马斯·查尔德中国摄影集（Lothar Lehmann 藏）","","","","","0","texture_catalog_match_v1+source_attribute_v1","","{""crack"": 0.0111, ""dust"": 0.0236, ""fold"": 0.0614, ""missing_region"": 0.0553, ""mold"": 0.1446, ""scratch"": 0.0274, ""stain"": 0.1282, ""tear"": 0.1092}","{}","0","0","0","0","0","0","0","0","0","0","0","0","0","0","50463dde01a3f5386ee356899c4df3d68b8baac3294014c34d326020e3047a88","2838215","png"
"2024","clean_near_000811","clean_near","811","image-364","2154.png","clean_near_000811.png","dataset_images/clean_near/clean_near_000811.png","3e1aed95a1b2c75add6ad3669795e2efdbe9438e6f981655ed16475c14352f11","1740","1317","architecture","RGB","existing_damage","train","real_damaged","托马斯·查尔德中国摄影集（Lothar Lehmann 藏）","","","","","0","texture_catalog_match_v1+source_attribute_v1","","{""crack"": 0.0078, ""dust"": 0.0225, ""fold"": 0.0883, ""missing_region"": 0.0704, ""mold"": 0.0965, ""scratch"": 0.0301, ""stain"": 0.0694, ""tear"": 0.0909}","{}","0","0","0","0","0","0","0","0","0","0","0","0","0","0","3e1aed95a1b2c75add6ad3669795e2efdbe9438e6f981655ed16475c14352f11","2848500","png"
"2026","clean_near_000812","clean_near","812","image-366","2156.png","clean_near_000812.png","dataset_images/clean_near/clean_near_000812.png","087c9ad8567fa23d518648d4c1391dd651013f8c83618b0c868142fdcbc94978","1416","1137","architecture","RGB","existing_damage","train","real_damaged","托马斯·查尔德中国摄影集（Lothar Lehmann 藏）","","","","","0","texture_catalog_match_v1+source_attribute_v1","","{""crack"": 0.0062, ""dust"": 0.0208, ""fold"": 0.0718, ""missing_region"": 0.0766, ""mold"": 0.1299, ""scratch"": 0.033, ""stain"": 0.1239, ""tear"": 0.1189}","{}","0","0","0","0","0","0","0","0","0","0","0","0","0","0","087c9ad8567fa23d518648d4c1391dd651013f8c83618b0c868142fdcbc94978","3274319","png"
"2027","clean_near_000813","clean_near","813","image-367","2157.png","clean_near_000813.png","dataset_images/clean_near/clean_near_000813.png","5b91cf8c882963a318b2f352824b614470456116ca9023d31407ee5bc84a4546","1648","1299","outdoor_scene","RGB","existing_damage","train","real_damaged","托马斯·查尔德中国摄影集（Lothar Lehmann 藏）","","","","","0","texture_catalog_match_v1+source_attribute_v1","","{""crack"": 0.0149, ""dust"": 0.0211, ""fold"": 0.053, ""missing_region"": 0.0369, ""mold"": 0.0539, ""scratch"": 0.0205, ""stain"": 0.068, ""tear"": 0.0596}","{}","0","0","0","0","0","0","0","0","0","0","0","0","0","0","5b91cf8c882963a318b2f352824b614470456116ca9023d31407ee5bc84a4546","2437886","png"
"2032","clean_near_000814","clean_near","814","image-372","2162.png","clean_near_000814.png","dataset_images/clean_near/clean_near_000814.png","2d40f7dcfb7e16d36892bc0cbb7b6c9fa18242feb1d303beb7863f04965fce93","1798","1292","architecture","RGB","existing_damage","train","real_damaged","托马斯·查尔德中国摄影集（Lothar Lehmann 藏）","","","","","0","texture_catalog_match_v1+source_attribute_v1","","{""crack"": 0.0214, ""dust"": 0.0435, ""fold"": 0.1228, ""missing_region"": 0.0491, ""mold"": 0.1319, ""scratch"": 0.0352, ""stain"": 0.1488, ""tear"": 0.1566}","{}","0","0","0","0","0","0","0","0","0","0","0","0","0","0","2d40f7dcfb7e16d36892bc0cbb7b6c9fa18242feb1d303beb7863f04965fce93","3215495","png"
"2033","clean_near_000815","clean_near","815","image-373","2163.png","clean_near_000815.png","dataset_images/clean_near/clean_near_000815.png","ba2ec8a8011b87a0861d1352d36d4892ba3f2042c85328c6bcb6dcf8938cae27","1322","1056","outdoor_scene","RGB","existing_damage","validation","real_damaged","托马斯·查尔德中国摄影集（Lothar Lehmann 藏）","","","","","0","texture_catalog_match_v1+source_attribute_v1","","{""crack"": 0.0057, ""dust"": 0.0243, ""fold"": 0.115, ""missing_region"": 0.0659, ""mold"": 0.1639, ""scratch"": 0.0335, ""stain"": 0.1672, ""tear"": 0.1177}","{}","0","0","0","0","0","0","0","0","0","0","0","0","0","0","ba2ec8a8011b87a0861d1352d36d4892ba3f2042c85328c6bcb6dcf8938cae27","2495820","png"
"2034","clean_near_000816","clean_near","816","image-374","2164.png","clean_near_000816.png","dataset_images/clean_near/clean_near_000816.png","288a6c39163d3367cbb842b82c7aeb3af7e231c6df44ecbd708bf04824936fc6","1806","1275","architecture","RGB","existing_damage","validation","real_damaged","托马斯·查尔德中国摄影集（Lothar Lehmann 藏）","","","","","0","texture_catalog_match_v1+source_attribute_v1","","{""crack"": 0.0296, ""dust"": 0.0374, ""fold"": 0.069, ""missing_region"": 0.056, ""mold"": 0.0942, ""scratch"": 0.0347, ""stain"": 0.071, ""tear"": 0.0838}","{}","0","0","0","0","0","0","0","0","0","0","0","0","0","0","288a6c39163d3367cbb842b82c7aeb3af7e231c6df44ecbd708bf04824936fc6","3077393","png"
"2035","clean_near_000817","clean_near","817","image-375","2165.png","clean_near_000817.png","dataset_images/clean_near/clean_near_000817.png","7e949d8ce1467b687ec9149142d47f6a715eb92a3e67090f33122f5bd45801a4","1201","960","architecture","RGB","existing_damage","test","real_damaged","托马斯·查尔德中国摄影集（Lothar Lehmann 藏）","","","","","0","texture_catalog_match_v1+source_attribute_v1","","{""crack"": 0.0264, ""dust"": 0.0311, ""fold"": 0.125, ""missing_region"": 0.0843, ""mold"": 0.1073, ""scratch"": 0.0355, ""stain"": 0.1297, ""tear"": 0.1218}","{}","0","0","0","0","0","0","0","0","0","0","0","0","0","0","7e949d8ce1467b687ec9149142d47f6a715eb92a3e67090f33122f5bd45801a4","1581015","png"
"2037","clean_near_000818","clean_near","818","image-377","2167.png","clean_near_000818.png","dataset_images/clean_near/clean_near_000818.png","7a6fa2f648c702aae1f59592d8309edceace5a20b1e3c4d414d93918a5cd4271","1429","1031","outdoor_scene","RGB","existing_damage","train","real_damaged","托马斯·查尔德中国摄影集（Lothar Lehmann 藏）","","","","","0","texture_catalog_match_v1+source_attribute_v1","","{""crack"": 0.0111, ""dust"": 0.0337, ""fold"": 0.1191, ""missing_region"": 0.0559, ""mold"": 0.1331, ""scratch"": 0.03, ""stain"": 0.1631, ""tear"": 0.1466}","{}","0","0","0","0","0","0","0","0","0","0","0","0","0","0","7a6fa2f648c702aae1f59592d8309edceace5a20b1e3c4d414d93918a5cd4271","2197933","png"
"2038","clean_near_000819","clean_near","819","image-378","2168.png","clean_near_000819.png","dataset_images/clean_near/clean_near_000819.png","fadfda0ecf8f691f848a18717bb6871995b328e1ce6eab560777c28137e01356","1712","1308","outdoor_scene","RGB","existing_damage","train","real_damaged","托马斯·查尔德中国摄影集（Lothar Lehmann 藏）","","","","","0","texture_catalog_match_v1+source_attribute_v1","","{""crack"": 0.0196, ""dust"": 0.0337, ""fold"": 0.0829, ""missing_region"": 0.0319, ""mold"": 0.0713, ""scratch"": 0.0287, ""stain"": 0.0787, ""tear"": 0.0787}","{}","0","0","0","0","0","0","0","0","0","0","0","0","0","0","fadfda0ecf8f691f848a18717bb6871995b328e1ce6eab560777c28137e01356","2700200","png"
"2039","clean_near_000820","clean_near","820","image-379","2169.png","clean_near_000820.png","dataset_images/clean_near/clean_near_000820.png","fc5565e0dc4185fe1ee40c3ed6c0bc002d3576546657ee46f5cf20e482394b14","1668","1323","outdoor_scene","RGB","existing_damage","train","real_damaged","托马斯·查尔德中国摄影集（Lothar Lehmann 藏）","","","","","0","texture_catalog_match_v1+source_attribute_v1","","{""crack"": 0.0298, ""dust"": 0.0308, ""fold"": 0.0511, ""missing_region"": 0.0673, ""mold"": 0.0999, ""scratch"": 0.0306, ""stain"": 0.0942, ""tear"": 0.1023}","{}","0","0","0","0","0","0","0","0","0","0","0","0","0","0","fc5565e0dc4185fe1ee40c3ed6c0bc002d3576546657ee46f5cf20e482394b14","2780867","png"
"2040","clean_near_000821","clean_near","821","image-380","2170.png","clean_near_000821.png","dataset_images/clean_near/clean_near_000821.png","082451fb355592a59d8860c9e24916d3be2e3622813f2be5ec4883ff8e6868c9","1400","1155","outdoor_scene","RGB","existing_damage","train","real_damaged","托马斯·查尔德中国摄影集（Lothar Lehmann 藏）","","","","","0","texture_catalog_match_v1+source_attribute_v1","","{""crack"": 0.0275, ""dust"": 0.0297, ""fold"": 0.098, ""missing_region"": 0.0479, ""mold"": 0.1015, ""scratch"": 0.033, ""stain"": 0.0896, ""tear"": 0.0825}","{}","0","0","0","0","0","0","0","0","0","0","0","0","0","0","082451fb355592a59d8860c9e24916d3be2e3622813f2be5ec4883ff8e6868c9","1557938","png"
"2041","clean_near_000822","clean_near","822","image-381","2171.png","clean_near_000822.png","dataset_images/clean_near/clean_near_000822.png","068e5af8a09abb486ff8853396d9cf37ca14dd3844fb53824f51927637d55dc3","1390","1062","outdoor_scene","RGB","existing_damage","train","real_damaged","托马斯·查尔德中国摄影集（Lothar Lehmann 藏）","","","","","0","texture_catalog_match_v1+source_attribute_v1","","{""crack"": 0.0212, ""dust"": 0.0243, ""fold"": 0.0428, ""missing_region"": 0.0305, ""mold"": 0.036, ""scratch"": 0.0262, ""stain"": 0.0318, ""tear"": 0.0571}","{}","0","0","0","0","0","0","0","0","0","0","0","0","0","0","068e5af8a09abb486ff8853396d9cf37ca14dd3844fb53824f51927637d55dc3","1404762","png"
"2042","clean_near_000823","clean_near","823","image-382","2172.png","clean_near_000823.png","dataset_images/clean_near/clean_near_000823.png","9e22db8727ef6c595f35cc9a49e1635e2b7e27428375612e672894b4d07e18df","1751","1308","outdoor_scene","RGB","existing_damage","validation","real_damaged","托马斯·查尔德中国摄影集（Lothar Lehmann 藏）","","","","","0","texture_catalog_match_v1+source_attribute_v1","","{""crack"": 0.0187, ""dust"": 0.0166, ""fold"": 0.0307, ""missing_region"": 0.0339, ""mold"": 0.0311, ""scratch"": 0.0223, ""stain"": 0.0424, ""tear"": 0.0447}","{}","0","0","0","0","0","0","0","0","0","0","0","0","0","0","9e22db8727ef6c595f35cc9a49e1635e2b7e27428375612e672894b4d07e18df","2769082","png"
"2045","clean_near_000824","clean_near","824","image-385","2175.png","clean_near_000824.png","dataset_images/clean_near/clean_near_000824.png","11ae72ebfd049e97f1420f124e990ddad11f4150f819ebdc3ec22c5b44434212","1664","1285","outdoor_scene","RGB","existing_damage","test","real_damaged","托马斯·查尔德中国摄影集（Lothar Lehmann 藏）","","","","","0","texture_catalog_match_v1+source_attribute_v1","","{""crack"": 0.0274, ""dust"": 0.0303, ""fold"": 0.0445, ""missing_region"": 0.0282, ""mold"": 0.0386, ""scratch"": 0.0294, ""stain"": 0.0559, ""tear"": 0.0836}","{}","0","0","0","0","0","0","0","0","0","0","0","0","0","0","11ae72ebfd049e97f1420f124e990ddad11f4150f819ebdc3ec22c5b44434212","2123191","png"
"2046","clean_near_000825","clean_near","825","image-386","2176.png","clean_near_000825.png","dataset_images/clean_near/clean_near_000825.png","2b7e3e2fb8d599edeea328b579f5b3c219099dc4454b316b07885606edb7ebba","1390","1030","architecture","RGB","existing_damage","train","real_damaged","托马斯·查尔德中国摄影集（Lothar Lehmann 藏）","","","","","0","texture_catalog_match_v1+source_attribute_v1","","{""crack"": 0.0236, ""dust"": 0.0267, ""fold"": 0.0736, ""missing_region"": 0.0909, ""mold"": 0.1327, ""scratch"": 0.0323, ""stain"": 0.1253, ""tear"": 0.1577}","{}","0","0","0","0","0","0","0","0","0","0","0","0","0","0","2b7e3e2fb8d599edeea328b579f5b3c219099dc4454b316b07885606edb7ebba","2320715","png"
"2047","clean_near_000826","clean_near","826","image-387","2177.png","clean_near_000826.png","dataset_images/clean_near/clean_near_000826.png","e6aa1fe31a3baa001927d1356c6aad80f24010cc5b8e640057e9e305b4a36e09","1677","1297","architecture","RGB","existing_damage","train","real_damaged","托马斯·查尔德中国摄影集（Lothar Lehmann 藏）","","","","","0","texture_catalog_match_v1+source_attribute_v1","","{""crack"": 0.0244, ""dust"": 0.0323, ""fold"": 0.0928, ""missing_region"": 0.0644, ""mold"": 0.1136, ""scratch"": 0.0271, ""stain"": 0.1193, ""tear"": 0.1172}","{}","0","0","0","0","0","0","0","0","0","0","0","0","0","0","e6aa1fe31a3baa001927d1356c6aad80f24010cc5b8e640057e9e305b4a36e09","3402081","png"
"2048","clean_near_000827","clean_near","827","image-388","2178.png","clean_near_000827.png","dataset_images/clean_near/clean_near_000827.png","635886314e72bcc3ce70884199f79529db203fe5e86c486cdc3a1f19bbe628a8","1032","1262","architecture","RGB","existing_damage","train","real_damaged","托马斯·查尔德中国摄影集（Lothar Lehmann 藏）","","","","","0","texture_catalog_match_v1+source_attribute_v1","","{""crack"": 0.0132, ""dust"": 0.0357, ""fold"": 0.1054, ""missing_region"": 0.0471, ""mold"": 0.0958, ""scratch"": 0.0268, ""stain"": 0.1091, ""tear"": 0.0735}","{}","0","0","0","0","0","0","0","0","0","0","0","0","0","0","635886314e72bcc3ce70884199f79529db203fe5e86c486cdc3a1f19bbe628a8","1826950","png"
"2049","clean_near_000828","clean_near","828","image-389","2179.png","clean_near_000828.png","dataset_images/clean_near/clean_near_000828.png","5682ab171ff3f62aac273ff6f86dd8b5460bf7fdea0c8cace789d29741742556","1270","1764","outdoor_scene","RGB","existing_damage","train","real_damaged","托马斯·查尔德中国摄影集（Lothar Lehmann 藏）","","","","","0","texture_catalog_match_v1+source_attribute_v1","","{""crack"": 0.0226, ""dust"": 0.0308, ""fold"": 0.0863, ""missing_region"": 0.0379, ""mold"": 0.0825, ""scratch"": 0.0282, ""stain"": 0.132, ""tear"": 0.1686}","{}","0","0","0","0","0","0","0","0","0","0","0","0","0","0","5682ab171ff3f62aac273ff6f86dd8b5460bf7fdea0c8cace789d29741742556","3008992","png"
"2050","clean_near_000829","clean_near","829","image-390","2180.png","clean_near_000829.png","dataset_images/clean_near/clean_near_000829.png","95b20e630f8445930e2770661ee76e40b722ce6c025ab19d4c227f86adadc855","1626","1318","architecture","RGB","existing_damage","train","real_damaged","托马斯·查尔德中国摄影集（Lothar Lehmann 藏）","","","","","0","texture_catalog_match_v1+source_attribute_v1","","{""crack"": 0.0157, ""dust"": 0.0173, ""fold"": 0.0432, ""missing_region"": 0.0514, ""mold"": 0.0502, ""scratch"": 0.0197, ""stain"": 0.0663, ""tear"": 0.0779}","{}","0","0","0","0","0","0","0","0","0","0","0","0","0","0","95b20e630f8445930e2770661ee76e40b722ce6c025ab19d4c227f86adadc855","3096292","png"
"2051","clean_near_000830","clean_near","830","image-391","2181.png","clean_near_000830.png","dataset_images/clean_near/clean_near_000830.png","083d899a7f412845e998bf0ebc69857da2c2db02fddf8cce572577abab8dc2b2","1363","1105","outdoor_scene","RGB","existing_damage","train","real_damaged","托马斯·查尔德中国摄影集（Lothar Lehmann 藏）","","","","","0","texture_catalog_match_v1+source_attribute_v1","","{""crack"": 0.0285, ""dust"": 0.0302, ""fold"": 0.0869, ""missing_region"": 0.0354, ""mold"": 0.0836, ""scratch"": 0.0293, ""stain"": 0.1028, ""tear"": 0.0697}","{}","0","0","0","0","0","0","0","0","0","0","0","0","0","0","083d899a7f412845e998bf0ebc69857da2c2db02fddf8cce572577abab8dc2b2","1259374","png"
"2052","clean_near_000831","clean_near","831","image-392","2182.png","clean_near_000831.png","dataset_images/clean_near/clean_near_000831.png","2a741f35c41b56c78764187b5440aafafd1e2298a844177b59d6dd9be48b090f","1799","1387","architecture","RGB","existing_damage","train","real_damaged","托马斯·查尔德中国摄影集（Lothar Lehmann 藏）","","","","","0","texture_catalog_match_v1+source_attribute_v1","","{""crack"": 0.0141, ""dust"": 0.0322, ""fold"": 0.0999, ""missing_region"": 0.0889, ""mold"": 0.1158, ""scratch"": 0.0352, ""stain"": 0.1004, ""tear"": 0.1552}","{}","0","0","0","0","0","0","0","0","0","0","0","0","0","0","2a741f35c41b56c78764187b5440aafafd1e2298a844177b59d6dd9be48b090f","3072049","png"
"2053","clean_near_000832","clean_near","832","image-393","2183.png","clean_near_000832.png","dataset_images/clean_near/clean_near_000832.png","d25446f1857d5c20326eb2d3590800fbf80f9b2afd0a615863faf858b2e8c3cf","962","1228","architecture","RGB","existing_damage","test","real_damaged","托马斯·查尔德中国摄影集（Lothar Lehmann 藏）","","","","","0","texture_catalog_match_v1+source_attribute_v1","","{""crack"": 0.0074, ""dust"": 0.0188, ""fold"": 0.0836, ""missing_region"": 0.0392, ""mold"": 0.0785, ""scratch"": 0.0313, ""stain"": 0.0737, ""tear"": 0.0995}","{}","0","0","0","0","0","0","0","0","0","0","0","0","0","0","d25446f1857d5c20326eb2d3590800fbf80f9b2afd0a615863faf858b2e8c3cf","1724292","png"
"2055","clean_near_000833","clean_near","833","image-395","2185.png","clean_near_000833.png","dataset_images/clean_near/clean_near_000833.png","6208f33490596bfb153805f3d5e512bc9ec7e03bf166127dc2931cf6102fb995","1700","1305","architecture","RGB","existing_damage","train","real_damaged","托马斯·查尔德中国摄影集（Lothar Lehmann 藏）","","","","","0","texture_catalog_match_v1+source_attribute_v1","","{""crack"": 0.0234, ""dust"": 0.0825, ""fold"": 0.1163, ""missing_region"": 0.0847, ""mold"": 0.1282, ""scratch"": 0.0605, ""stain"": 0.1663, ""tear"": 0.1513}","{}","0","0","0","0","0","0","0","0","0","0","0","0","0","0","6208f33490596bfb153805f3d5e512bc9ec7e03bf166127dc2931cf6102fb995","3840371","png"
"2056","clean_near_000834","clean_near","834","image-396","2186.png","clean_near_000834.png","dataset_images/clean_near/clean_near_000834.png","b764db30f2c5c5002c1e5f03d25b2c50ce5002a82ad25429f902156b5c06c632","1368","1040","outdoor_scene","RGB","existing_damage","train","real_damaged","托马斯·查尔德中国摄影集（Lothar Lehmann 藏）","","","","","0","texture_catalog_match_v1+source_attribute_v1","","{""crack"": 0.0103, ""dust"": 0.0163, ""fold"": 0.0486, ""missing_region"": 0.043, ""mold"": 0.0663, ""scratch"": 0.0222, ""stain"": 0.1196, ""tear"": 0.1311}","{}","0","0","0","0","0","0","0","0","0","0","0","0","0","0","b764db30f2c5c5002c1e5f03d25b2c50ce5002a82ad25429f902156b5c06c632","2616000","png"
"2057","clean_near_000835","clean_near","835","image-397","2187.png","clean_near_000835.png","dataset_images/clean_near/clean_near_000835.png","caefe407e3f8df964d43df3d0dc9263cd186b5d2be682190c3a909c498d981c5","1592","1305","outdoor_scene","RGB","existing_damage","test","real_damaged","托马斯·查尔德中国摄影集（Lothar Lehmann 藏）","","","","","0","texture_catalog_match_v1+source_attribute_v1","","{""crack"": 0.0252, ""dust"": 0.0255, ""fold"": 0.0638, ""missing_region"": 0.0634, ""mold"": 0.124, ""scratch"": 0.0316, ""stain"": 0.1006, ""tear"": 0.1025}","{}","0","0","0","0","0","0","0","0","0","0","0","0","0","0","caefe407e3f8df964d43df3d0dc9263cd186b5d2be682190c3a909c498d981c5","3625481","png"
"2058","clean_near_000836","clean_near","836","image-398","2188.png","clean_near_000836.png","dataset_images/clean_near/clean_near_000836.png","74cd50a1232c567a2d63fd2642b82068eafde5abf5555793339f87f026f23d81","1782","1300","outdoor_scene","RGB","existing_damage","train","real_damaged","托马斯·查尔德中国摄影集（Lothar Lehmann 藏）","","","","","0","texture_catalog_match_v1+source_attribute_v1","","{""crack"": 0.0265, ""dust"": 0.0271, ""fold"": 0.0553, ""missing_region"": 0.0261, ""mold"": 0.0438, ""scratch"": 0.0269, ""stain"": 0.0492, ""tear"": 0.0672}","{}","0","0","0","0","0","0","0","0","0","0","0","0","0","0","74cd50a1232c567a2d63fd2642b82068eafde5abf5555793339f87f026f23d81","2654692","png"
"2059","clean_near_000837","clean_near","837","image-399","2189.png","clean_near_000837.png","dataset_images/clean_near/clean_near_000837.png","03779cda4e46a3a78e324d3d653f1002c1251d9c9e9a820364ebd207da23bcf8","1347","977","indoor_scene","RGB","existing_damage","validation","real_damaged","托马斯·查尔德中国摄影集（Lothar Lehmann 藏）","","","","","0","texture_catalog_match_v1+source_attribute_v1","","{""crack"": 0.003, ""dust"": 0.0127, ""fold"": 0.0264, ""missing_region"": 0.0411, ""mold"": 0.0641, ""scratch"": 0.016, ""stain"": 0.1018, ""tear"": 0.0618}","{}","0","0","0","0","0","0","0","0","0","0","0","0","0","0","03779cda4e46a3a78e324d3d653f1002c1251d9c9e9a820364ebd207da23bcf8","1822022","png"
"2060","clean_near_000838","clean_near","838","image-400","2190.png","clean_near_000838.png","dataset_images/clean_near/clean_near_000838.png","b7b5389ebbcee0a3e10af9098757cae182a0f1382bba67ce28bfe0c907001be5","1767","1313","outdoor_scene","RGB","existing_damage","train","real_damaged","托马斯·查尔德中国摄影集（Lothar Lehmann 藏）","","","","","0","texture_catalog_match_v1+source_attribute_v1","","{""crack"": 0.0245, ""dust"": 0.027, ""fold"": 0.063, ""missing_region"": 0.0573, ""mold"": 0.0815, ""scratch"": 0.0273, ""stain"": 0.0624, ""tear"": 0.0966}","{}","0","0","0","0","0","0","0","0","0","0","0","0","0","0","b7b5389ebbcee0a3e10af9098757cae182a0f1382bba67ce28bfe0c907001be5","2576725","png"
"2061","clean_near_000839","clean_near","839","image-401","2191.png","clean_near_000839.png","dataset_images/clean_near/clean_near_000839.png","650d893241f4f94044e8e64694339dace2fabd85a3fda1de7cb01fc85f1d87c3","1323","998","outdoor_scene","RGB","existing_damage","train","real_damaged","托马斯·查尔德中国摄影集（Lothar Lehmann 藏）","","","","","0","texture_catalog_match_v1+source_attribute_v1","","{""crack"": 0.0305, ""dust"": 0.0317, ""fold"": 0.0389, ""missing_region"": 0.0427, ""mold"": 0.0515, ""scratch"": 0.031, ""stain"": 0.0422, ""tear"": 0.0577}","{}","0","0","0","0","0","0","0","0","0","0","0","0","0","0","650d893241f4f94044e8e64694339dace2fabd85a3fda1de7cb01fc85f1d87c3","1750918","png"
"2062","clean_near_000840","clean_near","840","image-402","2192.png","clean_near_000840.png","dataset_images/clean_near/clean_near_000840.png","258836e7bfa29e919ce293692b7c3aa07d52c9ded72a37bfd15a67186255ba00","1502","1202","architecture","RGB","existing_damage","train","real_damaged","托马斯·查尔德中国摄影集（Lothar Lehmann 藏）","","","","","0","texture_catalog_match_v1+source_attribute_v1","","{""crack"": 0.0268, ""dust"": 0.0322, ""fold"": 0.0706, ""missing_region"": 0.04, ""mold"": 0.0704, ""scratch"": 0.0294, ""stain"": 0.0815, ""tear"": 0.0842}","{}","0","0","0","0","0","0","0","0","0","0","0","0","0","0","258836e7bfa29e919ce293692b7c3aa07d52c9ded72a37bfd15a67186255ba00","2181629","png"
"2064","clean_near_000841","clean_near","841","image-404","2194.png","clean_near_000841.png","dataset_images/clean_near/clean_near_000841.png","72aa7d0cef7bf9f3bb484444f3e74ab94d8dd2d739b92f1cfcdaac8b9faad2f1","1791","1267","architecture","RGB","existing_damage","train","real_damaged","托马斯·查尔德中国摄影集（Lothar Lehmann 藏）","","","","","0","texture_catalog_match_v1+source_attribute_v1","","{""crack"": 0.0088, ""dust"": 0.0226, ""fold"": 0.064, ""missing_region"": 0.0459, ""mold"": 0.1078, ""scratch"": 0.0345, ""stain"": 0.0806, ""tear"": 0.0856}","{}","0","0","0","0","0","0","0","0","0","0","0","0","0","0","72aa7d0cef7bf9f3bb484444f3e74ab94d8dd2d739b92f1cfcdaac8b9faad2f1","3675118","png"
"2066","clean_near_000842","clean_near","842","image-406","2196.png","clean_near_000842.png","dataset_images/clean_near/clean_near_000842.png","37259430bd7f4377d6abfad7b0aecacdeca51354a26546ad218f2af96f752867","1679","1324","outdoor_scene","RGB","existing_damage","train","real_damaged","托马斯·查尔德中国摄影集（Lothar Lehmann 藏）","","","","","0","texture_catalog_match_v1+source_attribute_v1","","{""crack"": 0.0244, ""dust"": 0.0248, ""fold"": 0.0491, ""missing_region"": 0.0431, ""mold"": 0.0559, ""scratch"": 0.0241, ""stain"": 0.048, ""tear"": 0.0505}","{}","0","0","0","0","0","0","0","0","0","0","0","0","0","0","37259430bd7f4377d6abfad7b0aecacdeca51354a26546ad218f2af96f752867","2776631","png"
"2068","clean_near_000843","clean_near","843","image-408","2198.png","clean_near_000843.png","dataset_images/clean_near/clean_near_000843.png","e1d00cc33482b1513ee8818aeb78630eb64d104f718f1d501d4f36c21b3c0238","1787","1322","indoor_scene","RGB","existing_damage","validation","real_damaged","托马斯·查尔德中国摄影集（Lothar Lehmann 藏）","","","","","0","texture_catalog_match_v1+source_attribute_v1","","{""crack"": 0.0207, ""dust"": 0.0193, ""fold"": 0.0509, ""missing_region"": 0.0519, ""mold"": 0.0799, ""scratch"": 0.022, ""stain"": 0.0645, ""tear"": 0.0578}","{}","0","0","0","0","0","0","0","0","0","0","0","0","0","0","e1d00cc33482b1513ee8818aeb78630eb64d104f718f1d501d4f36c21b3c0238","2978770","png"
"2071","clean_near_000844","clean_near","844","image-411","2201.png","clean_near_000844.png","dataset_images/clean_near/clean_near_000844.png","a3b8ea829cb6f847f30891559127479734522eac9569c77e18142160165ea69f","1681","1279","architecture","RGB","existing_damage","train","real_damaged","托马斯·查尔德中国摄影集（Lothar Lehmann 藏）","","","","","0","texture_catalog_match_v1+source_attribute_v1","","{""crack"": 0.0241, ""dust"": 0.042, ""fold"": 0.0888, ""missing_region"": 0.1093, ""mold"": 0.1149, ""scratch"": 0.0322, ""stain"": 0.1471, ""tear"": 0.1244}","{}","0","0","0","0","0","0","0","0","0","0","0","0","0","0","a3b8ea829cb6f847f30891559127479734522eac9569c77e18142160165ea69f","2998970","png"
"2072","clean_near_000845","clean_near","845","image-412","2202.png","clean_near_000845.png","dataset_images/clean_near/clean_near_000845.png","f470efc3abf79cb9929ac652a96b7a503e7e75508d374af11883e509c129de12","1364","1664","outdoor_scene","RGB","existing_damage","train","real_damaged","托马斯·查尔德中国摄影集（Lothar Lehmann 藏）","","","","","0","texture_catalog_match_v1+source_attribute_v1","","{""crack"": 0.0147, ""dust"": 0.0319, ""fold"": 0.0702, ""missing_region"": 0.055, ""mold"": 0.0919, ""scratch"": 0.0281, ""stain"": 0.1139, ""tear"": 0.0871}","{}","0","0","0","0","0","0","0","0","0","0","0","0","0","0","f470efc3abf79cb9929ac652a96b7a503e7e75508d374af11883e509c129de12","2805733","png"
"2073","clean_near_000846","clean_near","846","image-413","2203.png","clean_near_000846.png","dataset_images/clean_near/clean_near_000846.png","7069704bfbf5c36cbeaac5e689fb5410715a330f69ac7ba9cbc93551e6e12a8e","1486","1078","outdoor_scene","RGB","existing_damage","train","real_damaged","托马斯·查尔德中国摄影集（Lothar Lehmann 藏）","","","","","0","texture_catalog_match_v1+source_attribute_v1","","{""crack"": 0.0099, ""dust"": 0.026, ""fold"": 0.0722, ""missing_region"": 0.0439, ""mold"": 0.0845, ""scratch"": 0.0345, ""stain"": 0.0965, ""tear"": 0.0927}","{}","0","0","0","0","0","0","0","0","0","0","0","0","0","0","7069704bfbf5c36cbeaac5e689fb5410715a330f69ac7ba9cbc93551e6e12a8e","2153619","png"
"2074","clean_near_000847","clean_near","847","image-414","2204.png","clean_near_000847.png","dataset_images/clean_near/clean_near_000847.png","19d875f4328f2b24936d8ac4c46f3e2f4cd02cf0699733728f17db7da4d85c0a","1663","1373","indoor_scene","RGB","existing_damage","train","real_damaged","托马斯·查尔德中国摄影集（Lothar Lehmann 藏）","","","","","0","texture_catalog_match_v1+source_attribute_v1","","{""crack"": 0.0087, ""dust"": 0.0243, ""fold"": 0.0545, ""missing_region"": 0.0538, ""mold"": 0.0673, ""scratch"": 0.0192, ""stain"": 0.1012, ""tear"": 0.0538}","{}","0","0","0","0","0","0","0","0","0","0","0","0","0","0","19d875f4328f2b24936d8ac4c46f3e2f4cd02cf0699733728f17db7da4d85c0a","2972998","png"
"2075","clean_near_000848","clean_near","848","image-415","2205.png","clean_near_000848.png","dataset_images/clean_near/clean_near_000848.png","ded9c35ed587c06326b1060d393d35fec0bb2744edef445cef1ff8877f3b4b15","1389","1061","outdoor_scene","RGB","existing_damage","test","real_damaged","托马斯·查尔德中国摄影集（Lothar Lehmann 藏）","","","","","0","texture_catalog_match_v1+source_attribute_v1","","{""crack"": 0.0104, ""dust"": 0.0359, ""fold"": 0.1157, ""missing_region"": 0.0604, ""mold"": 0.1236, ""scratch"": 0.0376, ""stain"": 0.1517, ""tear"": 0.1382}","{}","0","0","0","0","0","0","0","0","0","0","0","0","0","0","ded9c35ed587c06326b1060d393d35fec0bb2744edef445cef1ff8877f3b4b15","2361317","png"
"2077","clean_near_000849","clean_near","849","image-417","2207.png","clean_near_000849.png","dataset_images/clean_near/clean_near_000849.png","a19e0dfdab24aac4c966be428a95d35f9d49fe50c9782acbeb6069e0d2b34376","1435","1071","architecture","RGB","existing_damage","test","real_damaged","托马斯·查尔德中国摄影集（Lothar Lehmann 藏）","","","","","0","texture_catalog_match_v1+source_attribute_v1","","{""crack"": 0.0267, ""dust"": 0.0279, ""fold"": 0.0527, ""missing_region"": 0.0345, ""mold"": 0.0573, ""scratch"": 0.0276, ""stain"": 0.0389, ""tear"": 0.062}","{}","0","0","0","0","0","0","0","0","0","0","0","0","0","0","a19e0dfdab24aac4c966be428a95d35f9d49fe50c9782acbeb6069e0d2b34376","1787180","png"
"2080","clean_near_000850","clean_near","850","image-420","2210.png","clean_near_000850.png","dataset_images/clean_near/clean_near_000850.png","8d457db17a6106efd8ef548d34396e37528cd5d296070824b51d4b8a9a42da33","1774","1339","outdoor_scene","RGB","existing_damage","train","real_damaged","托马斯·查尔德中国摄影集（Lothar Lehmann 藏）","","","","","0","texture_catalog_match_v1+source_attribute_v1","","{""crack"": 0.0255, ""dust"": 0.0275, ""fold"": 0.0449, ""missing_region"": 0.0346, ""mold"": 0.0386, ""scratch"": 0.0276, ""stain"": 0.0714, ""tear"": 0.0585}","{}","0","0","0","0","0","0","0","0","0","0","0","0","0","0","8d457db17a6106efd8ef548d34396e37528cd5d296070824b51d4b8a9a42da33","2572672","png"
"2083","clean_near_000851","clean_near","851","image-423","2213.png","clean_near_000851.png","dataset_images/clean_near/clean_near_000851.png","80018030b4f4e9520ef03fe4ee4176dac1cdcef01d4c7213f22f7060f0e4f638","1416","1005","outdoor_scene","RGB","existing_damage","train","real_damaged","托马斯·查尔德中国摄影集（Lothar Lehmann 藏）","","","","","0","texture_catalog_match_v1+source_attribute_v1","","{""crack"": 0.0222, ""dust"": 0.0292, ""fold"": 0.0625, ""missing_region"": 0.0556, ""mold"": 0.0941, ""scratch"": 0.0261, ""stain"": 0.1376, ""tear"": 0.1385}","{}","0","0","0","0","0","0","0","0","0","0","0","0","0","0","80018030b4f4e9520ef03fe4ee4176dac1cdcef01d4c7213f22f7060f0e4f638","1647871","png"
"2084","clean_near_000852","clean_near","852","image-424","2214.png","clean_near_000852.png","dataset_images/clean_near/clean_near_000852.png","3e71a316aad3d74f7ebb10b80d608f7f94f8bc9356642c4845f3bb4f33b15183","1172","1486","group_portrait","RGB","existing_damage","train","real_damaged","托马斯·查尔德中国摄影集（Lothar Lehmann 藏）","","","","","0","texture_catalog_match_v1+source_attribute_v1","","{""crack"": 0.0297, ""dust"": 0.0311, ""fold"": 0.0547, ""missing_region"": 0.0304, ""mold"": 0.0336, ""scratch"": 0.0302, ""stain"": 0.0519, ""tear"": 0.0789}","{}","0","0","0","0","0","0","0","0","0","0","0","0","0","0","3e71a316aad3d74f7ebb10b80d608f7f94f8bc9356642c4845f3bb4f33b15183","1965151","png"
"2086","clean_near_000853","clean_near","853","image-426","2216.png","clean_near_000853.png","dataset_images/clean_near/clean_near_000853.png","940d904dc3b208b9875723776296160e201f497063a059afdaf4a20680dacb8b","1707","1327","architecture","RGB","existing_damage","train","real_damaged","托马斯·查尔德中国摄影集（Lothar Lehmann 藏）","","","","","0","texture_catalog_match_v1+source_attribute_v1","","{""crack"": 0.0137, ""dust"": 0.0315, ""fold"": 0.1192, ""missing_region"": 0.0983, ""mold"": 0.0873, ""scratch"": 0.0286, ""stain"": 0.1232, ""tear"": 0.0983}","{}","0","0","0","0","0","0","0","0","0","0","0","0","0","0","940d904dc3b208b9875723776296160e201f497063a059afdaf4a20680dacb8b","3002015","png"
"2087","clean_near_000854","clean_near","854","image-427","2217.png","clean_near_000854.png","dataset_images/clean_near/clean_near_000854.png","93972af4562ddc79506dd4061a1c00494af7ee45a3ea9a3f9f15a065c37927ad","1522","1233","outdoor_scene","RGB","existing_damage","validation","real_damaged","托马斯·查尔德中国摄影集（Lothar Lehmann 藏）","","","","","0","texture_catalog_match_v1+source_attribute_v1","","{""crack"": 0.0257, ""dust"": 0.0274, ""fold"": 0.0873, ""missing_region"": 0.1048, ""mold"": 0.1263, ""scratch"": 0.0322, ""stain"": 0.1076, ""tear"": 0.1334}","{}","0","0","0","0","0","0","0","0","0","0","0","0","0","0","93972af4562ddc79506dd4061a1c00494af7ee45a3ea9a3f9f15a065c37927ad","2252237","png"
"2088","clean_near_000855","clean_near","855","image-428","2218.png","clean_near_000855.png","dataset_images/clean_near/clean_near_000855.png","46c3da954a5e0b23180a0167edf79b6dd5089248352f8c8be5f0dacf2bc0c55e","1002","1219","other","RGB","existing_damage","test","real_damaged","托马斯·查尔德中国摄影集（Lothar Lehmann 藏）","","","","","0","texture_catalog_match_v1+source_attribute_v1","","{""crack"": 0.0078, ""dust"": 0.0228, ""fold"": 0.0653, ""missing_region"": 0.0381, ""mold"": 0.0992, ""scratch"": 0.0281, ""stain"": 0.0626, ""tear"": 0.0777}","{}","0","0","0","0","0","0","0","0","0","0","0","0","0","0","46c3da954a5e0b23180a0167edf79b6dd5089248352f8c8be5f0dacf2bc0c55e","1416013","png"
"2091","clean_near_000856","clean_near","856","image-431","2221.png","clean_near_000856.png","dataset_images/clean_near/clean_near_000856.png","56f7ff7a6c61a9f5e4b06a5194493b54a58990d8bf11126c45887f286dd7b4ea","1633","1308","architecture","RGB","existing_damage","train","real_damaged","托马斯·查尔德中国摄影集（Lothar Lehmann 藏）","","","","","0","texture_catalog_match_v1+source_attribute_v1","","{""crack"": 0.0256, ""dust"": 0.0335, ""fold"": 0.0927, ""missing_region"": 0.0327, ""mold"": 0.0963, ""scratch"": 0.0303, ""stain"": 0.1035, ""tear"": 0.0844}","{}","0","0","0","0","0","0","0","0","0","0","0","0","0","0","56f7ff7a6c61a9f5e4b06a5194493b54a58990d8bf11126c45887f286dd7b4ea","2271600","png"
"2093","clean_near_000857","clean_near","857","image-433","2223.png","clean_near_000857.png","dataset_images/clean_near/clean_near_000857.png","9cd79a579fed020ab719d31acfb122b9b2f668f6f41ee67a600d6f0498eb4411","1549","1272","outdoor_scene","RGB","existing_damage","train","real_damaged","托马斯·查尔德中国摄影集（Lothar Lehmann 藏）","","","","","0","texture_catalog_match_v1+source_attribute_v1","","{""crack"": 0.0196, ""dust"": 0.0251, ""fold"": 0.0622, ""missing_region"": 0.0578, ""mold"": 0.0843, ""scratch"": 0.0292, ""stain"": 0.0764, ""tear"": 0.1163}","{}","0","0","0","0","0","0","0","0","0","0","0","0","0","0","9cd79a579fed020ab719d31acfb122b9b2f668f6f41ee67a600d6f0498eb4411","2244541","png"
"2095","clean_near_000858","clean_near","858","image-435","2225.png","clean_near_000858.png","dataset_images/clean_near/clean_near_000858.png","7140a5c9db8974fc1ced7bd3d19b63bcde0e76064378b71b1d539e8ab09fb6dc","1323","1012","architecture","RGB","existing_damage","test","real_damaged","托马斯·查尔德中国摄影集（Lothar Lehmann 藏）","","","","","0","texture_catalog_match_v1+source_attribute_v1","","{""crack"": 0.0076, ""dust"": 0.0205, ""fold"": 0.0878, ""missing_region"": 0.0487, ""mold"": 0.1485, ""scratch"": 0.0289, ""stain"": 0.0979, ""tear"": 0.0656}","{}","0","0","0","0","0","0","0","0","0","0","0","0","0","0","7140a5c9db8974fc1ced7bd3d19b63bcde0e76064378b71b1d539e8ab09fb6dc","2111764","png"
"2096","clean_near_000859","clean_near","859","image-436","2226.png","clean_near_000859.png","dataset_images/clean_near/clean_near_000859.png","d865def8ec0b41d2f90a6eb0e8a351ea6059bb055422616eb35b386b5bb853b5","1769","1289","outdoor_scene","RGB","existing_damage","train","real_damaged","托马斯·查尔德中国摄影集（Lothar Lehmann 藏）","","","","","0","texture_catalog_match_v1+source_attribute_v1","","{""crack"": 0.0234, ""dust"": 0.0248, ""fold"": 0.0469, ""missing_region"": 0.0447, ""mold"": 0.0623, ""scratch"": 0.025, ""stain"": 0.0952, ""tear"": 0.1036}","{}","0","0","0","0","0","0","0","0","0","0","0","0","0","0","d865def8ec0b41d2f90a6eb0e8a351ea6059bb055422616eb35b386b5bb853b5","2864733","png"
"2098","clean_near_000860","clean_near","860","image-438","2228.png","clean_near_000860.png","dataset_images/clean_near/clean_near_000860.png","4e6998e6ecd72297ea7ca5b170e178f928ed20a0241860f2ab7e14426e410d03","1741","1281","architecture","RGB","existing_damage","test","real_damaged","托马斯·查尔德中国摄影集（Lothar Lehmann 藏）","","","","","0","texture_catalog_match_v1+source_attribute_v1","","{""crack"": 0.0206, ""dust"": 0.0359, ""fold"": 0.0916, ""missing_region"": 0.0475, ""mold"": 0.1101, ""scratch"": 0.0346, ""stain"": 0.1401, ""tear"": 0.1029}","{}","0","0","0","0","0","0","0","0","0","0","0","0","0","0","4e6998e6ecd72297ea7ca5b170e178f928ed20a0241860f2ab7e14426e410d03","2516855","png"
"2099","clean_near_000861","clean_near","861","image-439","2229.png","clean_near_000861.png","dataset_images/clean_near/clean_near_000861.png","e2445c8f10aba4eeeeff943f266875592e26915f748f698cdc43e931a7220158","1064","1298","other","RGB","existing_damage","train","real_damaged","托马斯·查尔德中国摄影集（Lothar Lehmann 藏）","","","","","0","texture_catalog_match_v1+source_attribute_v1","","{""crack"": 0.0271, ""dust"": 0.0381, ""fold"": 0.0973, ""missing_region"": 0.0519, ""mold"": 0.1091, ""scratch"": 0.0337, ""stain"": 0.1165, ""tear"": 0.117}","{}","0","0","0","0","0","0","0","0","0","0","0","0","0","0","e2445c8f10aba4eeeeff943f266875592e26915f748f698cdc43e931a7220158","1836278","png"
"2100","clean_near_000862","clean_near","862","image-440","2230.png","clean_near_000862.png","dataset_images/clean_near/clean_near_000862.png","3666d3a5cc53421dc7d26dabf93aefa45f8fb1d7edd69fa41654e0a0d0f2e3a7","976","1184","group_portrait","RGB","existing_damage","train","real_damaged","托马斯·查尔德中国摄影集（Lothar Lehmann 藏）","","","","","0","texture_catalog_match_v1+source_attribute_v1","","{""crack"": 0.0282, ""dust"": 0.03, ""fold"": 0.0731, ""missing_region"": 0.0653, ""mold"": 0.1137, ""scratch"": 0.0289, ""stain"": 0.0941, ""tear"": 0.1412}","{}","0","0","0","0","0","0","0","0","0","0","0","0","0","0","3666d3a5cc53421dc7d26dabf93aefa45f8fb1d7edd69fa41654e0a0d0f2e3a7","1659865","png"
