"dataset_seq","dataset_id","dataset_class","class_seq","source_id","original_filename","export_filename","export_path","source_sha256","width","height","content_type","color_mode","quality_label","split","dataset_kind","provider","source_url","license","rights_url","damage_label_list","damage_label_count","damage_label_method","texture_match_label_list","texture_match_scores","texture_match_files","damage_scratch","damage_crack","damage_fold","damage_dust","damage_stain","damage_mold","damage_tear","damage_missing_region","damage_fading","damage_color_cast","damage_blur","damage_noise","damage_jpeg_artifact","damage_uneven_exposure","export_sha256","file_size_bytes","actual_format"
"1","damaged_obvious_000001","damaged_obvious","1","cma_151356","0001.png","damaged_obvious_000001.png","dataset_images/damaged_obvious/damaged_obvious_000001.png","610cbc16f20b1d9890c1fa91697766eb2b3575b459605971b13776e1cbb347b4","1909","2560","single_portrait","RGB","existing_damage","train","real_damaged","Cleveland Museum of Art","https://clevelandart.org/art/1983.198","CC0","https://www.clevelandart.org/open-access","blur","1","texture_catalog_match_v1+source_attribute_v1","","{""crack"": 0.0292, ""dust"": 0.0306, ""fold"": 0.0492, ""missing_region"": 0.0345, ""mold"": 0.0517, ""scratch"": 0.0309, ""stain"": 0.0528, ""tear"": 0.0766}","{}","0","0","0","0","0","0","0","0","0","0","1","0","0","0","610cbc16f20b1d9890c1fa91697766eb2b3575b459605971b13776e1cbb347b4","3350094","png"
"2","damaged_obvious_000002","damaged_obvious","2","cma_151948","0002.png","damaged_obvious_000002.png","dataset_images/damaged_obvious/damaged_obvious_000002.png","4813c37c61b56caa6be3bd828a7e7a931892ebac526ec66231b4e0a4f63008e3","1982","2048","architecture","RGB","existing_damage","validation","real_damaged","Cleveland Museum of Art","https://clevelandart.org/art/1984.24","CC0","https://www.clevelandart.org/open-access","noise|uneven_exposure","2","texture_catalog_match_v1+source_attribute_v1","","{""crack"": 0.0288, ""dust"": 0.0297, ""fold"": 0.0494, ""missing_region"": 0.0282, ""mold"": 0.0358, ""scratch"": 0.028, ""stain"": 0.0515, ""tear"": 0.0582}","{}","0","0","0","0","0","0","0","0","0","0","0","1","0","1","4813c37c61b56caa6be3bd828a7e7a931892ebac526ec66231b4e0a4f63008e3","3522515","png"
"6","damaged_obvious_000003","damaged_obvious","3","met_291408","0006.png","damaged_obvious_000003.png","dataset_images/damaged_obvious/damaged_obvious_000003.png","205d365fc8746e6b190323a75458121c12d48a267aca8f961142d2fb9acad601","2461","1715","outdoor_scene","RGB","existing_damage","test","real_damaged","The Metropolitan Museum of Art","https://www.metmuseum.org/art/collection/search/291408","Public Domain","https://www.metmuseum.org/about-the-met/policies-and-documents/open-access","blur","1","texture_catalog_match_v1+source_attribute_v1","","{""crack"": 0.0175, ""dust"": 0.0318, ""fold"": 0.0813, ""missing_region"": 0.0429, ""mold"": 0.1328, ""scratch"": 0.0266, ""stain"": 0.1339, ""tear"": 0.076}","{}","0","0","0","0","0","0","0","0","0","0","1","0","0","0","cfa19f753b3c6d1ea9379f6c9c6ff505e8712e5935ea33a2c25e605db1f96ba7","4499882","png"
"9","damaged_obvious_000004","damaged_obvious","4","met_291421","0009.png","damaged_obvious_000004.png","dataset_images/damaged_obvious/damaged_obvious_000004.png","79f90df3ecd8ba61fa24f5de67485210c1c8b886579873ef25eccb88757df32e","2035","1363","architecture","RGB","existing_damage","train","real_damaged","The Metropolitan Museum of Art","https://www.metmuseum.org/art/collection/search/291421","Public Domain","https://www.metmuseum.org/about-the-met/policies-and-documents/open-access","blur|uneven_exposure","2","texture_catalog_match_v1+source_attribute_v1","","{""crack"": 0.0287, ""dust"": 0.0269, ""fold"": 0.0591, ""missing_region"": 0.0272, ""mold"": 0.0371, ""scratch"": 0.029, ""stain"": 0.0446, ""tear"": 0.0394}","{}","0","0","0","0","0","0","0","0","0","0","1","0","0","1","51647d93fed092e9ca62ce48e5915165b07eca250c4f37df2434d9a33b8bd7d1","3819723","png"
"10","damaged_obvious_000005","damaged_obvious","5","met_291426","0010.png","damaged_obvious_000005.png","dataset_images/damaged_obvious/damaged_obvious_000005.png","3e7662f1bc6445d6efb9354ab49fd93a2517db63e2ed0af59b34dcee19e12109","1976","1510","architecture","RGB","existing_damage","train","real_damaged","The Metropolitan Museum of Art","https://www.metmuseum.org/art/collection/search/291426","Public Domain","https://www.metmuseum.org/about-the-met/policies-and-documents/open-access","blur","1","texture_catalog_match_v1+source_attribute_v1","","{""crack"": 0.0323, ""dust"": 0.0328, ""fold"": 0.0765, ""missing_region"": 0.0309, ""mold"": 0.0721, ""scratch"": 0.0344, ""stain"": 0.0825, ""tear"": 0.0957}","{}","0","0","0","0","0","0","0","0","0","0","1","0","0","0","c33bef061fc3576c923c20d1b3529f8e36c160de9dc83fe362737b26256ee18a","4016319","png"
"11","damaged_obvious_000006","damaged_obvious","6","commons_126834742","0012.png","damaged_obvious_000006.png","dataset_images/damaged_obvious/damaged_obvious_000006.png","bfc72244506012f201772fa23d4d5c570d85f711449ebb7139310d13d2a646b5","1971","2416","architecture","RGB","existing_damage","train","real_damaged","Wikimedia Commons","https://commons.wikimedia.org/wiki/File:Historical_photograph_of_Takht_Keshgarh_Sahib.jpg","Public domain","","noise|uneven_exposure","2","texture_catalog_match_v1+source_attribute_v1","","{""crack"": 0.0086, ""dust"": 0.0157, ""fold"": 0.0332, ""missing_region"": 0.0217, ""mold"": 0.031, ""scratch"": 0.0167, ""stain"": 0.0406, ""tear"": 0.0264}","{}","0","0","0","0","0","0","0","0","0","0","0","1","0","1","756aaada1d7f92b86bbe0ce51b65b35d532cbd2df4beb48c41a87466e1f1740d","5882294","png"
"12","damaged_obvious_000007","damaged_obvious","7","commons_126847690","0013.png","damaged_obvious_000007.png","dataset_images/damaged_obvious/damaged_obvious_000007.png","3d65243c5596c35b4a9468f94d1acebba89c9700365bfa2bb7404b7c357b042c","2048","1394","architecture","RGB","existing_damage","train","real_damaged","Wikimedia Commons","https://commons.wikimedia.org/wiki/File:Historical_photograph_of_Fatehgarh_Sahib.jpg","Public domain","","noise","1","texture_catalog_match_v1+source_attribute_v1","","{""crack"": 0.0297, ""dust"": 0.0435, ""fold"": 0.0899, ""missing_region"": 0.0861, ""mold"": 0.1129, ""scratch"": 0.035, ""stain"": 0.1062, ""tear"": 0.1357}","{}","0","0","0","0","0","0","0","0","0","0","0","1","0","0","3d65243c5596c35b4a9468f94d1acebba89c9700365bfa2bb7404b7c357b042c","2712809","png"
"13","damaged_obvious_000008","damaged_obvious","8","commons_126847691","0014.png","damaged_obvious_000008.png","dataset_images/damaged_obvious/damaged_obvious_000008.png","b51757adc090baf3db4a4ab12cc0e61ce0486096f279d9dcc0cad8b47ded16b7","2048","1412","architecture","RGB","existing_damage","train","real_damaged","Wikimedia Commons","https://commons.wikimedia.org/wiki/File:Historical_photograph_of_Darbar_Sahib,_Mukhtsar.jpg","Public domain","","noise|uneven_exposure","2","texture_catalog_match_v1+source_attribute_v1","","{""crack"": 0.0261, ""dust"": 0.0439, ""fold"": 0.0953, ""missing_region"": 0.0503, ""mold"": 0.1302, ""scratch"": 0.0295, ""stain"": 0.1436, ""tear"": 0.0924}","{}","0","0","0","0","0","0","0","0","0","0","0","1","0","1","b51757adc090baf3db4a4ab12cc0e61ce0486096f279d9dcc0cad8b47ded16b7","2595334","png"
"14","damaged_obvious_000009","damaged_obvious","9","commons_135995157","0015.png","damaged_obvious_000009.png","dataset_images/damaged_obvious/damaged_obvious_000009.png","b084062b483c6932efd7a6172d53d3ebe1b97c3ef8d5247e1005a5cb0f73b5fd","2048","1977","outdoor_scene","RGB","existing_damage","train","real_damaged","Wikimedia Commons","https://commons.wikimedia.org/wiki/File:Historical_photographs_of_port_of_Antwerp.jpg","CC BY-SA 4.0","https://creativecommons.org/licenses/by-sa/4.0","noise|uneven_exposure","2","texture_catalog_match_v1+source_attribute_v1","","{""crack"": 0.0265, ""dust"": 0.0286, ""fold"": 0.0437, ""missing_region"": 0.0262, ""mold"": 0.0284, ""scratch"": 0.0293, ""stain"": 0.0786, ""tear"": 0.0747}","{}","0","0","0","0","0","0","0","0","0","0","0","1","0","1","b084062b483c6932efd7a6172d53d3ebe1b97c3ef8d5247e1005a5cb0f73b5fd","3323480","png"
"15","damaged_obvious_000010","damaged_obvious","10","commons_136194241","0016.png","damaged_obvious_000010.png","dataset_images/damaged_obvious/damaged_obvious_000010.png","6e8e91020d92f1a52caeb0722c216982e6d591e1e8e60ed052719980fe690516","1795","2048","outdoor_scene","RGB","existing_damage","test","real_damaged","Wikimedia Commons","https://commons.wikimedia.org/wiki/File:Historical_photographs_of_Oxford.jpg","CC BY-SA 4.0","https://creativecommons.org/licenses/by-sa/4.0","noise","1","texture_catalog_match_v1+source_attribute_v1","","{""crack"": 0.0181, ""dust"": 0.0231, ""fold"": 0.0859, ""missing_region"": 0.0282, ""mold"": 0.086, ""scratch"": 0.031, ""stain"": 0.0784, ""tear"": 0.1008}","{}","0","0","0","0","0","0","0","0","0","0","0","1","0","0","6e8e91020d92f1a52caeb0722c216982e6d591e1e8e60ed052719980fe690516","2977835","png"
"16","damaged_obvious_000011","damaged_obvious","11","commons_136464210","0017.png","damaged_obvious_000011.png","dataset_images/damaged_obvious/damaged_obvious_000011.png","8d55d02b431dbac579414e580c575fbfe2fb62b2ac04fd1fe36a62314fc755ff","2560","2375","outdoor_scene","RGB","existing_damage","train","real_damaged","Wikimedia Commons","https://commons.wikimedia.org/wiki/File:Historical_photograph_of_Fisherman%27s_Bastion.jpg","CC BY-SA 4.0","https://creativecommons.org/licenses/by-sa/4.0","noise|uneven_exposure","2","texture_catalog_match_v1+source_attribute_v1","","{""crack"": 0.0021, ""dust"": 0.0036, ""fold"": 0.0364, ""missing_region"": 0.0054, ""mold"": 0.01, ""scratch"": 0.0063, ""stain"": 0.0104, ""tear"": 0.0148}","{}","0","0","0","0","0","0","0","0","0","0","0","1","0","1","8d55d02b431dbac579414e580c575fbfe2fb62b2ac04fd1fe36a62314fc755ff","3723485","png"
"17","damaged_obvious_000012","damaged_obvious","12","commons_15963624","0018.png","damaged_obvious_000012.png","dataset_images/damaged_obvious/damaged_obvious_000012.png","aa6c14057e4a8e9afc1ad445e2d9650d5d02c067376968fd0afc3aa5e7e61167","2000","1452","group_portrait","RGB","existing_damage","test","real_damaged","Wikimedia Commons","https://commons.wikimedia.org/wiki/File:The_Nine_Sovereigns_at_Windsor_for_the_funeral_of_King_Edward_VII.jpg","Public domain","","noise","1","texture_catalog_match_v1+source_attribute_v1","","{""crack"": 0.0117, ""dust"": 0.0287, ""fold"": 0.0637, ""missing_region"": 0.0451, ""mold"": 0.077, ""scratch"": 0.0274, ""stain"": 0.0897, ""tear"": 0.0624}","{}","0","0","0","0","0","0","0","0","0","0","0","1","0","0","aa6c14057e4a8e9afc1ad445e2d9650d5d02c067376968fd0afc3aa5e7e61167","2261106","png"
"18","damaged_obvious_000013","damaged_obvious","13","commons_24718776","0020.png","damaged_obvious_000013.png","dataset_images/damaged_obvious/damaged_obvious_000013.png","eb6d8d2ffab91abe6f6086771c9c549126d799d53a8848c88ecd7f4187fad54c","2139","2787","single_portrait","RGB","existing_damage","validation","real_damaged","Wikimedia Commons","https://commons.wikimedia.org/wiki/File:Louis_D%C3%A9sir%C3%A9_Blanquart-Evrard_1869_photograph_BNF_Gallica.jpg","Public domain","","noise|uneven_exposure","2","texture_catalog_match_v1+source_attribute_v1","","{""crack"": 0.0116, ""dust"": 0.0291, ""fold"": 0.0682, ""missing_region"": 0.0348, ""mold"": 0.0668, ""scratch"": 0.0267, ""stain"": 0.0699, ""tear"": 0.0422}","{}","0","0","0","0","0","0","0","0","0","0","0","1","0","1","f9f9c6e67567ec3e0f92abd48a009141f04449ecf83dd9be9a4f3c14b8aa612e","4545532","png"
"19","damaged_obvious_000014","damaged_obvious","14","commons_2780533","0021.png","damaged_obvious_000014.png","dataset_images/damaged_obvious/damaged_obvious_000014.png","2ac621feceb9ce3bc9d8b5cf6d6fac0aaee746025c17fdc0014c10ade4f86b03","2186","2935","single_portrait","RGB","existing_damage","test","real_damaged","Wikimedia Commons","https://commons.wikimedia.org/wiki/File:Ida_Husted_Harper_photograph_by_Aime_Dupont.jpg","Public domain","","uneven_exposure","1","texture_catalog_match_v1+source_attribute_v1","","{""crack"": 0.0101, ""dust"": 0.0201, ""fold"": 0.042, ""missing_region"": 0.03, ""mold"": 0.0366, ""scratch"": 0.018, ""stain"": 0.0414, ""tear"": 0.0476}","{}","0","0","0","0","0","0","0","0","0","0","0","0","0","1","2ac621feceb9ce3bc9d8b5cf6d6fac0aaee746025c17fdc0014c10ade4f86b03","3935266","png"
"20","damaged_obvious_000015","damaged_obvious","15","commons_91475514","0026.png","damaged_obvious_000015.png","dataset_images/damaged_obvious/damaged_obvious_000015.png","e72e23c70cf389fe3f1dcb629caf9befd79b0bd870a42f7b22b3bba6db3b29e0","2061","2856","single_portrait","RGB","existing_damage","train","real_damaged","Wikimedia Commons","https://commons.wikimedia.org/wiki/File:Gilbert_Studios_photograph_of_Harriet_Jacobs.jpg","Public domain","","color_cast|noise|uneven_exposure","3","texture_catalog_match_v1+source_attribute_v1","","{""crack"": 0.0009, ""dust"": 0.0045, ""fold"": 0.0144, ""missing_region"": 0.0189, ""mold"": 0.0215, ""scratch"": 0.0082, ""stain"": 0.0334, ""tear"": 0.0189}","{}","0","0","0","0","0","0","0","0","0","1","0","1","0","1","dd93bfa8b7a87f81fd1349a1c6c46b2b94a4aec6c8fa2367ece6c21310ecf908","6498913","png"
"21","damaged_obvious_000016","damaged_obvious","16","cma_150113","0027.png","damaged_obvious_000016.png","dataset_images/damaged_obvious/damaged_obvious_000016.png","599ebfc41ed5a2f1075c3e13caac840c939ace3c2bd335c5573cfdde4cc86b46","2131","2560","outdoor_scene","RGB","existing_damage","train","real_damaged","Cleveland Museum of Art","https://clevelandart.org/art/1980.35","CC0","https://www.clevelandart.org/open-access","noise","1","texture_catalog_match_v1+source_attribute_v1","","{""crack"": 0.0066, ""dust"": 0.0137, ""fold"": 0.0328, ""missing_region"": 0.0371, ""mold"": 0.0483, ""scratch"": 0.0151, ""stain"": 0.0723, ""tear"": 0.0587}","{}","0","0","0","0","0","0","0","0","0","0","0","1","0","0","599ebfc41ed5a2f1075c3e13caac840c939ace3c2bd335c5573cfdde4cc86b46","3775495","png"
"24","damaged_obvious_000017","damaged_obvious","17","cma_152349","0030.png","damaged_obvious_000017.png","dataset_images/damaged_obvious/damaged_obvious_000017.png","853dd8150d9162505e0e9acb62e6a51b510f763c636f16362f9ea48f90d9928b","1622","2048","single_portrait","RGB","existing_damage","test","real_damaged","Cleveland Museum of Art","https://clevelandart.org/art/1985.203","CC0","https://www.clevelandart.org/open-access","blur","1","texture_catalog_match_v1+source_attribute_v1","","{""crack"": 0.0311, ""dust"": 0.0338, ""fold"": 0.0611, ""missing_region"": 0.0394, ""mold"": 0.085, ""scratch"": 0.0314, ""stain"": 0.0946, ""tear"": 0.0812}","{}","0","0","0","0","0","0","0","0","0","0","1","0","0","0","853dd8150d9162505e0e9acb62e6a51b510f763c636f16362f9ea48f90d9928b","3063746","png"
"26","damaged_obvious_000018","damaged_obvious","18","cma_153706","0032.png","damaged_obvious_000018.png","dataset_images/damaged_obvious/damaged_obvious_000018.png","10e4f11872eee0046cbd251f2d0526a4c92b2e72a5723b92e382388d26a01fce","2560","1802","architecture","RGB","existing_damage","validation","real_damaged","Cleveland Museum of Art","https://clevelandart.org/art/1987.218","CC0","https://www.clevelandart.org/open-access","noise","1","texture_catalog_match_v1+source_attribute_v1","","{""crack"": 0.0045, ""dust"": 0.0156, ""fold"": 0.0616, ""missing_region"": 0.0425, ""mold"": 0.0966, ""scratch"": 0.0194, ""stain"": 0.1576, ""tear"": 0.1121}","{}","0","0","0","0","0","0","0","0","0","0","0","1","0","0","10e4f11872eee0046cbd251f2d0526a4c92b2e72a5723b92e382388d26a01fce","3547931","png"
"27","damaged_obvious_000019","damaged_obvious","19","cma_154075","0033.png","damaged_obvious_000019.png","dataset_images/damaged_obvious/damaged_obvious_000019.png","e62119aa485ca98b101e561faceee7a21d8117a249b405ac25d304f7ce23ed32","2560","1833","outdoor_scene","RGB","existing_damage","train","real_damaged","Cleveland Museum of Art","https://clevelandart.org/art/1988.191","CC0","https://www.clevelandart.org/open-access","uneven_exposure","1","texture_catalog_match_v1+source_attribute_v1","","{""crack"": 0.0196, ""dust"": 0.0327, ""fold"": 0.1307, ""missing_region"": 0.0297, ""mold"": 0.0649, ""scratch"": 0.026, ""stain"": 0.0849, ""tear"": 0.089}","{}","0","0","0","0","0","0","0","0","0","0","0","0","0","1","e62119aa485ca98b101e561faceee7a21d8117a249b405ac25d304f7ce23ed32","3640743","png"
"28","damaged_obvious_000020","damaged_obvious","20","cma_155006","0034.png","damaged_obvious_000020.png","dataset_images/damaged_obvious/damaged_obvious_000020.png","29cdf2d77229956b528a8010d546773c538f598c4435809602d61b8a60632464","2017","2560","architecture","RGB","existing_damage","train","real_damaged","Cleveland Museum of Art","https://clevelandart.org/art/1989.56","CC0","https://www.clevelandart.org/open-access","noise","1","texture_catalog_match_v1+source_attribute_v1","","{""crack"": 0.0268, ""dust"": 0.0268, ""fold"": 0.0471, ""missing_region"": 0.0263, ""mold"": 0.0396, ""scratch"": 0.0277, ""stain"": 0.0871, ""tear"": 0.051}","{}","0","0","0","0","0","0","0","0","0","0","0","1","0","0","29cdf2d77229956b528a8010d546773c538f598c4435809602d61b8a60632464","3228952","png"
"29","damaged_obvious_000021","damaged_obvious","21","cma_155857","0035.png","damaged_obvious_000021.png","dataset_images/damaged_obvious/damaged_obvious_000021.png","b2f2129977fda4d6633dd3dfec71fc954af43c15ea7a3decc74d609b9fbe0c3a","1973","2560","architecture","RGB","existing_damage","train","real_damaged","Cleveland Museum of Art","https://clevelandart.org/art/1991.160","CC0","https://www.clevelandart.org/open-access","noise|uneven_exposure","2","texture_catalog_match_v1+source_attribute_v1","","{""crack"": 0.015, ""dust"": 0.0161, ""fold"": 0.0223, ""missing_region"": 0.021, ""mold"": 0.0156, ""scratch"": 0.0159, ""stain"": 0.0245, ""tear"": 0.0574}","{}","0","0","0","0","0","0","0","0","0","0","0","1","0","1","b2f2129977fda4d6633dd3dfec71fc954af43c15ea7a3decc74d609b9fbe0c3a","3314346","png"
"30","damaged_obvious_000022","damaged_obvious","22","cma_156283","0036.png","damaged_obvious_000022.png","dataset_images/damaged_obvious/damaged_obvious_000022.png","1de081d8d5851f7ebe75d7aa97f2fd022e9bf4b1425452aa7b54ff1f20a31ea4","2560","2062","outdoor_scene","RGB","existing_damage","train","real_damaged","Cleveland Museum of Art","https://clevelandart.org/art/1992.12","CC0","https://www.clevelandart.org/open-access","noise|uneven_exposure","2","texture_catalog_match_v1+source_attribute_v1","","{""crack"": 0.01, ""dust"": 0.0353, ""fold"": 0.0929, ""missing_region"": 0.0372, ""mold"": 0.0867, ""scratch"": 0.0307, ""stain"": 0.1077, ""tear"": 0.0914}","{}","0","0","0","0","0","0","0","0","0","0","0","1","0","1","1de081d8d5851f7ebe75d7aa97f2fd022e9bf4b1425452aa7b54ff1f20a31ea4","3286448","png"
"31","damaged_obvious_000023","damaged_obvious","23","cma_156525","0037.png","damaged_obvious_000023.png","dataset_images/damaged_obvious/damaged_obvious_000023.png","89600aa9414b5ba2df75d8dbe27baf8bd7f59f6253b480edebf22f76489783d0","2560","2038","architecture","RGB","existing_damage","train","real_damaged","Cleveland Museum of Art","https://clevelandart.org/art/1992.236","CC0","https://www.clevelandart.org/open-access","noise|uneven_exposure","2","texture_catalog_match_v1+source_attribute_v1","","{""crack"": 0.0278, ""dust"": 0.0288, ""fold"": 0.0445, ""missing_region"": 0.0475, ""mold"": 0.0644, ""scratch"": 0.0411, ""stain"": 0.1128, ""tear"": 0.0673}","{}","0","0","0","0","0","0","0","0","0","0","0","1","0","1","89600aa9414b5ba2df75d8dbe27baf8bd7f59f6253b480edebf22f76489783d0","3271535","png"
"32","damaged_obvious_000024","damaged_obvious","24","cma_157339","0038.png","damaged_obvious_000024.png","dataset_images/damaged_obvious/damaged_obvious_000024.png","7ff9bd504e44939bd95051dbffe4261e63f200aa0fa9c96697a8d981b423c562","2560","2009","other","RGB","existing_damage","train","real_damaged","Cleveland Museum of Art","https://clevelandart.org/art/1994.201","CC0","https://www.clevelandart.org/open-access","noise|uneven_exposure","2","texture_catalog_match_v1+source_attribute_v1","","{""crack"": 0.0048, ""dust"": 0.0134, ""fold"": 0.0321, ""missing_region"": 0.022, ""mold"": 0.0174, ""scratch"": 0.0138, ""stain"": 0.0278, ""tear"": 0.0328}","{}","0","0","0","0","0","0","0","0","0","0","0","1","0","1","7ff9bd504e44939bd95051dbffe4261e63f200aa0fa9c96697a8d981b423c562","3314042","png"
"33","damaged_obvious_000025","damaged_obvious","25","cma_157680","0039.png","damaged_obvious_000025.png","dataset_images/damaged_obvious/damaged_obvious_000025.png","719084c1af38c4855f6726beef26a0289ad92f2d28b86e6e2c018ee06be92d7b","2560","2206","single_portrait","RGB","existing_damage","train","real_damaged","Cleveland Museum of Art","https://clevelandart.org/art/1995.179","CC0","https://www.clevelandart.org/open-access","noise","1","texture_catalog_match_v1+source_attribute_v1","","{""crack"": 0.0051, ""dust"": 0.0135, ""fold"": 0.0344, ""missing_region"": 0.0334, ""mold"": 0.0478, ""scratch"": 0.0183, ""stain"": 0.0447, ""tear"": 0.0423}","{}","0","0","0","0","0","0","0","0","0","0","0","1","0","0","719084c1af38c4855f6726beef26a0289ad92f2d28b86e6e2c018ee06be92d7b","3995707","png"
"34","damaged_obvious_000026","damaged_obvious","26","cma_159071","0040.png","damaged_obvious_000026.png","dataset_images/damaged_obvious/damaged_obvious_000026.png","837e428cedf39d135cb945e56f1a1b9c44ea1742c9095301482cb210fc77914d","1855","2560","outdoor_scene","RGB","existing_damage","validation","real_damaged","Cleveland Museum of Art","https://clevelandart.org/art/1995.27","CC0","https://www.clevelandart.org/open-access","uneven_exposure","1","texture_catalog_match_v1+source_attribute_v1","","{""crack"": 0.0257, ""dust"": 0.0358, ""fold"": 0.0683, ""missing_region"": 0.0414, ""mold"": 0.0822, ""scratch"": 0.0351, ""stain"": 0.1544, ""tear"": 0.1233}","{}","0","0","0","0","0","0","0","0","0","0","0","0","0","1","837e428cedf39d135cb945e56f1a1b9c44ea1742c9095301482cb210fc77914d","3892026","png"
"37","damaged_obvious_000027","damaged_obvious","27","cma_160087","0043.png","damaged_obvious_000027.png","dataset_images/damaged_obvious/damaged_obvious_000027.png","51254711848e3dcb99c4aa69c7fbc48d58c9398ace0c8a55738a7e36a10013c7","1895","2479","single_portrait","RGB","existing_damage","train","real_damaged","Cleveland Museum of Art","https://clevelandart.org/art/1997.56","CC0","https://www.clevelandart.org/open-access","noise","1","texture_catalog_match_v1+source_attribute_v1","","{""crack"": 0.008, ""dust"": 0.0169, ""fold"": 0.0207, ""missing_region"": 0.0225, ""mold"": 0.024, ""scratch"": 0.0149, ""stain"": 0.05, ""tear"": 0.0552}","{}","0","0","0","0","0","0","0","0","0","0","0","1","0","0","918b72ad1d071e359ff661b6829df256c145a8d6266c06216b0d7885a1a0d771","7944626","png"
"39","damaged_obvious_000028","damaged_obvious","28","cma_163453","0045.png","damaged_obvious_000028.png","dataset_images/damaged_obvious/damaged_obvious_000028.png","2173c743c97d2bd140a6cab9a9c01bbf8093c7da46d44504c502d945204eb6b3","1925","2560","architecture","RGB","existing_damage","train","real_damaged","Cleveland Museum of Art","https://clevelandart.org/art/2004.32","CC0","https://www.clevelandart.org/open-access","noise","1","texture_catalog_match_v1+source_attribute_v1","","{""crack"": 0.0174, ""dust"": 0.0347, ""fold"": 0.0574, ""missing_region"": 0.0428, ""mold"": 0.11, ""scratch"": 0.0322, ""stain"": 0.1174, ""tear"": 0.095}","{}","0","0","0","0","0","0","0","0","0","0","0","1","0","0","2173c743c97d2bd140a6cab9a9c01bbf8093c7da46d44504c502d945204eb6b3","3299210","png"
"40","damaged_obvious_000029","damaged_obvious","29","cma_680650","0046.png","damaged_obvious_000029.png","dataset_images/damaged_obvious/damaged_obvious_000029.png","c157b75f9bfdf52c4dacfb7a326e60ad0034beebc4df7d090a59433fc6b903d2","2560","1955","group_portrait","RGB","existing_damage","train","real_damaged","Cleveland Museum of Art","https://clevelandart.org/art/2024.80","CC0","https://www.clevelandart.org/open-access","noise","1","texture_catalog_match_v1+source_attribute_v1","","{""crack"": 0.0249, ""dust"": 0.0229, ""fold"": 0.0492, ""missing_region"": 0.0241, ""mold"": 0.03, ""scratch"": 0.0246, ""stain"": 0.0428, ""tear"": 0.0503}","{}","0","0","0","0","0","0","0","0","0","0","0","1","0","0","c157b75f9bfdf52c4dacfb7a326e60ad0034beebc4df7d090a59433fc6b903d2","3716015","png"
"41","damaged_obvious_000030","damaged_obvious","30","digitaltmuseum_S-UM_ED05974","0047.png","damaged_obvious_000030.png","dataset_images/damaged_obvious/damaged_obvious_000030.png","85d4f5d4da1ce005ee9fb3be0cff0233a4e9b87df7f39e96981da15c35b0b510","1601","2048","indoor_scene","RGB","existing_damage","train","real_damaged","DigitaltMuseum","https://digitaltmuseum.org/S-UM/ED05974","Public Domain","https://creativecommons.org/publicdomain/mark/1.0/","noise|uneven_exposure","2","texture_catalog_match_v1+source_attribute_v1","","{""crack"": 0.0006, ""dust"": 0.003, ""fold"": 0.0229, ""missing_region"": 0.015, ""mold"": 0.0212, ""scratch"": 0.0124, ""stain"": 0.0437, ""tear"": 0.0355}","{}","0","0","0","0","0","0","0","0","0","0","0","1","0","1","85d4f5d4da1ce005ee9fb3be0cff0233a4e9b87df7f39e96981da15c35b0b510","2397037","png"
"42","damaged_obvious_000031","damaged_obvious","31","digitaltmuseum_S-TEK_TEKA0013113","0048.png","damaged_obvious_000031.png","dataset_images/damaged_obvious/damaged_obvious_000031.png","8c5d95c5cbe37df72cca4a63e0d6a11c60875f22d6cafc3d80fc591811a99e9e","2048","1537","other","RGB","existing_damage","train","real_damaged","DigitaltMuseum","https://digitaltmuseum.org/S-TEK/TEKA0013113","Public Domain","https://creativecommons.org/publicdomain/mark/1.0/","uneven_exposure","1","texture_catalog_match_v1+source_attribute_v1","","{""crack"": 0.0571, ""dust"": 0.0637, ""fold"": 0.08, ""missing_region"": 0.0758, ""mold"": 0.084, ""scratch"": 0.0611, ""stain"": 0.1144, ""tear"": 0.113}","{}","0","0","0","0","0","0","0","0","0","0","0","0","0","1","8c5d95c5cbe37df72cca4a63e0d6a11c60875f22d6cafc3d80fc591811a99e9e","1378464","png"
"43","damaged_obvious_000032","damaged_obvious","32","digitaltmuseum_S-TEK_TEKA0013114","0049.png","damaged_obvious_000032.png","dataset_images/damaged_obvious/damaged_obvious_000032.png","e8cdc90c8b7ecfcce72f249af2aed81e5ad07b4a08342622c112a4a0e61543c0","2048","1545","other","RGB","existing_damage","train","real_damaged","DigitaltMuseum","https://digitaltmuseum.org/S-TEK/TEKA0013114","Public Domain","https://creativecommons.org/publicdomain/mark/1.0/","uneven_exposure","1","texture_catalog_match_v1+source_attribute_v1","","{""crack"": 0.0219, ""dust"": 0.036, ""fold"": 0.0592, ""missing_region"": 0.0317, ""mold"": 0.0735, ""scratch"": 0.0306, ""stain"": 0.0749, ""tear"": 0.0891}","{}","0","0","0","0","0","0","0","0","0","0","0","0","0","1","e8cdc90c8b7ecfcce72f249af2aed81e5ad07b4a08342622c112a4a0e61543c0","940655","png"
"44","damaged_obvious_000033","damaged_obvious","33","digitaltmuseum_S-TEK_TEKA0013115","0050.png","damaged_obvious_000033.png","dataset_images/damaged_obvious/damaged_obvious_000033.png","4d742b7908a7881034ee47ccd879a94b91c4aad96e7e08b804ff41708084cb44","2048","1549","other","RGB","existing_damage","train","real_damaged","DigitaltMuseum","https://digitaltmuseum.org/S-TEK/TEKA0013115","Public Domain","https://creativecommons.org/publicdomain/mark/1.0/","uneven_exposure","1","texture_catalog_match_v1+source_attribute_v1","","{""crack"": 0.0199, ""dust"": 0.0273, ""fold"": 0.045, ""missing_region"": 0.0321, ""mold"": 0.0494, ""scratch"": 0.0247, ""stain"": 0.0667, ""tear"": 0.0954}","{}","0","0","0","0","0","0","0","0","0","0","0","0","0","1","4d742b7908a7881034ee47ccd879a94b91c4aad96e7e08b804ff41708084cb44","1047113","png"
"45","damaged_obvious_000034","damaged_obvious","34","digitaltmuseum_S-TEK_TEKA0013116","0051.png","damaged_obvious_000034.png","dataset_images/damaged_obvious/damaged_obvious_000034.png","1ba3d3288f12fd0e897cc8242e116082b0be2f47849504dbc0e59b7301576213","2048","1540","other","RGB","existing_damage","train","real_damaged","DigitaltMuseum","https://digitaltmuseum.org/S-TEK/TEKA0013116","Public Domain","https://creativecommons.org/publicdomain/mark/1.0/","uneven_exposure","1","texture_catalog_match_v1+source_attribute_v1","","{""crack"": 0.0116, ""dust"": 0.0253, ""fold"": 0.0665, ""missing_region"": 0.0281, ""mold"": 0.0527, ""scratch"": 0.0217, ""stain"": 0.0773, ""tear"": 0.0683}","{}","0","0","0","0","0","0","0","0","0","0","0","0","0","1","1ba3d3288f12fd0e897cc8242e116082b0be2f47849504dbc0e59b7301576213","1036641","png"
"46","damaged_obvious_000035","damaged_obvious","35","digitaltmuseum_S-TEK_TEKA0013137","0052.png","damaged_obvious_000035.png","dataset_images/damaged_obvious/damaged_obvious_000035.png","52e18598fe85b00933d4e8249678a27e8772d1fb45f99987a26a8c336706386a","2048","1550","other","RGB","existing_damage","train","real_damaged","DigitaltMuseum","https://digitaltmuseum.org/S-TEK/TEKA0013137","Public Domain","https://creativecommons.org/publicdomain/mark/1.0/","uneven_exposure","1","texture_catalog_match_v1+source_attribute_v1","","{""crack"": 0.0136, ""dust"": 0.0228, ""fold"": 0.0413, ""missing_region"": 0.0336, ""mold"": 0.0671, ""scratch"": 0.0195, ""stain"": 0.079, ""tear"": 0.0343}","{}","0","0","0","0","0","0","0","0","0","0","0","0","0","1","52e18598fe85b00933d4e8249678a27e8772d1fb45f99987a26a8c336706386a","883559","png"
"47","damaged_obvious_000036","damaged_obvious","36","digitaltmuseum_S-TEK_TEKA0013138","0053.png","damaged_obvious_000036.png","dataset_images/damaged_obvious/damaged_obvious_000036.png","6cfa2dc379ede0d192d33f18808b35755800074110359ca31ee11fbdb558dd7e","2048","1551","other","RGB","existing_damage","validation","real_damaged","DigitaltMuseum","https://digitaltmuseum.org/S-TEK/TEKA0013138","Public Domain","https://creativecommons.org/publicdomain/mark/1.0/","noise|uneven_exposure","2","texture_catalog_match_v1+source_attribute_v1","","{""crack"": 0.0044, ""dust"": 0.0062, ""fold"": 0.0193, ""missing_region"": 0.0154, ""mold"": 0.0169, ""scratch"": 0.013, ""stain"": 0.012, ""tear"": 0.0154}","{}","0","0","0","0","0","0","0","0","0","0","0","1","0","1","6cfa2dc379ede0d192d33f18808b35755800074110359ca31ee11fbdb558dd7e","931724","png"
"48","damaged_obvious_000037","damaged_obvious","37","digitaltmuseum_S-TEK_TEKA0013140","0054.png","damaged_obvious_000037.png","dataset_images/damaged_obvious/damaged_obvious_000037.png","91a9b1ee5d76d1daf4250f7c754a813e7275393ad6303d7279f1227baaa16f8f","2048","1542","other","RGB","existing_damage","train","real_damaged","DigitaltMuseum","https://digitaltmuseum.org/S-TEK/TEKA0013140","Public Domain","https://creativecommons.org/publicdomain/mark/1.0/","noise|uneven_exposure","2","texture_catalog_match_v1+source_attribute_v1","","{""crack"": 0.0035, ""dust"": 0.0091, ""fold"": 0.0524, ""missing_region"": 0.0492, ""mold"": 0.0436, ""scratch"": 0.027, ""stain"": 0.039, ""tear"": 0.059}","{}","0","0","0","0","0","0","0","0","0","0","0","1","0","1","91a9b1ee5d76d1daf4250f7c754a813e7275393ad6303d7279f1227baaa16f8f","976486","png"
"49","damaged_obvious_000038","damaged_obvious","38","digitaltmuseum_S-TEK_TEKA0013141","0055.png","damaged_obvious_000038.png","dataset_images/damaged_obvious/damaged_obvious_000038.png","0d70e8ff7ba826c05537b421f9dbaf58be5d9f3245e84f1b01994a6a38cef5df","1543","2048","other","RGB","existing_damage","train","real_damaged","DigitaltMuseum","https://digitaltmuseum.org/S-TEK/TEKA0013141","Public Domain","https://creativecommons.org/publicdomain/mark/1.0/","noise|uneven_exposure","2","texture_catalog_match_v1+source_attribute_v1","","{""crack"": 0.0185, ""dust"": 0.0231, ""fold"": 0.0457, ""missing_region"": 0.0251, ""mold"": 0.0343, ""scratch"": 0.0207, ""stain"": 0.0688, ""tear"": 0.0321}","{}","0","0","0","0","0","0","0","0","0","0","0","1","0","1","0d70e8ff7ba826c05537b421f9dbaf58be5d9f3245e84f1b01994a6a38cef5df","1180826","png"
"50","damaged_obvious_000039","damaged_obvious","39","digitaltmuseum_S-TEK_TEKA0013142","0056.png","damaged_obvious_000039.png","dataset_images/damaged_obvious/damaged_obvious_000039.png","e8de32222059fb30101ed90cd2c2d22e1bdef09d3480891a8dc2f62a13096059","2048","1509","other","RGB","existing_damage","train","real_damaged","DigitaltMuseum","https://digitaltmuseum.org/S-TEK/TEKA0013142","Public Domain","https://creativecommons.org/publicdomain/mark/1.0/","uneven_exposure","1","texture_catalog_match_v1+source_attribute_v1","","{""crack"": 0.0059, ""dust"": 0.0173, ""fold"": 0.0409, ""missing_region"": 0.0198, ""mold"": 0.0398, ""scratch"": 0.0207, ""stain"": 0.0354, ""tear"": 0.0303}","{}","0","0","0","0","0","0","0","0","0","0","0","0","0","1","e8de32222059fb30101ed90cd2c2d22e1bdef09d3480891a8dc2f62a13096059","901266","png"
"51","damaged_obvious_000040","damaged_obvious","40","digitaltmuseum_S-TEK_TEKA0013146","0057.png","damaged_obvious_000040.png","dataset_images/damaged_obvious/damaged_obvious_000040.png","36049fa92dcfd8abb836ecac5e07a1b62de293c8f5962ab8c9ce1018b609fe39","1540","2048","other","RGB","existing_damage","test","real_damaged","DigitaltMuseum","https://digitaltmuseum.org/S-TEK/TEKA0013146","Public Domain","https://creativecommons.org/publicdomain/mark/1.0/","uneven_exposure","1","texture_catalog_match_v1+source_attribute_v1","","{""crack"": 0.0084, ""dust"": 0.0096, ""fold"": 0.0271, ""missing_region"": 0.0198, ""mold"": 0.0254, ""scratch"": 0.0112, ""stain"": 0.0339, ""tear"": 0.0214}","{}","0","0","0","0","0","0","0","0","0","0","0","0","0","1","36049fa92dcfd8abb836ecac5e07a1b62de293c8f5962ab8c9ce1018b609fe39","683105","png"
"53","damaged_obvious_000041","damaged_obvious","41","digitaltmuseum_S-TEK_TEKA0013197","0059.png","damaged_obvious_000041.png","dataset_images/damaged_obvious/damaged_obvious_000041.png","82b5aa5562618ce049919d25d5b5108a358b3607b106162f791ec8d21f2cd5f1","2048","1558","other","RGB","existing_damage","validation","real_damaged","DigitaltMuseum","https://digitaltmuseum.org/S-TEK/TEKA0013197","Public Domain","https://creativecommons.org/publicdomain/mark/1.0/","noise|uneven_exposure","2","texture_catalog_match_v1+source_attribute_v1","","{""crack"": 0.0138, ""dust"": 0.0125, ""fold"": 0.02, ""missing_region"": 0.0158, ""mold"": 0.0104, ""scratch"": 0.0128, ""stain"": 0.0149, ""tear"": 0.0256}","{}","0","0","0","0","0","0","0","0","0","0","0","1","0","1","82b5aa5562618ce049919d25d5b5108a358b3607b106162f791ec8d21f2cd5f1","705791","png"
"54","damaged_obvious_000042","damaged_obvious","42","digitaltmuseum_S-TEK_TEKA0013198","0060.png","damaged_obvious_000042.png","dataset_images/damaged_obvious/damaged_obvious_000042.png","987da0c05a197a1ca5622ea71848229ae7a9a64bd408503befed036c261bbeab","2048","1538","other","RGB","existing_damage","train","real_damaged","DigitaltMuseum","https://digitaltmuseum.org/S-TEK/TEKA0013198","Public Domain","https://creativecommons.org/publicdomain/mark/1.0/","noise|uneven_exposure","2","texture_catalog_match_v1+source_attribute_v1","","{""crack"": 0.0046, ""dust"": 0.0148, ""fold"": 0.0361, ""missing_region"": 0.034, ""mold"": 0.0504, ""scratch"": 0.0218, ""stain"": 0.0548, ""tear"": 0.0453}","{}","0","0","0","0","0","0","0","0","0","0","0","1","0","1","987da0c05a197a1ca5622ea71848229ae7a9a64bd408503befed036c261bbeab","857955","png"
"55","damaged_obvious_000043","damaged_obvious","43","digitaltmuseum_S-TEK_TEKA0013199","0061.png","damaged_obvious_000043.png","dataset_images/damaged_obvious/damaged_obvious_000043.png","bc212fd8e4d33c9cb91de1c97037a24c0f4fddd9facb571039138a5a3984f54d","2048","1545","other","RGB","existing_damage","train","real_damaged","DigitaltMuseum","https://digitaltmuseum.org/S-TEK/TEKA0013199","Public Domain","https://creativecommons.org/publicdomain/mark/1.0/","noise","1","texture_catalog_match_v1+source_attribute_v1","","{""crack"": 0.0176, ""dust"": 0.0149, ""fold"": 0.0337, ""missing_region"": 0.0269, ""mold"": 0.039, ""scratch"": 0.0134, ""stain"": 0.0389, ""tear"": 0.0461}","{}","0","0","0","0","0","0","0","0","0","0","0","1","0","0","bc212fd8e4d33c9cb91de1c97037a24c0f4fddd9facb571039138a5a3984f54d","846403","png"
"56","damaged_obvious_000044","damaged_obvious","44","digitaltmuseum_S-TEK_TEKA0016200","0062.png","damaged_obvious_000044.png","dataset_images/damaged_obvious/damaged_obvious_000044.png","76c4ab330cb0168817baf3a38f118efc289139dcbd5de2be525502388621dc3e","2048","1568","indoor_scene","RGB","existing_damage","train","real_damaged","DigitaltMuseum","https://digitaltmuseum.org/S-TEK/TEKA0016200","Public Domain","https://creativecommons.org/publicdomain/mark/1.0/","noise","1","texture_catalog_match_v1+source_attribute_v1","","{""crack"": 0.0143, ""dust"": 0.015, ""fold"": 0.0314, ""missing_region"": 0.0178, ""mold"": 0.0247, ""scratch"": 0.0196, ""stain"": 0.0357, ""tear"": 0.0225}","{}","0","0","0","0","0","0","0","0","0","0","0","1","0","0","76c4ab330cb0168817baf3a38f118efc289139dcbd5de2be525502388621dc3e","1292261","png"
"57","damaged_obvious_000045","damaged_obvious","45","digitaltmuseum_S-TEK_TEKA0114212","0063.png","damaged_obvious_000045.png","dataset_images/damaged_obvious/damaged_obvious_000045.png","34293cd379288fc01702ec96c5e90b5f4b8226c7863b6a1b5f95241d59ff586b","1471","2048","other","RGB","existing_damage","train","real_damaged","DigitaltMuseum","https://digitaltmuseum.org/S-TEK/TEKA0114212","Public Domain","https://creativecommons.org/publicdomain/mark/1.0/","uneven_exposure","1","texture_catalog_match_v1+source_attribute_v1","","{""crack"": 0.0085, ""dust"": 0.0176, ""fold"": 0.0695, ""missing_region"": 0.0594, ""mold"": 0.0954, ""scratch"": 0.0395, ""stain"": 0.0692, ""tear"": 0.0681}","{}","0","0","0","0","0","0","0","0","0","0","0","0","0","1","34293cd379288fc01702ec96c5e90b5f4b8226c7863b6a1b5f95241d59ff586b","1263915","png"
"58","damaged_obvious_000046","damaged_obvious","46","digitaltmuseum_S-TEK_TEKA0114213","0064.png","damaged_obvious_000046.png","dataset_images/damaged_obvious/damaged_obvious_000046.png","b8066c7fbcab7560a0ddcd48cddd9778064533b7d85946289d65aeb886459e29","1501","2048","other","RGB","existing_damage","train","real_damaged","DigitaltMuseum","https://digitaltmuseum.org/S-TEK/TEKA0114213","Public Domain","https://creativecommons.org/publicdomain/mark/1.0/","noise|uneven_exposure","2","texture_catalog_match_v1+source_attribute_v1","","{""crack"": 0.0067, ""dust"": 0.0264, ""fold"": 0.0189, ""missing_region"": 0.0468, ""mold"": 0.0549, ""scratch"": 0.013, ""stain"": 0.0604, ""tear"": 0.08}","{}","0","0","0","0","0","0","0","0","0","0","0","1","0","1","b8066c7fbcab7560a0ddcd48cddd9778064533b7d85946289d65aeb886459e29","1638926","png"
"59","damaged_obvious_000047","damaged_obvious","47","digitaltmuseum_S-TEK_TEKA0114254","0065.png","damaged_obvious_000047.png","dataset_images/damaged_obvious/damaged_obvious_000047.png","691f30400b2bb9b435074f9316a930cebfcb0d2f77785ca35ec2b7c565a929bf","1568","2048","other","RGB","existing_damage","train","real_damaged","DigitaltMuseum","https://digitaltmuseum.org/S-TEK/TEKA0114254","Public Domain","https://creativecommons.org/publicdomain/mark/1.0/","scratch|dust|missing_region|noise|uneven_exposure","5","texture_catalog_match_v1+source_attribute_v1","dust|missing_region|scratch","{""crack"": 0.0734, ""dust"": 0.1282, ""fold"": 0.1102, ""missing_region"": 0.1236, ""mold"": 0.1039, ""scratch"": 0.1325, ""stain"": 0.1228, ""tear"": 0.1236}","{""dust"": [""019.jpg"", ""086.jpg"", ""212.jpg""], ""missing_region"": [""170.jpg"", ""201.jpg"", ""051.jpg""], ""scratch"": [""209.jpg"", ""093.jpg"", ""009.jpg""]}","1","0","0","1","0","0","0","1","0","0","0","1","0","1","691f30400b2bb9b435074f9316a930cebfcb0d2f77785ca35ec2b7c565a929bf","1265052","png"
"61","damaged_obvious_000048","damaged_obvious","48","digitaltmuseum_S-TEK_TEKA0114273","0067.png","damaged_obvious_000048.png","dataset_images/damaged_obvious/damaged_obvious_000048.png","e095614f2dabe5d6526d00c4ce832b48b4682055a826150e5f37eb28b046dc3e","1504","2048","single_portrait","RGB","existing_damage","train","real_damaged","DigitaltMuseum","https://digitaltmuseum.org/S-TEK/TEKA0114273","Public Domain","https://creativecommons.org/publicdomain/mark/1.0/","scratch|crack|fold|dust|stain|blur","6","texture_catalog_match_v1+source_attribute_v1","crack|dust|fold|scratch|stain","{""crack"": 0.1501, ""dust"": 0.1325, ""fold"": 0.2393, ""missing_region"": 0.1045, ""mold"": 0.1457, ""scratch"": 0.1598, ""stain"": 0.2927, ""tear"": 0.1492}","{""crack"": [""135.jpg"", ""240.jpg"", ""109.jpg""], ""dust"": [""168.jpg"", ""015.jpg"", ""213.jpg""], ""fold"": [""105.jpg"", ""059.jpg"", ""131.jpg""], ""scratch"": [""072.jpg"", ""053.jpg"", ""127.jpg""], ""stain"": [""038.jpg"", ""200.jpg"", ""249.jpg""]}","1","1","1","1","1","0","0","0","0","0","1","0","0","0","e095614f2dabe5d6526d00c4ce832b48b4682055a826150e5f37eb28b046dc3e","651861","png"
"62","damaged_obvious_000049","damaged_obvious","49","digitaltmuseum_S-TEK_TEKA0114274","0068.png","damaged_obvious_000049.png","dataset_images/damaged_obvious/damaged_obvious_000049.png","353cdf4804f2547715ea5b4cef779119de3e8b6477ca45600d2daa8bac804eff","1531","2048","single_portrait","RGB","existing_damage","train","real_damaged","DigitaltMuseum","https://digitaltmuseum.org/S-TEK/TEKA0114274","Public Domain","https://creativecommons.org/publicdomain/mark/1.0/","noise","1","texture_catalog_match_v1+source_attribute_v1","","{""crack"": 0.04, ""dust"": 0.0473, ""fold"": 0.0574, ""missing_region"": 0.0349, ""mold"": 0.0609, ""scratch"": 0.0545, ""stain"": 0.0706, ""tear"": 0.0417}","{}","0","0","0","0","0","0","0","0","0","0","0","1","0","0","353cdf4804f2547715ea5b4cef779119de3e8b6477ca45600d2daa8bac804eff","1195274","png"
"63","damaged_obvious_000050","damaged_obvious","50","digitaltmuseum_S-TEK_TEKA0114275","0069.png","damaged_obvious_000050.png","dataset_images/damaged_obvious/damaged_obvious_000050.png","688d7fba503cec2e9d37318031a8cb3ef3fd927d3f3aa8e52ef9f545a162b093","1518","2048","single_portrait","RGB","existing_damage","train","real_damaged","DigitaltMuseum","https://digitaltmuseum.org/S-TEK/TEKA0114275","Public Domain","https://creativecommons.org/publicdomain/mark/1.0/","missing_region","1","texture_catalog_match_v1+source_attribute_v1","missing_region","{""crack"": 0.0303, ""dust"": 0.0426, ""fold"": 0.0869, ""missing_region"": 0.1167, ""mold"": 0.0426, ""scratch"": 0.0432, ""stain"": 0.075, ""tear"": 0.1167}","{""missing_region"": [""170.jpg"", ""201.jpg"", ""051.jpg""]}","0","0","0","0","0","0","0","1","0","0","0","0","0","0","688d7fba503cec2e9d37318031a8cb3ef3fd927d3f3aa8e52ef9f545a162b093","906058","png"
"64","damaged_obvious_000051","damaged_obvious","51","digitaltmuseum_S-TEK_TEKA0114625","0070.png","damaged_obvious_000051.png","dataset_images/damaged_obvious/damaged_obvious_000051.png","017e11458f875a3622116b830ef0c5491b1330b5709c67d4334b668a03d7618c","2048","1642","indoor_scene","RGB","existing_damage","train","real_damaged","DigitaltMuseum","https://digitaltmuseum.org/S-TEK/TEKA0114625","Public Domain","https://creativecommons.org/publicdomain/mark/1.0/","noise","1","texture_catalog_match_v1+source_attribute_v1","","{""crack"": 0.0062, ""dust"": 0.0235, ""fold"": 0.0623, ""missing_region"": 0.0536, ""mold"": 0.0978, ""scratch"": 0.0299, ""stain"": 0.0978, ""tear"": 0.1038}","{}","0","0","0","0","0","0","0","0","0","0","0","1","0","0","017e11458f875a3622116b830ef0c5491b1330b5709c67d4334b668a03d7618c","1270601","png"
"65","damaged_obvious_000052","damaged_obvious","52","digitaltmuseum_S-TEK_TEKA0123982","0071.png","damaged_obvious_000052.png","dataset_images/damaged_obvious/damaged_obvious_000052.png","2d746a24114f5c5a568d7a8644b77e4d2fa8eb3d27ae59d7ab1222da42f77c51","1662","2048","other","RGB","existing_damage","train","real_damaged","DigitaltMuseum","https://digitaltmuseum.org/S-TEK/TEKA0123982","Public Domain","https://creativecommons.org/publicdomain/mark/1.0/","noise|uneven_exposure","2","texture_catalog_match_v1+source_attribute_v1","","{""crack"": 0.0011, ""dust"": 0.0017, ""fold"": 0.0072, ""missing_region"": 0.0141, ""mold"": 0.0088, ""scratch"": 0.004, ""stain"": 0.0089, ""tear"": 0.0141}","{}","0","0","0","0","0","0","0","0","0","0","0","1","0","1","2d746a24114f5c5a568d7a8644b77e4d2fa8eb3d27ae59d7ab1222da42f77c51","1188624","png"
"66","damaged_obvious_000053","damaged_obvious","53","digitaltmuseum_S-TEK_TEKA0123985","0072.png","damaged_obvious_000053.png","dataset_images/damaged_obvious/damaged_obvious_000053.png","bc0ff4c771fb4aa0a44f509de56cbaebf0eed25775a10651068877dd09582136","2048","1754","indoor_scene","RGB","existing_damage","train","real_damaged","DigitaltMuseum","https://digitaltmuseum.org/S-TEK/TEKA0123985","Public Domain","https://creativecommons.org/publicdomain/mark/1.0/","noise|uneven_exposure","2","texture_catalog_match_v1+source_attribute_v1","","{""crack"": 0.0003, ""dust"": 0.002, ""fold"": 0.0084, ""missing_region"": 0.0109, ""mold"": 0.014, ""scratch"": 0.0044, ""stain"": 0.0241, ""tear"": 0.0418}","{}","0","0","0","0","0","0","0","0","0","0","0","1","0","1","bc0ff4c771fb4aa0a44f509de56cbaebf0eed25775a10651068877dd09582136","2556918","png"
"67","damaged_obvious_000054","damaged_obvious","54","digitaltmuseum_S-TEK_TEKA0123986","0073.png","damaged_obvious_000054.png","dataset_images/damaged_obvious/damaged_obvious_000054.png","da8b87666b26fea60c9d60b0526c6912ffcb7d008c54c279a2d775eea9aec3ef","2048","935","other","RGB","existing_damage","validation","real_damaged","DigitaltMuseum","https://digitaltmuseum.org/S-TEK/TEKA0123986","Public Domain","https://creativecommons.org/publicdomain/mark/1.0/","noise","1","texture_catalog_match_v1+source_attribute_v1","","{""crack"": 0.0003, ""dust"": 0.0024, ""fold"": 0.0034, ""missing_region"": 0.0269, ""mold"": 0.0095, ""scratch"": 0.0058, ""stain"": 0.0217, ""tear"": 0.0269}","{}","0","0","0","0","0","0","0","0","0","0","0","1","0","0","da8b87666b26fea60c9d60b0526c6912ffcb7d008c54c279a2d775eea9aec3ef","1236965","png"
"68","damaged_obvious_000055","damaged_obvious","55","digitaltmuseum_S-TEK_TEKA0123987","0074.png","damaged_obvious_000055.png","dataset_images/damaged_obvious/damaged_obvious_000055.png","fa189ae7f820a942e905acb52a2ff1ddefd8d3e2f525d361517d50250981d056","2048","921","other","RGB","existing_damage","train","real_damaged","DigitaltMuseum","https://digitaltmuseum.org/S-TEK/TEKA0123987","Public Domain","https://creativecommons.org/publicdomain/mark/1.0/","uneven_exposure","1","texture_catalog_match_v1+source_attribute_v1","","{""crack"": 0.0098, ""dust"": 0.0292, ""fold"": 0.0575, ""missing_region"": 0.0338, ""mold"": 0.087, ""scratch"": 0.0226, ""stain"": 0.0738, ""tear"": 0.0995}","{}","0","0","0","0","0","0","0","0","0","0","0","0","0","1","fa189ae7f820a942e905acb52a2ff1ddefd8d3e2f525d361517d50250981d056","973877","png"
"69","damaged_obvious_000056","damaged_obvious","56","digitaltmuseum_S-TEK_TEKA0123989","0075.png","damaged_obvious_000056.png","dataset_images/damaged_obvious/damaged_obvious_000056.png","98ddff1d88b819f73eac5931f1f545f6cf62a99020ecf5f651fa9e369fc2dc1c","1653","2048","other","RGB","existing_damage","train","real_damaged","DigitaltMuseum","https://digitaltmuseum.org/S-TEK/TEKA0123989","Public Domain","https://creativecommons.org/publicdomain/mark/1.0/","noise|uneven_exposure","2","texture_catalog_match_v1+source_attribute_v1","","{""crack"": 0.0, ""dust"": 0.0, ""fold"": 0.0, ""missing_region"": 0.0005, ""mold"": 0.0, ""scratch"": 0.0, ""stain"": 0.0, ""tear"": 0.0005}","{}","0","0","0","0","0","0","0","0","0","0","0","1","0","1","98ddff1d88b819f73eac5931f1f545f6cf62a99020ecf5f651fa9e369fc2dc1c","1367807","png"
"70","damaged_obvious_000057","damaged_obvious","57","digitaltmuseum_S-TEK_TEKA0123991","0076.png","damaged_obvious_000057.png","dataset_images/damaged_obvious/damaged_obvious_000057.png","5dde3b7c0f5b01172a0d5c7d6ed51b54fd9f0257dd6db4f8b445760ab81382a4","2048","1486","other","RGB","existing_damage","validation","real_damaged","DigitaltMuseum","https://digitaltmuseum.org/S-TEK/TEKA0123991","Public Domain","https://creativecommons.org/publicdomain/mark/1.0/","noise","1","texture_catalog_match_v1+source_attribute_v1","","{""crack"": 0.0253, ""dust"": 0.0313, ""fold"": 0.0558, ""missing_region"": 0.0443, ""mold"": 0.0569, ""scratch"": 0.034, ""stain"": 0.0933, ""tear"": 0.0818}","{}","0","0","0","0","0","0","0","0","0","0","0","1","0","0","5dde3b7c0f5b01172a0d5c7d6ed51b54fd9f0257dd6db4f8b445760ab81382a4","1617590","png"
"71","damaged_obvious_000058","damaged_obvious","58","digitaltmuseum_S-TEK_TEKA0123997","0077.png","damaged_obvious_000058.png","dataset_images/damaged_obvious/damaged_obvious_000058.png","eb948caf07e35824c57ff57c0dfe79326e4a77a36f96c375ad497d98f2853542","2048","1765","outdoor_scene","RGB","existing_damage","train","real_damaged","DigitaltMuseum","https://digitaltmuseum.org/S-TEK/TEKA0123997","Public Domain","https://creativecommons.org/publicdomain/mark/1.0/","noise|uneven_exposure","2","texture_catalog_match_v1+source_attribute_v1","","{""crack"": 0.0008, ""dust"": 0.0048, ""fold"": 0.0354, ""missing_region"": 0.0207, ""mold"": 0.0283, ""scratch"": 0.0183, ""stain"": 0.0548, ""tear"": 0.0543}","{}","0","0","0","0","0","0","0","0","0","0","0","1","0","1","eb948caf07e35824c57ff57c0dfe79326e4a77a36f96c375ad497d98f2853542","2345604","png"
"72","damaged_obvious_000059","damaged_obvious","59","digitaltmuseum_S-TEK_TEKA0123998","0078.png","damaged_obvious_000059.png","dataset_images/damaged_obvious/damaged_obvious_000059.png","8fda621b92f801e29867c8b22a50c7e094212a7db29dfa09252d37b26641c6e3","2048","1888","outdoor_scene","RGB","existing_damage","train","real_damaged","DigitaltMuseum","https://digitaltmuseum.org/S-TEK/TEKA0123998","Public Domain","https://creativecommons.org/publicdomain/mark/1.0/","noise|uneven_exposure","2","texture_catalog_match_v1+source_attribute_v1","","{""crack"": 0.0007, ""dust"": 0.0036, ""fold"": 0.0191, ""missing_region"": 0.0096, ""mold"": 0.0214, ""scratch"": 0.0129, ""stain"": 0.0247, ""tear"": 0.0269}","{}","0","0","0","0","0","0","0","0","0","0","0","1","0","1","8fda621b92f801e29867c8b22a50c7e094212a7db29dfa09252d37b26641c6e3","1983510","png"
"74","damaged_obvious_000060","damaged_obvious","60","digitaltmuseum_S-TEK_TEKA0227925","0080.png","damaged_obvious_000060.png","dataset_images/damaged_obvious/damaged_obvious_000060.png","5ce8e92658a40a87a5c36369c13927045f5cc077a95520189acc8c08d67eea34","1977","2048","other","RGB","existing_damage","validation","real_damaged","DigitaltMuseum","https://digitaltmuseum.org/S-TEK/TEKA0227925","Public Domain","https://creativecommons.org/publicdomain/mark/1.0/","fading|blur","2","texture_catalog_match_v1+source_attribute_v1","","{""crack"": 0.0177, ""dust"": 0.0264, ""fold"": 0.0537, ""missing_region"": 0.0241, ""mold"": 0.0482, ""scratch"": 0.0243, ""stain"": 0.0552, ""tear"": 0.0648}","{}","0","0","0","0","0","0","0","0","1","0","1","0","0","0","5ce8e92658a40a87a5c36369c13927045f5cc077a95520189acc8c08d67eea34","459294","png"
"75","damaged_obvious_000061","damaged_obvious","61","digitaltmuseum_S-TEK_TEKA0227927","0081.png","damaged_obvious_000061.png","dataset_images/damaged_obvious/damaged_obvious_000061.png","bf6be94fee9090f40945c7e3f604ad56b6a9ac88f961332769a890d43363b21c","2048","1334","other","RGB","existing_damage","test","real_damaged","DigitaltMuseum","https://digitaltmuseum.org/S-TEK/TEKA0227927","Public Domain","https://creativecommons.org/publicdomain/mark/1.0/","noise|uneven_exposure","2","texture_catalog_match_v1+source_attribute_v1","","{""crack"": 0.0, ""dust"": 0.0, ""fold"": 0.0, ""missing_region"": 0.0, ""mold"": 0.0, ""scratch"": 0.0, ""stain"": 0.0, ""tear"": 0.0}","{}","0","0","0","0","0","0","0","0","0","0","0","1","0","1","bf6be94fee9090f40945c7e3f604ad56b6a9ac88f961332769a890d43363b21c","440627","png"
"76","damaged_obvious_000062","damaged_obvious","62","digitaltmuseum_S-TEK_TEKA0227935","0082.png","damaged_obvious_000062.png","dataset_images/damaged_obvious/damaged_obvious_000062.png","16bd30574573a5b3440c3900adb95e3762ba8ed475d69fd5c65aba59546967c8","1588","2048","document","RGB","existing_damage","train","real_damaged","DigitaltMuseum","https://digitaltmuseum.org/S-TEK/TEKA0227935","Public Domain","https://creativecommons.org/publicdomain/mark/1.0/","noise","1","texture_catalog_match_v1+source_attribute_v1","","{""crack"": 0.0, ""dust"": 0.0, ""fold"": 0.0, ""missing_region"": 0.0, ""mold"": 0.0, ""scratch"": 0.0, ""stain"": 0.0, ""tear"": 0.0}","{}","0","0","0","0","0","0","0","0","0","0","0","1","0","0","16bd30574573a5b3440c3900adb95e3762ba8ed475d69fd5c65aba59546967c8","798090","png"
"77","damaged_obvious_000063","damaged_obvious","63","digitaltmuseum_S-TEK_TEKA0227941","0083.png","damaged_obvious_000063.png","dataset_images/damaged_obvious/damaged_obvious_000063.png","fb186ff7087a772a10e5d85aaf1e8baa422980c278bf4ab93a76cea27487aece","1440","2048","document","RGB","existing_damage","test","real_damaged","DigitaltMuseum","https://digitaltmuseum.org/S-TEK/TEKA0227941","Public Domain","https://creativecommons.org/publicdomain/mark/1.0/","noise","1","texture_catalog_match_v1+source_attribute_v1","","{""crack"": 0.0076, ""dust"": 0.0199, ""fold"": 0.062, ""missing_region"": 0.0375, ""mold"": 0.075, ""scratch"": 0.0286, ""stain"": 0.0584, ""tear"": 0.0631}","{}","0","0","0","0","0","0","0","0","0","0","0","1","0","0","fb186ff7087a772a10e5d85aaf1e8baa422980c278bf4ab93a76cea27487aece","1002871","png"
"78","damaged_obvious_000064","damaged_obvious","64","digitaltmuseum_S-TEK_TEKA0227993","0084.png","damaged_obvious_000064.png","dataset_images/damaged_obvious/damaged_obvious_000064.png","a13d51df1b986825ca1a2cc610bdbc257f27c73be754540ed5755aeae4dbd43a","1264","2048","document","RGB","existing_damage","train","real_damaged","DigitaltMuseum","https://digitaltmuseum.org/S-TEK/TEKA0227993","Public Domain","https://creativecommons.org/publicdomain/mark/1.0/","noise","1","texture_catalog_match_v1+source_attribute_v1","","{""crack"": 0.0012, ""dust"": 0.0054, ""fold"": 0.023, ""missing_region"": 0.0204, ""mold"": 0.0245, ""scratch"": 0.0133, ""stain"": 0.0343, ""tear"": 0.0478}","{}","0","0","0","0","0","0","0","0","0","0","0","1","0","0","a13d51df1b986825ca1a2cc610bdbc257f27c73be754540ed5755aeae4dbd43a","1741725","png"
"80","damaged_obvious_000065","damaged_obvious","65","digitaltmuseum_S-TEK_TEKA0228012","0086.png","damaged_obvious_000065.png","dataset_images/damaged_obvious/damaged_obvious_000065.png","235befd5c57774ad151924f92108f9952d24c933bfe5ebec29117b50322c93b3","2048","1752","outdoor_scene","RGB","existing_damage","train","real_damaged","DigitaltMuseum","https://digitaltmuseum.org/S-TEK/TEKA0228012","Public Domain","https://creativecommons.org/publicdomain/mark/1.0/","uneven_exposure","1","texture_catalog_match_v1+source_attribute_v1","","{""crack"": 0.0242, ""dust"": 0.0346, ""fold"": 0.0861, ""missing_region"": 0.0338, ""mold"": 0.073, ""scratch"": 0.0371, ""stain"": 0.0821, ""tear"": 0.069}","{}","0","0","0","0","0","0","0","0","0","0","0","0","0","1","235befd5c57774ad151924f92108f9952d24c933bfe5ebec29117b50322c93b3","1398090","png"
"82","damaged_obvious_000066","damaged_obvious","66","digitaltmuseum_S-UM_ED02069","0088.png","damaged_obvious_000066.png","dataset_images/damaged_obvious/damaged_obvious_000066.png","3d5490b69a57b228522f6d67a45dba2e6fdac006f17c4696747f66752ba20c7b","2048","1457","indoor_scene","RGB","existing_damage","train","real_damaged","DigitaltMuseum","https://digitaltmuseum.org/S-UM/ED02069","Public Domain","https://creativecommons.org/publicdomain/mark/1.0/","noise|uneven_exposure","2","texture_catalog_match_v1+source_attribute_v1","","{""crack"": 0.0079, ""dust"": 0.0158, ""fold"": 0.0152, ""missing_region"": 0.0173, ""mold"": 0.026, ""scratch"": 0.0318, ""stain"": 0.032, ""tear"": 0.0252}","{}","0","0","0","0","0","0","0","0","0","0","0","1","0","1","3d5490b69a57b228522f6d67a45dba2e6fdac006f17c4696747f66752ba20c7b","1418682","png"
"83","damaged_obvious_000067","damaged_obvious","67","digitaltmuseum_S-UM_ED06026","0089.png","damaged_obvious_000067.png","dataset_images/damaged_obvious/damaged_obvious_000067.png","de1a868ee71e5e32177dc5a38ba0ba17fd8d35f95133d1d6d25bdb2579b09db3","1418","2048","single_portrait","RGB","existing_damage","train","real_damaged","DigitaltMuseum","https://digitaltmuseum.org/S-UM/ED06026","Public Domain","https://creativecommons.org/publicdomain/mark/1.0/","noise","1","texture_catalog_match_v1+source_attribute_v1","","{""crack"": 0.0086, ""dust"": 0.0195, ""fold"": 0.0437, ""missing_region"": 0.0225, ""mold"": 0.0437, ""scratch"": 0.0163, ""stain"": 0.0542, ""tear"": 0.0322}","{}","0","0","0","0","0","0","0","0","0","0","0","1","0","0","de1a868ee71e5e32177dc5a38ba0ba17fd8d35f95133d1d6d25bdb2579b09db3","2458082","png"
"84","damaged_obvious_000068","damaged_obvious","68","digitaltmuseum_S-UM_ED06622","0090.png","damaged_obvious_000068.png","dataset_images/damaged_obvious/damaged_obvious_000068.png","c22fefd5db5c76c60b9956e26655a7759ae20ac42fb2cbc7a0f45118394f8741","2048","1554","single_portrait","RGB","existing_damage","train","real_damaged","DigitaltMuseum","https://digitaltmuseum.org/S-UM/ED06622","Public Domain","https://creativecommons.org/publicdomain/mark/1.0/","noise|uneven_exposure","2","texture_catalog_match_v1+source_attribute_v1","","{""crack"": 0.0189, ""dust"": 0.0274, ""fold"": 0.0778, ""missing_region"": 0.0386, ""mold"": 0.0696, ""scratch"": 0.0342, ""stain"": 0.0845, ""tear"": 0.0811}","{}","0","0","0","0","0","0","0","0","0","0","0","1","0","1","c22fefd5db5c76c60b9956e26655a7759ae20ac42fb2cbc7a0f45118394f8741","1505654","png"
"85","damaged_obvious_000069","damaged_obvious","69","digitaltmuseum_S-UM_ED07321","0091.png","damaged_obvious_000069.png","dataset_images/damaged_obvious/damaged_obvious_000069.png","3c9046b70928e4d58b8a321e52195dbafc6e0750ab4b16f177b7b90bcda0884f","2048","1565","outdoor_scene","RGB","existing_damage","test","real_damaged","DigitaltMuseum","https://digitaltmuseum.org/S-UM/ED07321","Public Domain","https://creativecommons.org/publicdomain/mark/1.0/","noise","1","texture_catalog_match_v1+source_attribute_v1","","{""crack"": 0.0007, ""dust"": 0.0053, ""fold"": 0.0248, ""missing_region"": 0.0375, ""mold"": 0.0488, ""scratch"": 0.0147, ""stain"": 0.083, ""tear"": 0.083}","{}","0","0","0","0","0","0","0","0","0","0","0","1","0","0","3c9046b70928e4d58b8a321e52195dbafc6e0750ab4b16f177b7b90bcda0884f","2804819","png"
"86","damaged_obvious_000070","damaged_obvious","70","digitaltmuseum_S-UM_ED08702","0092.png","damaged_obvious_000070.png","dataset_images/damaged_obvious/damaged_obvious_000070.png","180c1e1e675165992715410cbcba59d838539199f24b80a9907fb5dea5739f6d","2048","1553","architecture","RGB","existing_damage","train","real_damaged","DigitaltMuseum","https://digitaltmuseum.org/S-UM/ED08702","Public Domain","https://creativecommons.org/publicdomain/mark/1.0/","noise","1","texture_catalog_match_v1+source_attribute_v1","","{""crack"": 0.0004, ""dust"": 0.002, ""fold"": 0.0055, ""missing_region"": 0.01, ""mold"": 0.0098, ""scratch"": 0.0051, ""stain"": 0.0219, ""tear"": 0.0161}","{}","0","0","0","0","0","0","0","0","0","0","0","1","0","0","180c1e1e675165992715410cbcba59d838539199f24b80a9907fb5dea5739f6d","2367836","png"
"87","damaged_obvious_000071","damaged_obvious","71","digitaltmuseum_S-UM_ED20753","0093.png","damaged_obvious_000071.png","dataset_images/damaged_obvious/damaged_obvious_000071.png","7afd3d36a925c3a4a322c352567453e5dc77948d42cec3daa7643aa8b8d7d1a5","2048","1372","single_portrait","RGB","existing_damage","validation","real_damaged","DigitaltMuseum","https://digitaltmuseum.org/S-UM/ED20753","Public Domain","https://creativecommons.org/publicdomain/mark/1.0/","noise|uneven_exposure","2","texture_catalog_match_v1+source_attribute_v1","","{""crack"": 0.0005, ""dust"": 0.0014, ""fold"": 0.005, ""missing_region"": 0.0044, ""mold"": 0.0082, ""scratch"": 0.0041, ""stain"": 0.0105, ""tear"": 0.0054}","{}","0","0","0","0","0","0","0","0","0","0","0","1","0","1","7afd3d36a925c3a4a322c352567453e5dc77948d42cec3daa7643aa8b8d7d1a5","553832","png"
"88","damaged_obvious_000072","damaged_obvious","72","digitaltmuseum_S-UM_ED20760","0094.png","damaged_obvious_000072.png","dataset_images/damaged_obvious/damaged_obvious_000072.png","4449975df7a6202c384db6cba6e8e26b49512f4081afccd824c7d8b1486ad641","973","1432","single_portrait","RGB","existing_damage","train","real_damaged","DigitaltMuseum","https://digitaltmuseum.org/S-UM/ED20760","Public Domain","https://creativecommons.org/publicdomain/mark/1.0/","noise|uneven_exposure","2","texture_catalog_match_v1+source_attribute_v1","","{""crack"": 0.0034, ""dust"": 0.0058, ""fold"": 0.0122, ""missing_region"": 0.0225, ""mold"": 0.0182, ""scratch"": 0.0104, ""stain"": 0.0415, ""tear"": 0.0395}","{}","0","0","0","0","0","0","0","0","0","0","0","1","0","1","05f57baa006809a4dbf2bf4d1ce93895ffa0a7f4d23d3cab56a8dd881810b058","429023","png"
"89","damaged_obvious_000073","damaged_obvious","73","digitaltmuseum_S-UM_ED20789","0095.png","damaged_obvious_000073.png","dataset_images/damaged_obvious/damaged_obvious_000073.png","4bd4382c86bf09158fc6fa53d6f9b7029878d2f0cc0a7a20ffaf65041d9030e1","1504","2048","single_portrait","RGB","existing_damage","train","real_damaged","DigitaltMuseum","https://digitaltmuseum.org/S-UM/ED20789","Public Domain","https://creativecommons.org/publicdomain/mark/1.0/","noise|uneven_exposure","2","texture_catalog_match_v1+source_attribute_v1","","{""crack"": 0.0019, ""dust"": 0.0035, ""fold"": 0.0096, ""missing_region"": 0.0318, ""mold"": 0.0055, ""scratch"": 0.0031, ""stain"": 0.0067, ""tear"": 0.0318}","{}","0","0","0","0","0","0","0","0","0","0","0","1","0","1","4bd4382c86bf09158fc6fa53d6f9b7029878d2f0cc0a7a20ffaf65041d9030e1","553370","png"
"90","damaged_obvious_000074","damaged_obvious","74","digitaltmuseum_S-UM_UP6457","0096.png","damaged_obvious_000074.png","dataset_images/damaged_obvious/damaged_obvious_000074.png","45959217cb582bf7a42550a9c8c4349de3fe2d3fba6a0b36cb1cfe328d2d4fe1","2048","1510","outdoor_scene","RGB","existing_damage","train","real_damaged","DigitaltMuseum","https://digitaltmuseum.org/S-UM/UP6457","Public Domain","https://creativecommons.org/publicdomain/mark/1.0/","noise","1","texture_catalog_match_v1+source_attribute_v1","","{""crack"": 0.0017, ""dust"": 0.0036, ""fold"": 0.0036, ""missing_region"": 0.0052, ""mold"": 0.0041, ""scratch"": 0.0031, ""stain"": 0.0044, ""tear"": 0.0122}","{}","0","0","0","0","0","0","0","0","0","0","0","1","0","0","45959217cb582bf7a42550a9c8c4349de3fe2d3fba6a0b36cb1cfe328d2d4fe1","999841","png"
"91","damaged_obvious_000075","damaged_obvious","75","digitaltmuseum_S-UM_UP6489","0097.png","damaged_obvious_000075.png","dataset_images/damaged_obvious/damaged_obvious_000075.png","b09960321a9a29d7a0a7c738d7f441324bbeabea915670c292939461239c414a","2048","1531","indoor_scene","RGB","existing_damage","train","real_damaged","DigitaltMuseum","https://digitaltmuseum.org/S-UM/UP6489","Public Domain","https://creativecommons.org/publicdomain/mark/1.0/","noise","1","texture_catalog_match_v1+source_attribute_v1","","{""crack"": 0.001, ""dust"": 0.0038, ""fold"": 0.0069, ""missing_region"": 0.0161, ""mold"": 0.0322, ""scratch"": 0.0094, ""stain"": 0.0335, ""tear"": 0.0739}","{}","0","0","0","0","0","0","0","0","0","0","0","1","0","0","b09960321a9a29d7a0a7c738d7f441324bbeabea915670c292939461239c414a","1958617","png"
"93","damaged_obvious_000076","damaged_obvious","76","digitaltmuseum_S-UVLM_Vlm-A 3579","0099.png","damaged_obvious_000076.png","dataset_images/damaged_obvious/damaged_obvious_000076.png","44cd579df5169c5c39782f1fdc59c5f644b2c483e1fea7570208fdee6f8fa593","1508","2048","other","RGB","existing_damage","train","real_damaged","DigitaltMuseum","https://digitaltmuseum.org/S-UVLM/Vlm-A 3579","Public Domain","https://creativecommons.org/publicdomain/mark/1.0/","noise","1","texture_catalog_match_v1+source_attribute_v1","","{""crack"": 0.0169, ""dust"": 0.0249, ""fold"": 0.0598, ""missing_region"": 0.0266, ""mold"": 0.0791, ""scratch"": 0.0257, ""stain"": 0.0841, ""tear"": 0.052}","{}","0","0","0","0","0","0","0","0","0","0","0","1","0","0","44cd579df5169c5c39782f1fdc59c5f644b2c483e1fea7570208fdee6f8fa593","1947701","png"
"94","damaged_obvious_000077","damaged_obvious","77","digitaltmuseum_S-UVLM_Vlm-A 3580","0100.png","damaged_obvious_000077.png","dataset_images/damaged_obvious/damaged_obvious_000077.png","510f46dcc0b13181e312719995ce3eb3ebbb86bece76608907868fe67899fb75","1498","2048","other","RGB","existing_damage","train","real_damaged","DigitaltMuseum","https://digitaltmuseum.org/S-UVLM/Vlm-A 3580","Public Domain","https://creativecommons.org/publicdomain/mark/1.0/","noise","1","texture_catalog_match_v1+source_attribute_v1","","{""crack"": 0.0079, ""dust"": 0.0134, ""fold"": 0.0189, ""missing_region"": 0.0123, ""mold"": 0.0173, ""scratch"": 0.0091, ""stain"": 0.0204, ""tear"": 0.0221}","{}","0","0","0","0","0","0","0","0","0","0","0","1","0","0","510f46dcc0b13181e312719995ce3eb3ebbb86bece76608907868fe67899fb75","1565448","png"
"95","damaged_obvious_000078","damaged_obvious","78","digitaltmuseum_S-UVLM_Vlm-A 3581","0101.png","damaged_obvious_000078.png","dataset_images/damaged_obvious/damaged_obvious_000078.png","3151374a5c45d755c5e7d9268f591a73589aa59913712c3663022806ea99d174","1509","2048","other","RGB","existing_damage","train","real_damaged","DigitaltMuseum","https://digitaltmuseum.org/S-UVLM/Vlm-A 3581","Public Domain","https://creativecommons.org/publicdomain/mark/1.0/","scratch|noise","2","texture_catalog_match_v1+source_attribute_v1","scratch","{""crack"": 0.0492, ""dust"": 0.0805, ""fold"": 0.0931, ""missing_region"": 0.0858, ""mold"": 0.1512, ""scratch"": 0.1346, ""stain"": 0.1248, ""tear"": 0.1257}","{""scratch"": [""117.jpg"", ""009.jpg"", ""246.jpg""]}","1","0","0","0","0","0","0","0","0","0","0","1","0","0","3151374a5c45d755c5e7d9268f591a73589aa59913712c3663022806ea99d174","1814289","png"
"96","damaged_obvious_000079","damaged_obvious","79","digitaltmuseum_S-UVLM_Vlm-A 3585","0102.png","damaged_obvious_000079.png","dataset_images/damaged_obvious/damaged_obvious_000079.png","530162f84b634d1ee861a9a36d9bd2bb618bdafdbd4286a8e48d25ef534860ae","1501","2048","single_portrait","RGB","existing_damage","train","real_damaged","DigitaltMuseum","https://digitaltmuseum.org/S-UVLM/Vlm-A 3585","Public Domain","https://creativecommons.org/publicdomain/mark/1.0/","noise","1","texture_catalog_match_v1+source_attribute_v1","","{""crack"": 0.0025, ""dust"": 0.0063, ""fold"": 0.0092, ""missing_region"": 0.0085, ""mold"": 0.0126, ""scratch"": 0.0072, ""stain"": 0.015, ""tear"": 0.0128}","{}","0","0","0","0","0","0","0","0","0","0","0","1","0","0","530162f84b634d1ee861a9a36d9bd2bb618bdafdbd4286a8e48d25ef534860ae","2196339","png"
"99","damaged_obvious_000080","damaged_obvious","80","digitaltmuseum_S-UVLM_Vlm-Åhm 18263","0105.png","damaged_obvious_000080.png","dataset_images/damaged_obvious/damaged_obvious_000080.png","100e94a37d1b22615a8270def52d0006eb1d8e64ee8ca00f5f628219d4e0ff60","1479","2048","single_portrait","RGB","existing_damage","train","real_damaged","DigitaltMuseum","https://digitaltmuseum.org/S-UVLM/Vlm-Åhm 18263","Public Domain","https://creativecommons.org/publicdomain/mark/1.0/","noise","1","texture_catalog_match_v1+source_attribute_v1","","{""crack"": 0.0004, ""dust"": 0.0012, ""fold"": 0.0036, ""missing_region"": 0.0055, ""mold"": 0.0064, ""scratch"": 0.003, ""stain"": 0.005, ""tear"": 0.0055}","{}","0","0","0","0","0","0","0","0","0","0","0","1","0","0","100e94a37d1b22615a8270def52d0006eb1d8e64ee8ca00f5f628219d4e0ff60","1880808","png"
"102","damaged_obvious_000081","damaged_obvious","81","digitaltmuseum_S-UVLM_Vlm-Åhm 18269","0108.png","damaged_obvious_000081.png","dataset_images/damaged_obvious/damaged_obvious_000081.png","7c8ed36c5e09595cbe91c3229f31db2c2033f8b9e755a3b18691785f477016e0","2048","1509","single_portrait","RGB","existing_damage","test","real_damaged","DigitaltMuseum","https://digitaltmuseum.org/S-UVLM/Vlm-Åhm 18269","Public Domain","https://creativecommons.org/publicdomain/mark/1.0/","noise|uneven_exposure","2","texture_catalog_match_v1+source_attribute_v1","","{""crack"": 0.0057, ""dust"": 0.0144, ""fold"": 0.0213, ""missing_region"": 0.015, ""mold"": 0.0267, ""scratch"": 0.0119, ""stain"": 0.0359, ""tear"": 0.0349}","{}","0","0","0","0","0","0","0","0","0","0","0","1","0","1","7c8ed36c5e09595cbe91c3229f31db2c2033f8b9e755a3b18691785f477016e0","2109003","png"
"103","damaged_obvious_000082","damaged_obvious","82","digitaltmuseum_S-UVLM_Vlm-Åhm 18273","0109.png","damaged_obvious_000082.png","dataset_images/damaged_obvious/damaged_obvious_000082.png","cede2be126ebba711c669797bf2ed1bab0f2a859a6972f8fa902e91087d86a8e","1481","2048","single_portrait","RGB","existing_damage","train","real_damaged","DigitaltMuseum","https://digitaltmuseum.org/S-UVLM/Vlm-Åhm 18273","Public Domain","https://creativecommons.org/publicdomain/mark/1.0/","noise","1","texture_catalog_match_v1+source_attribute_v1","","{""crack"": 0.0022, ""dust"": 0.0052, ""fold"": 0.0093, ""missing_region"": 0.0078, ""mold"": 0.0101, ""scratch"": 0.007, ""stain"": 0.0091, ""tear"": 0.009}","{}","0","0","0","0","0","0","0","0","0","0","0","1","0","0","cede2be126ebba711c669797bf2ed1bab0f2a859a6972f8fa902e91087d86a8e","1924532","png"
"104","damaged_obvious_000083","damaged_obvious","83","digitaltmuseum_S-UVLM_Vlm-Åhm 18275","0110.png","damaged_obvious_000083.png","dataset_images/damaged_obvious/damaged_obvious_000083.png","4efca2d1b8e75b471b4ae25fa841bdeda6528d34ee4cc4ca48ba6bb325aa550b","1471","2048","single_portrait","RGB","existing_damage","train","real_damaged","DigitaltMuseum","https://digitaltmuseum.org/S-UVLM/Vlm-Åhm 18275","Public Domain","https://creativecommons.org/publicdomain/mark/1.0/","noise","1","texture_catalog_match_v1+source_attribute_v1","","{""crack"": 0.0, ""dust"": 0.0001, ""fold"": 0.0001, ""missing_region"": 0.0028, ""mold"": 0.0001, ""scratch"": 0.0001, ""stain"": 0.0011, ""tear"": 0.0028}","{}","0","0","0","0","0","0","0","0","0","0","0","1","0","0","4efca2d1b8e75b471b4ae25fa841bdeda6528d34ee4cc4ca48ba6bb325aa550b","1962015","png"
"106","damaged_obvious_000084","damaged_obvious","84","digitaltmuseum_S-UVLM_Vlm-Åhm 18279","0112.png","damaged_obvious_000084.png","dataset_images/damaged_obvious/damaged_obvious_000084.png","64bb372cc015da942fa6ad77e9794d28e7fbe87855f584c8d8ebbe2269fa1440","1491","2048","single_portrait","RGB","existing_damage","test","real_damaged","DigitaltMuseum","https://digitaltmuseum.org/S-UVLM/Vlm-Åhm 18279","Public Domain","https://creativecommons.org/publicdomain/mark/1.0/","noise","1","texture_catalog_match_v1+source_attribute_v1","","{""crack"": 0.0008, ""dust"": 0.0017, ""fold"": 0.0039, ""missing_region"": 0.0044, ""mold"": 0.0056, ""scratch"": 0.0034, ""stain"": 0.0062, ""tear"": 0.0051}","{}","0","0","0","0","0","0","0","0","0","0","0","1","0","0","64bb372cc015da942fa6ad77e9794d28e7fbe87855f584c8d8ebbe2269fa1440","2291363","png"
"107","damaged_obvious_000085","damaged_obvious","85","digitaltmuseum_S-UVLM_Vlm-Åhm 18281","0113.png","damaged_obvious_000085.png","dataset_images/damaged_obvious/damaged_obvious_000085.png","e96ef53696955a2fbb05173affa3de62ffa803351c9ade41641562b6ef888d5c","1491","2048","single_portrait","RGB","existing_damage","test","real_damaged","DigitaltMuseum","https://digitaltmuseum.org/S-UVLM/Vlm-Åhm 18281","Public Domain","https://creativecommons.org/publicdomain/mark/1.0/","noise","1","texture_catalog_match_v1+source_attribute_v1","","{""crack"": 0.0, ""dust"": 0.0, ""fold"": 0.0, ""missing_region"": 0.0004, ""mold"": 0.0, ""scratch"": 0.0, ""stain"": 0.0, ""tear"": 0.0004}","{}","0","0","0","0","0","0","0","0","0","0","0","1","0","0","e96ef53696955a2fbb05173affa3de62ffa803351c9ade41641562b6ef888d5c","1718606","png"
"109","damaged_obvious_000086","damaged_obvious","86","digitaltmuseum_S-UVLM_Vlm-Åhm 18285","0115.png","damaged_obvious_000086.png","dataset_images/damaged_obvious/damaged_obvious_000086.png","d59725a8862f7c5e19975f4d73e13a7146da633536ca5f43f7aca94d1dd4de4e","2048","1505","single_portrait","RGB","existing_damage","train","real_damaged","DigitaltMuseum","https://digitaltmuseum.org/S-UVLM/Vlm-Åhm 18285","Public Domain","https://creativecommons.org/publicdomain/mark/1.0/","noise|uneven_exposure","2","texture_catalog_match_v1+source_attribute_v1","","{""crack"": 0.0019, ""dust"": 0.0106, ""fold"": 0.0119, ""missing_region"": 0.0233, ""mold"": 0.0171, ""scratch"": 0.0157, ""stain"": 0.0209, ""tear"": 0.0233}","{}","0","0","0","0","0","0","0","0","0","0","0","1","0","1","d59725a8862f7c5e19975f4d73e13a7146da633536ca5f43f7aca94d1dd4de4e","2076644","png"
"110","damaged_obvious_000087","damaged_obvious","87","digitaltmuseum_S-VM_VMO09828","0116.png","damaged_obvious_000087.png","dataset_images/damaged_obvious/damaged_obvious_000087.png","77c45fd0ecfb19d7faf14779f613a5540034142f981b250bcd315b11b6312ebc","2048","1500","group_portrait","RGB","existing_damage","train","real_damaged","DigitaltMuseum","https://digitaltmuseum.org/S-VM/VMO09828","Public Domain","https://creativecommons.org/publicdomain/mark/1.0/","noise","1","texture_catalog_match_v1+source_attribute_v1","","{""crack"": 0.0067, ""dust"": 0.0239, ""fold"": 0.0277, ""missing_region"": 0.0401, ""mold"": 0.0552, ""scratch"": 0.024, ""stain"": 0.0571, ""tear"": 0.0545}","{}","0","0","0","0","0","0","0","0","0","0","0","1","0","0","77c45fd0ecfb19d7faf14779f613a5540034142f981b250bcd315b11b6312ebc","1593055","png"
"111","damaged_obvious_000088","damaged_obvious","88","digitaltmuseum_S-AM_AMA.0025475","0117.png","damaged_obvious_000088.png","dataset_images/damaged_obvious/damaged_obvious_000088.png","103500bea4c8069eebadf5d82f5465e614dc5faeaa1bd1535cc352756f5d1531","2048","1540","outdoor_scene","RGB","existing_damage","test","real_damaged","DigitaltMuseum","https://digitaltmuseum.org/S-AM/AMA.0025475","Public Domain","https://creativecommons.org/publicdomain/mark/1.0/","noise","1","texture_catalog_match_v1+source_attribute_v1","","{""crack"": 0.0094, ""dust"": 0.0231, ""fold"": 0.049, ""missing_region"": 0.0362, ""mold"": 0.0577, ""scratch"": 0.0179, ""stain"": 0.0771, ""tear"": 0.0471}","{}","0","0","0","0","0","0","0","0","0","0","0","1","0","0","103500bea4c8069eebadf5d82f5465e614dc5faeaa1bd1535cc352756f5d1531","2436286","png"
"112","damaged_obvious_000089","damaged_obvious","89","digitaltmuseum_S-ARK_ARKM.1968-102-142","0118.png","damaged_obvious_000089.png","dataset_images/damaged_obvious/damaged_obvious_000089.png","ff065f2c725d57130d40f13a3894a89a0387641fa0f02b3943a899f1590a61d1","2048","1612","indoor_scene","RGB","existing_damage","train","real_damaged","DigitaltMuseum","https://digitaltmuseum.org/S-ARK/ARKM.1968-102-142","Public Domain","https://creativecommons.org/publicdomain/mark/1.0/","noise|uneven_exposure","2","texture_catalog_match_v1+source_attribute_v1","","{""crack"": 0.0058, ""dust"": 0.0133, ""fold"": 0.027, ""missing_region"": 0.0178, ""mold"": 0.0246, ""scratch"": 0.0173, ""stain"": 0.0318, ""tear"": 0.0275}","{}","0","0","0","0","0","0","0","0","0","0","0","1","0","1","ff065f2c725d57130d40f13a3894a89a0387641fa0f02b3943a899f1590a61d1","1836287","png"
"113","damaged_obvious_000090","damaged_obvious","90","digitaltmuseum_S-ARK_ARKM.1968-102-144","0119.png","damaged_obvious_000090.png","dataset_images/damaged_obvious/damaged_obvious_000090.png","1840d46258ce174d9d3b33dc782c220c3859d88fdc98f822172a6c6d7f53b676","1393","2048","indoor_scene","RGB","existing_damage","train","real_damaged","DigitaltMuseum","https://digitaltmuseum.org/S-ARK/ARKM.1968-102-144","Public Domain","https://creativecommons.org/publicdomain/mark/1.0/","noise","1","texture_catalog_match_v1+source_attribute_v1","","{""crack"": 0.0005, ""dust"": 0.0067, ""fold"": 0.005, ""missing_region"": 0.0087, ""mold"": 0.0131, ""scratch"": 0.0033, ""stain"": 0.0126, ""tear"": 0.0095}","{}","0","0","0","0","0","0","0","0","0","0","0","1","0","0","1840d46258ce174d9d3b33dc782c220c3859d88fdc98f822172a6c6d7f53b676","2200323","png"
"114","damaged_obvious_000091","damaged_obvious","91","digitaltmuseum_S-ARK_ARKM.1968-102-145","0120.png","damaged_obvious_000091.png","dataset_images/damaged_obvious/damaged_obvious_000091.png","91955c08e3bff4cd00d8967fa719c50def755877fb7a45ae6dc923c038a3d7a5","2048","1241","architecture","RGB","existing_damage","train","real_damaged","DigitaltMuseum","https://digitaltmuseum.org/S-ARK/ARKM.1968-102-145","Public Domain","https://creativecommons.org/publicdomain/mark/1.0/","noise|uneven_exposure","2","texture_catalog_match_v1+source_attribute_v1","","{""crack"": 0.0032, ""dust"": 0.0067, ""fold"": 0.0255, ""missing_region"": 0.0129, ""mold"": 0.0193, ""scratch"": 0.0125, ""stain"": 0.0364, ""tear"": 0.0271}","{}","0","0","0","0","0","0","0","0","0","0","0","1","0","1","91955c08e3bff4cd00d8967fa719c50def755877fb7a45ae6dc923c038a3d7a5","1602707","png"
"115","damaged_obvious_000092","damaged_obvious","92","digitaltmuseum_S-ARK_ARKM.1968-102-148","0121.png","damaged_obvious_000092.png","dataset_images/damaged_obvious/damaged_obvious_000092.png","3015999dd3ed3e40e95347edb4ada5dcd0c19085e415a35c691486f9f1cfcb66","2048","1613","document","RGB","existing_damage","train","real_damaged","DigitaltMuseum","https://digitaltmuseum.org/S-ARK/ARKM.1968-102-148","Public Domain","https://creativecommons.org/publicdomain/mark/1.0/","noise","1","texture_catalog_match_v1+source_attribute_v1","","{""crack"": 0.0001, ""dust"": 0.0005, ""fold"": 0.0045, ""missing_region"": 0.0084, ""mold"": 0.0057, ""scratch"": 0.0029, ""stain"": 0.0158, ""tear"": 0.0121}","{}","0","0","0","0","0","0","0","0","0","0","0","1","0","0","3015999dd3ed3e40e95347edb4ada5dcd0c19085e415a35c691486f9f1cfcb66","1508757","png"
"116","damaged_obvious_000093","damaged_obvious","93","digitaltmuseum_S-ARK_ARKM.1968-102-149","0122.png","damaged_obvious_000093.png","dataset_images/damaged_obvious/damaged_obvious_000093.png","c696ced6dbfb1f4945244ee45985aa2c78d19c9c4488c07b30281bb15a51a78b","2048","1420","other","RGB","existing_damage","train","real_damaged","DigitaltMuseum","https://digitaltmuseum.org/S-ARK/ARKM.1968-102-149","Public Domain","https://creativecommons.org/publicdomain/mark/1.0/","noise|uneven_exposure","2","texture_catalog_match_v1+source_attribute_v1","","{""crack"": 0.0147, ""dust"": 0.015, ""fold"": 0.0311, ""missing_region"": 0.0248, ""mold"": 0.0198, ""scratch"": 0.0157, ""stain"": 0.0288, ""tear"": 0.086}","{}","0","0","0","0","0","0","0","0","0","0","0","1","0","1","c696ced6dbfb1f4945244ee45985aa2c78d19c9c4488c07b30281bb15a51a78b","1486113","png"
"117","damaged_obvious_000094","damaged_obvious","94","digitaltmuseum_S-FBM_2M16-G-00026","0123.png","damaged_obvious_000094.png","dataset_images/damaged_obvious/damaged_obvious_000094.png","7a8905db511ded283ca04bb2ccda0c82eb0d83bc4e9722180ed0a24e0a371743","2048","1345","outdoor_scene","RGB","existing_damage","train","real_damaged","DigitaltMuseum","https://digitaltmuseum.org/S-FBM/2M16-G-00026","Public Domain","https://creativecommons.org/publicdomain/mark/1.0/","stain|noise","2","texture_catalog_match_v1+source_attribute_v1","stain","{""crack"": 0.003, ""dust"": 0.0179, ""fold"": 0.066, ""missing_region"": 0.0642, ""mold"": 0.1601, ""scratch"": 0.0392, ""stain"": 0.2548, ""tear"": 0.1025}","{""stain"": [""096.jpg"", ""134.jpg"", ""101.jpg""]}","0","0","0","0","1","0","0","0","0","0","0","1","0","0","7a8905db511ded283ca04bb2ccda0c82eb0d83bc4e9722180ed0a24e0a371743","1880295","png"
"118","damaged_obvious_000095","damaged_obvious","95","digitaltmuseum_S-FBM_2M16-S-0094-137-12","0124.png","damaged_obvious_000095.png","dataset_images/damaged_obvious/damaged_obvious_000095.png","9637a4bfcce55e1786cf5b92bd2acb4c1d8bd56d24ded125bba909edd744141f","2048","1482","other","RGB","existing_damage","train","real_damaged","DigitaltMuseum","https://digitaltmuseum.org/S-FBM/2M16-S-0094-137-12","Public Domain","https://creativecommons.org/publicdomain/mark/1.0/","uneven_exposure","1","texture_catalog_match_v1+source_attribute_v1","","{""crack"": 0.0223, ""dust"": 0.0522, ""fold"": 0.114, ""missing_region"": 0.0722, ""mold"": 0.1319, ""scratch"": 0.0482, ""stain"": 0.1552, ""tear"": 0.0993}","{}","0","0","0","0","0","0","0","0","0","0","0","0","0","1","9637a4bfcce55e1786cf5b92bd2acb4c1d8bd56d24ded125bba909edd744141f","1273191","png"
"119","damaged_obvious_000096","damaged_obvious","96","digitaltmuseum_S-FBM_2M16-S-0096-71-80","0125.png","damaged_obvious_000096.png","dataset_images/damaged_obvious/damaged_obvious_000096.png","34ab0159661457e5a0ca96a1df9684045115d8466e740213079d70ebf9d2486b","800","1173","outdoor_scene","RGB","existing_damage","train","real_damaged","DigitaltMuseum","https://digitaltmuseum.org/S-FBM/2M16-S-0096-71-80","Public Domain","https://creativecommons.org/publicdomain/mark/1.0/","fold|stain|noise","3","texture_catalog_match_v1+source_attribute_v1","fold|stain","{""crack"": 0.0134, ""dust"": 0.0636, ""fold"": 0.1516, ""missing_region"": 0.1052, ""mold"": 0.1641, ""scratch"": 0.0754, ""stain"": 0.1882, ""tear"": 0.175}","{""fold"": [""123.jpg"", ""032.jpg"", ""175.jpg""], ""stain"": [""096.jpg"", ""134.jpg"", ""063.jpg""]}","0","0","1","0","1","0","0","0","0","0","0","1","0","0","34ab0159661457e5a0ca96a1df9684045115d8466e740213079d70ebf9d2486b","672340","png"
"120","damaged_obvious_000097","damaged_obvious","97","digitaltmuseum_S-GMS_GMSF.007986","0126.png","damaged_obvious_000097.png","dataset_images/damaged_obvious/damaged_obvious_000097.png","56a510b6652b169e6ceafaf578dc3db6240c7030f1d8d7d0a18c7f60c6b63225","2048","1494","outdoor_scene","RGB","existing_damage","train","real_damaged","DigitaltMuseum","https://digitaltmuseum.org/S-GMS/GMSF.007986","Public Domain","https://creativecommons.org/publicdomain/mark/1.0/","noise","1","texture_catalog_match_v1+source_attribute_v1","","{""crack"": 0.0044, ""dust"": 0.0208, ""fold"": 0.1149, ""missing_region"": 0.0519, ""mold"": 0.1073, ""scratch"": 0.034, ""stain"": 0.111, ""tear"": 0.1167}","{}","0","0","0","0","0","0","0","0","0","0","0","1","0","0","56a510b6652b169e6ceafaf578dc3db6240c7030f1d8d7d0a18c7f60c6b63225","1768248","png"
"121","damaged_obvious_000098","damaged_obvious","98","digitaltmuseum_S-GMS_GMSF.021550","0127.png","damaged_obvious_000098.png","dataset_images/damaged_obvious/damaged_obvious_000098.png","eb2e78dec99e6b3e5a48771589e81e2e3d0bff131dc8831469cab2f98ae6f6e7","2048","1487","outdoor_scene","RGB","existing_damage","train","real_damaged","DigitaltMuseum","https://digitaltmuseum.org/S-GMS/GMSF.021550","Public Domain","https://creativecommons.org/publicdomain/mark/1.0/","noise|uneven_exposure","2","texture_catalog_match_v1+source_attribute_v1","","{""crack"": 0.0152, ""dust"": 0.052, ""fold"": 0.0363, ""missing_region"": 0.0547, ""mold"": 0.0755, ""scratch"": 0.0358, ""stain"": 0.0823, ""tear"": 0.0744}","{}","0","0","0","0","0","0","0","0","0","0","0","1","0","1","eb2e78dec99e6b3e5a48771589e81e2e3d0bff131dc8831469cab2f98ae6f6e7","2048391","png"
"122","damaged_obvious_000099","damaged_obvious","99","digitaltmuseum_S-GMS_GMSF.027105","0128.png","damaged_obvious_000099.png","dataset_images/damaged_obvious/damaged_obvious_000099.png","8b9e68e75c32206f451e5d117c600634236bc7f113fc22db54cbe17871608850","1640","1098","outdoor_scene","RGB","existing_damage","train","real_damaged","DigitaltMuseum","https://digitaltmuseum.org/S-GMS/GMSF.027105","Public Domain","https://creativecommons.org/publicdomain/mark/1.0/","fold|uneven_exposure","2","texture_catalog_match_v1+source_attribute_v1","fold","{""crack"": 0.0227, ""dust"": 0.0433, ""fold"": 0.1439, ""missing_region"": 0.0569, ""mold"": 0.1369, ""scratch"": 0.0422, ""stain"": 0.1636, ""tear"": 0.1247}","{""fold"": [""032.jpg"", ""126.jpg"", ""175.jpg""]}","0","0","1","0","0","0","0","0","0","0","0","0","0","1","8b9e68e75c32206f451e5d117c600634236bc7f113fc22db54cbe17871608850","974534","png"
"123","damaged_obvious_000100","damaged_obvious","100","digitaltmuseum_S-JVM_JvmKAFR01053","0129.png","damaged_obvious_000100.png","dataset_images/damaged_obvious/damaged_obvious_000100.png","4e1ce5a06878f1cc905df48ee5a43fb8ea20e68b17a524d747ce6d38280bf7ec","2048","1481","architecture","RGB","existing_damage","train","real_damaged","DigitaltMuseum","https://digitaltmuseum.org/S-JVM/JvmKAFR01053","Public Domain","https://creativecommons.org/publicdomain/mark/1.0/","noise|uneven_exposure","2","texture_catalog_match_v1+source_attribute_v1","","{""crack"": 0.0077, ""dust"": 0.0349, ""fold"": 0.097, ""missing_region"": 0.0334, ""mold"": 0.0653, ""scratch"": 0.0329, ""stain"": 0.0829, ""tear"": 0.051}","{}","0","0","0","0","0","0","0","0","0","0","0","1","0","1","4e1ce5a06878f1cc905df48ee5a43fb8ea20e68b17a524d747ce6d38280bf7ec","996112","png"
"124","damaged_obvious_000101","damaged_obvious","101","digitaltmuseum_S-JVM_JvmKAGB00320","0130.png","damaged_obvious_000101.png","dataset_images/damaged_obvious/damaged_obvious_000101.png","025994d7fa1bdff3e86bdbd89e4d3023386a5dd9ead58e2007d92fc6ef0180a4","1532","2048","other","RGB","existing_damage","train","real_damaged","DigitaltMuseum","https://digitaltmuseum.org/S-JVM/JvmKAGB00320","Public Domain","https://creativecommons.org/publicdomain/mark/1.0/","noise","1","texture_catalog_match_v1+source_attribute_v1","","{""crack"": 0.0215, ""dust"": 0.0279, ""fold"": 0.0853, ""missing_region"": 0.0463, ""mold"": 0.1299, ""scratch"": 0.0308, ""stain"": 0.1433, ""tear"": 0.0862}","{}","0","0","0","0","0","0","0","0","0","0","0","1","0","0","025994d7fa1bdff3e86bdbd89e4d3023386a5dd9ead58e2007d92fc6ef0180a4","1608992","png"
"125","damaged_obvious_000102","damaged_obvious","102","digitaltmuseum_S-JVM_JvmKAGC00172","0131.png","damaged_obvious_000102.png","dataset_images/damaged_obvious/damaged_obvious_000102.png","844f0979598c44f97eef80eb51e73af8d0b5ecefac6009d6b6a7d0676267c026","2048","1509","other","RGB","existing_damage","train","real_damaged","DigitaltMuseum","https://digitaltmuseum.org/S-JVM/JvmKAGC00172","Public Domain","https://creativecommons.org/publicdomain/mark/1.0/","uneven_exposure","1","texture_catalog_match_v1+source_attribute_v1","","{""crack"": 0.0293, ""dust"": 0.0354, ""fold"": 0.0834, ""missing_region"": 0.0305, ""mold"": 0.0695, ""scratch"": 0.0341, ""stain"": 0.0773, ""tear"": 0.0962}","{}","0","0","0","0","0","0","0","0","0","0","0","0","0","1","844f0979598c44f97eef80eb51e73af8d0b5ecefac6009d6b6a7d0676267c026","1219904","png"
"126","damaged_obvious_000103","damaged_obvious","103","digitaltmuseum_S-JVM_JvmKAGC00478","0132.png","damaged_obvious_000103.png","dataset_images/damaged_obvious/damaged_obvious_000103.png","5f9a8a2b39b2c90ba67dcf23ddaba74318472ed01e779dfaa5c5d4f2326b3009","2048","1521","other","RGB","existing_damage","test","real_damaged","DigitaltMuseum","https://digitaltmuseum.org/S-JVM/JvmKAGC00478","Public Domain","https://creativecommons.org/publicdomain/mark/1.0/","uneven_exposure","1","texture_catalog_match_v1+source_attribute_v1","","{""crack"": 0.0268, ""dust"": 0.0248, ""fold"": 0.0601, ""missing_region"": 0.032, ""mold"": 0.0499, ""scratch"": 0.0255, ""stain"": 0.0612, ""tear"": 0.0711}","{}","0","0","0","0","0","0","0","0","0","0","0","0","0","1","5f9a8a2b39b2c90ba67dcf23ddaba74318472ed01e779dfaa5c5d4f2326b3009","1109884","png"
"127","damaged_obvious_000104","damaged_obvious","104","digitaltmuseum_S-JVM_JvmKAGD00161","0133.png","damaged_obvious_000104.png","dataset_images/damaged_obvious/damaged_obvious_000104.png","3cd747a5ae3edde32dd1b9311902c258d0a69050cfaf7c80d7d9449f09475332","2048","1542","other","RGB","existing_damage","train","real_damaged","DigitaltMuseum","https://digitaltmuseum.org/S-JVM/JvmKAGD00161","Public Domain","https://creativecommons.org/publicdomain/mark/1.0/","fold|noise|uneven_exposure","3","texture_catalog_match_v1+source_attribute_v1","fold","{""crack"": 0.0166, ""dust"": 0.0298, ""fold"": 0.179, ""missing_region"": 0.0486, ""mold"": 0.1739, ""scratch"": 0.0409, ""stain"": 0.1015, ""tear"": 0.1144}","{""fold"": [""175.jpg"", ""032.jpg"", ""126.jpg""]}","0","0","1","0","0","0","0","0","0","0","0","1","0","1","3cd747a5ae3edde32dd1b9311902c258d0a69050cfaf7c80d7d9449f09475332","1855442","png"
"131","damaged_obvious_000105","damaged_obvious","105","digitaltmuseum_S-JVM_JvmKAJA00640","0137.png","damaged_obvious_000105.png","dataset_images/damaged_obvious/damaged_obvious_000105.png","1cc7317cdcddb19c4f65f5dd9e06dedfe7732558647ca0e5840e34fc169e94be","2048","1403","other","RGB","existing_damage","train","real_damaged","DigitaltMuseum","https://digitaltmuseum.org/S-JVM/JvmKAJA00640","Public Domain","https://creativecommons.org/publicdomain/mark/1.0/","noise|uneven_exposure","2","texture_catalog_match_v1+source_attribute_v1","","{""crack"": 0.0188, ""dust"": 0.0243, ""fold"": 0.0425, ""missing_region"": 0.0295, ""mold"": 0.0431, ""scratch"": 0.0221, ""stain"": 0.0438, ""tear"": 0.0661}","{}","0","0","0","0","0","0","0","0","0","0","0","1","0","1","1cc7317cdcddb19c4f65f5dd9e06dedfe7732558647ca0e5840e34fc169e94be","1187941","png"
"132","damaged_obvious_000106","damaged_obvious","106","digitaltmuseum_S-JVM_JvmKAJA00641","0138.png","damaged_obvious_000106.png","dataset_images/damaged_obvious/damaged_obvious_000106.png","5ccf4790d9b384bc7f3439aefbed65d85620e3ec821c0bb34205b21feee418de","2048","1403","other","RGB","existing_damage","train","real_damaged","DigitaltMuseum","https://digitaltmuseum.org/S-JVM/JvmKAJA00641","Public Domain","https://creativecommons.org/publicdomain/mark/1.0/","noise","1","texture_catalog_match_v1+source_attribute_v1","","{""crack"": 0.001, ""dust"": 0.0052, ""fold"": 0.0165, ""missing_region"": 0.0255, ""mold"": 0.0357, ""scratch"": 0.0097, ""stain"": 0.0389, ""tear"": 0.0547}","{}","0","0","0","0","0","0","0","0","0","0","0","1","0","0","5ccf4790d9b384bc7f3439aefbed65d85620e3ec821c0bb34205b21feee418de","1480019","png"
"133","damaged_obvious_000107","damaged_obvious","107","digitaltmuseum_S-JVM_JvmKAJA00642","0139.png","damaged_obvious_000107.png","dataset_images/damaged_obvious/damaged_obvious_000107.png","718155131a7f31a2ed43cd8e5f7271c907dd0253c630e9d34e71fd4c437385c4","2048","1403","other","RGB","existing_damage","test","real_damaged","DigitaltMuseum","https://digitaltmuseum.org/S-JVM/JvmKAJA00642","Public Domain","https://creativecommons.org/publicdomain/mark/1.0/","uneven_exposure","1","texture_catalog_match_v1+source_attribute_v1","","{""crack"": 0.02, ""dust"": 0.0359, ""fold"": 0.127, ""missing_region"": 0.0439, ""mold"": 0.1414, ""scratch"": 0.0377, ""stain"": 0.1563, ""tear"": 0.0696}","{}","0","0","0","0","0","0","0","0","0","0","0","0","0","1","718155131a7f31a2ed43cd8e5f7271c907dd0253c630e9d34e71fd4c437385c4","1446347","png"
"134","damaged_obvious_000108","damaged_obvious","108","digitaltmuseum_S-JVM_JvmKBBA01403","0140.png","damaged_obvious_000108.png","dataset_images/damaged_obvious/damaged_obvious_000108.png","474829a0e2e6f1c9d1932246666d9767d1ed837a81f68af1e2a22fb80a82e560","2048","1385","outdoor_scene","RGB","existing_damage","test","real_damaged","DigitaltMuseum","https://digitaltmuseum.org/S-JVM/JvmKBBA01403","Public Domain","https://creativecommons.org/publicdomain/mark/1.0/","uneven_exposure","1","texture_catalog_match_v1+source_attribute_v1","","{""crack"": 0.0194, ""dust"": 0.0278, ""fold"": 0.0708, ""missing_region"": 0.0524, ""mold"": 0.0898, ""scratch"": 0.0312, ""stain"": 0.082, ""tear"": 0.0794}","{}","0","0","0","0","0","0","0","0","0","0","0","0","0","1","474829a0e2e6f1c9d1932246666d9767d1ed837a81f68af1e2a22fb80a82e560","1110424","png"
"135","damaged_obvious_000109","damaged_obvious","109","digitaltmuseum_S-JVM_JvmKBBA01404","0141.png","damaged_obvious_000109.png","dataset_images/damaged_obvious/damaged_obvious_000109.png","2636fd5b0a9013afcf014e6f2419a4613ab7f59d71271b8c4d98eafd898e6631","2048","1385","outdoor_scene","RGB","existing_damage","validation","real_damaged","DigitaltMuseum","https://digitaltmuseum.org/S-JVM/JvmKBBA01404","Public Domain","https://creativecommons.org/publicdomain/mark/1.0/","uneven_exposure","1","texture_catalog_match_v1+source_attribute_v1","","{""crack"": 0.0098, ""dust"": 0.0162, ""fold"": 0.0232, ""missing_region"": 0.0269, ""mold"": 0.0327, ""scratch"": 0.0188, ""stain"": 0.0436, ""tear"": 0.0439}","{}","0","0","0","0","0","0","0","0","0","0","0","0","0","1","2636fd5b0a9013afcf014e6f2419a4613ab7f59d71271b8c4d98eafd898e6631","743583","png"
"136","damaged_obvious_000110","damaged_obvious","110","digitaltmuseum_S-JVM_JvmKBBA01405","0142.png","damaged_obvious_000110.png","dataset_images/damaged_obvious/damaged_obvious_000110.png","26f77e87d047c20b01726422521f784eb9d8c7932be86ccc13884bdef6d6664a","2048","1359","outdoor_scene","RGB","existing_damage","validation","real_damaged","DigitaltMuseum","https://digitaltmuseum.org/S-JVM/JvmKBBA01405","Public Domain","https://creativecommons.org/publicdomain/mark/1.0/","noise","1","texture_catalog_match_v1+source_attribute_v1","","{""crack"": 0.025, ""dust"": 0.025, ""fold"": 0.0487, ""missing_region"": 0.0249, ""mold"": 0.048, ""scratch"": 0.0245, ""stain"": 0.0437, ""tear"": 0.0707}","{}","0","0","0","0","0","0","0","0","0","0","0","1","0","0","26f77e87d047c20b01726422521f784eb9d8c7932be86ccc13884bdef6d6664a","858622","png"
"137","damaged_obvious_000111","damaged_obvious","111","digitaltmuseum_S-JVM_JvmKBDM02904","0143.png","damaged_obvious_000111.png","dataset_images/damaged_obvious/damaged_obvious_000111.png","7514926acbee9ba7d05331ab2c0ebcb4ab38aa41cfa453900d05994cd0ce600c","2048","2019","other","RGB","existing_damage","train","real_damaged","DigitaltMuseum","https://digitaltmuseum.org/S-JVM/JvmKBDM02904","Public Domain","https://creativecommons.org/publicdomain/mark/1.0/","noise|uneven_exposure","2","texture_catalog_match_v1+source_attribute_v1","","{""crack"": 0.0018, ""dust"": 0.005, ""fold"": 0.0157, ""missing_region"": 0.0163, ""mold"": 0.0143, ""scratch"": 0.0099, ""stain"": 0.0357, ""tear"": 0.0226}","{}","0","0","0","0","0","0","0","0","0","0","0","1","0","1","7514926acbee9ba7d05331ab2c0ebcb4ab38aa41cfa453900d05994cd0ce600c","2270340","png"
"138","damaged_obvious_000112","damaged_obvious","112","digitaltmuseum_S-JVM_JvmKBDM03268","0144.png","damaged_obvious_000112.png","dataset_images/damaged_obvious/damaged_obvious_000112.png","85cf1258ddeb48e544f8f3c0bc0ecf1b388987ddd593bb81139c3c1860b62b19","2048","1532","outdoor_scene","RGB","existing_damage","train","real_damaged","DigitaltMuseum","https://digitaltmuseum.org/S-JVM/JvmKBDM03268","Public Domain","https://creativecommons.org/publicdomain/mark/1.0/","noise|uneven_exposure","2","texture_catalog_match_v1+source_attribute_v1","","{""crack"": 0.0062, ""dust"": 0.027, ""fold"": 0.1073, ""missing_region"": 0.048, ""mold"": 0.0777, ""scratch"": 0.0288, ""stain"": 0.095, ""tear"": 0.062}","{}","0","0","0","0","0","0","0","0","0","0","0","1","0","1","85cf1258ddeb48e544f8f3c0bc0ecf1b388987ddd593bb81139c3c1860b62b19","2007810","png"
"139","damaged_obvious_000113","damaged_obvious","113","digitaltmuseum_S-JVM_JvmKCAC02199","0145.png","damaged_obvious_000113.png","dataset_images/damaged_obvious/damaged_obvious_000113.png","67bd6c5f00b3959b50e7ae91ddbe26f5d6dbb3151a5e6140fe6f1991cee5483c","2048","1297","outdoor_scene","RGB","existing_damage","train","real_damaged","DigitaltMuseum","https://digitaltmuseum.org/S-JVM/JvmKCAC02199","Public Domain","https://creativecommons.org/publicdomain/mark/1.0/","noise|uneven_exposure","2","texture_catalog_match_v1+source_attribute_v1","","{""crack"": 0.0097, ""dust"": 0.0303, ""fold"": 0.0767, ""missing_region"": 0.0681, ""mold"": 0.0677, ""scratch"": 0.0289, ""stain"": 0.0658, ""tear"": 0.0681}","{}","0","0","0","0","0","0","0","0","0","0","0","1","0","1","67bd6c5f00b3959b50e7ae91ddbe26f5d6dbb3151a5e6140fe6f1991cee5483c","1145938","png"
"140","damaged_obvious_000114","damaged_obvious","114","digitaltmuseum_S-JVM_JvmKCAC15489","0146.png","damaged_obvious_000114.png","dataset_images/damaged_obvious/damaged_obvious_000114.png","4f7431d08459a7f5331c665ad1daadcde38330e8ecf71f73492b6bbf79cb281e","2048","1342","architecture","RGB","existing_damage","train","real_damaged","DigitaltMuseum","https://digitaltmuseum.org/S-JVM/JvmKCAC15489","Public Domain","https://creativecommons.org/publicdomain/mark/1.0/","noise|uneven_exposure","2","texture_catalog_match_v1+source_attribute_v1","","{""crack"": 0.009, ""dust"": 0.0137, ""fold"": 0.0214, ""missing_region"": 0.0354, ""mold"": 0.0511, ""scratch"": 0.0148, ""stain"": 0.1041, ""tear"": 0.1632}","{}","0","0","0","0","0","0","0","0","0","0","0","1","0","1","4f7431d08459a7f5331c665ad1daadcde38330e8ecf71f73492b6bbf79cb281e","1509289","png"
"141","damaged_obvious_000115","damaged_obvious","115","digitaltmuseum_S-JVM_JvmKDAA12337","0147.png","damaged_obvious_000115.png","dataset_images/damaged_obvious/damaged_obvious_000115.png","b76a9d8976f4fc86d981922c908cec949c47666074d494cde446c0f89bdd1c60","2048","1434","outdoor_scene","RGB","existing_damage","validation","real_damaged","DigitaltMuseum","https://digitaltmuseum.org/S-JVM/JvmKDAA12337","Public Domain","https://creativecommons.org/publicdomain/mark/1.0/","noise|uneven_exposure","2","texture_catalog_match_v1+source_attribute_v1","","{""crack"": 0.0272, ""dust"": 0.0834, ""fold"": 0.0995, ""missing_region"": 0.0776, ""mold"": 0.1064, ""scratch"": 0.0753, ""stain"": 0.1345, ""tear"": 0.0977}","{}","0","0","0","0","0","0","0","0","0","0","0","1","0","1","b76a9d8976f4fc86d981922c908cec949c47666074d494cde446c0f89bdd1c60","1815550","png"
"142","damaged_obvious_000116","damaged_obvious","116","digitaltmuseum_S-JVM_JvmKDAE04306","0148.png","damaged_obvious_000116.png","dataset_images/damaged_obvious/damaged_obvious_000116.png","99d0fb6cb18466d57612f806df3595b16d3e827fa88522dbeaca679c4d70651b","1460","2048","architecture","RGB","existing_damage","train","real_damaged","DigitaltMuseum","https://digitaltmuseum.org/S-JVM/JvmKDAE04306","Public Domain","https://creativecommons.org/publicdomain/mark/1.0/","noise","1","texture_catalog_match_v1+source_attribute_v1","","{""crack"": 0.0, ""dust"": 0.0, ""fold"": 0.0008, ""missing_region"": 0.0006, ""mold"": 0.0011, ""scratch"": 0.0002, ""stain"": 0.0013, ""tear"": 0.0006}","{}","0","0","0","0","0","0","0","0","0","0","0","1","0","0","99d0fb6cb18466d57612f806df3595b16d3e827fa88522dbeaca679c4d70651b","1127243","png"
"143","damaged_obvious_000117","damaged_obvious","117","digitaltmuseum_S-JVM_JvmKDAE04307","0149.png","damaged_obvious_000117.png","dataset_images/damaged_obvious/damaged_obvious_000117.png","9fb50eaf27277c54d1790c300721c6574fcef932498003e0cefb26fb32322ec8","1454","2048","architecture","RGB","existing_damage","train","real_damaged","DigitaltMuseum","https://digitaltmuseum.org/S-JVM/JvmKDAE04307","Public Domain","https://creativecommons.org/publicdomain/mark/1.0/","noise","1","texture_catalog_match_v1+source_attribute_v1","","{""crack"": 0.0, ""dust"": 0.0001, ""fold"": 0.002, ""missing_region"": 0.0011, ""mold"": 0.0031, ""scratch"": 0.0006, ""stain"": 0.0019, ""tear"": 0.0011}","{}","0","0","0","0","0","0","0","0","0","0","0","1","0","0","9fb50eaf27277c54d1790c300721c6574fcef932498003e0cefb26fb32322ec8","1547374","png"
"144","damaged_obvious_000118","damaged_obvious","118","digitaltmuseum_S-JVM_JvmKDAE04308","0150.png","damaged_obvious_000118.png","dataset_images/damaged_obvious/damaged_obvious_000118.png","0ba1d793eceea3231fe3aeb565e07203e82351e171d514027ab848c3f58bc76c","1482","2048","architecture","RGB","existing_damage","train","real_damaged","DigitaltMuseum","https://digitaltmuseum.org/S-JVM/JvmKDAE04308","Public Domain","https://creativecommons.org/publicdomain/mark/1.0/","noise","1","texture_catalog_match_v1+source_attribute_v1","","{""crack"": 0.0, ""dust"": 0.0003, ""fold"": 0.0042, ""missing_region"": 0.0032, ""mold"": 0.0054, ""scratch"": 0.0018, ""stain"": 0.0074, ""tear"": 0.0032}","{}","0","0","0","0","0","0","0","0","0","0","0","1","0","0","0ba1d793eceea3231fe3aeb565e07203e82351e171d514027ab848c3f58bc76c","1895376","png"
"145","damaged_obvious_000119","damaged_obvious","119","digitaltmuseum_S-JVM_JvmKDAE04309","0151.png","damaged_obvious_000119.png","dataset_images/damaged_obvious/damaged_obvious_000119.png","3218bddca0fd1e538f63b7e84fa8a04befdc6202cbbc06a7ce52da1d3eed3fde","1480","2048","architecture","RGB","existing_damage","train","real_damaged","DigitaltMuseum","https://digitaltmuseum.org/S-JVM/JvmKDAE04309","Public Domain","https://creativecommons.org/publicdomain/mark/1.0/","noise","1","texture_catalog_match_v1+source_attribute_v1","","{""crack"": 0.0, ""dust"": 0.0002, ""fold"": 0.0047, ""missing_region"": 0.002, ""mold"": 0.0054, ""scratch"": 0.0014, ""stain"": 0.0067, ""tear"": 0.002}","{}","0","0","0","0","0","0","0","0","0","0","0","1","0","0","3218bddca0fd1e538f63b7e84fa8a04befdc6202cbbc06a7ce52da1d3eed3fde","1602359","png"
"147","damaged_obvious_000120","damaged_obvious","120","digitaltmuseum_S-JVM_JvmKDAE05164","0153.png","damaged_obvious_000120.png","dataset_images/damaged_obvious/damaged_obvious_000120.png","167710357946f67175c5bc33fa071a420bc9c19f12beb69f57a31fedbaa4cd33","1402","2048","architecture","RGB","existing_damage","train","real_damaged","DigitaltMuseum","https://digitaltmuseum.org/S-JVM/JvmKDAE05164","Public Domain","https://creativecommons.org/publicdomain/mark/1.0/","noise","1","texture_catalog_match_v1+source_attribute_v1","","{""crack"": 0.0044, ""dust"": 0.0104, ""fold"": 0.0418, ""missing_region"": 0.0161, ""mold"": 0.0419, ""scratch"": 0.0239, ""stain"": 0.0391, ""tear"": 0.034}","{}","0","0","0","0","0","0","0","0","0","0","0","1","0","0","167710357946f67175c5bc33fa071a420bc9c19f12beb69f57a31fedbaa4cd33","1360587","png"
"148","damaged_obvious_000121","damaged_obvious","121","digitaltmuseum_S-JVM_JvmKDAE11457","0154.png","damaged_obvious_000121.png","dataset_images/damaged_obvious/damaged_obvious_000121.png","453aaed03f09e2e08a9e88127b80d881314731eb9f23a96c7968f1552873a439","2048","1363","outdoor_scene","RGB","existing_damage","train","real_damaged","DigitaltMuseum","https://digitaltmuseum.org/S-JVM/JvmKDAE11457","Public Domain","https://creativecommons.org/publicdomain/mark/1.0/","uneven_exposure","1","texture_catalog_match_v1+source_attribute_v1","","{""crack"": 0.0269, ""dust"": 0.0408, ""fold"": 0.1008, ""missing_region"": 0.0392, ""mold"": 0.0977, ""scratch"": 0.0379, ""stain"": 0.1183, ""tear"": 0.0963}","{}","0","0","0","0","0","0","0","0","0","0","0","0","0","1","453aaed03f09e2e08a9e88127b80d881314731eb9f23a96c7968f1552873a439","1154857","png"
"149","damaged_obvious_000122","damaged_obvious","122","digitaltmuseum_S-JVM_JvmKDAE12019","0155.png","damaged_obvious_000122.png","dataset_images/damaged_obvious/damaged_obvious_000122.png","7490f468daed673ff3ccec237e54b3dce7130b46b1975536871d17c30a08322e","2048","2011","other","RGB","existing_damage","train","real_damaged","DigitaltMuseum","https://digitaltmuseum.org/S-JVM/JvmKDAE12019","Public Domain","https://creativecommons.org/publicdomain/mark/1.0/","noise","1","texture_catalog_match_v1+source_attribute_v1","","{""crack"": 0.002, ""dust"": 0.0066, ""fold"": 0.0074, ""missing_region"": 0.0265, ""mold"": 0.0133, ""scratch"": 0.0097, ""stain"": 0.0768, ""tear"": 0.0662}","{}","0","0","0","0","0","0","0","0","0","0","0","1","0","0","7490f468daed673ff3ccec237e54b3dce7130b46b1975536871d17c30a08322e","2488252","png"
"150","damaged_obvious_000123","damaged_obvious","123","digitaltmuseum_S-JVM_JvmKDAE13336","0156.png","damaged_obvious_000123.png","dataset_images/damaged_obvious/damaged_obvious_000123.png","76d4fc0ae353840f6c330dc7e7a489ab96b4de3f16ec7c9bc00759fd2e70d54e","2048","1467","outdoor_scene","RGB","existing_damage","train","real_damaged","DigitaltMuseum","https://digitaltmuseum.org/S-JVM/JvmKDAE13336","Public Domain","https://creativecommons.org/publicdomain/mark/1.0/","noise|uneven_exposure","2","texture_catalog_match_v1+source_attribute_v1","","{""crack"": 0.0047, ""dust"": 0.0091, ""fold"": 0.0161, ""missing_region"": 0.0164, ""mold"": 0.0182, ""scratch"": 0.0097, ""stain"": 0.02, ""tear"": 0.0197}","{}","0","0","0","0","0","0","0","0","0","0","0","1","0","1","76d4fc0ae353840f6c330dc7e7a489ab96b4de3f16ec7c9bc00759fd2e70d54e","1359302","png"
"151","damaged_obvious_000124","damaged_obvious","124","digitaltmuseum_S-JVM_JvmKDAE13373","0157.png","damaged_obvious_000124.png","dataset_images/damaged_obvious/damaged_obvious_000124.png","87372926c59a8eb26cf0d0ca4bad8f3006a4b384377defaa4d546f2eb4e4916d","1347","2048","outdoor_scene","RGB","existing_damage","train","real_damaged","DigitaltMuseum","https://digitaltmuseum.org/S-JVM/JvmKDAE13373","Public Domain","https://creativecommons.org/publicdomain/mark/1.0/","noise|uneven_exposure","2","texture_catalog_match_v1+source_attribute_v1","","{""crack"": 0.0005, ""dust"": 0.001, ""fold"": 0.0018, ""missing_region"": 0.0014, ""mold"": 0.0027, ""scratch"": 0.0009, ""stain"": 0.0042, ""tear"": 0.0019}","{}","0","0","0","0","0","0","0","0","0","0","0","1","0","1","87372926c59a8eb26cf0d0ca4bad8f3006a4b384377defaa4d546f2eb4e4916d","921363","png"
"152","damaged_obvious_000125","damaged_obvious","125","digitaltmuseum_S-JVM_JvmKDAE13374","0158.png","damaged_obvious_000125.png","dataset_images/damaged_obvious/damaged_obvious_000125.png","ab26acb160941752312af3ba70e211ceccc2d1c3b324d78deca4fcadd02933e0","1532","2048","outdoor_scene","RGB","existing_damage","train","real_damaged","DigitaltMuseum","https://digitaltmuseum.org/S-JVM/JvmKDAE13374","Public Domain","https://creativecommons.org/publicdomain/mark/1.0/","noise|uneven_exposure","2","texture_catalog_match_v1+source_attribute_v1","","{""crack"": 0.0052, ""dust"": 0.0141, ""fold"": 0.0425, ""missing_region"": 0.0297, ""mold"": 0.0557, ""scratch"": 0.0239, ""stain"": 0.0616, ""tear"": 0.0474}","{}","0","0","0","0","0","0","0","0","0","0","0","1","0","1","ab26acb160941752312af3ba70e211ceccc2d1c3b324d78deca4fcadd02933e0","1048241","png"
"153","damaged_obvious_000126","damaged_obvious","126","digitaltmuseum_S-JVM_JvmKDAE13470","0159.png","damaged_obvious_000126.png","dataset_images/damaged_obvious/damaged_obvious_000126.png","96f8b529615853180343c695107e7841ba70c903de9d0731d08247a1ed17040d","2048","1396","outdoor_scene","RGB","existing_damage","train","real_damaged","DigitaltMuseum","https://digitaltmuseum.org/S-JVM/JvmKDAE13470","Public Domain","https://creativecommons.org/publicdomain/mark/1.0/","noise|uneven_exposure","2","texture_catalog_match_v1+source_attribute_v1","","{""crack"": 0.029, ""dust"": 0.0313, ""fold"": 0.107, ""missing_region"": 0.0561, ""mold"": 0.1678, ""scratch"": 0.0391, ""stain"": 0.1137, ""tear"": 0.0835}","{}","0","0","0","0","0","0","0","0","0","0","0","1","0","1","96f8b529615853180343c695107e7841ba70c903de9d0731d08247a1ed17040d","854631","png"
"154","damaged_obvious_000127","damaged_obvious","127","digitaltmuseum_S-JVM_JvmKDAE13531","0160.png","damaged_obvious_000127.png","dataset_images/damaged_obvious/damaged_obvious_000127.png","86173d5954c00d872bf24310d71c8d434f6c4d06be240080613d9b09793bd04b","2048","1409","other","RGB","existing_damage","train","real_damaged","DigitaltMuseum","https://digitaltmuseum.org/S-JVM/JvmKDAE13531","Public Domain","https://creativecommons.org/publicdomain/mark/1.0/","noise","1","texture_catalog_match_v1+source_attribute_v1","","{""crack"": 0.0036, ""dust"": 0.0108, ""fold"": 0.0111, ""missing_region"": 0.0107, ""mold"": 0.0163, ""scratch"": 0.0084, ""stain"": 0.0132, ""tear"": 0.0172}","{}","0","0","0","0","0","0","0","0","0","0","0","1","0","0","86173d5954c00d872bf24310d71c8d434f6c4d06be240080613d9b09793bd04b","1407502","png"
"155","damaged_obvious_000128","damaged_obvious","128","digitaltmuseum_S-JVM_JvmKDAE13532","0161.png","damaged_obvious_000128.png","dataset_images/damaged_obvious/damaged_obvious_000128.png","d265483bdb4c4cf6bf862f37cadced2ebd945a57585540a172442829f0291155","2048","2027","other","RGB","existing_damage","train","real_damaged","DigitaltMuseum","https://digitaltmuseum.org/S-JVM/JvmKDAE13532","Public Domain","https://creativecommons.org/publicdomain/mark/1.0/","noise","1","texture_catalog_match_v1+source_attribute_v1","","{""crack"": 0.0121, ""dust"": 0.0369, ""fold"": 0.0561, ""missing_region"": 0.0429, ""mold"": 0.0703, ""scratch"": 0.0248, ""stain"": 0.068, ""tear"": 0.0509}","{}","0","0","0","0","0","0","0","0","0","0","0","1","0","0","d265483bdb4c4cf6bf862f37cadced2ebd945a57585540a172442829f0291155","2192145","png"
"156","damaged_obvious_000129","damaged_obvious","129","digitaltmuseum_S-JVM_JvmKDAE13534","0163.png","damaged_obvious_000129.png","dataset_images/damaged_obvious/damaged_obvious_000129.png","c624173bf5985c9c06a4ed47562f9cace454924bf168b4e67dc6efe30a315693","2029","2048","other","RGB","existing_damage","train","real_damaged","DigitaltMuseum","https://digitaltmuseum.org/S-JVM/JvmKDAE13534","Public Domain","https://creativecommons.org/publicdomain/mark/1.0/","noise","1","texture_catalog_match_v1+source_attribute_v1","","{""crack"": 0.0008, ""dust"": 0.0018, ""fold"": 0.0201, ""missing_region"": 0.0079, ""mold"": 0.0122, ""scratch"": 0.0122, ""stain"": 0.0089, ""tear"": 0.0092}","{}","0","0","0","0","0","0","0","0","0","0","0","1","0","0","c624173bf5985c9c06a4ed47562f9cace454924bf168b4e67dc6efe30a315693","1772711","png"
"157","damaged_obvious_000130","damaged_obvious","130","digitaltmuseum_S-JVM_JvmKDAE13535","0164.png","damaged_obvious_000130.png","dataset_images/damaged_obvious/damaged_obvious_000130.png","5fe82cee99921268b45f5cccbd4128775a157d6102bad97317c3d46b78fae5a7","2048","2043","other","RGB","existing_damage","validation","real_damaged","DigitaltMuseum","https://digitaltmuseum.org/S-JVM/JvmKDAE13535","Public Domain","https://creativecommons.org/publicdomain/mark/1.0/","noise","1","texture_catalog_match_v1+source_attribute_v1","","{""crack"": 0.0041, ""dust"": 0.0121, ""fold"": 0.027, ""missing_region"": 0.0342, ""mold"": 0.0533, ""scratch"": 0.0204, ""stain"": 0.0304, ""tear"": 0.0342}","{}","0","0","0","0","0","0","0","0","0","0","0","1","0","0","5fe82cee99921268b45f5cccbd4128775a157d6102bad97317c3d46b78fae5a7","2423185","png"
"158","damaged_obvious_000131","damaged_obvious","131","digitaltmuseum_S-JVM_JvmKDAE13745","0165.png","damaged_obvious_000131.png","dataset_images/damaged_obvious/damaged_obvious_000131.png","84c1fa2617f8a96583ea6b2fa31855c930ee65f4d35de95ff86fead398201868","2041","2048","outdoor_scene","RGB","existing_damage","test","real_damaged","DigitaltMuseum","https://digitaltmuseum.org/S-JVM/JvmKDAE13745","Public Domain","https://creativecommons.org/publicdomain/mark/1.0/","noise|uneven_exposure","2","texture_catalog_match_v1+source_attribute_v1","","{""crack"": 0.0, ""dust"": 0.0002, ""fold"": 0.0007, ""missing_region"": 0.0008, ""mold"": 0.0008, ""scratch"": 0.0005, ""stain"": 0.0011, ""tear"": 0.0022}","{}","0","0","0","0","0","0","0","0","0","0","0","1","0","1","84c1fa2617f8a96583ea6b2fa31855c930ee65f4d35de95ff86fead398201868","1992480","png"
"159","damaged_obvious_000132","damaged_obvious","132","digitaltmuseum_S-JVM_JvmKDAE13760","0166.png","damaged_obvious_000132.png","dataset_images/damaged_obvious/damaged_obvious_000132.png","ad36584fc84e782ebf166770d9a9c2f57c061d56b0a51b4cb9b51c18afec1963","2048","1378","outdoor_scene","RGB","existing_damage","validation","real_damaged","DigitaltMuseum","https://digitaltmuseum.org/S-JVM/JvmKDAE13760","Public Domain","https://creativecommons.org/publicdomain/mark/1.0/","noise|uneven_exposure","2","texture_catalog_match_v1+source_attribute_v1","","{""crack"": 0.002, ""dust"": 0.0058, ""fold"": 0.0229, ""missing_region"": 0.0222, ""mold"": 0.0103, ""scratch"": 0.0082, ""stain"": 0.0217, ""tear"": 0.0222}","{}","0","0","0","0","0","0","0","0","0","0","0","1","0","1","ad36584fc84e782ebf166770d9a9c2f57c061d56b0a51b4cb9b51c18afec1963","1568595","png"
"160","damaged_obvious_000133","damaged_obvious","133","digitaltmuseum_S-JVM_JvmKDAE13761","0167.png","damaged_obvious_000133.png","dataset_images/damaged_obvious/damaged_obvious_000133.png","09ee7f0ecf328d3d407d069f8fa46b123826d4169f8034b3ee5170be3c09492d","2048","1392","outdoor_scene","RGB","existing_damage","train","real_damaged","DigitaltMuseum","https://digitaltmuseum.org/S-JVM/JvmKDAE13761","Public Domain","https://creativecommons.org/publicdomain/mark/1.0/","dust|noise|uneven_exposure","3","texture_catalog_match_v1+source_attribute_v1","dust","{""crack"": 0.0365, ""dust"": 0.0934, ""fold"": 0.0529, ""missing_region"": 0.0978, ""mold"": 0.1089, ""scratch"": 0.0754, ""stain"": 0.0865, ""tear"": 0.0978}","{""dust"": [""079.jpg"", ""050.jpg"", ""060.jpg""]}","0","0","0","1","0","0","0","0","0","0","0","1","0","1","09ee7f0ecf328d3d407d069f8fa46b123826d4169f8034b3ee5170be3c09492d","1105485","png"
"163","damaged_obvious_000134","damaged_obvious","134","digitaltmuseum_S-JVM_JvmKDAE13991","0170.png","damaged_obvious_000134.png","dataset_images/damaged_obvious/damaged_obvious_000134.png","01edaabe803c47ccd2d956a78af68330396c60bea5f63a5b670f67fd906f8b01","2048","1315","outdoor_scene","RGB","existing_damage","train","real_damaged","DigitaltMuseum","https://digitaltmuseum.org/S-JVM/JvmKDAE13991","Public Domain","https://creativecommons.org/publicdomain/mark/1.0/","noise","1","texture_catalog_match_v1+source_attribute_v1","","{""crack"": 0.0205, ""dust"": 0.024, ""fold"": 0.0366, ""missing_region"": 0.0238, ""mold"": 0.0312, ""scratch"": 0.0234, ""stain"": 0.042, ""tear"": 0.0389}","{}","0","0","0","0","0","0","0","0","0","0","0","1","0","0","01edaabe803c47ccd2d956a78af68330396c60bea5f63a5b670f67fd906f8b01","965973","png"
"164","damaged_obvious_000135","damaged_obvious","135","digitaltmuseum_S-JVM_JvmKDAF06501","0171.png","damaged_obvious_000135.png","dataset_images/damaged_obvious/damaged_obvious_000135.png","8e8ac1bfd01088fba174945728d99ecfb3a5de5bae9bfd825b041266263d5d84","2048","2036","other","RGB","existing_damage","train","real_damaged","DigitaltMuseum","https://digitaltmuseum.org/S-JVM/JvmKDAF06501","Public Domain","https://creativecommons.org/publicdomain/mark/1.0/","noise|uneven_exposure","2","texture_catalog_match_v1+source_attribute_v1","","{""crack"": 0.0, ""dust"": 0.0, ""fold"": 0.0004, ""missing_region"": 0.0009, ""mold"": 0.0034, ""scratch"": 0.0002, ""stain"": 0.0016, ""tear"": 0.0015}","{}","0","0","0","0","0","0","0","0","0","0","0","1","0","1","8e8ac1bfd01088fba174945728d99ecfb3a5de5bae9bfd825b041266263d5d84","1612082","png"
"165","damaged_obvious_000136","damaged_obvious","136","digitaltmuseum_S-JVM_JvmKDAF08009","0172.png","damaged_obvious_000136.png","dataset_images/damaged_obvious/damaged_obvious_000136.png","32e18ea5f377897a6521b6547cc243868a2b88d583ac2982a8851e5a8e6f03ad","2048","1368","other","RGB","existing_damage","train","real_damaged","DigitaltMuseum","https://digitaltmuseum.org/S-JVM/JvmKDAF08009","Public Domain","https://creativecommons.org/publicdomain/mark/1.0/","noise|uneven_exposure","2","texture_catalog_match_v1+source_attribute_v1","","{""crack"": 0.0007, ""dust"": 0.0027, ""fold"": 0.0123, ""missing_region"": 0.0157, ""mold"": 0.0247, ""scratch"": 0.0099, ""stain"": 0.0241, ""tear"": 0.021}","{}","0","0","0","0","0","0","0","0","0","0","0","1","0","1","32e18ea5f377897a6521b6547cc243868a2b88d583ac2982a8851e5a8e6f03ad","1391594","png"
"166","damaged_obvious_000137","damaged_obvious","137","digitaltmuseum_S-JVM_JvmKDAJ00349","0173.png","damaged_obvious_000137.png","dataset_images/damaged_obvious/damaged_obvious_000137.png","cbf227c4ae1908a5f9f8f8231f22ecf96cb10fc1c2c16baa853d7214a12d26de","2048","1453","outdoor_scene","RGB","existing_damage","train","real_damaged","DigitaltMuseum","https://digitaltmuseum.org/S-JVM/JvmKDAJ00349","Public Domain","https://creativecommons.org/publicdomain/mark/1.0/","noise|uneven_exposure","2","texture_catalog_match_v1+source_attribute_v1","","{""crack"": 0.0009, ""dust"": 0.0052, ""fold"": 0.022, ""missing_region"": 0.027, ""mold"": 0.0397, ""scratch"": 0.0117, ""stain"": 0.0494, ""tear"": 0.0374}","{}","0","0","0","0","0","0","0","0","0","0","0","1","0","1","cbf227c4ae1908a5f9f8f8231f22ecf96cb10fc1c2c16baa853d7214a12d26de","1415956","png"
"167","damaged_obvious_000138","damaged_obvious","138","digitaltmuseum_S-JVM_JvmKDAK01787","0174.png","damaged_obvious_000138.png","dataset_images/damaged_obvious/damaged_obvious_000138.png","9415bf3b296599cf43da4c2bcbb6b236ccb38acb839fffc738c91b7b48a1fe45","2048","1518","single_portrait","RGB","existing_damage","train","real_damaged","DigitaltMuseum","https://digitaltmuseum.org/S-JVM/JvmKDAK01787","Public Domain","https://creativecommons.org/publicdomain/mark/1.0/","noise|uneven_exposure","2","texture_catalog_match_v1+source_attribute_v1","","{""crack"": 0.0096, ""dust"": 0.0223, ""fold"": 0.0453, ""missing_region"": 0.0415, ""mold"": 0.06, ""scratch"": 0.0244, ""stain"": 0.0573, ""tear"": 0.064}","{}","0","0","0","0","0","0","0","0","0","0","0","1","0","1","9415bf3b296599cf43da4c2bcbb6b236ccb38acb839fffc738c91b7b48a1fe45","1364251","png"
"168","damaged_obvious_000139","damaged_obvious","139","digitaltmuseum_S-JVM_JvmKDAK02111","0175.png","damaged_obvious_000139.png","dataset_images/damaged_obvious/damaged_obvious_000139.png","95db00b8b25596ec9709fc22cde22f8463d4acbf0a0283e6979074fa33c9ae5f","2048","1391","single_portrait","RGB","existing_damage","train","real_damaged","DigitaltMuseum","https://digitaltmuseum.org/S-JVM/JvmKDAK02111","Public Domain","https://creativecommons.org/publicdomain/mark/1.0/","noise|uneven_exposure","2","texture_catalog_match_v1+source_attribute_v1","","{""crack"": 0.0308, ""dust"": 0.0355, ""fold"": 0.0541, ""missing_region"": 0.0492, ""mold"": 0.0455, ""scratch"": 0.0659, ""stain"": 0.0529, ""tear"": 0.0536}","{}","0","0","0","0","0","0","0","0","0","0","0","1","0","1","95db00b8b25596ec9709fc22cde22f8463d4acbf0a0283e6979074fa33c9ae5f","852924","png"
"169","damaged_obvious_000140","damaged_obvious","140","digitaltmuseum_S-KA_KLMF.43967-32","0176.png","damaged_obvious_000140.png","dataset_images/damaged_obvious/damaged_obvious_000140.png","1b40baa92c07c2a966f68a5249ac801726b19f2d4329ff0db4a058b80eb9030c","2048","1547","architecture","RGB","existing_damage","train","real_damaged","DigitaltMuseum","https://digitaltmuseum.org/S-KA/KLMF.43967-32","Public Domain","https://creativecommons.org/publicdomain/mark/1.0/","color_cast|noise|uneven_exposure","3","texture_catalog_match_v1+source_attribute_v1","","{""crack"": 0.0043, ""dust"": 0.0117, ""fold"": 0.0349, ""missing_region"": 0.0226, ""mold"": 0.0436, ""scratch"": 0.0178, ""stain"": 0.0633, ""tear"": 0.0355}","{}","0","0","0","0","0","0","0","0","0","1","0","1","0","1","1b40baa92c07c2a966f68a5249ac801726b19f2d4329ff0db4a058b80eb9030c","1139524","png"
"170","damaged_obvious_000141","damaged_obvious","141","digitaltmuseum_S-KA_KLMF.A15199","0177.png","damaged_obvious_000141.png","dataset_images/damaged_obvious/damaged_obvious_000141.png","e79916e3de4f7f5ecf5883949505c736520479d19bf2288a0c57c25e6fa8b51d","920","914","other","RGB","existing_damage","train","real_damaged","DigitaltMuseum","https://digitaltmuseum.org/S-KA/KLMF.A15199","Public Domain","https://creativecommons.org/publicdomain/mark/1.0/","scratch|crack|fold|dust|stain|mold|tear|missing_region|uneven_exposure","9","texture_catalog_match_v1+source_attribute_v1","crack|dust|fold|missing_region|mold|scratch|stain|tear","{""crack"": 0.129, ""dust"": 0.2439, ""fold"": 0.1843, ""missing_region"": 0.2544, ""mold"": 0.3375, ""scratch"": 0.1877, ""stain"": 0.2493, ""tear"": 0.2544}","{""crack"": [""135.jpg"", ""109.jpg"", ""116.jpg""], ""dust"": [""019.jpg"", ""079.jpg"", ""086.jpg""], ""fold"": [""032.jpg"", ""036.jpg"", ""126.jpg""], ""missing_region"": [""170.jpg"", ""201.jpg"", ""051.jpg""], ""mold"": [""197.jpg"", ""216.jpg"", ""238.jpg""], ""scratch"": [""031.jpg"", ""127.jpg"", ""124.jpg""], ""stain"": [""077.jpg"", ""137.jpg"", ""025.jpg""], ""tear"": [""056.jpg"", ""055.jpg"", ""236.jpg""]}","1","1","1","1","1","1","1","1","0","0","0","0","0","1","e79916e3de4f7f5ecf5883949505c736520479d19bf2288a0c57c25e6fa8b51d","526893","png"
"171","damaged_obvious_000142","damaged_obvious","142","digitaltmuseum_S-KA_KLMF.C00378a","0178.png","damaged_obvious_000142.png","dataset_images/damaged_obvious/damaged_obvious_000142.png","f959406f15beb4fd73ad20294397fff72e006524101146d51b48248a2b681e4c","1487","1181","group_portrait","RGB","existing_damage","train","real_damaged","DigitaltMuseum","https://digitaltmuseum.org/S-KA/KLMF.C00378a","Public Domain","https://creativecommons.org/publicdomain/mark/1.0/","noise","1","texture_catalog_match_v1+source_attribute_v1","","{""crack"": 0.001, ""dust"": 0.0022, ""fold"": 0.0055, ""missing_region"": 0.0192, ""mold"": 0.0097, ""scratch"": 0.0038, ""stain"": 0.0271, ""tear"": 0.0221}","{}","0","0","0","0","0","0","0","0","0","0","0","1","0","0","f959406f15beb4fd73ad20294397fff72e006524101146d51b48248a2b681e4c","895632","png"
"172","damaged_obvious_000143","damaged_obvious","143","digitaltmuseum_S-KA_KLMF.Högsby00440","0179.png","damaged_obvious_000143.png","dataset_images/damaged_obvious/damaged_obvious_000143.png","146e0ee4078082f4fabc61ec10dd48faa8c6a2c380d0a958c1fb14f2b51d4750","1181","854","other","RGB","existing_damage","train","real_damaged","DigitaltMuseum","https://digitaltmuseum.org/S-KA/KLMF.Högsby00440","Public Domain","https://creativecommons.org/publicdomain/mark/1.0/","noise","1","texture_catalog_match_v1+source_attribute_v1","","{""crack"": 0.0009, ""dust"": 0.0071, ""fold"": 0.0178, ""missing_region"": 0.0268, ""mold"": 0.0499, ""scratch"": 0.015, ""stain"": 0.052, ""tear"": 0.0461}","{}","0","0","0","0","0","0","0","0","0","0","0","1","0","0","146e0ee4078082f4fabc61ec10dd48faa8c6a2c380d0a958c1fb14f2b51d4750","807800","png"
"173","damaged_obvious_000144","damaged_obvious","144","digitaltmuseum_S-KA_KLMF.Långlöt00098","0180.png","damaged_obvious_000144.png","dataset_images/damaged_obvious/damaged_obvious_000144.png","9b1136b19fbf2c5615a41ed5ffd01a85b7496de48a28e23f48dc3260237ed59d","2048","1472","outdoor_scene","RGB","existing_damage","train","real_damaged","DigitaltMuseum","https://digitaltmuseum.org/S-KA/KLMF.Långlöt00098","Public Domain","https://creativecommons.org/publicdomain/mark/1.0/","noise","1","texture_catalog_match_v1+source_attribute_v1","","{""crack"": 0.008, ""dust"": 0.0243, ""fold"": 0.1052, ""missing_region"": 0.0463, ""mold"": 0.0868, ""scratch"": 0.0279, ""stain"": 0.0631, ""tear"": 0.0643}","{}","0","0","0","0","0","0","0","0","0","0","0","1","0","0","9b1136b19fbf2c5615a41ed5ffd01a85b7496de48a28e23f48dc3260237ed59d","2209377","png"
"174","damaged_obvious_000145","damaged_obvious","145","digitaltmuseum_S-OLM_OLM-2008-5-21","0188.png","damaged_obvious_000145.png","dataset_images/damaged_obvious/damaged_obvious_000145.png","cbc1d2ae04b4d6cdd5120070a37fbc844603d1af3e3bc163fef5864c5174fece","1215","800","outdoor_scene","RGB","existing_damage","train","real_damaged","DigitaltMuseum","https://digitaltmuseum.org/S-OLM/OLM-2008-5-21","Public Domain","https://creativecommons.org/publicdomain/mark/1.0/","noise|jpeg_artifact","2","texture_catalog_match_v1+source_attribute_v1","","{""crack"": 0.0007, ""dust"": 0.0038, ""fold"": 0.0204, ""missing_region"": 0.0134, ""mold"": 0.0259, ""scratch"": 0.0177, ""stain"": 0.0331, ""tear"": 0.0218}","{}","0","0","0","0","0","0","0","0","0","0","0","1","1","0","cbc1d2ae04b4d6cdd5120070a37fbc844603d1af3e3bc163fef5864c5174fece","870673","png"
"175","damaged_obvious_000146","damaged_obvious","146","digitaltmuseum_S-PM_POST.004860","0191.png","damaged_obvious_000146.png","dataset_images/damaged_obvious/damaged_obvious_000146.png","187d8524f96013eae448df3a8a1b8080aa7fbf99ad067cd9d1b3f48fb07931e7","2048","1514","indoor_scene","RGB","existing_damage","train","real_damaged","DigitaltMuseum","https://digitaltmuseum.org/S-PM/POST.004860","Public Domain","https://creativecommons.org/publicdomain/mark/1.0/","noise|uneven_exposure","2","texture_catalog_match_v1+source_attribute_v1","","{""crack"": 0.0094, ""dust"": 0.0122, ""fold"": 0.0239, ""missing_region"": 0.0203, ""mold"": 0.0285, ""scratch"": 0.0141, ""stain"": 0.0384, ""tear"": 0.0569}","{}","0","0","0","0","0","0","0","0","0","0","0","1","0","1","187d8524f96013eae448df3a8a1b8080aa7fbf99ad067cd9d1b3f48fb07931e7","1695972","png"
"176","damaged_obvious_000147","damaged_obvious","147","digitaltmuseum_S-SMM-MM_I1074","0192.png","damaged_obvious_000147.png","dataset_images/damaged_obvious/damaged_obvious_000147.png","8a7aac0ffe0bcab5fd95924f679c973e20357a70a249d950e2458b074ad55d37","2048","1704","other","RGB","existing_damage","train","real_damaged","DigitaltMuseum","https://digitaltmuseum.org/S-SMM-MM/I1074","Public Domain","https://creativecommons.org/publicdomain/mark/1.0/","mold|noise","2","texture_catalog_match_v1+source_attribute_v1","mold","{""crack"": 0.0062, ""dust"": 0.0323, ""fold"": 0.098, ""missing_region"": 0.0989, ""mold"": 0.1923, ""scratch"": 0.0464, ""stain"": 0.1664, ""tear"": 0.1386}","{""mold"": [""182.jpg"", ""008.jpg"", ""193.jpg""]}","0","0","0","0","0","1","0","0","0","0","0","1","0","0","8a7aac0ffe0bcab5fd95924f679c973e20357a70a249d950e2458b074ad55d37","2865811","png"
"177","damaged_obvious_000148","damaged_obvious","148","digitaltmuseum_S-SMM-MM_I1968","0193.png","damaged_obvious_000148.png","dataset_images/damaged_obvious/damaged_obvious_000148.png","012c5f99ddada00b1ebcc8ee0fbdfef51cfdff3d477865ebb02157cf81f73743","2048","1528","other","RGB","existing_damage","test","real_damaged","DigitaltMuseum","https://digitaltmuseum.org/S-SMM-MM/I1968","Public Domain","https://creativecommons.org/publicdomain/mark/1.0/","noise|uneven_exposure","2","texture_catalog_match_v1+source_attribute_v1","","{""crack"": 0.0086, ""dust"": 0.0269, ""fold"": 0.1319, ""missing_region"": 0.0533, ""mold"": 0.141, ""scratch"": 0.0336, ""stain"": 0.1234, ""tear"": 0.0922}","{}","0","0","0","0","0","0","0","0","0","0","0","1","0","1","012c5f99ddada00b1ebcc8ee0fbdfef51cfdff3d477865ebb02157cf81f73743","2567547","png"
"178","damaged_obvious_000149","damaged_obvious","149","digitaltmuseum_S-SMM-MM_II59","0194.png","damaged_obvious_000149.png","dataset_images/damaged_obvious/damaged_obvious_000149.png","312e4a517ff7b4024f4bb92ba69130a4fef43a42934ddba6a04355e2b9a7917f","1261","2048","other","RGB","existing_damage","train","real_damaged","DigitaltMuseum","https://digitaltmuseum.org/S-SMM-MM/II59","Public Domain","https://creativecommons.org/publicdomain/mark/1.0/","noise","1","texture_catalog_match_v1+source_attribute_v1","","{""crack"": 0.0275, ""dust"": 0.0422, ""fold"": 0.0938, ""missing_region"": 0.0414, ""mold"": 0.1386, ""scratch"": 0.0384, ""stain"": 0.1669, ""tear"": 0.1327}","{}","0","0","0","0","0","0","0","0","0","0","0","1","0","0","312e4a517ff7b4024f4bb92ba69130a4fef43a42934ddba6a04355e2b9a7917f","1918480","png"
"179","damaged_obvious_000150","damaged_obvious","150","digitaltmuseum_S-SMM-MM_III37","0195.png","damaged_obvious_000150.png","dataset_images/damaged_obvious/damaged_obvious_000150.png","e89f0545053d2e0e5ace477926823dbfaf2f429dc8a08b34680b93e7af8050bb","2048","1388","other","RGB","existing_damage","train","real_damaged","DigitaltMuseum","https://digitaltmuseum.org/S-SMM-MM/III37","Public Domain","https://creativecommons.org/publicdomain/mark/1.0/","noise|uneven_exposure","2","texture_catalog_match_v1+source_attribute_v1","","{""crack"": 0.0067, ""dust"": 0.0236, ""fold"": 0.1236, ""missing_region"": 0.043, ""mold"": 0.107, ""scratch"": 0.0284, ""stain"": 0.0786, ""tear"": 0.0746}","{}","0","0","0","0","0","0","0","0","0","0","0","1","0","1","e89f0545053d2e0e5ace477926823dbfaf2f429dc8a08b34680b93e7af8050bb","1354885","png"
"180","damaged_obvious_000151","damaged_obvious","151","digitaltmuseum_S-SMM-MM_III38","0196.png","damaged_obvious_000151.png","dataset_images/damaged_obvious/damaged_obvious_000151.png","2b349c649c8656452116690bdbac97963930c54ad482e966f01fc7c97b54766a","2048","1374","other","RGB","existing_damage","train","real_damaged","DigitaltMuseum","https://digitaltmuseum.org/S-SMM-MM/III38","Public Domain","https://creativecommons.org/publicdomain/mark/1.0/","noise|uneven_exposure","2","texture_catalog_match_v1+source_attribute_v1","","{""crack"": 0.006, ""dust"": 0.0326, ""fold"": 0.0722, ""missing_region"": 0.0523, ""mold"": 0.0807, ""scratch"": 0.0277, ""stain"": 0.0749, ""tear"": 0.098}","{}","0","0","0","0","0","0","0","0","0","0","0","1","0","1","2b349c649c8656452116690bdbac97963930c54ad482e966f01fc7c97b54766a","1310598","png"
"181","damaged_obvious_000152","damaged_obvious","152","digitaltmuseum_S-SMM-MM_IV1036","0197.png","damaged_obvious_000152.png","dataset_images/damaged_obvious/damaged_obvious_000152.png","0cf43f5cb6c709333b75801463ccddd83fc56b63fdf6f2d81b6b906a154aa62a","2048","1739","other","RGB","existing_damage","train","real_damaged","DigitaltMuseum","https://digitaltmuseum.org/S-SMM-MM/IV1036","Public Domain","https://creativecommons.org/publicdomain/mark/1.0/","uneven_exposure","1","texture_catalog_match_v1+source_attribute_v1","","{""crack"": 0.0172, ""dust"": 0.0279, ""fold"": 0.0465, ""missing_region"": 0.0454, ""mold"": 0.0541, ""scratch"": 0.0296, ""stain"": 0.0497, ""tear"": 0.0649}","{}","0","0","0","0","0","0","0","0","0","0","0","0","0","1","0cf43f5cb6c709333b75801463ccddd83fc56b63fdf6f2d81b6b906a154aa62a","938559","png"
"182","damaged_obvious_000153","damaged_obvious","153","digitaltmuseum_S-SMM-MM_IV1037","0198.png","damaged_obvious_000153.png","dataset_images/damaged_obvious/damaged_obvious_000153.png","fa18f7672ca70f347f7ecb1714aed680e94bdac55868b8d8f0c3650a02823425","1693","1883","other","RGB","existing_damage","train","real_damaged","DigitaltMuseum","https://digitaltmuseum.org/S-SMM-MM/IV1037","Public Domain","https://creativecommons.org/publicdomain/mark/1.0/","noise|uneven_exposure","2","texture_catalog_match_v1+source_attribute_v1","","{""crack"": 0.024, ""dust"": 0.0237, ""fold"": 0.0346, ""missing_region"": 0.0218, ""mold"": 0.0228, ""scratch"": 0.0237, ""stain"": 0.0366, ""tear"": 0.0294}","{}","0","0","0","0","0","0","0","0","0","0","0","1","0","1","fa18f7672ca70f347f7ecb1714aed680e94bdac55868b8d8f0c3650a02823425","1031554","png"
"183","damaged_obvious_000154","damaged_obvious","154","digitaltmuseum_S-SMM-MM_IV389","0199.png","damaged_obvious_000154.png","dataset_images/damaged_obvious/damaged_obvious_000154.png","8f4e7061ea218f5906a6371998a3572fe978fa1f30ac8d46dbc9471a9efad7c9","2048","1522","other","RGB","existing_damage","train","real_damaged","DigitaltMuseum","https://digitaltmuseum.org/S-SMM-MM/IV389","Public Domain","https://creativecommons.org/publicdomain/mark/1.0/","noise","1","texture_catalog_match_v1+source_attribute_v1","","{""crack"": 0.0176, ""dust"": 0.034, ""fold"": 0.0798, ""missing_region"": 0.0914, ""mold"": 0.1093, ""scratch"": 0.0311, ""stain"": 0.1208, ""tear"": 0.0914}","{}","0","0","0","0","0","0","0","0","0","0","0","1","0","0","8f4e7061ea218f5906a6371998a3572fe978fa1f30ac8d46dbc9471a9efad7c9","1407755","png"
"184","damaged_obvious_000155","damaged_obvious","155","digitaltmuseum_S-SMM-MM_IV507","0200.png","damaged_obvious_000155.png","dataset_images/damaged_obvious/damaged_obvious_000155.png","c6bc6b6756e1f0f1d898d59c61939c4ed9d15cfb46559bb03138160be609823d","2048","1221","other","RGB","existing_damage","train","real_damaged","DigitaltMuseum","https://digitaltmuseum.org/S-SMM-MM/IV507","Public Domain","https://creativecommons.org/publicdomain/mark/1.0/","noise|uneven_exposure","2","texture_catalog_match_v1+source_attribute_v1","","{""crack"": 0.0054, ""dust"": 0.0079, ""fold"": 0.0298, ""missing_region"": 0.022, ""mold"": 0.0254, ""scratch"": 0.0249, ""stain"": 0.0307, ""tear"": 0.0278}","{}","0","0","0","0","0","0","0","0","0","0","0","1","0","1","c6bc6b6756e1f0f1d898d59c61939c4ed9d15cfb46559bb03138160be609823d","629591","png"
"185","damaged_obvious_000156","damaged_obvious","156","digitaltmuseum_S-SMM-MM_IV710","0201.png","damaged_obvious_000156.png","dataset_images/damaged_obvious/damaged_obvious_000156.png","253bd720bb73dcaeb8e6d45a193ad56c3303222459604707698ae7971edf54ba","1378","2048","other","RGB","existing_damage","train","real_damaged","DigitaltMuseum","https://digitaltmuseum.org/S-SMM-MM/IV710","Public Domain","https://creativecommons.org/publicdomain/mark/1.0/","stain|uneven_exposure","2","texture_catalog_match_v1+source_attribute_v1","stain","{""crack"": 0.0112, ""dust"": 0.0458, ""fold"": 0.1181, ""missing_region"": 0.0585, ""mold"": 0.1338, ""scratch"": 0.0312, ""stain"": 0.1891, ""tear"": 0.1048}","{""stain"": [""134.jpg"", ""229.jpg"", ""063.jpg""]}","0","0","0","0","1","0","0","0","0","0","0","0","0","1","253bd720bb73dcaeb8e6d45a193ad56c3303222459604707698ae7971edf54ba","946422","png"
"186","damaged_obvious_000157","damaged_obvious","157","digitaltmuseum_S-SMM-MM_IV977","0202.png","damaged_obvious_000157.png","dataset_images/damaged_obvious/damaged_obvious_000157.png","f5fa0e3e6d03caead992064910209885c540f99e8c4c3f835635287edc59904a","1890","1168","other","RGB","existing_damage","train","real_damaged","DigitaltMuseum","https://digitaltmuseum.org/S-SMM-MM/IV977","Public Domain","https://creativecommons.org/publicdomain/mark/1.0/","uneven_exposure","1","texture_catalog_match_v1+source_attribute_v1","","{""crack"": 0.0035, ""dust"": 0.0046, ""fold"": 0.0077, ""missing_region"": 0.0089, ""mold"": 0.0084, ""scratch"": 0.0059, ""stain"": 0.0104, ""tear"": 0.0089}","{}","0","0","0","0","0","0","0","0","0","0","0","0","0","1","f5fa0e3e6d03caead992064910209885c540f99e8c4c3f835635287edc59904a","341686","png"
"187","damaged_obvious_000158","damaged_obvious","158","digitaltmuseum_S-SMM-MM_IV978","0203.png","damaged_obvious_000158.png","dataset_images/damaged_obvious/damaged_obvious_000158.png","734787811a2bd3b3280b6f672b9fd88c33e1f3422480902e20da1a952ac04555","1936","1233","other","RGB","existing_damage","train","real_damaged","DigitaltMuseum","https://digitaltmuseum.org/S-SMM-MM/IV978","Public Domain","https://creativecommons.org/publicdomain/mark/1.0/","noise","1","texture_catalog_match_v1+source_attribute_v1","","{""crack"": 0.0003, ""dust"": 0.0003, ""fold"": 0.0007, ""missing_region"": 0.0006, ""mold"": 0.0003, ""scratch"": 0.0003, ""stain"": 0.0006, ""tear"": 0.0013}","{}","0","0","0","0","0","0","0","0","0","0","0","1","0","0","734787811a2bd3b3280b6f672b9fd88c33e1f3422480902e20da1a952ac04555","296037","png"
"189","damaged_obvious_000159","damaged_obvious","159","digitaltmuseum_S-SMM-MM_V14029","0205.png","damaged_obvious_000159.png","dataset_images/damaged_obvious/damaged_obvious_000159.png","06eb984164994ba6614c128a81cc12ad64fff83bbd0b624fe3842d1336b7a8c0","2020","2048","other","RGB","existing_damage","train","real_damaged","DigitaltMuseum","https://digitaltmuseum.org/S-SMM-MM/V14029","Public Domain","https://creativecommons.org/publicdomain/mark/1.0/","noise","1","texture_catalog_match_v1+source_attribute_v1","","{""crack"": 0.0216, ""dust"": 0.0334, ""fold"": 0.0698, ""missing_region"": 0.0291, ""mold"": 0.0839, ""scratch"": 0.0308, ""stain"": 0.077, ""tear"": 0.0734}","{}","0","0","0","0","0","0","0","0","0","0","0","1","0","0","06eb984164994ba6614c128a81cc12ad64fff83bbd0b624fe3842d1336b7a8c0","2270608","png"
"190","damaged_obvious_000160","damaged_obvious","160","digitaltmuseum_S-SMM-MM_V14030","0206.png","damaged_obvious_000160.png","dataset_images/damaged_obvious/damaged_obvious_000160.png","8fb496acc5a81d16ddef6f6088b37e558c0bfbf85b0fe2085ae835fa27318885","2020","2048","other","RGB","existing_damage","train","real_damaged","DigitaltMuseum","https://digitaltmuseum.org/S-SMM-MM/V14030","Public Domain","https://creativecommons.org/publicdomain/mark/1.0/","noise","1","texture_catalog_match_v1+source_attribute_v1","","{""crack"": 0.0188, ""dust"": 0.0241, ""fold"": 0.0556, ""missing_region"": 0.0261, ""mold"": 0.0603, ""scratch"": 0.0233, ""stain"": 0.0607, ""tear"": 0.048}","{}","0","0","0","0","0","0","0","0","0","0","0","1","0","0","8fb496acc5a81d16ddef6f6088b37e558c0bfbf85b0fe2085ae835fa27318885","1739513","png"
"196","damaged_obvious_000161","damaged_obvious","161","digitaltmuseum_S-SMM-MM_V19135","0212.png","damaged_obvious_000161.png","dataset_images/damaged_obvious/damaged_obvious_000161.png","d70b11debe8d526855ce75aa4a8883b52732205632de8473578b072518c9cc10","2028","2048","other","RGB","existing_damage","train","real_damaged","DigitaltMuseum","https://digitaltmuseum.org/S-SMM-MM/V19135","Public Domain","https://creativecommons.org/publicdomain/mark/1.0/","fold|uneven_exposure","2","texture_catalog_match_v1+source_attribute_v1","fold","{""crack"": 0.0228, ""dust"": 0.041, ""fold"": 0.1743, ""missing_region"": 0.0678, ""mold"": 0.1575, ""scratch"": 0.0416, ""stain"": 0.133, ""tear"": 0.161}","{""fold"": [""032.jpg"", ""126.jpg"", ""175.jpg""]}","0","0","1","0","0","0","0","0","0","0","0","0","0","1","d70b11debe8d526855ce75aa4a8883b52732205632de8473578b072518c9cc10","2863035","png"
"197","damaged_obvious_000162","damaged_obvious","162","digitaltmuseum_S-SMM-MM_V19136","0213.png","damaged_obvious_000162.png","dataset_images/damaged_obvious/damaged_obvious_000162.png","5a78013e3922225b3801baa0964638adc9d4b9b78975f52fd6c5f1e40d3724e0","2044","2048","other","RGB","existing_damage","test","real_damaged","DigitaltMuseum","https://digitaltmuseum.org/S-SMM-MM/V19136","Public Domain","https://creativecommons.org/publicdomain/mark/1.0/","noise|uneven_exposure","2","texture_catalog_match_v1+source_attribute_v1","","{""crack"": 0.0111, ""dust"": 0.0288, ""fold"": 0.0848, ""missing_region"": 0.0562, ""mold"": 0.1428, ""scratch"": 0.0263, ""stain"": 0.175, ""tear"": 0.1387}","{}","0","0","0","0","0","0","0","0","0","0","0","1","0","1","5a78013e3922225b3801baa0964638adc9d4b9b78975f52fd6c5f1e40d3724e0","3041299","png"
"198","damaged_obvious_000163","damaged_obvious","163","digitaltmuseum_S-SMM-MM_V19139","0214.png","damaged_obvious_000163.png","dataset_images/damaged_obvious/damaged_obvious_000163.png","ba8e7a43306200d36ca4c3209e2b833f59f6d0ec0047d8cf4f27ea00b8d040fe","2040","2048","other","RGB","existing_damage","train","real_damaged","DigitaltMuseum","https://digitaltmuseum.org/S-SMM-MM/V19139","Public Domain","https://creativecommons.org/publicdomain/mark/1.0/","noise|uneven_exposure","2","texture_catalog_match_v1+source_attribute_v1","","{""crack"": 0.0012, ""dust"": 0.0087, ""fold"": 0.0323, ""missing_region"": 0.0407, ""mold"": 0.1021, ""scratch"": 0.0135, ""stain"": 0.1223, ""tear"": 0.0702}","{}","0","0","0","0","0","0","0","0","0","0","0","1","0","1","ba8e7a43306200d36ca4c3209e2b833f59f6d0ec0047d8cf4f27ea00b8d040fe","2635919","png"
"199","damaged_obvious_000164","damaged_obvious","164","digitaltmuseum_S-SMM-MM_V19140","0215.png","damaged_obvious_000164.png","dataset_images/damaged_obvious/damaged_obvious_000164.png","e2bf9c7fd350eb2232c21cff4919496a3618213595855a6d9a5634b0d6898765","2048","2036","other","RGB","existing_damage","train","real_damaged","DigitaltMuseum","https://digitaltmuseum.org/S-SMM-MM/V19140","Public Domain","https://creativecommons.org/publicdomain/mark/1.0/","noise","1","texture_catalog_match_v1+source_attribute_v1","","{""crack"": 0.0153, ""dust"": 0.0276, ""fold"": 0.0528, ""missing_region"": 0.0441, ""mold"": 0.076, ""scratch"": 0.0289, ""stain"": 0.0858, ""tear"": 0.0544}","{}","0","0","0","0","0","0","0","0","0","0","0","1","0","0","e2bf9c7fd350eb2232c21cff4919496a3618213595855a6d9a5634b0d6898765","2582990","png"
"200","damaged_obvious_000165","damaged_obvious","165","digitaltmuseum_S-SMM-MM_V19593","0216.png","damaged_obvious_000165.png","dataset_images/damaged_obvious/damaged_obvious_000165.png","a86c25f1b294051bd4da980c082f1d5279c2951bfcfe3ae3366072f8cce1e103","2027","2048","other","RGB","existing_damage","train","real_damaged","DigitaltMuseum","https://digitaltmuseum.org/S-SMM-MM/V19593","Public Domain","https://creativecommons.org/publicdomain/mark/1.0/","noise|uneven_exposure","2","texture_catalog_match_v1+source_attribute_v1","","{""crack"": 0.0, ""dust"": 0.0, ""fold"": 0.0, ""missing_region"": 0.0, ""mold"": 0.0, ""scratch"": 0.0, ""stain"": 0.0002, ""tear"": 0.0002}","{}","0","0","0","0","0","0","0","0","0","0","0","1","0","1","a86c25f1b294051bd4da980c082f1d5279c2951bfcfe3ae3366072f8cce1e103","1523997","png"
"201","damaged_obvious_000166","damaged_obvious","166","digitaltmuseum_S-SMM-MM_V22471","0217.png","damaged_obvious_000166.png","dataset_images/damaged_obvious/damaged_obvious_000166.png","f1ea1701de022102e44b338058e38e37dd3894be6f5120c68d915bebe01e010f","1500","947","other","RGB","existing_damage","train","real_damaged","DigitaltMuseum","https://digitaltmuseum.org/S-SMM-MM/V22471","Public Domain","https://creativecommons.org/publicdomain/mark/1.0/","uneven_exposure","1","texture_catalog_match_v1+source_attribute_v1","","{""crack"": 0.0, ""dust"": 0.0, ""fold"": 0.0, ""missing_region"": 0.0, ""mold"": 0.0, ""scratch"": 0.0, ""stain"": 0.0, ""tear"": 0.0}","{}","0","0","0","0","0","0","0","0","0","0","0","0","0","1","2fe15f941fd83c7b8c50b8e3f9e816534d289fa483adc0b30bca3f2511d61506","891126","png"
"202","damaged_obvious_000167","damaged_obvious","167","digitaltmuseum_S-SMM-MM_V25658","0218.png","damaged_obvious_000167.png","dataset_images/damaged_obvious/damaged_obvious_000167.png","78da6cc412af387191c4565e4baf62eb46d6357278c767a622c61766c6b0a99c","2032","2048","other","RGB","existing_damage","train","real_damaged","DigitaltMuseum","https://digitaltmuseum.org/S-SMM-MM/V25658","Public Domain","https://creativecommons.org/publicdomain/mark/1.0/","noise|uneven_exposure","2","texture_catalog_match_v1+source_attribute_v1","","{""crack"": 0.012, ""dust"": 0.0143, ""fold"": 0.0363, ""missing_region"": 0.0161, ""mold"": 0.0128, ""scratch"": 0.0125, ""stain"": 0.02, ""tear"": 0.0278}","{}","0","0","0","0","0","0","0","0","0","0","0","1","0","1","78da6cc412af387191c4565e4baf62eb46d6357278c767a622c61766c6b0a99c","1812634","png"
"203","damaged_obvious_000168","damaged_obvious","168","digitaltmuseum_S-SMM-MM_V25659","0219.png","damaged_obvious_000168.png","dataset_images/damaged_obvious/damaged_obvious_000168.png","7199985e89cfaa725261d068b0cda3745f31906cb5b2b384946dab379350f86f","2025","2048","other","RGB","existing_damage","train","real_damaged","DigitaltMuseum","https://digitaltmuseum.org/S-SMM-MM/V25659","Public Domain","https://creativecommons.org/publicdomain/mark/1.0/","noise|uneven_exposure","2","texture_catalog_match_v1+source_attribute_v1","","{""crack"": 0.0113, ""dust"": 0.0137, ""fold"": 0.0514, ""missing_region"": 0.0121, ""mold"": 0.0177, ""scratch"": 0.0162, ""stain"": 0.0177, ""tear"": 0.0149}","{}","0","0","0","0","0","0","0","0","0","0","0","1","0","1","7199985e89cfaa725261d068b0cda3745f31906cb5b2b384946dab379350f86f","2026683","png"
"204","damaged_obvious_000169","damaged_obvious","169","digitaltmuseum_S-SMM-MM_V25681","0220.png","damaged_obvious_000169.png","dataset_images/damaged_obvious/damaged_obvious_000169.png","5a2b2b6ee1803fc332e3bcba57fbd42696749b7150223560b2b4030dc141e9ec","2048","2040","other","RGB","existing_damage","train","real_damaged","DigitaltMuseum","https://digitaltmuseum.org/S-SMM-MM/V25681","Public Domain","https://creativecommons.org/publicdomain/mark/1.0/","uneven_exposure","1","texture_catalog_match_v1+source_attribute_v1","","{""crack"": 0.0119, ""dust"": 0.0322, ""fold"": 0.0613, ""missing_region"": 0.0296, ""mold"": 0.0682, ""scratch"": 0.0263, ""stain"": 0.0786, ""tear"": 0.0531}","{}","0","0","0","0","0","0","0","0","0","0","0","0","0","1","5a2b2b6ee1803fc332e3bcba57fbd42696749b7150223560b2b4030dc141e9ec","1905144","png"
"205","damaged_obvious_000170","damaged_obvious","170","digitaltmuseum_S-SMM-MM_V25734","0221.png","damaged_obvious_000170.png","dataset_images/damaged_obvious/damaged_obvious_000170.png","eb698f0a03a2b4f2a4e114bc72ed5b763e9f2f5f4bd62a6ea22426e7a2f2dacc","2011","2048","other","RGB","existing_damage","train","real_damaged","DigitaltMuseum","https://digitaltmuseum.org/S-SMM-MM/V25734","Public Domain","https://creativecommons.org/publicdomain/mark/1.0/","stain|noise|uneven_exposure","3","texture_catalog_match_v1+source_attribute_v1","stain","{""crack"": 0.0189, ""dust"": 0.0431, ""fold"": 0.1226, ""missing_region"": 0.0529, ""mold"": 0.1271, ""scratch"": 0.0399, ""stain"": 0.2106, ""tear"": 0.1254}","{""stain"": [""134.jpg"", ""063.jpg"", ""229.jpg""]}","0","0","0","0","1","0","0","0","0","0","0","1","0","1","eb698f0a03a2b4f2a4e114bc72ed5b763e9f2f5f4bd62a6ea22426e7a2f2dacc","1963919","png"
"206","damaged_obvious_000171","damaged_obvious","171","digitaltmuseum_S-SMM-MM_V25735","0222.png","damaged_obvious_000171.png","dataset_images/damaged_obvious/damaged_obvious_000171.png","d13b1c18beb4efcea821c915d9966663a9b84f928bcb6647acfa950d7674ad46","2032","2048","other","RGB","existing_damage","train","real_damaged","DigitaltMuseum","https://digitaltmuseum.org/S-SMM-MM/V25735","Public Domain","https://creativecommons.org/publicdomain/mark/1.0/","noise","1","texture_catalog_match_v1+source_attribute_v1","","{""crack"": 0.0215, ""dust"": 0.032, ""fold"": 0.0675, ""missing_region"": 0.0325, ""mold"": 0.0563, ""scratch"": 0.0266, ""stain"": 0.0803, ""tear"": 0.1642}","{}","0","0","0","0","0","0","0","0","0","0","0","1","0","0","d13b1c18beb4efcea821c915d9966663a9b84f928bcb6647acfa950d7674ad46","2024950","png"
"207","damaged_obvious_000172","damaged_obvious","172","digitaltmuseum_S-SMM-MM_V25736","0223.png","damaged_obvious_000172.png","dataset_images/damaged_obvious/damaged_obvious_000172.png","814e3d5154dfe2279a3cae742907176d667bcb470643dc93427ed00ebfaa11f5","2027","2048","other","RGB","existing_damage","train","real_damaged","DigitaltMuseum","https://digitaltmuseum.org/S-SMM-MM/V25736","Public Domain","https://creativecommons.org/publicdomain/mark/1.0/","noise","1","texture_catalog_match_v1+source_attribute_v1","","{""crack"": 0.0074, ""dust"": 0.0308, ""fold"": 0.08, ""missing_region"": 0.0487, ""mold"": 0.0747, ""scratch"": 0.0214, ""stain"": 0.1086, ""tear"": 0.0574}","{}","0","0","0","0","0","0","0","0","0","0","0","1","0","0","814e3d5154dfe2279a3cae742907176d667bcb470643dc93427ed00ebfaa11f5","2364023","png"
"210","damaged_obvious_000173","damaged_obvious","173","digitaltmuseum_S-SMM-MM_V7813","0227.png","damaged_obvious_000173.png","dataset_images/damaged_obvious/damaged_obvious_000173.png","c1fd36c091f7d336788473194e7e433724c05417f527498e5b0270c3bc197100","2048","2014","other","RGB","existing_damage","train","real_damaged","DigitaltMuseum","https://digitaltmuseum.org/S-SMM-MM/V7813","Public Domain","https://creativecommons.org/publicdomain/mark/1.0/","fold|stain","2","texture_catalog_match_v1+source_attribute_v1","fold|stain","{""crack"": 0.0283, ""dust"": 0.0419, ""fold"": 0.2224, ""missing_region"": 0.0547, ""mold"": 0.1527, ""scratch"": 0.0357, ""stain"": 0.1805, ""tear"": 0.1193}","{""fold"": [""032.jpg"", ""126.jpg"", ""175.jpg""], ""stain"": [""134.jpg"", ""074.jpg"", ""063.jpg""]}","0","0","1","0","1","0","0","0","0","0","0","0","0","0","c1fd36c091f7d336788473194e7e433724c05417f527498e5b0270c3bc197100","2370590","png"
"211","damaged_obvious_000174","damaged_obvious","174","digitaltmuseum_S-SMM-MM_V7815","0228.png","damaged_obvious_000174.png","dataset_images/damaged_obvious/damaged_obvious_000174.png","e53db1825fbd4b31fce40ec7f547daf13c85a47e4dfd540c81aaa0ba8468e556","2048","2038","other","RGB","existing_damage","train","real_damaged","DigitaltMuseum","https://digitaltmuseum.org/S-SMM-MM/V7815","Public Domain","https://creativecommons.org/publicdomain/mark/1.0/","uneven_exposure","1","texture_catalog_match_v1+source_attribute_v1","","{""crack"": 0.0225, ""dust"": 0.0387, ""fold"": 0.1232, ""missing_region"": 0.0609, ""mold"": 0.1, ""scratch"": 0.0313, ""stain"": 0.1214, ""tear"": 0.1012}","{}","0","0","0","0","0","0","0","0","0","0","0","0","0","1","e53db1825fbd4b31fce40ec7f547daf13c85a47e4dfd540c81aaa0ba8468e556","2551180","png"
"212","damaged_obvious_000175","damaged_obvious","175","digitaltmuseum_S-SMM-MM_V7817","0229.png","damaged_obvious_000175.png","dataset_images/damaged_obvious/damaged_obvious_000175.png","b5d8c8f7bb68441ae55b155f1a9d04b91de698d8e63340f8d79800b5b571e1bd","2047","2048","other","RGB","existing_damage","train","real_damaged","DigitaltMuseum","https://digitaltmuseum.org/S-SMM-MM/V7817","Public Domain","https://creativecommons.org/publicdomain/mark/1.0/","stain","1","texture_catalog_match_v1+source_attribute_v1","stain","{""crack"": 0.0182, ""dust"": 0.0469, ""fold"": 0.1407, ""missing_region"": 0.0664, ""mold"": 0.1732, ""scratch"": 0.0393, ""stain"": 0.2277, ""tear"": 0.1104}","{""stain"": [""063.jpg"", ""134.jpg"", ""096.jpg""]}","0","0","0","0","1","0","0","0","0","0","0","0","0","0","b5d8c8f7bb68441ae55b155f1a9d04b91de698d8e63340f8d79800b5b571e1bd","2719484","png"
"213","damaged_obvious_000176","damaged_obvious","176","digitaltmuseum_S-SMM-MM_V7820","0230.png","damaged_obvious_000176.png","dataset_images/damaged_obvious/damaged_obvious_000176.png","3735dcf76741fd48eab61fff684503e047154aeeeec82015edaed836bd71ad3a","2043","2048","other","RGB","existing_damage","train","real_damaged","DigitaltMuseum","https://digitaltmuseum.org/S-SMM-MM/V7820","Public Domain","https://creativecommons.org/publicdomain/mark/1.0/","fold","1","texture_catalog_match_v1+source_attribute_v1","fold","{""crack"": 0.0073, ""dust"": 0.0365, ""fold"": 0.1653, ""missing_region"": 0.0809, ""mold"": 0.115, ""scratch"": 0.0425, ""stain"": 0.1313, ""tear"": 0.1296}","{""fold"": [""123.jpg"", ""032.jpg"", ""175.jpg""]}","0","0","1","0","0","0","0","0","0","0","0","0","0","0","3735dcf76741fd48eab61fff684503e047154aeeeec82015edaed836bd71ad3a","2945584","png"
"214","damaged_obvious_000177","damaged_obvious","177","digitaltmuseum_S-SMM-MM_V9656","0231.png","damaged_obvious_000177.png","dataset_images/damaged_obvious/damaged_obvious_000177.png","bcc8388e7a9b96f4b60419c5e2e80b0e86778100b94a6f35512bb625456d4722","2048","2045","other","RGB","existing_damage","validation","real_damaged","DigitaltMuseum","https://digitaltmuseum.org/S-SMM-MM/V9656","Public Domain","https://creativecommons.org/publicdomain/mark/1.0/","noise","1","texture_catalog_match_v1+source_attribute_v1","","{""crack"": 0.0087, ""dust"": 0.0154, ""fold"": 0.0249, ""missing_region"": 0.0135, ""mold"": 0.028, ""scratch"": 0.0132, ""stain"": 0.041, ""tear"": 0.0439}","{}","0","0","0","0","0","0","0","0","0","0","0","1","0","0","bcc8388e7a9b96f4b60419c5e2e80b0e86778100b94a6f35512bb625456d4722","1442460","png"
"215","damaged_obvious_000178","damaged_obvious","178","digitaltmuseum_S-SMM-SM_Fo24327AB","0232.png","damaged_obvious_000178.png","dataset_images/damaged_obvious/damaged_obvious_000178.png","7e8c54f03810d08f1dc6997ef6b2c9da0cd7242cd00e394cd6ac399b2314d3e8","1389","1977","outdoor_scene","RGB","existing_damage","test","real_damaged","DigitaltMuseum","https://digitaltmuseum.org/S-SMM-SM/Fo24327AB","Public Domain","https://creativecommons.org/publicdomain/mark/1.0/","noise|uneven_exposure","2","texture_catalog_match_v1+source_attribute_v1","","{""crack"": 0.0194, ""dust"": 0.03, ""fold"": 0.0816, ""missing_region"": 0.0321, ""mold"": 0.0565, ""scratch"": 0.0314, ""stain"": 0.063, ""tear"": 0.0622}","{}","0","0","0","0","0","0","0","0","0","0","0","1","0","1","7e8c54f03810d08f1dc6997ef6b2c9da0cd7242cd00e394cd6ac399b2314d3e8","1613488","png"
"216","damaged_obvious_000179","damaged_obvious","179","digitaltmuseum_S-SMM-VM_1-182","0233.png","damaged_obvious_000179.png","dataset_images/damaged_obvious/damaged_obvious_000179.png","c260905aea1578d72d86ee466cdaf9af11057742ac2692bef71b291861980d8e","1439","2048","other","RGB","existing_damage","train","real_damaged","DigitaltMuseum","https://digitaltmuseum.org/S-SMM-VM/1-182","Public Domain","https://creativecommons.org/publicdomain/mark/1.0/","noise","1","texture_catalog_match_v1+source_attribute_v1","","{""crack"": 0.0019, ""dust"": 0.0044, ""fold"": 0.0117, ""missing_region"": 0.0099, ""mold"": 0.0083, ""scratch"": 0.0079, ""stain"": 0.0111, ""tear"": 0.0116}","{}","0","0","0","0","0","0","0","0","0","0","0","1","0","0","c260905aea1578d72d86ee466cdaf9af11057742ac2692bef71b291861980d8e","688398","png"
"217","damaged_obvious_000180","damaged_obvious","180","digitaltmuseum_S-TEK_TEKA0014605","0234.png","damaged_obvious_000180.png","dataset_images/damaged_obvious/damaged_obvious_000180.png","cf442071f8aeddaecaaca6102ca1dddad5d9bbd64849b1b5672e069dca2c7f6d","2048","1524","architecture","RGB","existing_damage","train","real_damaged","DigitaltMuseum","https://digitaltmuseum.org/S-TEK/TEKA0014605","Public Domain","https://creativecommons.org/publicdomain/mark/1.0/","uneven_exposure","1","texture_catalog_match_v1+source_attribute_v1","","{""crack"": 0.0246, ""dust"": 0.0317, ""fold"": 0.0742, ""missing_region"": 0.0343, ""mold"": 0.0607, ""scratch"": 0.0294, ""stain"": 0.0983, ""tear"": 0.0652}","{}","0","0","0","0","0","0","0","0","0","0","0","0","0","1","cf442071f8aeddaecaaca6102ca1dddad5d9bbd64849b1b5672e069dca2c7f6d","1228587","png"
"218","damaged_obvious_000181","damaged_obvious","181","digitaltmuseum_S-TEK_TEKA0019513","0235.png","damaged_obvious_000181.png","dataset_images/damaged_obvious/damaged_obvious_000181.png","911cb80397bba33c1c5ebc02103573fa3468ceff5eb5d16d5ce0152f0460f1a3","2048","1541","architecture","RGB","existing_damage","train","real_damaged","DigitaltMuseum","https://digitaltmuseum.org/S-TEK/TEKA0019513","Public Domain","https://creativecommons.org/publicdomain/mark/1.0/","noise","1","texture_catalog_match_v1+source_attribute_v1","","{""crack"": 0.0088, ""dust"": 0.024, ""fold"": 0.0937, ""missing_region"": 0.0539, ""mold"": 0.0701, ""scratch"": 0.0359, ""stain"": 0.0679, ""tear"": 0.0915}","{}","0","0","0","0","0","0","0","0","0","0","0","1","0","0","911cb80397bba33c1c5ebc02103573fa3468ceff5eb5d16d5ce0152f0460f1a3","2110020","png"
"219","damaged_obvious_000182","damaged_obvious","182","digitaltmuseum_S-TEK_TEKA0150730","0237.png","damaged_obvious_000182.png","dataset_images/damaged_obvious/damaged_obvious_000182.png","b48ae521e26a5113f52247f46da944e9ef96f379dfc292dac02094996ec76f3c","1766","2048","other","RGB","existing_damage","train","real_damaged","DigitaltMuseum","https://digitaltmuseum.org/S-TEK/TEKA0150730","Public Domain","https://creativecommons.org/publicdomain/mark/1.0/","noise","1","texture_catalog_match_v1+source_attribute_v1","","{""crack"": 0.0123, ""dust"": 0.0209, ""fold"": 0.0364, ""missing_region"": 0.017, ""mold"": 0.0373, ""scratch"": 0.0192, ""stain"": 0.0424, ""tear"": 0.0398}","{}","0","0","0","0","0","0","0","0","0","0","0","1","0","0","b48ae521e26a5113f52247f46da944e9ef96f379dfc292dac02094996ec76f3c","2291646","png"
"220","damaged_obvious_000183","damaged_obvious","183","digitaltmuseum_S-TEK_TEKA0162660","0238.png","damaged_obvious_000183.png","dataset_images/damaged_obvious/damaged_obvious_000183.png","24fcefccde82272f421336a4f1efac8402ef775f5284ab6650d6362abdd3d787","1531","2048","outdoor_scene","RGB","existing_damage","train","real_damaged","DigitaltMuseum","https://digitaltmuseum.org/S-TEK/TEKA0162660","Public Domain","https://creativecommons.org/publicdomain/mark/1.0/","scratch|dust|tear","3","texture_catalog_match_v1+source_attribute_v1","dust|scratch|tear","{""crack"": 0.0751, ""dust"": 0.104, ""fold"": 0.1374, ""missing_region"": 0.1101, ""mold"": 0.1498, ""scratch"": 0.1041, ""stain"": 0.1513, ""tear"": 0.1865}","{""dust"": [""211.jpg"", ""079.jpg"", ""214.jpg""], ""scratch"": [""124.jpg"", ""122.jpg"", ""127.jpg""], ""tear"": [""236.jpg"", ""133.jpg"", ""024.jpg""]}","1","0","0","1","0","0","1","0","0","0","0","0","0","0","24fcefccde82272f421336a4f1efac8402ef775f5284ab6650d6362abdd3d787","1653830","png"
"221","damaged_obvious_000184","damaged_obvious","184","digitaltmuseum_S-TEK_TEKA0226351","0240.png","damaged_obvious_000184.png","dataset_images/damaged_obvious/damaged_obvious_000184.png","c5b5febdc311f3de62fde482e8129979a2b48e79ec01c8f02183f3c01bae2696","2048","1643","outdoor_scene","RGB","existing_damage","test","real_damaged","DigitaltMuseum","https://digitaltmuseum.org/S-TEK/TEKA0226351","Public Domain","https://creativecommons.org/publicdomain/mark/1.0/","noise","1","texture_catalog_match_v1+source_attribute_v1","","{""crack"": 0.0202, ""dust"": 0.034, ""fold"": 0.1206, ""missing_region"": 0.0653, ""mold"": 0.0816, ""scratch"": 0.0289, ""stain"": 0.1083, ""tear"": 0.0809}","{}","0","0","0","0","0","0","0","0","0","0","0","1","0","0","c5b5febdc311f3de62fde482e8129979a2b48e79ec01c8f02183f3c01bae2696","1363893","png"
"222","damaged_obvious_000185","damaged_obvious","185","digitaltmuseum_S-TEK_TEKA0226358","0241.png","damaged_obvious_000185.png","dataset_images/damaged_obvious/damaged_obvious_000185.png","2fd7667a4e89a8ca71f04a5ddea7def28119f2fab5978f0bbb6de0a612ea03c0","2048","1634","outdoor_scene","RGB","existing_damage","validation","real_damaged","DigitaltMuseum","https://digitaltmuseum.org/S-TEK/TEKA0226358","Public Domain","https://creativecommons.org/publicdomain/mark/1.0/","noise","1","texture_catalog_match_v1+source_attribute_v1","","{""crack"": 0.001, ""dust"": 0.0055, ""fold"": 0.0134, ""missing_region"": 0.0167, ""mold"": 0.0327, ""scratch"": 0.01, ""stain"": 0.0548, ""tear"": 0.0457}","{}","0","0","0","0","0","0","0","0","0","0","0","1","0","0","2fd7667a4e89a8ca71f04a5ddea7def28119f2fab5978f0bbb6de0a612ea03c0","1868904","png"
"223","damaged_obvious_000186","damaged_obvious","186","digitaltmuseum_S-TEK_TEKA0228357","0242.png","damaged_obvious_000186.png","dataset_images/damaged_obvious/damaged_obvious_000186.png","6f55a435673c4944ee59872a252f405a1cbd82d1d2be6edd2258dfcb7adce4b0","2048","1350","outdoor_scene","RGB","existing_damage","train","real_damaged","DigitaltMuseum","https://digitaltmuseum.org/S-TEK/TEKA0228357","Public Domain","https://creativecommons.org/publicdomain/mark/1.0/","fold","1","texture_catalog_match_v1+source_attribute_v1","fold","{""crack"": 0.0293, ""dust"": 0.035, ""fold"": 0.1571, ""missing_region"": 0.0612, ""mold"": 0.079, ""scratch"": 0.0306, ""stain"": 0.0994, ""tear"": 0.094}","{""fold"": [""126.jpg"", ""032.jpg"", ""248.jpg""]}","0","0","1","0","0","0","0","0","0","0","0","0","0","0","6f55a435673c4944ee59872a252f405a1cbd82d1d2be6edd2258dfcb7adce4b0","1485588","png"
"224","damaged_obvious_000187","damaged_obvious","187","digitaltmuseum_S-TR_TM.BJJ:55","0244.png","damaged_obvious_000187.png","dataset_images/damaged_obvious/damaged_obvious_000187.png","a7f25b6919d2230f3f55709128f2a0d5bc4fdb733bcfebcf70dcfe023ca542ae","1190","2000","other","RGB","existing_damage","train","real_damaged","DigitaltMuseum","https://digitaltmuseum.org/S-TR/TM.BJJ:55","Public Domain","https://creativecommons.org/publicdomain/mark/1.0/","uneven_exposure","1","texture_catalog_match_v1+source_attribute_v1","","{""crack"": 0.0331, ""dust"": 0.06, ""fold"": 0.0836, ""missing_region"": 0.0647, ""mold"": 0.0929, ""scratch"": 0.076, ""stain"": 0.1027, ""tear"": 0.0882}","{}","0","0","0","0","0","0","0","0","0","0","0","0","0","1","a7f25b6919d2230f3f55709128f2a0d5bc4fdb733bcfebcf70dcfe023ca542ae","614574","png"
"225","damaged_obvious_000188","damaged_obvious","188","digitaltmuseum_S-UVLM_Vlm-A 2952","0245.png","damaged_obvious_000188.png","dataset_images/damaged_obvious/damaged_obvious_000188.png","523dcfef247c6de09063575d70cc1a13ea8c0ac892375906c9be38a10594907e","2048","1485","outdoor_scene","RGB","existing_damage","train","real_damaged","DigitaltMuseum","https://digitaltmuseum.org/S-UVLM/Vlm-A 2952","Public Domain","https://creativecommons.org/publicdomain/mark/1.0/","noise|uneven_exposure","2","texture_catalog_match_v1+source_attribute_v1","","{""crack"": 0.0036, ""dust"": 0.0155, ""fold"": 0.0436, ""missing_region"": 0.041, ""mold"": 0.0575, ""scratch"": 0.0199, ""stain"": 0.0518, ""tear"": 0.0552}","{}","0","0","0","0","0","0","0","0","0","0","0","1","0","1","523dcfef247c6de09063575d70cc1a13ea8c0ac892375906c9be38a10594907e","1975377","png"
"226","damaged_obvious_000189","damaged_obvious","189","digitaltmuseum_S-UVLM_Vlm-A 3496","0246.png","damaged_obvious_000189.png","dataset_images/damaged_obvious/damaged_obvious_000189.png","4c63fcbbacc47cef2b3b117c47607a719bb4370b5c5b64a7eb5f706d4f69d953","2048","1408","outdoor_scene","RGB","existing_damage","train","real_damaged","DigitaltMuseum","https://digitaltmuseum.org/S-UVLM/Vlm-A 3496","Public Domain","https://creativecommons.org/publicdomain/mark/1.0/","noise","1","texture_catalog_match_v1+source_attribute_v1","","{""crack"": 0.0038, ""dust"": 0.0141, ""fold"": 0.0507, ""missing_region"": 0.0394, ""mold"": 0.0989, ""scratch"": 0.0257, ""stain"": 0.0611, ""tear"": 0.0626}","{}","0","0","0","0","0","0","0","0","0","0","0","1","0","0","4c63fcbbacc47cef2b3b117c47607a719bb4370b5c5b64a7eb5f706d4f69d953","1860467","png"
"227","damaged_obvious_000190","damaged_obvious","190","digitaltmuseum_S-UVLM_Vlm-A 3497","0247.png","damaged_obvious_000190.png","dataset_images/damaged_obvious/damaged_obvious_000190.png","176bb1b9e9fdbe907b2a71516508c82f3808790e74d9ec3272b2fdb188b664c2","2048","1409","outdoor_scene","RGB","existing_damage","train","real_damaged","DigitaltMuseum","https://digitaltmuseum.org/S-UVLM/Vlm-A 3497","Public Domain","https://creativecommons.org/publicdomain/mark/1.0/","fold","1","texture_catalog_match_v1+source_attribute_v1","fold","{""crack"": 0.0136, ""dust"": 0.0417, ""fold"": 0.2332, ""missing_region"": 0.056, ""mold"": 0.1424, ""scratch"": 0.0392, ""stain"": 0.1741, ""tear"": 0.0982}","{""fold"": [""123.jpg"", ""032.jpg"", ""126.jpg""]}","0","0","1","0","0","0","0","0","0","0","0","0","0","0","176bb1b9e9fdbe907b2a71516508c82f3808790e74d9ec3272b2fdb188b664c2","1860141","png"
"230","damaged_obvious_000191","damaged_obvious","191","digitaltmuseum_S-VM_VMO03505","0250.png","damaged_obvious_000191.png","dataset_images/damaged_obvious/damaged_obvious_000191.png","e5ed300e75d5b642d14a0d2cbebebeaebf248cc144f9bc0c74de43451accf92b","2048","1545","outdoor_scene","RGB","existing_damage","train","real_damaged","DigitaltMuseum","https://digitaltmuseum.org/S-VM/VMO03505","Public Domain","https://creativecommons.org/publicdomain/mark/1.0/","noise","1","texture_catalog_match_v1+source_attribute_v1","","{""crack"": 0.0001, ""dust"": 0.0002, ""fold"": 0.0003, ""missing_region"": 0.0011, ""mold"": 0.0005, ""scratch"": 0.0003, ""stain"": 0.0018, ""tear"": 0.0012}","{}","0","0","0","0","0","0","0","0","0","0","0","1","0","0","e5ed300e75d5b642d14a0d2cbebebeaebf248cc144f9bc0c74de43451accf92b","2114780","png"
"231","damaged_obvious_000192","damaged_obvious","192","digitaltmuseum_S-XLM_XLM.AL00013","0251.png","damaged_obvious_000192.png","dataset_images/damaged_obvious/damaged_obvious_000192.png","d27aafb2c2bf9b47fb40356a08ca419c4058820f781ba97a7c937b30f239706c","2048","1660","group_portrait","RGB","existing_damage","train","real_damaged","DigitaltMuseum","https://digitaltmuseum.org/S-XLM/XLM.AL00013","Public Domain","https://creativecommons.org/publicdomain/mark/1.0/","crack|noise","2","texture_catalog_match_v1+source_attribute_v1","crack","{""crack"": 0.0821, ""dust"": 0.0821, ""fold"": 0.0967, ""missing_region"": 0.0633, ""mold"": 0.096, ""scratch"": 0.0766, ""stain"": 0.1142, ""tear"": 0.1061}","{""crack"": [""135.jpg"", ""109.jpg"", ""240.jpg""]}","0","1","0","0","0","0","0","0","0","0","0","1","0","0","d27aafb2c2bf9b47fb40356a08ca419c4058820f781ba97a7c937b30f239706c","1587015","png"
"232","damaged_obvious_000193","damaged_obvious","193","digitaltmuseum_S-XLM_XLM.AL00014","0252.png","damaged_obvious_000193.png","dataset_images/damaged_obvious/damaged_obvious_000193.png","3de57643296319629ef9be974cacae65d72c95c0f407495429dff796510d6f90","2048","1556","group_portrait","RGB","existing_damage","train","real_damaged","DigitaltMuseum","https://digitaltmuseum.org/S-XLM/XLM.AL00014","Public Domain","https://creativecommons.org/publicdomain/mark/1.0/","noise","1","texture_catalog_match_v1+source_attribute_v1","","{""crack"": 0.0295, ""dust"": 0.0298, ""fold"": 0.0739, ""missing_region"": 0.0303, ""mold"": 0.0403, ""scratch"": 0.0293, ""stain"": 0.0585, ""tear"": 0.1061}","{}","0","0","0","0","0","0","0","0","0","0","0","1","0","0","3de57643296319629ef9be974cacae65d72c95c0f407495429dff796510d6f90","1475151","png"
"233","damaged_obvious_000194","damaged_obvious","194","digitaltmuseum_S-XLM_XLM.CL000708","0253.png","damaged_obvious_000194.png","dataset_images/damaged_obvious/damaged_obvious_000194.png","a1190af7bcb7c939de9bcb2308d2ac77d7a7e9f988bf81f91ac1abee71bac0f9","2048","1682","architecture","RGB","existing_damage","validation","real_damaged","DigitaltMuseum","https://digitaltmuseum.org/S-XLM/XLM.CL000708","Public Domain","https://creativecommons.org/publicdomain/mark/1.0/","noise|uneven_exposure","2","texture_catalog_match_v1+source_attribute_v1","","{""crack"": 0.0014, ""dust"": 0.0011, ""fold"": 0.0011, ""missing_region"": 0.0092, ""mold"": 0.0017, ""scratch"": 0.0008, ""stain"": 0.005, ""tear"": 0.0092}","{}","0","0","0","0","0","0","0","0","0","0","0","1","0","1","a1190af7bcb7c939de9bcb2308d2ac77d7a7e9f988bf81f91ac1abee71bac0f9","1070757","png"
"234","damaged_obvious_000195","damaged_obvious","195","digitaltmuseum_S-XLM_XLM.CL001410","0254.png","damaged_obvious_000195.png","dataset_images/damaged_obvious/damaged_obvious_000195.png","d5a9f357094162a3d2f54f8e122cb657c991996a166d7bfa8c7408feb980cd58","2048","1525","other","RGB","existing_damage","train","real_damaged","DigitaltMuseum","https://digitaltmuseum.org/S-XLM/XLM.CL001410","Public Domain","https://creativecommons.org/publicdomain/mark/1.0/","noise|uneven_exposure","2","texture_catalog_match_v1+source_attribute_v1","","{""crack"": 0.0039, ""dust"": 0.0258, ""fold"": 0.0546, ""missing_region"": 0.0596, ""mold"": 0.0792, ""scratch"": 0.0461, ""stain"": 0.0777, ""tear"": 0.153}","{}","0","0","0","0","0","0","0","0","0","0","0","1","0","1","d5a9f357094162a3d2f54f8e122cb657c991996a166d7bfa8c7408feb980cd58","1781546","png"
"235","damaged_obvious_000196","damaged_obvious","196","digitaltmuseum_S-XLM_XLM.CLP002358","0255.png","damaged_obvious_000196.png","dataset_images/damaged_obvious/damaged_obvious_000196.png","098bcc2f8e24df6fa3038f907b1d38b1450b2096b9cac2ee787a3b0074123b0d","1520","2048","other","RGB","existing_damage","train","real_damaged","DigitaltMuseum","https://digitaltmuseum.org/S-XLM/XLM.CLP002358","Public Domain","https://creativecommons.org/publicdomain/mark/1.0/","noise|uneven_exposure","2","texture_catalog_match_v1+source_attribute_v1","","{""crack"": 0.0073, ""dust"": 0.0162, ""fold"": 0.0183, ""missing_region"": 0.0225, ""mold"": 0.0222, ""scratch"": 0.0309, ""stain"": 0.0214, ""tear"": 0.027}","{}","0","0","0","0","0","0","0","0","0","0","0","1","0","1","098bcc2f8e24df6fa3038f907b1d38b1450b2096b9cac2ee787a3b0074123b0d","990833","png"
"236","damaged_obvious_000197","damaged_obvious","197","digitaltmuseum_S-XLM_XLM.CLP017270","0256.png","damaged_obvious_000197.png","dataset_images/damaged_obvious/damaged_obvious_000197.png","f900b6e8bc9dfe73ef60668209a73b1b50b8926b371a166ddb0eda1c8e0011c9","1331","2048","single_portrait","RGB","existing_damage","train","real_damaged","DigitaltMuseum","https://digitaltmuseum.org/S-XLM/XLM.CLP017270","Public Domain","https://creativecommons.org/publicdomain/mark/1.0/","scratch|blur|uneven_exposure","3","texture_catalog_match_v1+source_attribute_v1","scratch","{""crack"": 0.0756, ""dust"": 0.0831, ""fold"": 0.1234, ""missing_region"": 0.0934, ""mold"": 0.1139, ""scratch"": 0.108, ""stain"": 0.1254, ""tear"": 0.1011}","{""scratch"": [""122.jpg"", ""035.jpg"", ""017.jpg""]}","1","0","0","0","0","0","0","0","0","0","1","0","0","1","f900b6e8bc9dfe73ef60668209a73b1b50b8926b371a166ddb0eda1c8e0011c9","487988","png"
"237","damaged_obvious_000198","damaged_obvious","198","/72/S_FBM_photo_2M16_S_0090_31_13A","0257.png","damaged_obvious_000198.png","dataset_images/damaged_obvious/damaged_obvious_000198.png","ba7ad87a29237e0154ca9af9a011973c03bde5ce12431d8073baa0a386931bfe","861","818","indoor_scene","RGB","existing_damage","train","real_damaged","Europeana","https://www.europeana.eu/item/72/S_FBM_photo_2M16_S_0090_31_13A","Public Domain","https://pro.europeana.eu/page/search","noise|uneven_exposure","2","texture_catalog_match_v1+source_attribute_v1","","{""crack"": 0.0, ""dust"": 0.0004, ""fold"": 0.0004, ""missing_region"": 0.0154, ""mold"": 0.0017, ""scratch"": 0.0008, ""stain"": 0.007, ""tear"": 0.0158}","{}","0","0","0","0","0","0","0","0","0","0","0","1","0","1","ba7ad87a29237e0154ca9af9a011973c03bde5ce12431d8073baa0a386931bfe","462125","png"
"240","damaged_obvious_000199","damaged_obvious","199","/91617/upmu_photo_UB050253_01","0261.png","damaged_obvious_000199.png","dataset_images/damaged_obvious/damaged_obvious_000199.png","97019e68c421fb1d85ee10f6527104df30576160b1b5c9a094706c5ebc59be57","803","1200","outdoor_scene","RGB","existing_damage","validation","real_damaged","Europeana","https://www.europeana.eu/item/91617/upmu_photo_UB050253_01","CC0","https://pro.europeana.eu/page/search","scratch|crack|fold|dust|stain|mold|tear|missing_region|uneven_exposure","9","texture_catalog_match_v1+source_attribute_v1","crack|dust|fold|missing_region|mold|scratch|stain|tear","{""crack"": 0.173, ""dust"": 0.1675, ""fold"": 0.24, ""missing_region"": 0.1585, ""mold"": 0.2054, ""scratch"": 0.2048, ""stain"": 0.2717, ""tear"": 0.2476}","{""crack"": [""240.jpg"", ""185.jpg"", ""135.jpg""], ""dust"": [""213.jpg"", ""188.jpg"", ""030.jpg""], ""fold"": [""059.jpg"", ""173.jpg"", ""105.jpg""], ""missing_region"": [""201.jpg"", ""051.jpg"", ""170.jpg""], ""mold"": [""006.jpg"", ""223.jpg"", ""075.jpg""], ""scratch"": [""072.jpg"", ""181.jpg"", ""017.jpg""], ""stain"": [""200.jpg"", ""046.jpg"", ""195.jpg""], ""tear"": [""120.jpg"", ""191.jpg"", ""222.jpg""]}","1","1","1","1","1","1","1","1","0","0","0","0","0","1","97019e68c421fb1d85ee10f6527104df30576160b1b5c9a094706c5ebc59be57","805363","png"
"241","damaged_obvious_000200","damaged_obvious","200","commons_126834741","0264.png","damaged_obvious_000200.png","dataset_images/damaged_obvious/damaged_obvious_000200.png","2f3f4afa0b5e91c557a238066e2b3d8cbe052d17c2d05c6272b31a5b54e7efcf","1114","1310","architecture","RGB","existing_damage","train","real_damaged","Wikimedia Commons","https://commons.wikimedia.org/wiki/File:Historical_photograph_of_Chamkaur_Sahib.jpg","Public domain","","uneven_exposure","1","texture_catalog_match_v1+source_attribute_v1","","{""crack"": 0.011, ""dust"": 0.0226, ""fold"": 0.0773, ""missing_region"": 0.0237, ""mold"": 0.0426, ""scratch"": 0.0242, ""stain"": 0.0604, ""tear"": 0.0468}","{}","0","0","0","0","0","0","0","0","0","0","0","0","0","1","2f3f4afa0b5e91c557a238066e2b3d8cbe052d17c2d05c6272b31a5b54e7efcf","759905","png"
"242","damaged_obvious_000201","damaged_obvious","201","commons_126834746","0265.png","damaged_obvious_000201.png","dataset_images/damaged_obvious/damaged_obvious_000201.png","6f35c736f5e6eb383e449a7c2c1cc8702ef8723eed881f1f89af4434b6364105","2669","1966","architecture","RGB","existing_damage","validation","real_damaged","Wikimedia Commons","https://commons.wikimedia.org/wiki/File:Historical_photograph_of_Takht_Sri_Patna_Sahib.jpg","Public domain","","noise","1","texture_catalog_match_v1+source_attribute_v1","","{""crack"": 0.0301, ""dust"": 0.0385, ""fold"": 0.0697, ""missing_region"": 0.0347, ""mold"": 0.0643, ""scratch"": 0.0312, ""stain"": 0.0665, ""tear"": 0.0994}","{}","0","0","0","0","0","0","0","0","0","0","0","1","0","0","6f35c736f5e6eb383e449a7c2c1cc8702ef8723eed881f1f89af4434b6364105","3857126","png"
"243","damaged_obvious_000202","damaged_obvious","202","commons_126847687","0266.png","damaged_obvious_000202.png","dataset_images/damaged_obvious/damaged_obvious_000202.png","627df9945e4cfb0c62d1bd7000fa469e2579f28f7d2ac629271aae88a09e415f","1218","1378","architecture","RGB","existing_damage","train","real_damaged","Wikimedia Commons","https://commons.wikimedia.org/wiki/File:Historical_photograph_of_Gurdwara_Katalgarh_Sahib.jpg","Public domain","","uneven_exposure","1","texture_catalog_match_v1+source_attribute_v1","","{""crack"": 0.0145, ""dust"": 0.0253, ""fold"": 0.0426, ""missing_region"": 0.0326, ""mold"": 0.0567, ""scratch"": 0.0213, ""stain"": 0.1033, ""tear"": 0.0732}","{}","0","0","0","0","0","0","0","0","0","0","0","0","0","1","627df9945e4cfb0c62d1bd7000fa469e2579f28f7d2ac629271aae88a09e415f","776465","png"
"244","damaged_obvious_000203","damaged_obvious","203","commons_158664719","0268.png","damaged_obvious_000203.png","dataset_images/damaged_obvious/damaged_obvious_000203.png","bbf2f42de8689e11e407c112a475534b3df44fb4554a0cbdc670768ff75f0ada","1810","997","architecture","RGB","existing_damage","train","real_damaged","Wikimedia Commons","https://commons.wikimedia.org/wiki/File:Photograph_of_the_historical_structure_of_Takht_Patna_Sahib.jpg","Public domain","","noise|uneven_exposure","2","texture_catalog_match_v1+source_attribute_v1","","{""crack"": 0.0007, ""dust"": 0.0045, ""fold"": 0.0346, ""missing_region"": 0.0299, ""mold"": 0.0217, ""scratch"": 0.0123, ""stain"": 0.0233, ""tear"": 0.0425}","{}","0","0","0","0","0","0","0","0","0","0","0","1","0","1","bbf2f42de8689e11e407c112a475534b3df44fb4554a0cbdc670768ff75f0ada","1496990","png"
"245","damaged_obvious_000204","damaged_obvious","204","commons_17041108","0269.png","damaged_obvious_000204.png","dataset_images/damaged_obvious/damaged_obvious_000204.png","edd7d93b48836c700e40662863a3933894dc3efaee28d7f312ccb7ac7e288827","2048","1649","outdoor_scene","RGB","existing_damage","validation","real_damaged","Wikimedia Commons","https://commons.wikimedia.org/wiki/File:%22Photograph_made_from_B-17_Flying_Fortress_of_the_8th_AAF_Bomber_Command_on_31_Dec._when_they_attacked_the_vital_CAM_bal_-_NARA_-_535712.jpg","Public domain","","noise","1","texture_catalog_match_v1+source_attribute_v1","","{""crack"": 0.0001, ""dust"": 0.0009, ""fold"": 0.0078, ""missing_region"": 0.0146, ""mold"": 0.0124, ""scratch"": 0.0055, ""stain"": 0.0541, ""tear"": 0.0208}","{}","0","0","0","0","0","0","0","0","0","0","0","1","0","0","edd7d93b48836c700e40662863a3933894dc3efaee28d7f312ccb7ac7e288827","3058520","png"
"247","damaged_obvious_000205","damaged_obvious","205","commons_46742259","0272.png","damaged_obvious_000205.png","dataset_images/damaged_obvious/damaged_obvious_000205.png","78da9d205510c2f40c1d2414cfd86d727eb94a78e55950b3a3ba33b380aaa5a8","1460","882","outdoor_scene","RGB","existing_damage","train","real_damaged","Wikimedia Commons","https://commons.wikimedia.org/wiki/File:Top_of_the_Mother_of_the_Forest_(NYPL_b11707262-G89F320_005ZF).tiff","Public domain","","color_cast|noise","2","texture_catalog_match_v1+source_attribute_v1","","{""crack"": 0.0087, ""dust"": 0.0166, ""fold"": 0.0348, ""missing_region"": 0.0232, ""mold"": 0.0202, ""scratch"": 0.0159, ""stain"": 0.0249, ""tear"": 0.0249}","{}","0","0","0","0","0","0","0","0","0","1","0","1","0","0","b63105fe683ee2904e6d18d5d126003a604b643f164898ff8e1853b652d15374","2454893","png"
"248","damaged_obvious_000206","damaged_obvious","206","commons_46770753","0273.png","damaged_obvious_000206.png","dataset_images/damaged_obvious/damaged_obvious_000206.png","6a0c893618da800baf5ac2b0e49e2100e4debd6eea6011291091062a94066578","960","560","outdoor_scene","RGB","existing_damage","train","real_damaged","Wikimedia Commons","https://commons.wikimedia.org/wiki/File:Mother_of_the_Forest,_circum._78_ft.,_over_300_ft._high_-_Calaveras_Co_(NYPL_b11707266-G89F324_002F).tiff","Public domain","","color_cast|noise","2","texture_catalog_match_v1+source_attribute_v1","","{""crack"": 0.0047, ""dust"": 0.0104, ""fold"": 0.0219, ""missing_region"": 0.0296, ""mold"": 0.0339, ""scratch"": 0.0145, ""stain"": 0.06, ""tear"": 0.1109}","{}","0","0","0","0","0","0","0","0","0","1","0","1","0","0","0d559d9b276bec3b34b847d28dbcb87041de9b24b5e15fb9e08b72cf715d1d78","1024034","png"
"249","damaged_obvious_000207","damaged_obvious","207","commons_46770912","0274.png","damaged_obvious_000207.png","dataset_images/damaged_obvious/damaged_obvious_000207.png","7ef436431a1624429027f23531ff5d716890325ec44d11748cbdd24b16c14641","1406","746","outdoor_scene","RGB","existing_damage","train","real_damaged","Wikimedia Commons","https://commons.wikimedia.org/wiki/File:Mother_of_the_Forest,_circum._78_ft.,_over_300_ft._high_-_Calaveras_Co_(NYPL_b11707266-G89F324_003F).tiff","Public domain","","color_cast|noise","2","texture_catalog_match_v1+source_attribute_v1","","{""crack"": 0.0024, ""dust"": 0.0105, ""fold"": 0.0302, ""missing_region"": 0.0522, ""mold"": 0.0449, ""scratch"": 0.0126, ""stain"": 0.0848, ""tear"": 0.0948}","{}","0","0","0","0","0","0","0","0","0","1","0","1","0","0","9250b3f78ac005a1f781f1e0c8bb4ce02e16f22bdf0d8a36acc8767feb0516af","1784271","png"
"250","damaged_obvious_000208","damaged_obvious","208","commons_46774447","0275.png","damaged_obvious_000208.png","dataset_images/damaged_obvious/damaged_obvious_000208.png","39c1a7cd181c5c865e7aa88c84c4fcbf78163c547dbb8864f61260c4faf0a4ea","1458","736","outdoor_scene","RGB","existing_damage","train","real_damaged","Wikimedia Commons","https://commons.wikimedia.org/wiki/File:Mother_of_the_Forest,_looking_up_the_tree,_circum._78_ft.,_over_300_ft._high_(NYPL_b11707266-G89F324_031F).tiff","Public domain","","color_cast|noise","2","texture_catalog_match_v1+source_attribute_v1","","{""crack"": 0.0049, ""dust"": 0.0056, ""fold"": 0.0137, ""missing_region"": 0.0192, ""mold"": 0.0132, ""scratch"": 0.0114, ""stain"": 0.0191, ""tear"": 0.046}","{}","0","0","0","0","0","0","0","0","0","1","0","1","0","0","dd23e033b11a5d75aaab7459ad94bafd1accd4e68c0fa7c7face1a17d8f02209","1849595","png"
"251","damaged_obvious_000209","damaged_obvious","209","commons_46785197","0276.png","damaged_obvious_000209.png","dataset_images/damaged_obvious/damaged_obvious_000209.png","36098d5b54f9d4a2ae51bad1da412b2317bbb03fdf7e18b04f28dc00c4120375","1435","652","outdoor_scene","RGB","existing_damage","train","real_damaged","Wikimedia Commons","https://commons.wikimedia.org/wiki/File:Mother_of_the_Forest,_Calaveras_Grove,_Cal_(NYPL_b11707267-G89F325_002F).tiff","Public domain","","fold|color_cast","2","texture_catalog_match_v1+source_attribute_v1","fold","{""crack"": 0.0129, ""dust"": 0.033, ""fold"": 0.1559, ""missing_region"": 0.0764, ""mold"": 0.1239, ""scratch"": 0.0347, ""stain"": 0.1262, ""tear"": 0.0764}","{""fold"": [""123.jpg"", ""242.jpg"", ""248.jpg""]}","0","0","1","0","0","0","0","0","0","1","0","0","0","0","608b02d01d19acc42148963b6b2a1adeeebfce3c23da142ae1866616d2e4bfd4","1533204","png"
"252","damaged_obvious_000210","damaged_obvious","210","commons_54942246","0277.png","damaged_obvious_000210.png","dataset_images/damaged_obvious/damaged_obvious_000210.png","33a5b6dc296af711df3517aafc0a0179808c685facd595858aae4dc71375f41a","1096","1600","indoor_scene","RGB","existing_damage","train","real_damaged","Wikimedia Commons","https://commons.wikimedia.org/wiki/File:Mother_of_the_Forest_in_London_Crystal_Palace_1859.jpg","Public domain","","noise","1","texture_catalog_match_v1+source_attribute_v1","","{""crack"": 0.0003, ""dust"": 0.0021, ""fold"": 0.0074, ""missing_region"": 0.0214, ""mold"": 0.017, ""scratch"": 0.0047, ""stain"": 0.0597, ""tear"": 0.0565}","{}","0","0","0","0","0","0","0","0","0","0","0","1","0","0","33a5b6dc296af711df3517aafc0a0179808c685facd595858aae4dc71375f41a","1419195","png"
"253","damaged_obvious_000211","damaged_obvious","211","commons_54942714","0278.png","damaged_obvious_000211.png","dataset_images/damaged_obvious/damaged_obvious_000211.png","67c1a93a4ca14d3fa3e58cbd995c8b56ec59961aec1d9b1ba8f745506aa3e5c7","1104","1147","outdoor_scene","RGB","existing_damage","train","real_damaged","Wikimedia Commons","https://commons.wikimedia.org/wiki/File:The_Mother_of_the_Forest_;_305_feet_high_;_63_feet_circumference_-_near_view,_Calaveras_County,_by_Lawrence_%26_Houseworth_-_left.png","Public domain","","noise","1","texture_catalog_match_v1+source_attribute_v1","","{""crack"": 0.0229, ""dust"": 0.0294, ""fold"": 0.0444, ""missing_region"": 0.0327, ""mold"": 0.0694, ""scratch"": 0.0279, ""stain"": 0.0834, ""tear"": 0.0821}","{}","0","0","0","0","0","0","0","0","0","0","0","1","0","0","67c1a93a4ca14d3fa3e58cbd995c8b56ec59961aec1d9b1ba8f745506aa3e5c7","1057632","png"
"254","damaged_obvious_000212","damaged_obvious","212","commons_77536056","0279.png","damaged_obvious_000212.png","dataset_images/damaged_obvious/damaged_obvious_000212.png","4aae3ccc0b77dc3e037fa255a9187e4778a2dc335268980e308628631d5c0129","1582","2249","single_portrait","RGB","existing_damage","test","real_damaged","Wikimedia Commons","https://commons.wikimedia.org/wiki/File:Marie-Aim%C3%A9e_Roger-Miclos_-_Photograph_A_from_the_Album_Reutlinger_de_portraits_divers,_vol._21.jpg","Public domain","","uneven_exposure","1","texture_catalog_match_v1+source_attribute_v1","","{""crack"": 0.0261, ""dust"": 0.0294, ""fold"": 0.061, ""missing_region"": 0.0311, ""mold"": 0.0497, ""scratch"": 0.0298, ""stain"": 0.0683, ""tear"": 0.0765}","{}","0","0","0","0","0","0","0","0","0","0","0","0","0","1","4aae3ccc0b77dc3e037fa255a9187e4778a2dc335268980e308628631d5c0129","1710137","png"
"255","damaged_obvious_000213","damaged_obvious","213","commons_790082","0280.png","damaged_obvious_000213.png","dataset_images/damaged_obvious/damaged_obvious_000213.png","75d4220abf556c8c96aae4ca31d1367b2664b0ecb1194f8924ec2811220fd430","1810","2560","single_portrait","RGB","existing_damage","train","real_damaged","Wikimedia Commons","https://commons.wikimedia.org/wiki/File:Wilhelm_Benque_-_Photograph_of_Ambroise_Thomas.jpg","Public domain","","uneven_exposure","1","texture_catalog_match_v1+source_attribute_v1","","{""crack"": 0.0036, ""dust"": 0.0123, ""fold"": 0.0243, ""missing_region"": 0.0305, ""mold"": 0.021, ""scratch"": 0.0135, ""stain"": 0.0208, ""tear"": 0.0429}","{}","0","0","0","0","0","0","0","0","0","0","0","0","0","1","75d4220abf556c8c96aae4ca31d1367b2664b0ecb1194f8924ec2811220fd430","3223457","png"
"256","damaged_obvious_000214","damaged_obvious","214","commons_100237287","0281.png","damaged_obvious_000214.png","dataset_images/damaged_obvious/damaged_obvious_000214.png","113337e37987a9fa302e090bb2c89b22eebc78eb266c409c4ef9c4730f19d624","1500","2147","document","RGB","existing_damage","train","real_damaged","Wikimedia Commons","https://commons.wikimedia.org/wiki/File:Arlington_Journal_(Arlington,_Tex.),_Vol._15,_No._48,_Ed._1_Friday,_December_22,_1911_-_DPLA_-_651906ade77b98de8829edcc9a1b8759_(page_1).jpg","Public domain","","noise|uneven_exposure","2","texture_catalog_match_v1+source_attribute_v1","","{""crack"": 0.0, ""dust"": 0.0001, ""fold"": 0.0006, ""missing_region"": 0.0008, ""mold"": 0.0023, ""scratch"": 0.0003, ""stain"": 0.002, ""tear"": 0.0039}","{}","0","0","0","0","0","0","0","0","0","0","0","1","0","1","113337e37987a9fa302e090bb2c89b22eebc78eb266c409c4ef9c4730f19d624","2369424","png"
"258","damaged_obvious_000215","damaged_obvious","215","commons_111460778","0283.png","damaged_obvious_000215.png","dataset_images/damaged_obvious/damaged_obvious_000215.png","7d204ef49ce172427e0caefe0a2d7b5a0ad9942f7dcf2f0fd4244566c02de749","2560","1952","outdoor_scene","RGB","existing_damage","train","real_damaged","Wikimedia Commons","https://commons.wikimedia.org/wiki/File:Sonter_family_packing_fruit_Epping_1911.jpg","Public domain","","noise","1","texture_catalog_match_v1+source_attribute_v1","","{""crack"": 0.0004, ""dust"": 0.0026, ""fold"": 0.0084, ""missing_region"": 0.0177, ""mold"": 0.015, ""scratch"": 0.0072, ""stain"": 0.0484, ""tear"": 0.0646}","{}","0","0","0","0","0","0","0","0","0","0","0","1","0","0","7d204ef49ce172427e0caefe0a2d7b5a0ad9942f7dcf2f0fd4244566c02de749","3671507","png"
"259","damaged_obvious_000216","damaged_obvious","216","commons_123209928","0284.png","damaged_obvious_000216.png","dataset_images/damaged_obvious/damaged_obvious_000216.png","b751b171730e141853dacf787f21a26e0e92c720db07ae28363ff571619d3abb","1742","1844","document","RGB","existing_damage","train","real_damaged","Wikimedia Commons","https://commons.wikimedia.org/wiki/File:COP_RM_1911_11.jpg","CC BY-SA 4.0","https://creativecommons.org/licenses/by-sa/4.0","color_cast|noise|uneven_exposure","3","texture_catalog_match_v1+source_attribute_v1","","{""crack"": 0.001, ""dust"": 0.003, ""fold"": 0.0456, ""missing_region"": 0.0189, ""mold"": 0.021, ""scratch"": 0.0247, ""stain"": 0.0141, ""tear"": 0.0401}","{}","0","0","0","0","0","0","0","0","0","1","0","1","0","1","60f9b0066dc3169d508740b3401d6633ee7b7a97f1c8a656fd0e45796641b807","6216883","png"
"261","damaged_obvious_000217","damaged_obvious","217","commons_156042092","0287.png","damaged_obvious_000217.png","dataset_images/damaged_obvious/damaged_obvious_000217.png","b81052db09aed9bad3d9899a3d840fe6d3584d303f3984d3873bfafb4a65f54e","1920","2560","document","RGB","existing_damage","train","real_damaged","Wikimedia Commons","https://commons.wikimedia.org/wiki/File:Portada_Tomochic_Heriberto_Fr%C3%ADas_5a_ed_1911_biblioteca_de_Gustavo_Sandoval_L%C3%B3pez.jpg","CC BY-SA 4.0","https://creativecommons.org/licenses/by-sa/4.0","noise","1","texture_catalog_match_v1+source_attribute_v1","","{""crack"": 0.0057, ""dust"": 0.0164, ""fold"": 0.0202, ""missing_region"": 0.0357, ""mold"": 0.0268, ""scratch"": 0.0264, ""stain"": 0.1572, ""tear"": 0.0791}","{}","0","0","0","0","0","0","0","0","0","0","0","1","0","0","b81052db09aed9bad3d9899a3d840fe6d3584d303f3984d3873bfafb4a65f54e","3480318","png"
"263","damaged_obvious_000218","damaged_obvious","218","commons_157672658","0289.png","damaged_obvious_000218.png","dataset_images/damaged_obvious/damaged_obvious_000218.png","c595cd8913329de3388a020544b09bccb550759074ffe7d2bb089e71d132fb1f","1872","1081","outdoor_scene","RGB","existing_damage","train","real_damaged","Wikimedia Commons","https://commons.wikimedia.org/wiki/File:Method_(Metod%C4%9Bj)_Vlach_in_his_biplane_in_Mlad%C3%A1_Boleslav,_1911.png","Public domain","","noise|uneven_exposure","2","texture_catalog_match_v1+source_attribute_v1","","{""crack"": 0.0195, ""dust"": 0.0237, ""fold"": 0.0296, ""missing_region"": 0.027, ""mold"": 0.0315, ""scratch"": 0.0217, ""stain"": 0.0741, ""tear"": 0.051}","{}","0","0","0","0","0","0","0","0","0","0","0","1","0","1","c595cd8913329de3388a020544b09bccb550759074ffe7d2bb089e71d132fb1f","2323738","png"
"264","damaged_obvious_000219","damaged_obvious","219","commons_158952585","0290.png","damaged_obvious_000219.png","dataset_images/damaged_obvious/damaged_obvious_000219.png","8f684c7ffb83ac2702b45887d18a04f354efc031c35b505404e3e56646135166","1811","2872","document","RGB","existing_damage","train","real_damaged","Wikimedia Commons","https://commons.wikimedia.org/wiki/File:Tom%C3%B3chic_novela_hist%C3%B3rica_mexicana_Heriberto_Fr%C3%ADas_Par%C3%ADs_M%C3%A9xico_1911_Librer%C3%ADa_de_la_Viuda_de_Charles_Bouret_biblioteca_Gustavo_Sandoval_L%C3%B3pez.jpg","CC BY-SA 4.0","https://creativecommons.org/licenses/by-sa/4.0","color_cast","1","texture_catalog_match_v1+source_attribute_v1","","{""crack"": 0.0071, ""dust"": 0.0146, ""fold"": 0.0571, ""missing_region"": 0.0355, ""mold"": 0.0663, ""scratch"": 0.0234, ""stain"": 0.0614, ""tear"": 0.0689}","{}","0","0","0","0","0","0","0","0","0","1","0","0","0","0","a185dd86fa9d46c10f2ed490dc94e89e5d93c12b7b75007d24921edf81a0066b","7219826","png"
"268","damaged_obvious_000220","damaged_obvious","220","commons_158953487","0294.png","damaged_obvious_000220.png","dataset_images/damaged_obvious/damaged_obvious_000220.png","bdc581ab0dfb7614de999b189811c0a9c2d03636a846c29cabf5bc285ba75eea","2201","1324","document","RGB","existing_damage","train","real_damaged","Wikimedia Commons","https://commons.wikimedia.org/wiki/File:Tom%C3%B3chic_novela_hist%C3%B3rica_mexicana_Heriberto_Fr%C3%ADas_M%C3%A9xico_1911_Librer%C3%ADa_de_la_viuda_de_Charles_Bouret_biblioteca_Gustavo_Sandoval_L%C3%B3pez_06.jpg","CC BY-SA 4.0","https://creativecommons.org/licenses/by-sa/4.0","color_cast|noise","2","texture_catalog_match_v1+source_attribute_v1","","{""crack"": 0.0295, ""dust"": 0.027, ""fold"": 0.0627, ""missing_region"": 0.0343, ""mold"": 0.0547, ""scratch"": 0.0276, ""stain"": 0.07, ""tear"": 0.0989}","{}","0","0","0","0","0","0","0","0","0","1","0","1","0","0","fefb656e7e12848303f250aa4438dddcf1c2f8d2e642243edab59069e0d82deb","3889377","png"
"270","damaged_obvious_000221","damaged_obvious","221","commons_177369370","0296.png","damaged_obvious_000221.png","dataset_images/damaged_obvious/damaged_obvious_000221.png","f14eabb6047e1dcaef05a536f41b76fa0d4fbacbe0b79a40089e6005e4fe7162","2010","2993","document","RGB","existing_damage","train","real_damaged","Wikimedia Commons","https://commons.wikimedia.org/wiki/File:The_Last_Laugh-restored.jpg","Public domain","","noise|uneven_exposure","2","texture_catalog_match_v1+source_attribute_v1","","{""crack"": 0.0, ""dust"": 0.0001, ""fold"": 0.0003, ""missing_region"": 0.0285, ""mold"": 0.0011, ""scratch"": 0.0004, ""stain"": 0.0062, ""tear"": 0.0285}","{}","0","0","0","0","0","0","0","0","0","0","0","1","0","1","f14eabb6047e1dcaef05a536f41b76fa0d4fbacbe0b79a40089e6005e4fe7162","3313472","png"
"272","damaged_obvious_000222","damaged_obvious","222","commons_193203301","0298.png","damaged_obvious_000222.png","dataset_images/damaged_obvious/damaged_obvious_000222.png","8608d569216b9c26bc8df47a3305d96f557596fe17800d77b5706e7aa73444d2","946","1176","single_portrait","RGB","existing_damage","train","real_damaged","Wikimedia Commons","https://commons.wikimedia.org/wiki/File:Cora_South_Brown_(St._Louis,_the_fourth_city,_1911).png","Public domain","","uneven_exposure","1","texture_catalog_match_v1+source_attribute_v1","","{""crack"": 0.0134, ""dust"": 0.0381, ""fold"": 0.1016, ""missing_region"": 0.0321, ""mold"": 0.091, ""scratch"": 0.0292, ""stain"": 0.1056, ""tear"": 0.0674}","{}","0","0","0","0","0","0","0","0","0","0","0","0","0","1","8608d569216b9c26bc8df47a3305d96f557596fe17800d77b5706e7aa73444d2","764560","png"
"273","damaged_obvious_000223","damaged_obvious","223","commons_193203302","0299.png","damaged_obvious_000223.png","dataset_images/damaged_obvious/damaged_obvious_000223.png","d12c4204d62125bcfd38f92c525b450ed85236fa71733afdb464a8ffd7f5b985","930","1170","single_portrait","RGB","existing_damage","train","real_damaged","Wikimedia Commons","https://commons.wikimedia.org/wiki/File:Gladys_Bryant_Smith_(St._Louis,_the_fourth_city,_1911).png","Public domain","","uneven_exposure","1","texture_catalog_match_v1+source_attribute_v1","","{""crack"": 0.0208, ""dust"": 0.0367, ""fold"": 0.0547, ""missing_region"": 0.0472, ""mold"": 0.0572, ""scratch"": 0.0255, ""stain"": 0.1059, ""tear"": 0.125}","{}","0","0","0","0","0","0","0","0","0","0","0","0","0","1","d12c4204d62125bcfd38f92c525b450ed85236fa71733afdb464a8ffd7f5b985","947168","png"
"274","damaged_obvious_000224","damaged_obvious","224","commons_193203313","0300.png","damaged_obvious_000224.png","dataset_images/damaged_obvious/damaged_obvious_000224.png","a638cf4cadfd79252dcda484cd712678d553bea36d9886a928646ee130b374a1","1148","1784","single_portrait","RGB","existing_damage","train","real_damaged","Wikimedia Commons","https://commons.wikimedia.org/wiki/File:Virginia_Elliot_(St._Louis,_the_fourth_city,_1911).png","Public domain","","noise|uneven_exposure","2","texture_catalog_match_v1+source_attribute_v1","","{""crack"": 0.0043, ""dust"": 0.0083, ""fold"": 0.0162, ""missing_region"": 0.0174, ""mold"": 0.029, ""scratch"": 0.0149, ""stain"": 0.0214, ""tear"": 0.026}","{}","0","0","0","0","0","0","0","0","0","0","0","1","0","1","a638cf4cadfd79252dcda484cd712678d553bea36d9886a928646ee130b374a1","1927440","png"
"275","damaged_obvious_000225","damaged_obvious","225","commons_78146377","0304.png","damaged_obvious_000225.png","dataset_images/damaged_obvious/damaged_obvious_000225.png","5d293d4cef66fa8508b249dbe353b477d7b712107a5c7c763a0789ee0dd0b09f","1839","2048","document","RGB","existing_damage","train","real_damaged","Wikimedia Commons","https://commons.wikimedia.org/wiki/File:Mapa_Portoviejo_13.07.1911,_por_Alonso_Gonzalez_Illescas.jpg","CC BY-SA 4.0","https://creativecommons.org/licenses/by-sa/4.0","fold|stain|color_cast","3","texture_catalog_match_v1+source_attribute_v1","fold|stain","{""crack"": 0.0284, ""dust"": 0.0458, ""fold"": 0.1508, ""missing_region"": 0.0561, ""mold"": 0.1389, ""scratch"": 0.0416, ""stain"": 0.2296, ""tear"": 0.1272}","{""fold"": [""032.jpg"", ""126.jpg"", ""089.jpg""], ""stain"": [""134.jpg"", ""229.jpg"", ""074.jpg""]}","0","0","1","0","1","0","0","0","0","1","0","0","0","0","5d293d4cef66fa8508b249dbe353b477d7b712107a5c7c763a0789ee0dd0b09f","3335491","png"
"276","damaged_obvious_000226","damaged_obvious","226","commons_89664935","0305.png","damaged_obvious_000226.png","dataset_images/damaged_obvious/damaged_obvious_000226.png","e75a3f261e4dd607d4ff32dee91419721954ade9e026c20f7dbaac3650bd8b0c","1500","2050","document","RGB","existing_damage","train","real_damaged","Wikimedia Commons","https://commons.wikimedia.org/wiki/File:Gracieuse._Ge%C3%AFllustreerde_Aglaja,_1911,_aflevering_9,_pagina_20-2.JPG","CC BY-SA 3.0","https://creativecommons.org/licenses/by-sa/3.0","noise|jpeg_artifact","2","texture_catalog_match_v1+source_attribute_v1","","{""crack"": 0.0, ""dust"": 0.0, ""fold"": 0.0, ""missing_region"": 0.0, ""mold"": 0.0, ""scratch"": 0.0, ""stain"": 0.0, ""tear"": 0.0}","{}","0","0","0","0","0","0","0","0","0","0","0","1","1","0","e75a3f261e4dd607d4ff32dee91419721954ade9e026c20f7dbaac3650bd8b0c","2260863","png"
"277","damaged_obvious_000227","damaged_obvious","227","commons_91076449","0306.png","damaged_obvious_000227.png","dataset_images/damaged_obvious/damaged_obvious_000227.png","911684480935c50e97e19e4ba3931e18553ec774531ec48b13f24a116de0b363","2047","1626","outdoor_scene","RGB","existing_damage","train","real_damaged","Wikimedia Commons","https://commons.wikimedia.org/wiki/File:PXD_156_Wreck_Macquarie_Island_Hurley.jpg","Public domain","","noise","1","texture_catalog_match_v1+source_attribute_v1","","{""crack"": 0.0029, ""dust"": 0.0166, ""fold"": 0.0288, ""missing_region"": 0.0351, ""mold"": 0.0545, ""scratch"": 0.0165, ""stain"": 0.0375, ""tear"": 0.0492}","{}","0","0","0","0","0","0","0","0","0","0","0","1","0","0","911684480935c50e97e19e4ba3931e18553ec774531ec48b13f24a116de0b363","2360932","png"
"278","damaged_obvious_000228","damaged_obvious","228","commons_91522464","0307.png","damaged_obvious_000228.png","dataset_images/damaged_obvious/damaged_obvious_000228.png","8cfe334d63f03aecaf722fa47e3f8cd403b3a4ceb5651fae3dc27bff28512b11","2560","1810","document","RGB","existing_damage","validation","real_damaged","Wikimedia Commons","https://commons.wikimedia.org/wiki/File:1911_Map_for_Book_of_Mormon_Study.jpg","Public domain","","noise","1","texture_catalog_match_v1+source_attribute_v1","","{""crack"": 0.0, ""dust"": 0.0, ""fold"": 0.0, ""missing_region"": 0.0, ""mold"": 0.0, ""scratch"": 0.0, ""stain"": 0.0, ""tear"": 0.0}","{}","0","0","0","0","0","0","0","0","0","0","0","1","0","0","8cfe334d63f03aecaf722fa47e3f8cd403b3a4ceb5651fae3dc27bff28512b11","3907094","png"
"279","damaged_obvious_000229","damaged_obvious","229","commons_93879491","0308.png","damaged_obvious_000229.png","dataset_images/damaged_obvious/damaged_obvious_000229.png","69775ce57280ff3d222db77ee75afb0a8771ca66d67e8c5e3437ebf0712a4a50","1039","1440","single_portrait","RGB","existing_damage","train","real_damaged","Wikimedia Commons","https://commons.wikimedia.org/wiki/File:Harry_Diddams,_Mayor_of_Brisbane,_1911.jpg","Public domain","","noise|uneven_exposure","2","texture_catalog_match_v1+source_attribute_v1","","{""crack"": 0.003, ""dust"": 0.0091, ""fold"": 0.0331, ""missing_region"": 0.0437, ""mold"": 0.0758, ""scratch"": 0.0173, ""stain"": 0.0651, ""tear"": 0.0682}","{}","0","0","0","0","0","0","0","0","0","0","0","1","0","1","69775ce57280ff3d222db77ee75afb0a8771ca66d67e8c5e3437ebf0712a4a50","1116568","png"
"280","damaged_obvious_000230","damaged_obvious","230","commons_95412210","0309.png","damaged_obvious_000230.png","dataset_images/damaged_obvious/damaged_obvious_000230.png","0a23dd419de7e3aa847325583695cc504e8929ef971f42c78d9957405a2cfdc0","785","1140","single_portrait","RGB","existing_damage","train","real_damaged","Wikimedia Commons","https://commons.wikimedia.org/wiki/File:Les_Folies_amoureuses_au_ch%C3%A2teau_de_Pourtal%C3%A8s_en_1911_(2).jpg","Public domain","","fold|stain|uneven_exposure","3","texture_catalog_match_v1+source_attribute_v1","fold|stain","{""crack"": 0.0385, ""dust"": 0.0705, ""fold"": 0.1442, ""missing_region"": 0.062, ""mold"": 0.1728, ""scratch"": 0.0623, ""stain"": 0.2062, ""tear"": 0.1668}","{""fold"": [""032.jpg"", ""176.jpg"", ""126.jpg""], ""stain"": [""074.jpg"", ""134.jpg"", ""241.jpg""]}","0","0","1","0","1","0","0","0","0","0","0","0","0","1","0a23dd419de7e3aa847325583695cc504e8929ef971f42c78d9957405a2cfdc0","620727","png"
"281","damaged_obvious_000231","damaged_obvious","231","commons_95412465","0310.png","damaged_obvious_000231.png","dataset_images/damaged_obvious/damaged_obvious_000231.png","ba94b77084fc2bde3a76b9f8775cf8ea759c4c9222162f1b4db4714ac2bd7aa9","782","1141","group_portrait","RGB","existing_damage","train","real_damaged","Wikimedia Commons","https://commons.wikimedia.org/wiki/File:Les_Folies_amoureuses_au_ch%C3%A2teau_de_Pourtal%C3%A8s_en_1911_(3).jpg","Public domain","","scratch|dust|stain|mold|missing_region","5","texture_catalog_match_v1+source_attribute_v1","dust|missing_region|mold|scratch|stain","{""crack"": 0.0736, ""dust"": 0.1166, ""fold"": 0.1305, ""missing_region"": 0.1123, ""mold"": 0.183, ""scratch"": 0.1017, ""stain"": 0.1977, ""tear"": 0.1701}","{""dust"": [""079.jpg"", ""019.jpg"", ""050.jpg""], ""missing_region"": [""051.jpg"", ""170.jpg"", ""201.jpg""], ""mold"": [""008.jpg"", ""182.jpg"", ""023.jpg""], ""scratch"": [""243.jpg"", ""124.jpg"", ""031.jpg""], ""stain"": [""096.jpg"", ""140.jpg"", ""241.jpg""]}","1","0","0","1","1","1","0","1","0","0","0","0","0","0","ba94b77084fc2bde3a76b9f8775cf8ea759c4c9222162f1b4db4714ac2bd7aa9","651355","png"
"282","damaged_obvious_000232","damaged_obvious","232","commons_95412738","0311.png","damaged_obvious_000232.png","dataset_images/damaged_obvious/damaged_obvious_000232.png","81e752d80f848afde43758319201e5a63e7a2466f3f2565161dab2cc4fa0cffa","1429","1019","group_portrait","RGB","existing_damage","train","real_damaged","Wikimedia Commons","https://commons.wikimedia.org/wiki/File:Les_Folies_amoureuses_au_ch%C3%A2teau_de_Pourtal%C3%A8s_en_1911_(1).jpg","Public domain","","scratch|crack|fold|dust|stain|mold|tear|missing_region","8","texture_catalog_match_v1+source_attribute_v1","crack|dust|fold|missing_region|mold|scratch|stain|tear","{""crack"": 0.4876, ""dust"": 0.5656, ""fold"": 0.4475, ""missing_region"": 0.4648, ""mold"": 0.5032, ""scratch"": 0.4501, ""stain"": 0.5141, ""tear"": 0.51}","{""crack"": [""135.jpg"", ""109.jpg"", ""240.jpg""], ""dust"": [""144.jpg"", ""202.jpg"", ""179.jpg""], ""fold"": [""153.jpg"", ""131.jpg"", ""059.jpg""], ""missing_region"": [""201.jpg"", ""170.jpg"", ""051.jpg""], ""mold"": [""006.jpg"", ""223.jpg"", ""087.jpg""], ""scratch"": [""072.jpg"", ""127.jpg"", ""053.jpg""], ""stain"": [""196.jpg"", ""187.jpg"", ""073.jpg""], ""tear"": [""222.jpg"", ""014.jpg"", ""120.jpg""]}","1","1","1","1","1","1","1","1","0","0","0","0","0","0","81e752d80f848afde43758319201e5a63e7a2466f3f2565161dab2cc4fa0cffa","1077500","png"
"283","damaged_obvious_000233","damaged_obvious","233","commons_95849647","0312.png","damaged_obvious_000233.png","dataset_images/damaged_obvious/damaged_obvious_000233.png","f1c78cd3993464703b5d3dc67045b6cbf60b0f9bc5fbbb51532e3e4d16f0f987","874","1380","architecture","RGB","existing_damage","train","real_damaged","Wikimedia Commons","https://commons.wikimedia.org/wiki/File:Strasbourg-Porte_de_l%27Hopital_(1911).jpg","Public domain","","noise","1","texture_catalog_match_v1+source_attribute_v1","","{""crack"": 0.0041, ""dust"": 0.0179, ""fold"": 0.0672, ""missing_region"": 0.059, ""mold"": 0.0782, ""scratch"": 0.0223, ""stain"": 0.0526, ""tear"": 0.059}","{}","0","0","0","0","0","0","0","0","0","0","0","1","0","0","f1c78cd3993464703b5d3dc67045b6cbf60b0f9bc5fbbb51532e3e4d16f0f987","1078147","png"
"284","damaged_obvious_000234","damaged_obvious","234","commons_95966423","0313.png","damaged_obvious_000234.png","dataset_images/damaged_obvious/damaged_obvious_000234.png","635f161987a4b21ed90df8e4c631358b485a66d348cc3d6bbe5df30a6cffec58","1536","1010","outdoor_scene","RGB","existing_damage","train","real_damaged","Wikimedia Commons","https://commons.wikimedia.org/wiki/File:Strasbourg-Rue_Finkwiller_(1911).jpg","Public domain","","noise","1","texture_catalog_match_v1+source_attribute_v1","","{""crack"": 0.0023, ""dust"": 0.0156, ""fold"": 0.0281, ""missing_region"": 0.032, ""mold"": 0.0343, ""scratch"": 0.0139, ""stain"": 0.0681, ""tear"": 0.0464}","{}","0","0","0","0","0","0","0","0","0","0","0","1","0","0","635f161987a4b21ed90df8e4c631358b485a66d348cc3d6bbe5df30a6cffec58","1345972","png"
"285","damaged_obvious_000235","damaged_obvious","235","commons_97280099","0314.png","damaged_obvious_000235.png","dataset_images/damaged_obvious/damaged_obvious_000235.png","264751d851f9e2184e21fb38efba6db6983845c31853a601c1d91d2f875cc5ed","894","1405","architecture","RGB","existing_damage","train","real_damaged","Wikimedia Commons","https://commons.wikimedia.org/wiki/File:Strasbourg-Foss%C3%A9_aux_Tailleurs_(1911).jpg","Public domain","","noise|uneven_exposure","2","texture_catalog_match_v1+source_attribute_v1","","{""crack"": 0.0006, ""dust"": 0.0026, ""fold"": 0.0127, ""missing_region"": 0.0067, ""mold"": 0.011, ""scratch"": 0.0066, ""stain"": 0.0164, ""tear"": 0.0133}","{}","0","0","0","0","0","0","0","0","0","0","0","1","0","1","264751d851f9e2184e21fb38efba6db6983845c31853a601c1d91d2f875cc5ed","1033187","png"
"286","damaged_obvious_000236","damaged_obvious","236","photo-0001","0315.png","damaged_obvious_000236.png","dataset_images/damaged_obvious/damaged_obvious_000236.png","e1937db3fcdcc8b3b0e8c206b6bb99ab8ecf202076340c3f189faff1f644ef57","1569","1573","outdoor_scene","RGB","existing_damage","train","real_damaged","赫达·莫里逊中国相册（Hedda Morrison）","","","","noise|uneven_exposure","2","texture_catalog_match_v1+source_attribute_v1","","{""crack"": 0.0052, ""dust"": 0.0145, ""fold"": 0.0331, ""missing_region"": 0.0454, ""mold"": 0.0692, ""scratch"": 0.0199, ""stain"": 0.0814, ""tear"": 0.0857}","{}","0","0","0","0","0","0","0","0","0","0","0","1","0","1","e1937db3fcdcc8b3b0e8c206b6bb99ab8ecf202076340c3f189faff1f644ef57","1989862","png"
"290","damaged_obvious_000237","damaged_obvious","237","photo-0005","0319.png","damaged_obvious_000237.png","dataset_images/damaged_obvious/damaged_obvious_000237.png","265a387eb17412f59b804ec931f17d9caa7bdca0212afa23b2b5327da69554d5","1552","1652","single_portrait","RGB","existing_damage","train","real_damaged","赫达·莫里逊中国相册（Hedda Morrison）","","","","noise","1","texture_catalog_match_v1+source_attribute_v1","","{""crack"": 0.0093, ""dust"": 0.0225, ""fold"": 0.0307, ""missing_region"": 0.0289, ""mold"": 0.0413, ""scratch"": 0.028, ""stain"": 0.0566, ""tear"": 0.0735}","{}","0","0","0","0","0","0","0","0","0","0","0","1","0","0","265a387eb17412f59b804ec931f17d9caa7bdca0212afa23b2b5327da69554d5","1917245","png"
"292","damaged_obvious_000238","damaged_obvious","238","photo-0007","0321.png","damaged_obvious_000238.png","dataset_images/damaged_obvious/damaged_obvious_000238.png","fdb4e90690e19c3c2d731d074949968b9989d2fdbe3a4e02b217fad2eefbc9e1","1552","1568","single_portrait","RGB","existing_damage","train","real_damaged","赫达·莫里逊中国相册（Hedda Morrison）","","","","noise","1","texture_catalog_match_v1+source_attribute_v1","","{""crack"": 0.0016, ""dust"": 0.0062, ""fold"": 0.0508, ""missing_region"": 0.0305, ""mold"": 0.037, ""scratch"": 0.0166, ""stain"": 0.0563, ""tear"": 0.055}","{}","0","0","0","0","0","0","0","0","0","0","0","1","0","0","fdb4e90690e19c3c2d731d074949968b9989d2fdbe3a4e02b217fad2eefbc9e1","1895364","png"
"293","damaged_obvious_000239","damaged_obvious","239","photo-0008","0322.png","damaged_obvious_000239.png","dataset_images/damaged_obvious/damaged_obvious_000239.png","bd77b271ae451e1969a28bc79d762d384d3b9a261ba206f7f307ef42f48de31a","1564","1548","single_portrait","RGB","existing_damage","train","real_damaged","赫达·莫里逊中国相册（Hedda Morrison）","","","","noise","1","texture_catalog_match_v1+source_attribute_v1","","{""crack"": 0.0049, ""dust"": 0.018, ""fold"": 0.0485, ""missing_region"": 0.0348, ""mold"": 0.0632, ""scratch"": 0.0307, ""stain"": 0.0901, ""tear"": 0.0539}","{}","0","0","0","0","0","0","0","0","0","0","0","1","0","0","bd77b271ae451e1969a28bc79d762d384d3b9a261ba206f7f307ef42f48de31a","1752957","png"
"294","damaged_obvious_000240","damaged_obvious","240","photo-0009","0323.png","damaged_obvious_000240.png","dataset_images/damaged_obvious/damaged_obvious_000240.png","2916f662504f3af357c3cbcf9089277b3a616a5b4aec414a8cc1287a1876c538","1551","1573","single_portrait","RGB","existing_damage","validation","real_damaged","赫达·莫里逊中国相册（Hedda Morrison）","","","","fold|uneven_exposure","2","texture_catalog_match_v1+source_attribute_v1","fold","{""crack"": 0.01, ""dust"": 0.0245, ""fold"": 0.1422, ""missing_region"": 0.0563, ""mold"": 0.0944, ""scratch"": 0.0291, ""stain"": 0.0845, ""tear"": 0.0927}","{""fold"": [""123.jpg"", ""032.jpg"", ""175.jpg""]}","0","0","1","0","0","0","0","0","0","0","0","0","0","1","2916f662504f3af357c3cbcf9089277b3a616a5b4aec414a8cc1287a1876c538","1676655","png"
"297","damaged_obvious_000241","damaged_obvious","241","photo-0012","0326.png","damaged_obvious_000241.png","dataset_images/damaged_obvious/damaged_obvious_000241.png","74fc9b640fda7ea3db90253ce11c8cdb4557702b61c315d8dad8c6b914bafad6","1585","1585","outdoor_scene","RGB","existing_damage","train","real_damaged","赫达·莫里逊中国相册（Hedda Morrison）","","","","noise","1","texture_catalog_match_v1+source_attribute_v1","","{""crack"": 0.0318, ""dust"": 0.0315, ""fold"": 0.0554, ""missing_region"": 0.0367, ""mold"": 0.062, ""scratch"": 0.0314, ""stain"": 0.0648, ""tear"": 0.0754}","{}","0","0","0","0","0","0","0","0","0","0","0","1","0","0","74fc9b640fda7ea3db90253ce11c8cdb4557702b61c315d8dad8c6b914bafad6","2027260","png"
"298","damaged_obvious_000242","damaged_obvious","242","photo-0013","0327.png","damaged_obvious_000242.png","dataset_images/damaged_obvious/damaged_obvious_000242.png","2049d2b7119a6180dd1ea8d7547abb643f4ede12a3cfcb777db38e46f40636ff","1636","1581","outdoor_scene","RGB","existing_damage","train","real_damaged","赫达·莫里逊中国相册（Hedda Morrison）","","","","noise","1","texture_catalog_match_v1+source_attribute_v1","","{""crack"": 0.0028, ""dust"": 0.0138, ""fold"": 0.0324, ""missing_region"": 0.0231, ""mold"": 0.0376, ""scratch"": 0.0161, ""stain"": 0.0423, ""tear"": 0.0475}","{}","0","0","0","0","0","0","0","0","0","0","0","1","0","0","2049d2b7119a6180dd1ea8d7547abb643f4ede12a3cfcb777db38e46f40636ff","2111140","png"
"300","damaged_obvious_000243","damaged_obvious","243","photo-0015","0329.png","damaged_obvious_000243.png","dataset_images/damaged_obvious/damaged_obvious_000243.png","eb1529508ec2b0e6cab4893fd568183104bcc8e34366e7638c8caf192c5efca1","1560","1385","group_portrait","RGB","existing_damage","test","real_damaged","赫达·莫里逊中国相册（Hedda Morrison）","","","","uneven_exposure","1","texture_catalog_match_v1+source_attribute_v1","","{""crack"": 0.02, ""dust"": 0.0249, ""fold"": 0.0983, ""missing_region"": 0.0434, ""mold"": 0.0853, ""scratch"": 0.0262, ""stain"": 0.1563, ""tear"": 0.105}","{}","0","0","0","0","0","0","0","0","0","0","0","0","0","1","eb1529508ec2b0e6cab4893fd568183104bcc8e34366e7638c8caf192c5efca1","1353328","png"
"301","damaged_obvious_000244","damaged_obvious","244","photo-0016","0330.png","damaged_obvious_000244.png","dataset_images/damaged_obvious/damaged_obvious_000244.png","1edf29fc45a6d4bd5bfefe80a95fb0eb222ddf0155f96647185c5d005b118c52","1598","1577","single_portrait","RGB","existing_damage","train","real_damaged","赫达·莫里逊中国相册（Hedda Morrison）","","","","noise","1","texture_catalog_match_v1+source_attribute_v1","","{""crack"": 0.0037, ""dust"": 0.0079, ""fold"": 0.0178, ""missing_region"": 0.0213, ""mold"": 0.0369, ""scratch"": 0.019, ""stain"": 0.0647, ""tear"": 0.048}","{}","0","0","0","0","0","0","0","0","0","0","0","1","0","0","1edf29fc45a6d4bd5bfefe80a95fb0eb222ddf0155f96647185c5d005b118c52","1908960","png"
"306","damaged_obvious_000245","damaged_obvious","245","photo-0021","0335.png","damaged_obvious_000245.png","dataset_images/damaged_obvious/damaged_obvious_000245.png","c08b95a8f99862b2f7173ffbc67c65e306a447bccaad2629ff52adf9b6ebcff3","1590","1561","single_portrait","RGB","existing_damage","train","real_damaged","赫达·莫里逊中国相册（Hedda Morrison）","","","","fold","1","texture_catalog_match_v1+source_attribute_v1","fold","{""crack"": 0.0113, ""dust"": 0.0474, ""fold"": 0.2334, ""missing_region"": 0.0715, ""mold"": 0.1429, ""scratch"": 0.0424, ""stain"": 0.1691, ""tear"": 0.1108}","{""fold"": [""123.jpg"", ""032.jpg"", ""126.jpg""]}","0","0","1","0","0","0","0","0","0","0","0","0","0","0","c08b95a8f99862b2f7173ffbc67c65e306a447bccaad2629ff52adf9b6ebcff3","1934462","png"
"309","damaged_obvious_000246","damaged_obvious","246","photo-0024","0338.png","damaged_obvious_000246.png","dataset_images/damaged_obvious/damaged_obvious_000246.png","2db63723c0a5a018c5c9dec7b10ed2f1e46439ee008ae5e85ba544cceed5181c","1577","1577","group_portrait","RGB","existing_damage","train","real_damaged","赫达·莫里逊中国相册（Hedda Morrison）","","","","fold","1","texture_catalog_match_v1+source_attribute_v1","fold","{""crack"": 0.015, ""dust"": 0.0366, ""fold"": 0.1415, ""missing_region"": 0.0741, ""mold"": 0.1359, ""scratch"": 0.0337, ""stain"": 0.1483, ""tear"": 0.1397}","{""fold"": [""032.jpg"", ""126.jpg"", ""176.jpg""]}","0","0","1","0","0","0","0","0","0","0","0","0","0","0","2db63723c0a5a018c5c9dec7b10ed2f1e46439ee008ae5e85ba544cceed5181c","1893562","png"
"312","damaged_obvious_000247","damaged_obvious","247","photo-0027","0341.png","damaged_obvious_000247.png","dataset_images/damaged_obvious/damaged_obvious_000247.png","cacd2ee2821d3f099f4d70868e0c880eb73a119fcdc0b2ced3edb75e9cd614cd","1577","1564","single_portrait","RGB","existing_damage","train","real_damaged","赫达·莫里逊中国相册（Hedda Morrison）","","","","noise","1","texture_catalog_match_v1+source_attribute_v1","","{""crack"": 0.0015, ""dust"": 0.0038, ""fold"": 0.0221, ""missing_region"": 0.024, ""mold"": 0.0273, ""scratch"": 0.0098, ""stain"": 0.0665, ""tear"": 0.0836}","{}","0","0","0","0","0","0","0","0","0","0","0","1","0","0","cacd2ee2821d3f099f4d70868e0c880eb73a119fcdc0b2ced3edb75e9cd614cd","2059495","png"
"313","damaged_obvious_000248","damaged_obvious","248","photo-0028","0342.png","damaged_obvious_000248.png","dataset_images/damaged_obvious/damaged_obvious_000248.png","4790384020386955781df7db9dbbba2c09221c45ecd2a9b4c2dacc3d8efa505b","1572","1589","single_portrait","RGB","existing_damage","validation","real_damaged","赫达·莫里逊中国相册（Hedda Morrison）","","","","noise","1","texture_catalog_match_v1+source_attribute_v1","","{""crack"": 0.0064, ""dust"": 0.0141, ""fold"": 0.0404, ""missing_region"": 0.0235, ""mold"": 0.0308, ""scratch"": 0.0167, ""stain"": 0.0707, ""tear"": 0.0577}","{}","0","0","0","0","0","0","0","0","0","0","0","1","0","0","4790384020386955781df7db9dbbba2c09221c45ecd2a9b4c2dacc3d8efa505b","1887460","png"
"314","damaged_obvious_000249","damaged_obvious","249","photo-0029","0343.png","damaged_obvious_000249.png","dataset_images/damaged_obvious/damaged_obvious_000249.png","e5e162de87ec9716d5d9f9fa1b0f6dfeb71225aa89c4e882117b99b21ec694ef","1552","1418","outdoor_scene","RGB","existing_damage","train","real_damaged","赫达·莫里逊中国相册（Hedda Morrison）","","","","noise","1","texture_catalog_match_v1+source_attribute_v1","","{""crack"": 0.0095, ""dust"": 0.0223, ""fold"": 0.0784, ""missing_region"": 0.0517, ""mold"": 0.0955, ""scratch"": 0.0313, ""stain"": 0.0735, ""tear"": 0.0796}","{}","0","0","0","0","0","0","0","0","0","0","0","1","0","0","e5e162de87ec9716d5d9f9fa1b0f6dfeb71225aa89c4e882117b99b21ec694ef","1661041","png"
"315","damaged_obvious_000250","damaged_obvious","250","photo-0030","0344.png","damaged_obvious_000250.png","dataset_images/damaged_obvious/damaged_obvious_000250.png","e9cedbeb6b42d37bb2a93f9621fd6a706389504bd9f949ba621868d2e2236b14","1573","1577","outdoor_scene","RGB","existing_damage","train","real_damaged","赫达·莫里逊中国相册（Hedda Morrison）","","","","noise","1","texture_catalog_match_v1+source_attribute_v1","","{""crack"": 0.0173, ""dust"": 0.0298, ""fold"": 0.0836, ""missing_region"": 0.0379, ""mold"": 0.0777, ""scratch"": 0.03, ""stain"": 0.0856, ""tear"": 0.0645}","{}","0","0","0","0","0","0","0","0","0","0","0","1","0","0","e9cedbeb6b42d37bb2a93f9621fd6a706389504bd9f949ba621868d2e2236b14","1708813","png"
"318","damaged_obvious_000251","damaged_obvious","251","photo-0033","0347.png","damaged_obvious_000251.png","dataset_images/damaged_obvious/damaged_obvious_000251.png","5afca90fca49009f3884ec495373dfa091a0e24fe6632aa7c53360de4aa6d4f6","1552","1569","group_portrait","RGB","existing_damage","train","real_damaged","赫达·莫里逊中国相册（Hedda Morrison）","","","","noise|uneven_exposure","2","texture_catalog_match_v1+source_attribute_v1","","{""crack"": 0.0186, ""dust"": 0.0221, ""fold"": 0.0211, ""missing_region"": 0.017, ""mold"": 0.0218, ""scratch"": 0.0222, ""stain"": 0.0333, ""tear"": 0.0303}","{}","0","0","0","0","0","0","0","0","0","0","0","1","0","1","5afca90fca49009f3884ec495373dfa091a0e24fe6632aa7c53360de4aa6d4f6","1890578","png"
"319","damaged_obvious_000252","damaged_obvious","252","photo-0034","0348.png","damaged_obvious_000252.png","dataset_images/damaged_obvious/damaged_obvious_000252.png","0aee70c8e7f0faf04b09778e21b91658aaf47a4ea56b98dc086a2d800c193809","1586","1573","group_portrait","RGB","existing_damage","train","real_damaged","赫达·莫里逊中国相册（Hedda Morrison）","","","","noise","1","texture_catalog_match_v1+source_attribute_v1","","{""crack"": 0.0032, ""dust"": 0.0112, ""fold"": 0.0463, ""missing_region"": 0.0288, ""mold"": 0.0885, ""scratch"": 0.0231, ""stain"": 0.0738, ""tear"": 0.0808}","{}","0","0","0","0","0","0","0","0","0","0","0","1","0","0","0aee70c8e7f0faf04b09778e21b91658aaf47a4ea56b98dc086a2d800c193809","1870997","png"
"320","damaged_obvious_000253","damaged_obvious","253","photo-0035","0349.png","damaged_obvious_000253.png","dataset_images/damaged_obvious/damaged_obvious_000253.png","8c878d48a206e9768c99de5b37e5fc71e64104f99346950b73bb2fad1e2e4806","1586","1581","single_portrait","RGB","existing_damage","validation","real_damaged","赫达·莫里逊中国相册（Hedda Morrison）","","","","noise","1","texture_catalog_match_v1+source_attribute_v1","","{""crack"": 0.0049, ""dust"": 0.0253, ""fold"": 0.0546, ""missing_region"": 0.0512, ""mold"": 0.121, ""scratch"": 0.0209, ""stain"": 0.1107, ""tear"": 0.0759}","{}","0","0","0","0","0","0","0","0","0","0","0","1","0","0","8c878d48a206e9768c99de5b37e5fc71e64104f99346950b73bb2fad1e2e4806","2001867","png"
"321","damaged_obvious_000254","damaged_obvious","254","photo-0036","0350.png","damaged_obvious_000254.png","dataset_images/damaged_obvious/damaged_obvious_000254.png","c41a981e54df57d9f97029b54abeab8bd9fd58ca35c03184352a187730530c94","1581","1564","outdoor_scene","RGB","existing_damage","train","real_damaged","赫达·莫里逊中国相册（Hedda Morrison）","","","","noise","1","texture_catalog_match_v1+source_attribute_v1","","{""crack"": 0.0048, ""dust"": 0.0081, ""fold"": 0.0368, ""missing_region"": 0.0144, ""mold"": 0.016, ""scratch"": 0.0094, ""stain"": 0.0282, ""tear"": 0.0479}","{}","0","0","0","0","0","0","0","0","0","0","0","1","0","0","c41a981e54df57d9f97029b54abeab8bd9fd58ca35c03184352a187730530c94","1947311","png"
"324","damaged_obvious_000255","damaged_obvious","255","photo-0039","0353.png","damaged_obvious_000255.png","dataset_images/damaged_obvious/damaged_obvious_000255.png","3720ecaf1b127dce2eeff370e9cc691f167f69edbfc0e299c8b746e14f7d5696","1610","1611","single_portrait","RGB","existing_damage","train","real_damaged","赫达·莫里逊中国相册（Hedda Morrison）","","","","fold","1","texture_catalog_match_v1+source_attribute_v1","fold","{""crack"": 0.0098, ""dust"": 0.0402, ""fold"": 0.146, ""missing_region"": 0.07, ""mold"": 0.0879, ""scratch"": 0.031, ""stain"": 0.1104, ""tear"": 0.0944}","{""fold"": [""123.jpg"", ""248.jpg"", ""126.jpg""]}","0","0","1","0","0","0","0","0","0","0","0","0","0","0","3720ecaf1b127dce2eeff370e9cc691f167f69edbfc0e299c8b746e14f7d5696","1895024","png"
"331","damaged_obvious_000256","damaged_obvious","256","photo-0046","0360.png","damaged_obvious_000256.png","dataset_images/damaged_obvious/damaged_obvious_000256.png","8d6110f415244d7feb0bdca7fc28711f8c81abc5e44dc8d59a302c58ddcb6527","1568","1560","single_portrait","RGB","existing_damage","train","real_damaged","赫达·莫里逊中国相册（Hedda Morrison）","","","","noise","1","texture_catalog_match_v1+source_attribute_v1","","{""crack"": 0.0038, ""dust"": 0.0223, ""fold"": 0.0568, ""missing_region"": 0.0616, ""mold"": 0.0664, ""scratch"": 0.0267, ""stain"": 0.0497, ""tear"": 0.0776}","{}","0","0","0","0","0","0","0","0","0","0","0","1","0","0","8d6110f415244d7feb0bdca7fc28711f8c81abc5e44dc8d59a302c58ddcb6527","1988125","png"
"332","damaged_obvious_000257","damaged_obvious","257","photo-0047","0361.png","damaged_obvious_000257.png","dataset_images/damaged_obvious/damaged_obvious_000257.png","691ea484c8e04f8186a1aac34c97ff73eb4c7e53e39e497e6537a65f08682f7b","1561","1572","other","RGB","existing_damage","train","real_damaged","赫达·莫里逊中国相册（Hedda Morrison）","","","","noise","1","texture_catalog_match_v1+source_attribute_v1","","{""crack"": 0.0119, ""dust"": 0.0181, ""fold"": 0.0306, ""missing_region"": 0.0264, ""mold"": 0.0429, ""scratch"": 0.0178, ""stain"": 0.0522, ""tear"": 0.0427}","{}","0","0","0","0","0","0","0","0","0","0","0","1","0","0","691ea484c8e04f8186a1aac34c97ff73eb4c7e53e39e497e6537a65f08682f7b","1536033","png"
"334","damaged_obvious_000258","damaged_obvious","258","photo-0049","0363.png","damaged_obvious_000258.png","dataset_images/damaged_obvious/damaged_obvious_000258.png","596c8fe3d9723b72500aec057bff72fe1384a31f469e7c6d397c278cb3c71f4d","1585","1573","group_portrait","RGB","existing_damage","train","real_damaged","赫达·莫里逊中国相册（Hedda Morrison）","","","","noise","1","texture_catalog_match_v1+source_attribute_v1","","{""crack"": 0.0035, ""dust"": 0.0096, ""fold"": 0.024, ""missing_region"": 0.0225, ""mold"": 0.0286, ""scratch"": 0.0123, ""stain"": 0.0363, ""tear"": 0.0398}","{}","0","0","0","0","0","0","0","0","0","0","0","1","0","0","596c8fe3d9723b72500aec057bff72fe1384a31f469e7c6d397c278cb3c71f4d","2107356","png"
"336","damaged_obvious_000259","damaged_obvious","259","photo-0051","0365.png","damaged_obvious_000259.png","dataset_images/damaged_obvious/damaged_obvious_000259.png","22bfaea85bd171422e2f36401c5d4f98e866853878a4b4c37b7997e4324ce88b","1581","1472","outdoor_scene","RGB","existing_damage","train","real_damaged","赫达·莫里逊中国相册（Hedda Morrison）","","","","uneven_exposure","1","texture_catalog_match_v1+source_attribute_v1","","{""crack"": 0.0069, ""dust"": 0.0178, ""fold"": 0.056, ""missing_region"": 0.0323, ""mold"": 0.0612, ""scratch"": 0.0193, ""stain"": 0.044, ""tear"": 0.0422}","{}","0","0","0","0","0","0","0","0","0","0","0","0","0","1","22bfaea85bd171422e2f36401c5d4f98e866853878a4b4c37b7997e4324ce88b","1736716","png"
"339","damaged_obvious_000260","damaged_obvious","260","photo-0054","0368.png","damaged_obvious_000260.png","dataset_images/damaged_obvious/damaged_obvious_000260.png","a0f536127a038f1775293f25f20b7edb016e9825cbb4eff4d5a811dd2e9de1e1","1618","1573","outdoor_scene","RGB","existing_damage","validation","real_damaged","赫达·莫里逊中国相册（Hedda Morrison）","","","","noise","1","texture_catalog_match_v1+source_attribute_v1","","{""crack"": 0.0092, ""dust"": 0.0268, ""fold"": 0.0635, ""missing_region"": 0.0691, ""mold"": 0.1172, ""scratch"": 0.0247, ""stain"": 0.1308, ""tear"": 0.1114}","{}","0","0","0","0","0","0","0","0","0","0","0","1","0","0","a0f536127a038f1775293f25f20b7edb016e9825cbb4eff4d5a811dd2e9de1e1","1993640","png"
"340","damaged_obvious_000261","damaged_obvious","261","photo-0055","0369.png","damaged_obvious_000261.png","dataset_images/damaged_obvious/damaged_obvious_000261.png","54a0b82570faa303ecd14d8a6441f4132c5382791e7c8eef40492f221b31fcca","1561","1569","outdoor_scene","RGB","existing_damage","train","real_damaged","赫达·莫里逊中国相册（Hedda Morrison）","","","","noise","1","texture_catalog_match_v1+source_attribute_v1","","{""crack"": 0.0016, ""dust"": 0.0039, ""fold"": 0.0435, ""missing_region"": 0.0234, ""mold"": 0.0348, ""scratch"": 0.017, ""stain"": 0.0833, ""tear"": 0.0346}","{}","0","0","0","0","0","0","0","0","0","0","0","1","0","0","54a0b82570faa303ecd14d8a6441f4132c5382791e7c8eef40492f221b31fcca","1901118","png"
"341","damaged_obvious_000262","damaged_obvious","262","photo-0056","0370.png","damaged_obvious_000262.png","dataset_images/damaged_obvious/damaged_obvious_000262.png","6bdc130f9c179d70b8fd977d79b54e5b650465633b731d56773d1a10c5d30990","1576","1573","outdoor_scene","RGB","existing_damage","test","real_damaged","赫达·莫里逊中国相册（Hedda Morrison）","","","","noise","1","texture_catalog_match_v1+source_attribute_v1","","{""crack"": 0.0149, ""dust"": 0.0254, ""fold"": 0.0492, ""missing_region"": 0.0333, ""mold"": 0.0461, ""scratch"": 0.0268, ""stain"": 0.062, ""tear"": 0.0876}","{}","0","0","0","0","0","0","0","0","0","0","0","1","0","0","6bdc130f9c179d70b8fd977d79b54e5b650465633b731d56773d1a10c5d30990","1834624","png"
"342","damaged_obvious_000263","damaged_obvious","263","photo-0057","0371.png","damaged_obvious_000263.png","dataset_images/damaged_obvious/damaged_obvious_000263.png","0c5dbcfb9007039b245f3c8bf740a384b3a494bf38a2e7fd97ae138909cfffb3","1623","1577","single_portrait","RGB","existing_damage","validation","real_damaged","赫达·莫里逊中国相册（Hedda Morrison）","","","","noise","1","texture_catalog_match_v1+source_attribute_v1","","{""crack"": 0.0021, ""dust"": 0.008, ""fold"": 0.0217, ""missing_region"": 0.0376, ""mold"": 0.0354, ""scratch"": 0.0122, ""stain"": 0.0727, ""tear"": 0.0575}","{}","0","0","0","0","0","0","0","0","0","0","0","1","0","0","0c5dbcfb9007039b245f3c8bf740a384b3a494bf38a2e7fd97ae138909cfffb3","2118433","png"
"345","damaged_obvious_000264","damaged_obvious","264","photo-0060","0374.png","damaged_obvious_000264.png","dataset_images/damaged_obvious/damaged_obvious_000264.png","2fe7b11aa2ac43e70598963aeb50026195e98731b9d6704a926bf14d830bde24","1564","1573","single_portrait","RGB","existing_damage","train","real_damaged","赫达·莫里逊中国相册（Hedda Morrison）","","","","uneven_exposure","1","texture_catalog_match_v1+source_attribute_v1","","{""crack"": 0.0211, ""dust"": 0.0241, ""fold"": 0.0775, ""missing_region"": 0.0348, ""mold"": 0.0859, ""scratch"": 0.03, ""stain"": 0.0758, ""tear"": 0.0781}","{}","0","0","0","0","0","0","0","0","0","0","0","0","0","1","2fe7b11aa2ac43e70598963aeb50026195e98731b9d6704a926bf14d830bde24","1498214","png"
"348","damaged_obvious_000265","damaged_obvious","265","photo-0063","0377.png","damaged_obvious_000265.png","dataset_images/damaged_obvious/damaged_obvious_000265.png","70e2746f9c7994019d702e1826e99a0eb40b1255b0de97127a11209b3f023bed","1581","1565","single_portrait","RGB","existing_damage","train","real_damaged","赫达·莫里逊中国相册（Hedda Morrison）","","","","noise","1","texture_catalog_match_v1+source_attribute_v1","","{""crack"": 0.0023, ""dust"": 0.0046, ""fold"": 0.0092, ""missing_region"": 0.0186, ""mold"": 0.0085, ""scratch"": 0.0058, ""stain"": 0.0284, ""tear"": 0.0186}","{}","0","0","0","0","0","0","0","0","0","0","0","1","0","0","70e2746f9c7994019d702e1826e99a0eb40b1255b0de97127a11209b3f023bed","1799628","png"
"353","damaged_obvious_000266","damaged_obvious","266","photo-0068","0382.png","damaged_obvious_000266.png","dataset_images/damaged_obvious/damaged_obvious_000266.png","bae4a74cebe1781428758076007c4432d0c7b7688d0fe8f44cb6af4656c4a8ea","1602","1556","single_portrait","RGB","existing_damage","train","real_damaged","赫达·莫里逊中国相册（Hedda Morrison）","","","","uneven_exposure","1","texture_catalog_match_v1+source_attribute_v1","","{""crack"": 0.0244, ""dust"": 0.0303, ""fold"": 0.0644, ""missing_region"": 0.0356, ""mold"": 0.046, ""scratch"": 0.0245, ""stain"": 0.0661, ""tear"": 0.1143}","{}","0","0","0","0","0","0","0","0","0","0","0","0","0","1","bae4a74cebe1781428758076007c4432d0c7b7688d0fe8f44cb6af4656c4a8ea","1690159","png"
"358","damaged_obvious_000267","damaged_obvious","267","photo-0073","0387.png","damaged_obvious_000267.png","dataset_images/damaged_obvious/damaged_obvious_000267.png","e82200faaec32040d244e03839d2beef5ec49245ab2dbf27b95db3eb8709917c","1565","1572","single_portrait","RGB","existing_damage","train","real_damaged","赫达·莫里逊中国相册（Hedda Morrison）","","","","stain","1","texture_catalog_match_v1+source_attribute_v1","stain","{""crack"": 0.0257, ""dust"": 0.0322, ""fold"": 0.0513, ""missing_region"": 0.0391, ""mold"": 0.103, ""scratch"": 0.0289, ""stain"": 0.2047, ""tear"": 0.0866}","{""stain"": [""229.jpg"", ""134.jpg"", ""098.jpg""]}","0","0","0","0","1","0","0","0","0","0","0","0","0","0","e82200faaec32040d244e03839d2beef5ec49245ab2dbf27b95db3eb8709917c","1332178","png"
"360","damaged_obvious_000268","damaged_obvious","268","photo-0075","0389.png","damaged_obvious_000268.png","dataset_images/damaged_obvious/damaged_obvious_000268.png","d6f5ec37f1962e4433334e00fbd2cefd3d171e2850f3dcaa7ac8d40c56d8561a","1648","1556","single_portrait","RGB","existing_damage","train","real_damaged","赫达·莫里逊中国相册（Hedda Morrison）","","","","noise","1","texture_catalog_match_v1+source_attribute_v1","","{""crack"": 0.0078, ""dust"": 0.0107, ""fold"": 0.0221, ""missing_region"": 0.0243, ""mold"": 0.0201, ""scratch"": 0.0107, ""stain"": 0.0262, ""tear"": 0.0286}","{}","0","0","0","0","0","0","0","0","0","0","0","1","0","0","d6f5ec37f1962e4433334e00fbd2cefd3d171e2850f3dcaa7ac8d40c56d8561a","1599882","png"
"363","damaged_obvious_000269","damaged_obvious","269","photo-0078","0392.png","damaged_obvious_000269.png","dataset_images/damaged_obvious/damaged_obvious_000269.png","5ee855d37db27497b2646108bb68e4282af28314cc310bce93a6033e92e09bb6","1581","1460","other","RGB","existing_damage","train","real_damaged","赫达·莫里逊中国相册（Hedda Morrison）","","","","uneven_exposure","1","texture_catalog_match_v1+source_attribute_v1","","{""crack"": 0.0138, ""dust"": 0.0205, ""fold"": 0.0355, ""missing_region"": 0.0421, ""mold"": 0.0669, ""scratch"": 0.0205, ""stain"": 0.0653, ""tear"": 0.0628}","{}","0","0","0","0","0","0","0","0","0","0","0","0","0","1","5ee855d37db27497b2646108bb68e4282af28314cc310bce93a6033e92e09bb6","1293011","png"
"370","damaged_obvious_000270","damaged_obvious","270","photo-0085","0399.png","damaged_obvious_000270.png","dataset_images/damaged_obvious/damaged_obvious_000270.png","97e763cebc5663cd2763bd78fa8c3440b152690fcb3526103e2111532d9830f1","1593","1552","single_portrait","RGB","existing_damage","train","real_damaged","赫达·莫里逊中国相册（Hedda Morrison）","","","","blur","1","texture_catalog_match_v1+source_attribute_v1","","{""crack"": 0.01, ""dust"": 0.0137, ""fold"": 0.033, ""missing_region"": 0.024, ""mold"": 0.0286, ""scratch"": 0.017, ""stain"": 0.0395, ""tear"": 0.052}","{}","0","0","0","0","0","0","0","0","0","0","1","0","0","0","97e763cebc5663cd2763bd78fa8c3440b152690fcb3526103e2111532d9830f1","1321772","png"
"371","damaged_obvious_000271","damaged_obvious","271","photo-0086","0400.png","damaged_obvious_000271.png","dataset_images/damaged_obvious/damaged_obvious_000271.png","ba9bca8ff1ba66f25d9f9818ab34d1b2961f5fa94a7c21c51651acaf51ddd807","1615","1564","single_portrait","RGB","existing_damage","train","real_damaged","赫达·莫里逊中国相册（Hedda Morrison）","","","","blur","1","texture_catalog_match_v1+source_attribute_v1","","{""crack"": 0.0087, ""dust"": 0.0135, ""fold"": 0.0228, ""missing_region"": 0.0146, ""mold"": 0.0246, ""scratch"": 0.0125, ""stain"": 0.0296, ""tear"": 0.039}","{}","0","0","0","0","0","0","0","0","0","0","1","0","0","0","ba9bca8ff1ba66f25d9f9818ab34d1b2961f5fa94a7c21c51651acaf51ddd807","1356156","png"
"373","damaged_obvious_000272","damaged_obvious","272","photo-0088","0402.png","damaged_obvious_000272.png","dataset_images/damaged_obvious/damaged_obvious_000272.png","67dee31cafacd74adcff662eb08a6f7d5de6d2267219e24b01b1cd588bb908fa","1594","1506","single_portrait","RGB","existing_damage","train","real_damaged","赫达·莫里逊中国相册（Hedda Morrison）","","","","noise","1","texture_catalog_match_v1+source_attribute_v1","","{""crack"": 0.0047, ""dust"": 0.0158, ""fold"": 0.0301, ""missing_region"": 0.0403, ""mold"": 0.0326, ""scratch"": 0.0172, ""stain"": 0.0694, ""tear"": 0.0695}","{}","0","0","0","0","0","0","0","0","0","0","0","1","0","0","67dee31cafacd74adcff662eb08a6f7d5de6d2267219e24b01b1cd588bb908fa","1684667","png"
"374","damaged_obvious_000273","damaged_obvious","273","photo-0089","0403.png","damaged_obvious_000273.png","dataset_images/damaged_obvious/damaged_obvious_000273.png","3c0ad8dfd4772ba57ded4e1c40a998830155cc5c3b73f6328bf1780b4a23d70c","1581","1556","indoor_scene","RGB","existing_damage","test","real_damaged","赫达·莫里逊中国相册（Hedda Morrison）","","","","noise","1","texture_catalog_match_v1+source_attribute_v1","","{""crack"": 0.002, ""dust"": 0.008, ""fold"": 0.0212, ""missing_region"": 0.0311, ""mold"": 0.0389, ""scratch"": 0.012, ""stain"": 0.062, ""tear"": 0.0598}","{}","0","0","0","0","0","0","0","0","0","0","0","1","0","0","3c0ad8dfd4772ba57ded4e1c40a998830155cc5c3b73f6328bf1780b4a23d70c","1897437","png"
"382","damaged_obvious_000274","damaged_obvious","274","photo-0097","0411.png","damaged_obvious_000274.png","dataset_images/damaged_obvious/damaged_obvious_000274.png","f77a2f47f77aa941fd19873180842494ee0b9b9e6502de0c300090676c2ccf28","1589","1577","other","RGB","existing_damage","train","real_damaged","赫达·莫里逊中国相册（Hedda Morrison）","","","","noise|uneven_exposure","2","texture_catalog_match_v1+source_attribute_v1","","{""crack"": 0.002, ""dust"": 0.0042, ""fold"": 0.034, ""missing_region"": 0.0363, ""mold"": 0.0202, ""scratch"": 0.0172, ""stain"": 0.0286, ""tear"": 0.0392}","{}","0","0","0","0","0","0","0","0","0","0","0","1","0","1","f77a2f47f77aa941fd19873180842494ee0b9b9e6502de0c300090676c2ccf28","1743900","png"
"383","damaged_obvious_000275","damaged_obvious","275","photo-0098","0412.png","damaged_obvious_000275.png","dataset_images/damaged_obvious/damaged_obvious_000275.png","69584404e5f158ec99d823b7dfbc5cc2cdc9c7d84997ea435ddd67f6220a5a1c","1581","1569","outdoor_scene","RGB","existing_damage","train","real_damaged","赫达·莫里逊中国相册（Hedda Morrison）","","","","noise","1","texture_catalog_match_v1+source_attribute_v1","","{""crack"": 0.0073, ""dust"": 0.0127, ""fold"": 0.0453, ""missing_region"": 0.0222, ""mold"": 0.0257, ""scratch"": 0.0181, ""stain"": 0.0567, ""tear"": 0.0614}","{}","0","0","0","0","0","0","0","0","0","0","0","1","0","0","69584404e5f158ec99d823b7dfbc5cc2cdc9c7d84997ea435ddd67f6220a5a1c","2052298","png"
"385","damaged_obvious_000276","damaged_obvious","276","photo-0100","0414.png","damaged_obvious_000276.png","dataset_images/damaged_obvious/damaged_obvious_000276.png","8b24c0dc58cf9d45e584f6d1fc939ed557fe5743ac6085ab52205f77b94f0c7b","1655","2268","single_portrait","RGB","existing_damage","validation","real_damaged","赫达·莫里逊中国相册（Hedda Morrison）","","","","noise","1","texture_catalog_match_v1+source_attribute_v1","","{""crack"": 0.0122, ""dust"": 0.019, ""fold"": 0.0341, ""missing_region"": 0.0526, ""mold"": 0.0563, ""scratch"": 0.0196, ""stain"": 0.0812, ""tear"": 0.0526}","{}","0","0","0","0","0","0","0","0","0","0","0","1","0","0","8b24c0dc58cf9d45e584f6d1fc939ed557fe5743ac6085ab52205f77b94f0c7b","2936625","png"
"386","damaged_obvious_000277","damaged_obvious","277","photo-0101","0415.png","damaged_obvious_000277.png","dataset_images/damaged_obvious/damaged_obvious_000277.png","929094b6f6ad7b434dc080107ec5c35512bbd9c98de7a9b5d17571b7fefcecd2","1625","2263","architecture","RGB","existing_damage","validation","real_damaged","赫达·莫里逊中国相册（Hedda Morrison）","","","","noise","1","texture_catalog_match_v1+source_attribute_v1","","{""crack"": 0.0196, ""dust"": 0.0198, ""fold"": 0.0447, ""missing_region"": 0.0322, ""mold"": 0.0513, ""scratch"": 0.0182, ""stain"": 0.0605, ""tear"": 0.0809}","{}","0","0","0","0","0","0","0","0","0","0","0","1","0","0","929094b6f6ad7b434dc080107ec5c35512bbd9c98de7a9b5d17571b7fefcecd2","2824973","png"
"389","damaged_obvious_000278","damaged_obvious","278","photo-0104","0418.png","damaged_obvious_000278.png","dataset_images/damaged_obvious/damaged_obvious_000278.png","b604d2034c71417075ad87ef6c8112abb8aa80b374969f9bc3db38893b442e61","1589","2263","outdoor_scene","RGB","existing_damage","test","real_damaged","赫达·莫里逊中国相册（Hedda Morrison）","","","","noise","1","texture_catalog_match_v1+source_attribute_v1","","{""crack"": 0.0024, ""dust"": 0.0067, ""fold"": 0.0404, ""missing_region"": 0.0236, ""mold"": 0.0292, ""scratch"": 0.0179, ""stain"": 0.0412, ""tear"": 0.0357}","{}","0","0","0","0","0","0","0","0","0","0","0","1","0","0","b604d2034c71417075ad87ef6c8112abb8aa80b374969f9bc3db38893b442e61","3437038","png"
"390","damaged_obvious_000279","damaged_obvious","279","photo-0105","0419.png","damaged_obvious_000279.png","dataset_images/damaged_obvious/damaged_obvious_000279.png","ae2946d0ef98fa3ef1db074518a565b4af1d4a7f5a4d674cb14c0f43d02fcef3","1590","2081","outdoor_scene","RGB","existing_damage","train","real_damaged","赫达·莫里逊中国相册（Hedda Morrison）","","","","noise","1","texture_catalog_match_v1+source_attribute_v1","","{""crack"": 0.002, ""dust"": 0.008, ""fold"": 0.0339, ""missing_region"": 0.0296, ""mold"": 0.053, ""scratch"": 0.0167, ""stain"": 0.0856, ""tear"": 0.0296}","{}","0","0","0","0","0","0","0","0","0","0","0","1","0","0","ae2946d0ef98fa3ef1db074518a565b4af1d4a7f5a4d674cb14c0f43d02fcef3","3144205","png"
"392","damaged_obvious_000280","damaged_obvious","280","photo-0107","0421.png","damaged_obvious_000280.png","dataset_images/damaged_obvious/damaged_obvious_000280.png","9f383d2ecc5a8b98e468d9d7ca9cfb77b11593cf6cfc37df0fbfbfb6b3741b14","1590","2268","architecture","RGB","existing_damage","train","real_damaged","赫达·莫里逊中国相册（Hedda Morrison）","","","","noise","1","texture_catalog_match_v1+source_attribute_v1","","{""crack"": 0.0049, ""dust"": 0.0087, ""fold"": 0.0159, ""missing_region"": 0.0166, ""mold"": 0.0253, ""scratch"": 0.0116, ""stain"": 0.0224, ""tear"": 0.0253}","{}","0","0","0","0","0","0","0","0","0","0","0","1","0","0","9f383d2ecc5a8b98e468d9d7ca9cfb77b11593cf6cfc37df0fbfbfb6b3741b14","2535381","png"
"393","damaged_obvious_000281","damaged_obvious","281","photo-0108","0422.png","damaged_obvious_000281.png","dataset_images/damaged_obvious/damaged_obvious_000281.png","83d6e77c8b241121835b581aa8e78f7acceab15c5418332d181e04a09dc993ef","1640","2223","architecture","RGB","existing_damage","train","real_damaged","赫达·莫里逊中国相册（Hedda Morrison）","","","","noise","1","texture_catalog_match_v1+source_attribute_v1","","{""crack"": 0.012, ""dust"": 0.015, ""fold"": 0.0277, ""missing_region"": 0.0261, ""mold"": 0.0326, ""scratch"": 0.0131, ""stain"": 0.0402, ""tear"": 0.045}","{}","0","0","0","0","0","0","0","0","0","0","0","1","0","0","83d6e77c8b241121835b581aa8e78f7acceab15c5418332d181e04a09dc993ef","2849257","png"
"394","damaged_obvious_000282","damaged_obvious","282","photo-0109","0423.png","damaged_obvious_000282.png","dataset_images/damaged_obvious/damaged_obvious_000282.png","29c1d36673c4a10ade0614b9312228b13bc955d0db7333a3dfc66980eca0198b","2217","1600","architecture","RGB","existing_damage","train","real_damaged","赫达·莫里逊中国相册（Hedda Morrison）","","","","noise","1","texture_catalog_match_v1+source_attribute_v1","","{""crack"": 0.004, ""dust"": 0.0062, ""fold"": 0.0159, ""missing_region"": 0.0162, ""mold"": 0.0186, ""scratch"": 0.0101, ""stain"": 0.0164, ""tear"": 0.0253}","{}","0","0","0","0","0","0","0","0","0","0","0","1","0","0","29c1d36673c4a10ade0614b9312228b13bc955d0db7333a3dfc66980eca0198b","2837380","png"
"398","damaged_obvious_000283","damaged_obvious","283","photo-0113","0427.png","damaged_obvious_000283.png","dataset_images/damaged_obvious/damaged_obvious_000283.png","0954f2251e7f3474768731c4c98a1a217e1d0a87f4a99907d6fb7a3fb78834ce","1585","2258","other","RGB","existing_damage","train","real_damaged","赫达·莫里逊中国相册（Hedda Morrison）","","","","noise","1","texture_catalog_match_v1+source_attribute_v1","","{""crack"": 0.014, ""dust"": 0.0334, ""fold"": 0.1027, ""missing_region"": 0.0486, ""mold"": 0.1235, ""scratch"": 0.0333, ""stain"": 0.1318, ""tear"": 0.077}","{}","0","0","0","0","0","0","0","0","0","0","0","1","0","0","0954f2251e7f3474768731c4c98a1a217e1d0a87f4a99907d6fb7a3fb78834ce","2592093","png"
"400","damaged_obvious_000284","damaged_obvious","284","photo-0115","0429.png","damaged_obvious_000284.png","dataset_images/damaged_obvious/damaged_obvious_000284.png","4cc96d219eb00bc91bc26da50f42d8fb69ab781a7f57187d73aac077c44a2ba6","2207","1600","architecture","RGB","existing_damage","train","real_damaged","赫达·莫里逊中国相册（Hedda Morrison）","","","","fold","1","texture_catalog_match_v1+source_attribute_v1","fold","{""crack"": 0.0144, ""dust"": 0.0432, ""fold"": 0.147, ""missing_region"": 0.0766, ""mold"": 0.1169, ""scratch"": 0.0323, ""stain"": 0.1487, ""tear"": 0.0953}","{""fold"": [""032.jpg"", ""126.jpg"", ""175.jpg""]}","0","0","1","0","0","0","0","0","0","0","0","0","0","0","4cc96d219eb00bc91bc26da50f42d8fb69ab781a7f57187d73aac077c44a2ba6","2842216","png"
"401","damaged_obvious_000285","damaged_obvious","285","photo-0116","0430.png","damaged_obvious_000285.png","dataset_images/damaged_obvious/damaged_obvious_000285.png","e107c53aed81a3c8afab059b2fa89445386c3987e1362713d3dcaa568e7963e1","1605","2218","outdoor_scene","RGB","existing_damage","train","real_damaged","赫达·莫里逊中国相册（Hedda Morrison）","","","","noise","1","texture_catalog_match_v1+source_attribute_v1","","{""crack"": 0.0015, ""dust"": 0.0044, ""fold"": 0.0429, ""missing_region"": 0.0216, ""mold"": 0.0329, ""scratch"": 0.0155, ""stain"": 0.056, ""tear"": 0.0457}","{}","0","0","0","0","0","0","0","0","0","0","0","1","0","0","e107c53aed81a3c8afab059b2fa89445386c3987e1362713d3dcaa568e7963e1","3425545","png"
"402","damaged_obvious_000286","damaged_obvious","286","photo-0117","0431.png","damaged_obvious_000286.png","dataset_images/damaged_obvious/damaged_obvious_000286.png","bd0334235313b1e86c30b77f18b9ba62c954fc70db1cc62719328b0295f2488c","1600","2208","outdoor_scene","RGB","existing_damage","train","real_damaged","赫达·莫里逊中国相册（Hedda Morrison）","","","","noise","1","texture_catalog_match_v1+source_attribute_v1","","{""crack"": 0.007, ""dust"": 0.021, ""fold"": 0.0873, ""missing_region"": 0.0475, ""mold"": 0.1501, ""scratch"": 0.0291, ""stain"": 0.119, ""tear"": 0.108}","{}","0","0","0","0","0","0","0","0","0","0","0","1","0","0","bd0334235313b1e86c30b77f18b9ba62c954fc70db1cc62719328b0295f2488c","3257273","png"
"403","damaged_obvious_000287","damaged_obvious","287","photo-0118","0432.png","damaged_obvious_000287.png","dataset_images/damaged_obvious/damaged_obvious_000287.png","354095faf902e4aa21f59672497e2396e16fe6137078460b4c2042182be915e0","1625","2187","architecture","RGB","existing_damage","train","real_damaged","赫达·莫里逊中国相册（Hedda Morrison）","","","","noise","1","texture_catalog_match_v1+source_attribute_v1","","{""crack"": 0.0042, ""dust"": 0.0166, ""fold"": 0.0245, ""missing_region"": 0.0246, ""mold"": 0.0339, ""scratch"": 0.0147, ""stain"": 0.0463, ""tear"": 0.0402}","{}","0","0","0","0","0","0","0","0","0","0","0","1","0","0","354095faf902e4aa21f59672497e2396e16fe6137078460b4c2042182be915e0","3053704","png"
"404","damaged_obvious_000288","damaged_obvious","288","photo-0119","0433.png","damaged_obvious_000288.png","dataset_images/damaged_obvious/damaged_obvious_000288.png","5607146a0948d8a05e69b5f5553c39bdeaae38776d4fdddcd079b7a6a4b413b9","1616","2233","outdoor_scene","RGB","existing_damage","train","real_damaged","赫达·莫里逊中国相册（Hedda Morrison）","","","","noise","1","texture_catalog_match_v1+source_attribute_v1","","{""crack"": 0.0047, ""dust"": 0.0162, ""fold"": 0.0477, ""missing_region"": 0.0423, ""mold"": 0.0863, ""scratch"": 0.0177, ""stain"": 0.13, ""tear"": 0.1267}","{}","0","0","0","0","0","0","0","0","0","0","0","1","0","0","5607146a0948d8a05e69b5f5553c39bdeaae38776d4fdddcd079b7a6a4b413b9","3550109","png"
"405","damaged_obvious_000289","damaged_obvious","289","photo-0120","0434.png","damaged_obvious_000289.png","dataset_images/damaged_obvious/damaged_obvious_000289.png","9d35a366de89323172b053a786198a1df20a7af9fe580981f9c412148345367d","2207","1600","architecture","RGB","existing_damage","train","real_damaged","赫达·莫里逊中国相册（Hedda Morrison）","","","","noise","1","texture_catalog_match_v1+source_attribute_v1","","{""crack"": 0.0012, ""dust"": 0.0045, ""fold"": 0.0108, ""missing_region"": 0.0244, ""mold"": 0.013, ""scratch"": 0.0079, ""stain"": 0.0734, ""tear"": 0.0678}","{}","0","0","0","0","0","0","0","0","0","0","0","1","0","0","9d35a366de89323172b053a786198a1df20a7af9fe580981f9c412148345367d","3683322","png"
"406","damaged_obvious_000290","damaged_obvious","290","photo-0121","0435.png","damaged_obvious_000290.png","dataset_images/damaged_obvious/damaged_obvious_000290.png","60b14d9c1c20bbcf743e43669627e75a59d657fa35701145d90ad434c3c276ce","1610","2223","architecture","RGB","existing_damage","train","real_damaged","赫达·莫里逊中国相册（Hedda Morrison）","","","","noise","1","texture_catalog_match_v1+source_attribute_v1","","{""crack"": 0.0007, ""dust"": 0.0046, ""fold"": 0.0131, ""missing_region"": 0.0366, ""mold"": 0.0306, ""scratch"": 0.0063, ""stain"": 0.0468, ""tear"": 0.0517}","{}","0","0","0","0","0","0","0","0","0","0","0","1","0","0","60b14d9c1c20bbcf743e43669627e75a59d657fa35701145d90ad434c3c276ce","3303229","png"
"407","damaged_obvious_000291","damaged_obvious","291","photo-0122","0436.png","damaged_obvious_000291.png","dataset_images/damaged_obvious/damaged_obvious_000291.png","df00df58b0cc7c8e15efef7ca6e65114c24eb4f4f644f7dfa919000651d8ada8","2263","1640","outdoor_scene","RGB","existing_damage","train","real_damaged","赫达·莫里逊中国相册（Hedda Morrison）","","","","noise","1","texture_catalog_match_v1+source_attribute_v1","","{""crack"": 0.0064, ""dust"": 0.0213, ""fold"": 0.0717, ""missing_region"": 0.0529, ""mold"": 0.0606, ""scratch"": 0.0189, ""stain"": 0.0829, ""tear"": 0.0761}","{}","0","0","0","0","0","0","0","0","0","0","0","1","0","0","df00df58b0cc7c8e15efef7ca6e65114c24eb4f4f644f7dfa919000651d8ada8","3555576","png"
"408","damaged_obvious_000292","damaged_obvious","292","photo-0123","0437.png","damaged_obvious_000292.png","dataset_images/damaged_obvious/damaged_obvious_000292.png","b02dd977beb2b11209c7f1a09e46165e6ddc1a6625eb11de6b29946ae8fe7b34","1646","2222","other","RGB","existing_damage","train","real_damaged","赫达·莫里逊中国相册（Hedda Morrison）","","","","noise","1","texture_catalog_match_v1+source_attribute_v1","","{""crack"": 0.0055, ""dust"": 0.0135, ""fold"": 0.0431, ""missing_region"": 0.0412, ""mold"": 0.0492, ""scratch"": 0.0214, ""stain"": 0.0444, ""tear"": 0.0599}","{}","0","0","0","0","0","0","0","0","0","0","0","1","0","0","b02dd977beb2b11209c7f1a09e46165e6ddc1a6625eb11de6b29946ae8fe7b34","2825268","png"
"409","damaged_obvious_000293","damaged_obvious","293","photo-0124","0438.png","damaged_obvious_000293.png","dataset_images/damaged_obvious/damaged_obvious_000293.png","2ea296d1b3b2f5ecda11608a0d9a1007f383c631813e61afdbef6ab9a3d551d5","1616","2207","architecture","RGB","existing_damage","train","real_damaged","赫达·莫里逊中国相册（Hedda Morrison）","","","","noise","1","texture_catalog_match_v1+source_attribute_v1","","{""crack"": 0.0028, ""dust"": 0.0054, ""fold"": 0.043, ""missing_region"": 0.0299, ""mold"": 0.031, ""scratch"": 0.0162, ""stain"": 0.0846, ""tear"": 0.0368}","{}","0","0","0","0","0","0","0","0","0","0","0","1","0","0","2ea296d1b3b2f5ecda11608a0d9a1007f383c631813e61afdbef6ab9a3d551d5","3570284","png"
"410","damaged_obvious_000294","damaged_obvious","294","photo-0125","0439.png","damaged_obvious_000294.png","dataset_images/damaged_obvious/damaged_obvious_000294.png","03c8e5a594061e32adbdf98ca30b8118aa26650b39966bf43dbe3b0bc34dbb6c","1620","2212","architecture","RGB","existing_damage","train","real_damaged","赫达·莫里逊中国相册（Hedda Morrison）","","","","noise","1","texture_catalog_match_v1+source_attribute_v1","","{""crack"": 0.0104, ""dust"": 0.0316, ""fold"": 0.0813, ""missing_region"": 0.0438, ""mold"": 0.0634, ""scratch"": 0.0223, ""stain"": 0.1389, ""tear"": 0.0575}","{}","0","0","0","0","0","0","0","0","0","0","0","1","0","0","03c8e5a594061e32adbdf98ca30b8118aa26650b39966bf43dbe3b0bc34dbb6c","2703354","png"
"411","damaged_obvious_000295","damaged_obvious","295","photo-0126","0440.png","damaged_obvious_000295.png","dataset_images/damaged_obvious/damaged_obvious_000295.png","2fd9b8ef7001ced1278ac4ed0d2754f19974136330d8d09ec7e7e9691add9942","1615","2207","architecture","RGB","existing_damage","train","real_damaged","赫达·莫里逊中国相册（Hedda Morrison）","","","","noise","1","texture_catalog_match_v1+source_attribute_v1","","{""crack"": 0.0046, ""dust"": 0.0145, ""fold"": 0.04, ""missing_region"": 0.0272, ""mold"": 0.0357, ""scratch"": 0.0136, ""stain"": 0.048, ""tear"": 0.0452}","{}","0","0","0","0","0","0","0","0","0","0","0","1","0","0","2fd9b8ef7001ced1278ac4ed0d2754f19974136330d8d09ec7e7e9691add9942","2471218","png"
"412","damaged_obvious_000296","damaged_obvious","296","photo-0127","0441.png","damaged_obvious_000296.png","dataset_images/damaged_obvious/damaged_obvious_000296.png","7461005d7c2da04a5eccce37c4b4dfefb02a1962dd47db2111da6e454210a556","1651","2222","architecture","RGB","existing_damage","train","real_damaged","赫达·莫里逊中国相册（Hedda Morrison）","","","","noise","1","texture_catalog_match_v1+source_attribute_v1","","{""crack"": 0.0266, ""dust"": 0.0314, ""fold"": 0.0728, ""missing_region"": 0.0334, ""mold"": 0.055, ""scratch"": 0.0295, ""stain"": 0.0838, ""tear"": 0.1193}","{}","0","0","0","0","0","0","0","0","0","0","0","1","0","0","7461005d7c2da04a5eccce37c4b4dfefb02a1962dd47db2111da6e454210a556","2575736","png"
"413","damaged_obvious_000297","damaged_obvious","297","photo-0128","0442.png","damaged_obvious_000297.png","dataset_images/damaged_obvious/damaged_obvious_000297.png","8329146f3b6a1df64cf3f68082468c0b22b8b2ab02c394cdadb49779d1173967","1605","2253","architecture","RGB","existing_damage","validation","real_damaged","赫达·莫里逊中国相册（Hedda Morrison）","","","","noise","1","texture_catalog_match_v1+source_attribute_v1","","{""crack"": 0.009, ""dust"": 0.0168, ""fold"": 0.0444, ""missing_region"": 0.0331, ""mold"": 0.0455, ""scratch"": 0.0189, ""stain"": 0.0322, ""tear"": 0.0725}","{}","0","0","0","0","0","0","0","0","0","0","0","1","0","0","8329146f3b6a1df64cf3f68082468c0b22b8b2ab02c394cdadb49779d1173967","2979962","png"
"414","damaged_obvious_000298","damaged_obvious","298","photo-0129","0443.png","damaged_obvious_000298.png","dataset_images/damaged_obvious/damaged_obvious_000298.png","fb6c430d3e0a223aa0a7574d62a81e9901de9bd322baae949b5ba8157d102d20","1615","2258","other","RGB","existing_damage","train","real_damaged","赫达·莫里逊中国相册（Hedda Morrison）","","","","noise|uneven_exposure","2","texture_catalog_match_v1+source_attribute_v1","","{""crack"": 0.0269, ""dust"": 0.0293, ""fold"": 0.0561, ""missing_region"": 0.0302, ""mold"": 0.0351, ""scratch"": 0.0278, ""stain"": 0.0427, ""tear"": 0.076}","{}","0","0","0","0","0","0","0","0","0","0","0","1","0","1","fb6c430d3e0a223aa0a7574d62a81e9901de9bd322baae949b5ba8157d102d20","2382846","png"
"415","damaged_obvious_000299","damaged_obvious","299","photo-0130","0444.png","damaged_obvious_000299.png","dataset_images/damaged_obvious/damaged_obvious_000299.png","9cce6c86ad84b5c807cbb540fd7d0ebed8957169ee06499f498f273b1cb04293","1645","1894","other","RGB","existing_damage","test","real_damaged","赫达·莫里逊中国相册（Hedda Morrison）","","","","noise","1","texture_catalog_match_v1+source_attribute_v1","","{""crack"": 0.0283, ""dust"": 0.0395, ""fold"": 0.0617, ""missing_region"": 0.0391, ""mold"": 0.0786, ""scratch"": 0.0338, ""stain"": 0.0922, ""tear"": 0.0979}","{}","0","0","0","0","0","0","0","0","0","0","0","1","0","0","9cce6c86ad84b5c807cbb540fd7d0ebed8957169ee06499f498f273b1cb04293","2436414","png"
"416","damaged_obvious_000300","damaged_obvious","300","photo-0131","0445.png","damaged_obvious_000300.png","dataset_images/damaged_obvious/damaged_obvious_000300.png","15afc58c498ef26f63b2878998c80547a5cbe29843eaa353a414e54ef5ed5600","1610","2218","other","RGB","existing_damage","train","real_damaged","赫达·莫里逊中国相册（Hedda Morrison）","","","","noise","1","texture_catalog_match_v1+source_attribute_v1","","{""crack"": 0.0038, ""dust"": 0.0115, ""fold"": 0.0256, ""missing_region"": 0.0331, ""mold"": 0.0347, ""scratch"": 0.0183, ""stain"": 0.0607, ""tear"": 0.05}","{}","0","0","0","0","0","0","0","0","0","0","0","1","0","0","15afc58c498ef26f63b2878998c80547a5cbe29843eaa353a414e54ef5ed5600","2837902","png"
"417","damaged_obvious_000301","damaged_obvious","301","photo-0132","0446.png","damaged_obvious_000301.png","dataset_images/damaged_obvious/damaged_obvious_000301.png","dd7672f8c03eccab5e4f1139ce74b180fbda75cc66d1e4e1d4c4be54824dc9b7","2218","1610","other","RGB","existing_damage","test","real_damaged","赫达·莫里逊中国相册（Hedda Morrison）","","","","noise","1","texture_catalog_match_v1+source_attribute_v1","","{""crack"": 0.0013, ""dust"": 0.0072, ""fold"": 0.0209, ""missing_region"": 0.0287, ""mold"": 0.0484, ""scratch"": 0.0149, ""stain"": 0.0455, ""tear"": 0.043}","{}","0","0","0","0","0","0","0","0","0","0","0","1","0","0","dd7672f8c03eccab5e4f1139ce74b180fbda75cc66d1e4e1d4c4be54824dc9b7","3191203","png"
"418","damaged_obvious_000302","damaged_obvious","302","photo-0133","0447.png","damaged_obvious_000302.png","dataset_images/damaged_obvious/damaged_obvious_000302.png","58671e7c60c9ac22a2ac8265c0588fdf8a07091a8a1798e610b33f47f5deacc9","1641","2227","other","RGB","existing_damage","train","real_damaged","赫达·莫里逊中国相册（Hedda Morrison）","","","","noise","1","texture_catalog_match_v1+source_attribute_v1","","{""crack"": 0.0206, ""dust"": 0.0195, ""fold"": 0.0485, ""missing_region"": 0.0283, ""mold"": 0.0409, ""scratch"": 0.0208, ""stain"": 0.0479, ""tear"": 0.0514}","{}","0","0","0","0","0","0","0","0","0","0","0","1","0","0","58671e7c60c9ac22a2ac8265c0588fdf8a07091a8a1798e610b33f47f5deacc9","2742834","png"
"419","damaged_obvious_000303","damaged_obvious","303","photo-0134","0448.png","damaged_obvious_000303.png","dataset_images/damaged_obvious/damaged_obvious_000303.png","67a6894a352f5675ba9dc37618c178f1c7fcdfcf66645099fbf654ebb2ac5d00","1615","2223","indoor_scene","RGB","existing_damage","train","real_damaged","赫达·莫里逊中国相册（Hedda Morrison）","","","","noise","1","texture_catalog_match_v1+source_attribute_v1","","{""crack"": 0.0018, ""dust"": 0.0119, ""fold"": 0.0458, ""missing_region"": 0.0671, ""mold"": 0.0904, ""scratch"": 0.0127, ""stain"": 0.1332, ""tear"": 0.0672}","{}","0","0","0","0","0","0","0","0","0","0","0","1","0","0","67a6894a352f5675ba9dc37618c178f1c7fcdfcf66645099fbf654ebb2ac5d00","3472293","png"
"420","damaged_obvious_000304","damaged_obvious","304","photo-0135","0449.png","damaged_obvious_000304.png","dataset_images/damaged_obvious/damaged_obvious_000304.png","146dab9f07bd3edb74c070d68e091fa7a10c2e8b9a09f4c6e8330059d937d846","1600","2248","indoor_scene","RGB","existing_damage","train","real_damaged","赫达·莫里逊中国相册（Hedda Morrison）","","","","noise","1","texture_catalog_match_v1+source_attribute_v1","","{""crack"": 0.0042, ""dust"": 0.0177, ""fold"": 0.0508, ""missing_region"": 0.0439, ""mold"": 0.0868, ""scratch"": 0.0238, ""stain"": 0.0658, ""tear"": 0.0831}","{}","0","0","0","0","0","0","0","0","0","0","0","1","0","0","146dab9f07bd3edb74c070d68e091fa7a10c2e8b9a09f4c6e8330059d937d846","3002647","png"
"423","damaged_obvious_000305","damaged_obvious","305","photo-0138","0452.png","damaged_obvious_000305.png","dataset_images/damaged_obvious/damaged_obvious_000305.png","85a38929f41af1f1e3ef1ea44b324961dd2436f11e69a28eae641ef90e539207","1600","2177","architecture","RGB","existing_damage","train","real_damaged","赫达·莫里逊中国相册（Hedda Morrison）","","","","noise","1","texture_catalog_match_v1+source_attribute_v1","","{""crack"": 0.001, ""dust"": 0.0065, ""fold"": 0.0163, ""missing_region"": 0.0393, ""mold"": 0.0435, ""scratch"": 0.0106, ""stain"": 0.0479, ""tear"": 0.0715}","{}","0","0","0","0","0","0","0","0","0","0","0","1","0","0","85a38929f41af1f1e3ef1ea44b324961dd2436f11e69a28eae641ef90e539207","3334096","png"
"424","damaged_obvious_000306","damaged_obvious","306","photo-0139","0453.png","damaged_obvious_000306.png","dataset_images/damaged_obvious/damaged_obvious_000306.png","6aa72bee8cc9421cbd59fa64c079a3e2d0ac4935d34aeb3c5b6dc90ff7254cae","2228","1615","architecture","RGB","existing_damage","train","real_damaged","赫达·莫里逊中国相册（Hedda Morrison）","","","","noise","1","texture_catalog_match_v1+source_attribute_v1","","{""crack"": 0.0012, ""dust"": 0.0108, ""fold"": 0.0238, ""missing_region"": 0.0378, ""mold"": 0.0617, ""scratch"": 0.0134, ""stain"": 0.0964, ""tear"": 0.0874}","{}","0","0","0","0","0","0","0","0","0","0","0","1","0","0","6aa72bee8cc9421cbd59fa64c079a3e2d0ac4935d34aeb3c5b6dc90ff7254cae","2784801","png"
"425","damaged_obvious_000307","damaged_obvious","307","photo-0140","0454.png","damaged_obvious_000307.png","dataset_images/damaged_obvious/damaged_obvious_000307.png","c4db35a191c242fe9dc1ae6ca76ee72baf25ecf6a712a155c2b2038b658cb16f","1635","2238","architecture","RGB","existing_damage","train","real_damaged","赫达·莫里逊中国相册（Hedda Morrison）","","","","fold|stain","2","texture_catalog_match_v1+source_attribute_v1","fold|stain","{""crack"": 0.0162, ""dust"": 0.0459, ""fold"": 0.1561, ""missing_region"": 0.0583, ""mold"": 0.1682, ""scratch"": 0.0378, ""stain"": 0.2062, ""tear"": 0.0983}","{""fold"": [""123.jpg"", ""032.jpg"", ""126.jpg""], ""stain"": [""134.jpg"", ""074.jpg"", ""096.jpg""]}","0","0","1","0","1","0","0","0","0","0","0","0","0","0","c4db35a191c242fe9dc1ae6ca76ee72baf25ecf6a712a155c2b2038b658cb16f","3143528","png"
"426","damaged_obvious_000308","damaged_obvious","308","photo-0141","0455.png","damaged_obvious_000308.png","dataset_images/damaged_obvious/damaged_obvious_000308.png","e350e2d64d5f7558e3d038426bacc6d088146e7a958c8babdfc7fa071a19e595","1625","2233","architecture","RGB","existing_damage","train","real_damaged","赫达·莫里逊中国相册（Hedda Morrison）","","","","noise","1","texture_catalog_match_v1+source_attribute_v1","","{""crack"": 0.0006, ""dust"": 0.0045, ""fold"": 0.013, ""missing_region"": 0.0176, ""mold"": 0.033, ""scratch"": 0.01, ""stain"": 0.046, ""tear"": 0.0353}","{}","0","0","0","0","0","0","0","0","0","0","0","1","0","0","e350e2d64d5f7558e3d038426bacc6d088146e7a958c8babdfc7fa071a19e595","3372014","png"
"427","damaged_obvious_000309","damaged_obvious","309","photo-0142","0456.png","damaged_obvious_000309.png","dataset_images/damaged_obvious/damaged_obvious_000309.png","48fa995cab4474f84b440f946647d9cb34262678b9260ef8d6a35a3520f9f2d6","2248","1599","architecture","RGB","existing_damage","test","real_damaged","赫达·莫里逊中国相册（Hedda Morrison）","","","","noise","1","texture_catalog_match_v1+source_attribute_v1","","{""crack"": 0.0064, ""dust"": 0.0144, ""fold"": 0.0535, ""missing_region"": 0.0571, ""mold"": 0.0639, ""scratch"": 0.0277, ""stain"": 0.0427, ""tear"": 0.0571}","{}","0","0","0","0","0","0","0","0","0","0","0","1","0","0","48fa995cab4474f84b440f946647d9cb34262678b9260ef8d6a35a3520f9f2d6","2859947","png"
"428","damaged_obvious_000310","damaged_obvious","310","photo-0143","0457.png","damaged_obvious_000310.png","dataset_images/damaged_obvious/damaged_obvious_000310.png","cfe493f445bb4bfbd98d3bb0db5321c79bf5384ed9e190cac8986bcdb34975ed","2268","1640","architecture","RGB","existing_damage","train","real_damaged","赫达·莫里逊中国相册（Hedda Morrison）","","","","noise","1","texture_catalog_match_v1+source_attribute_v1","","{""crack"": 0.0011, ""dust"": 0.0025, ""fold"": 0.0183, ""missing_region"": 0.0137, ""mold"": 0.0171, ""scratch"": 0.0108, ""stain"": 0.0232, ""tear"": 0.0286}","{}","0","0","0","0","0","0","0","0","0","0","0","1","0","0","cfe493f445bb4bfbd98d3bb0db5321c79bf5384ed9e190cac8986bcdb34975ed","3104323","png"
"430","damaged_obvious_000311","damaged_obvious","311","photo-0145","0459.png","damaged_obvious_000311.png","dataset_images/damaged_obvious/damaged_obvious_000311.png","779b322426998302377240cd4faed4111a828a5586050a9e468e5034a85fe7d9","1605","2213","architecture","RGB","existing_damage","validation","real_damaged","赫达·莫里逊中国相册（Hedda Morrison）","","","","noise","1","texture_catalog_match_v1+source_attribute_v1","","{""crack"": 0.0068, ""dust"": 0.0199, ""fold"": 0.0385, ""missing_region"": 0.0498, ""mold"": 0.0785, ""scratch"": 0.0297, ""stain"": 0.0929, ""tear"": 0.0498}","{}","0","0","0","0","0","0","0","0","0","0","0","1","0","0","779b322426998302377240cd4faed4111a828a5586050a9e468e5034a85fe7d9","2911038","png"
"431","damaged_obvious_000312","damaged_obvious","312","photo-0146","0460.png","damaged_obvious_000312.png","dataset_images/damaged_obvious/damaged_obvious_000312.png","3c576640787289800287ff8e69e5032f07722105fa0f3567957606f39c97cef9","1636","2227","architecture","RGB","existing_damage","train","real_damaged","赫达·莫里逊中国相册（Hedda Morrison）","","","","noise","1","texture_catalog_match_v1+source_attribute_v1","","{""crack"": 0.0045, ""dust"": 0.0091, ""fold"": 0.0222, ""missing_region"": 0.0398, ""mold"": 0.0458, ""scratch"": 0.0154, ""stain"": 0.0337, ""tear"": 0.0477}","{}","0","0","0","0","0","0","0","0","0","0","0","1","0","0","3c576640787289800287ff8e69e5032f07722105fa0f3567957606f39c97cef9","3083038","png"
"433","damaged_obvious_000313","damaged_obvious","313","photo-0148","0462.png","damaged_obvious_000313.png","dataset_images/damaged_obvious/damaged_obvious_000313.png","ff29a33ba2989aa05820a63d45f21d53ee25f7504e2d2c352e7be94ac5005b38","1630","2223","architecture","RGB","existing_damage","train","real_damaged","赫达·莫里逊中国相册（Hedda Morrison）","","","","noise","1","texture_catalog_match_v1+source_attribute_v1","","{""crack"": 0.0018, ""dust"": 0.0142, ""fold"": 0.0354, ""missing_region"": 0.054, ""mold"": 0.0711, ""scratch"": 0.0183, ""stain"": 0.0881, ""tear"": 0.0695}","{}","0","0","0","0","0","0","0","0","0","0","0","1","0","0","ff29a33ba2989aa05820a63d45f21d53ee25f7504e2d2c352e7be94ac5005b38","3576305","png"
"434","damaged_obvious_000314","damaged_obvious","314","photo-0149","0463.png","damaged_obvious_000314.png","dataset_images/damaged_obvious/damaged_obvious_000314.png","9454a463c304d5b04d63ed8744cb0ad0350da8b90e141166bea636652b2ef20f","2228","1620","architecture","RGB","existing_damage","train","real_damaged","赫达·莫里逊中国相册（Hedda Morrison）","","","","fold","1","texture_catalog_match_v1+source_attribute_v1","fold","{""crack"": 0.0098, ""dust"": 0.0406, ""fold"": 0.1524, ""missing_region"": 0.0748, ""mold"": 0.1097, ""scratch"": 0.0308, ""stain"": 0.1506, ""tear"": 0.1146}","{""fold"": [""123.jpg"", ""032.jpg"", ""175.jpg""]}","0","0","1","0","0","0","0","0","0","0","0","0","0","0","9454a463c304d5b04d63ed8744cb0ad0350da8b90e141166bea636652b2ef20f","3269401","png"
"435","damaged_obvious_000315","damaged_obvious","315","photo-0150","0464.png","damaged_obvious_000315.png","dataset_images/damaged_obvious/damaged_obvious_000315.png","eec0d82ec59ec5054562cd017921d1770493bb9c7106e1641653d14cec5fa246","2217","1615","architecture","RGB","existing_damage","train","real_damaged","赫达·莫里逊中国相册（Hedda Morrison）","","","","noise","1","texture_catalog_match_v1+source_attribute_v1","","{""crack"": 0.0015, ""dust"": 0.0071, ""fold"": 0.0411, ""missing_region"": 0.0496, ""mold"": 0.073, ""scratch"": 0.0174, ""stain"": 0.0529, ""tear"": 0.0612}","{}","0","0","0","0","0","0","0","0","0","0","0","1","0","0","eec0d82ec59ec5054562cd017921d1770493bb9c7106e1641653d14cec5fa246","3470788","png"
"437","damaged_obvious_000316","damaged_obvious","316","photo-0152","0466.png","damaged_obvious_000316.png","dataset_images/damaged_obvious/damaged_obvious_000316.png","b248eb91d6261d49c45a6e14b6b703215fe23fdea32694333b09cdf5b1c7a465","2213","1600","architecture","RGB","existing_damage","test","real_damaged","赫达·莫里逊中国相册（Hedda Morrison）","","","","noise","1","texture_catalog_match_v1+source_attribute_v1","","{""crack"": 0.0029, ""dust"": 0.0094, ""fold"": 0.028, ""missing_region"": 0.0303, ""mold"": 0.0417, ""scratch"": 0.0112, ""stain"": 0.0509, ""tear"": 0.0413}","{}","0","0","0","0","0","0","0","0","0","0","0","1","0","0","b248eb91d6261d49c45a6e14b6b703215fe23fdea32694333b09cdf5b1c7a465","3151022","png"
"438","damaged_obvious_000317","damaged_obvious","317","photo-0153","0467.png","damaged_obvious_000317.png","dataset_images/damaged_obvious/damaged_obvious_000317.png","40466a8d73c4696859c733b7d28a77f4e07885a47b492b55e83da1b46ed53e9f","1610","2228","other","RGB","existing_damage","validation","real_damaged","赫达·莫里逊中国相册（Hedda Morrison）","","","","noise","1","texture_catalog_match_v1+source_attribute_v1","","{""crack"": 0.0021, ""dust"": 0.0064, ""fold"": 0.018, ""missing_region"": 0.0266, ""mold"": 0.0389, ""scratch"": 0.0102, ""stain"": 0.1384, ""tear"": 0.0692}","{}","0","0","0","0","0","0","0","0","0","0","0","1","0","0","40466a8d73c4696859c733b7d28a77f4e07885a47b492b55e83da1b46ed53e9f","3519363","png"
"439","damaged_obvious_000318","damaged_obvious","318","photo-0154","0468.png","damaged_obvious_000318.png","dataset_images/damaged_obvious/damaged_obvious_000318.png","6997d78c3b76e94a6a5f1edcce6070fe60c29357a3dcc1ce0b8a254cfc98316f","1600","2213","architecture","RGB","existing_damage","train","real_damaged","赫达·莫里逊中国相册（Hedda Morrison）","","","","noise","1","texture_catalog_match_v1+source_attribute_v1","","{""crack"": 0.0019, ""dust"": 0.0074, ""fold"": 0.0191, ""missing_region"": 0.0213, ""mold"": 0.0274, ""scratch"": 0.0099, ""stain"": 0.0582, ""tear"": 0.0461}","{}","0","0","0","0","0","0","0","0","0","0","0","1","0","0","6997d78c3b76e94a6a5f1edcce6070fe60c29357a3dcc1ce0b8a254cfc98316f","3377893","png"
"440","damaged_obvious_000319","damaged_obvious","319","photo-0155","0469.png","damaged_obvious_000319.png","dataset_images/damaged_obvious/damaged_obvious_000319.png","1266876252914db3ea0f5cee0ed5aa4bca34e2d0e8c4c730e4924d979fa04aac","1595","2212","architecture","RGB","existing_damage","train","real_damaged","赫达·莫里逊中国相册（Hedda Morrison）","","","","noise","1","texture_catalog_match_v1+source_attribute_v1","","{""crack"": 0.0008, ""dust"": 0.0044, ""fold"": 0.0316, ""missing_region"": 0.0323, ""mold"": 0.0327, ""scratch"": 0.0134, ""stain"": 0.0546, ""tear"": 0.0376}","{}","0","0","0","0","0","0","0","0","0","0","0","1","0","0","1266876252914db3ea0f5cee0ed5aa4bca34e2d0e8c4c730e4924d979fa04aac","3389983","png"
"446","damaged_obvious_000320","damaged_obvious","320","photo-0161","0475.png","damaged_obvious_000320.png","dataset_images/damaged_obvious/damaged_obvious_000320.png","33a97e4d455596f6484f1bf7f30be8f3c321287b279b8e8d9a87cc06b40e3101","1625","2217","architecture","RGB","existing_damage","train","real_damaged","赫达·莫里逊中国相册（Hedda Morrison）","","","","noise","1","texture_catalog_match_v1+source_attribute_v1","","{""crack"": 0.0055, ""dust"": 0.0119, ""fold"": 0.0303, ""missing_region"": 0.0163, ""mold"": 0.027, ""scratch"": 0.0136, ""stain"": 0.0438, ""tear"": 0.0359}","{}","0","0","0","0","0","0","0","0","0","0","0","1","0","0","33a97e4d455596f6484f1bf7f30be8f3c321287b279b8e8d9a87cc06b40e3101","2654495","png"
"448","damaged_obvious_000321","damaged_obvious","321","photo-0163","0477.png","damaged_obvious_000321.png","dataset_images/damaged_obvious/damaged_obvious_000321.png","0772af6727bbab24bcb15a5fcc69f4fb9eeb92b495d879adf539ced204f9f209","2217","1615","outdoor_scene","RGB","existing_damage","test","real_damaged","赫达·莫里逊中国相册（Hedda Morrison）","","","","fold","1","texture_catalog_match_v1+source_attribute_v1","fold","{""crack"": 0.018, ""dust"": 0.0391, ""fold"": 0.1488, ""missing_region"": 0.0577, ""mold"": 0.1249, ""scratch"": 0.039, ""stain"": 0.1651, ""tear"": 0.0854}","{""fold"": [""032.jpg"", ""123.jpg"", ""126.jpg""]}","0","0","1","0","0","0","0","0","0","0","0","0","0","0","0772af6727bbab24bcb15a5fcc69f4fb9eeb92b495d879adf539ced204f9f209","2760797","png"
"449","damaged_obvious_000322","damaged_obvious","322","photo-0164","0478.png","damaged_obvious_000322.png","dataset_images/damaged_obvious/damaged_obvious_000322.png","e3e7997566f58f3cda4679678ba1807ebe5efc634034f5a7e1a7cb5b0f14c3bd","2197","1620","outdoor_scene","RGB","existing_damage","train","real_damaged","赫达·莫里逊中国相册（Hedda Morrison）","","","","fold","1","texture_catalog_match_v1+source_attribute_v1","fold","{""crack"": 0.0115, ""dust"": 0.0443, ""fold"": 0.1769, ""missing_region"": 0.0753, ""mold"": 0.1598, ""scratch"": 0.0356, ""stain"": 0.1471, ""tear"": 0.1482}","{""fold"": [""123.jpg"", ""032.jpg"", ""175.jpg""]}","0","0","1","0","0","0","0","0","0","0","0","0","0","0","e3e7997566f58f3cda4679678ba1807ebe5efc634034f5a7e1a7cb5b0f14c3bd","2607404","png"
"450","damaged_obvious_000323","damaged_obvious","323","photo-0165","0479.png","damaged_obvious_000323.png","dataset_images/damaged_obvious/damaged_obvious_000323.png","d879322a3801f041cca16b4fde3349802bcaf5b484f8e58197834b483c9c95a9","2223","1605","outdoor_scene","RGB","existing_damage","train","real_damaged","赫达·莫里逊中国相册（Hedda Morrison）","","","","fold","1","texture_catalog_match_v1+source_attribute_v1","fold","{""crack"": 0.0093, ""dust"": 0.0425, ""fold"": 0.1884, ""missing_region"": 0.0862, ""mold"": 0.1304, ""scratch"": 0.0371, ""stain"": 0.1551, ""tear"": 0.1176}","{""fold"": [""123.jpg"", ""032.jpg"", ""176.jpg""]}","0","0","1","0","0","0","0","0","0","0","0","0","0","0","d879322a3801f041cca16b4fde3349802bcaf5b484f8e58197834b483c9c95a9","2797807","png"
"452","damaged_obvious_000324","damaged_obvious","324","photo-0167","0481.png","damaged_obvious_000324.png","dataset_images/damaged_obvious/damaged_obvious_000324.png","b31140f054abe684fd8ea651bac93fab77cd1e838c56781fb416b2f076855baa","1599","2182","architecture","RGB","existing_damage","train","real_damaged","赫达·莫里逊中国相册（Hedda Morrison）","","","","noise","1","texture_catalog_match_v1+source_attribute_v1","","{""crack"": 0.0092, ""dust"": 0.0179, ""fold"": 0.0547, ""missing_region"": 0.028, ""mold"": 0.0517, ""scratch"": 0.0218, ""stain"": 0.0632, ""tear"": 0.0497}","{}","0","0","0","0","0","0","0","0","0","0","0","1","0","0","b31140f054abe684fd8ea651bac93fab77cd1e838c56781fb416b2f076855baa","3354305","png"
"453","damaged_obvious_000325","damaged_obvious","325","photo-0168","0482.png","damaged_obvious_000325.png","dataset_images/damaged_obvious/damaged_obvious_000325.png","8a5f6c0d97666a68d4bf1a50a2f7f49ead83b03dccc9f360f82a206e8383290f","1610","2192","outdoor_scene","RGB","existing_damage","train","real_damaged","赫达·莫里逊中国相册（Hedda Morrison）","","","","noise","1","texture_catalog_match_v1+source_attribute_v1","","{""crack"": 0.0089, ""dust"": 0.0252, ""fold"": 0.0426, ""missing_region"": 0.0532, ""mold"": 0.0738, ""scratch"": 0.018, ""stain"": 0.0526, ""tear"": 0.0559}","{}","0","0","0","0","0","0","0","0","0","0","0","1","0","0","8a5f6c0d97666a68d4bf1a50a2f7f49ead83b03dccc9f360f82a206e8383290f","3115113","png"
"455","damaged_obvious_000326","damaged_obvious","326","photo-0170","0484.png","damaged_obvious_000326.png","dataset_images/damaged_obvious/damaged_obvious_000326.png","2ecebce2b0752822d033ab519056c5805bbc1c8f188aa317f6700703a0cdb7eb","1595","2268","architecture","RGB","existing_damage","train","real_damaged","赫达·莫里逊中国相册（Hedda Morrison）","","","","noise","1","texture_catalog_match_v1+source_attribute_v1","","{""crack"": 0.0016, ""dust"": 0.0086, ""fold"": 0.0299, ""missing_region"": 0.0379, ""mold"": 0.0734, ""scratch"": 0.0171, ""stain"": 0.0748, ""tear"": 0.0656}","{}","0","0","0","0","0","0","0","0","0","0","0","1","0","0","2ecebce2b0752822d033ab519056c5805bbc1c8f188aa317f6700703a0cdb7eb","3542647","png"
"456","damaged_obvious_000327","damaged_obvious","327","photo-0171","0485.png","damaged_obvious_000327.png","dataset_images/damaged_obvious/damaged_obvious_000327.png","fda84a4776a8ae9cccdc5e62c862336868c6ab102173d22eaf451a65ef64f2be","1590","2263","outdoor_scene","RGB","existing_damage","train","real_damaged","赫达·莫里逊中国相册（Hedda Morrison）","","","","noise","1","texture_catalog_match_v1+source_attribute_v1","","{""crack"": 0.0082, ""dust"": 0.0162, ""fold"": 0.0328, ""missing_region"": 0.042, ""mold"": 0.0799, ""scratch"": 0.0248, ""stain"": 0.088, ""tear"": 0.064}","{}","0","0","0","0","0","0","0","0","0","0","0","1","0","0","fda84a4776a8ae9cccdc5e62c862336868c6ab102173d22eaf451a65ef64f2be","3187450","png"
"458","damaged_obvious_000328","damaged_obvious","328","photo-0173","0487.png","damaged_obvious_000328.png","dataset_images/damaged_obvious/damaged_obvious_000328.png","b02545e29e5cc5e403c4a827b39b506eef587b9fa0fdb186a7161be0c418127a","2258","1590","outdoor_scene","RGB","existing_damage","test","real_damaged","赫达·莫里逊中国相册（Hedda Morrison）","","","","stain|missing_region","2","texture_catalog_match_v1+source_attribute_v1","missing_region|stain","{""crack"": 0.0124, ""dust"": 0.0472, ""fold"": 0.1352, ""missing_region"": 0.1317, ""mold"": 0.1218, ""scratch"": 0.0314, ""stain"": 0.1932, ""tear"": 0.1317}","{""missing_region"": [""051.jpg"", ""170.jpg"", ""201.jpg""], ""stain"": [""134.jpg"", ""063.jpg"", ""229.jpg""]}","0","0","0","0","1","0","0","1","0","0","0","0","0","0","b02545e29e5cc5e403c4a827b39b506eef587b9fa0fdb186a7161be0c418127a","2911163","png"
"459","damaged_obvious_000329","damaged_obvious","329","photo-0174","0488.png","damaged_obvious_000329.png","dataset_images/damaged_obvious/damaged_obvious_000329.png","77f21d85b4b1a44e64c3e2bf05406f3731c5ec1ccbf64397c481232485dce2be","1595","2218","single_portrait","RGB","existing_damage","train","real_damaged","赫达·莫里逊中国相册（Hedda Morrison）","","","","noise","1","texture_catalog_match_v1+source_attribute_v1","","{""crack"": 0.0071, ""dust"": 0.0184, ""fold"": 0.0471, ""missing_region"": 0.0278, ""mold"": 0.0463, ""scratch"": 0.018, ""stain"": 0.0509, ""tear"": 0.0374}","{}","0","0","0","0","0","0","0","0","0","0","0","1","0","0","77f21d85b4b1a44e64c3e2bf05406f3731c5ec1ccbf64397c481232485dce2be","2723167","png"
"461","damaged_obvious_000330","damaged_obvious","330","photo-0176","0490.png","damaged_obvious_000330.png","dataset_images/damaged_obvious/damaged_obvious_000330.png","0274c03fb32c861bb25cee160c924abfba4e7809fe5047c2b443557267c90e21","1594","2263","outdoor_scene","RGB","existing_damage","train","real_damaged","赫达·莫里逊中国相册（Hedda Morrison）","","","","noise","1","texture_catalog_match_v1+source_attribute_v1","","{""crack"": 0.0031, ""dust"": 0.0091, ""fold"": 0.0223, ""missing_region"": 0.0252, ""mold"": 0.0579, ""scratch"": 0.0229, ""stain"": 0.0509, ""tear"": 0.0517}","{}","0","0","0","0","0","0","0","0","0","0","0","1","0","0","0274c03fb32c861bb25cee160c924abfba4e7809fe5047c2b443557267c90e21","3211896","png"
"464","damaged_obvious_000331","damaged_obvious","331","photo-0179","0493.png","damaged_obvious_000331.png","dataset_images/damaged_obvious/damaged_obvious_000331.png","cab8e4661fe44435ce2c21fb2eb0dc0affe2f2d357ac8b840981e3246b46656b","2243","1620","outdoor_scene","RGB","existing_damage","validation","real_damaged","赫达·莫里逊中国相册（Hedda Morrison）","","","","fold","1","texture_catalog_match_v1+source_attribute_v1","fold","{""crack"": 0.0116, ""dust"": 0.0354, ""fold"": 0.1604, ""missing_region"": 0.0726, ""mold"": 0.1014, ""scratch"": 0.0356, ""stain"": 0.1357, ""tear"": 0.0869}","{""fold"": [""126.jpg"", ""123.jpg"", ""175.jpg""]}","0","0","1","0","0","0","0","0","0","0","0","0","0","0","94210e92c455e82a99c287d14af2743ae10f3a042eca6ac5f2a2f9bf96abe883","3028663","png"
"467","damaged_obvious_000332","damaged_obvious","332","photo-0182","0496.png","damaged_obvious_000332.png","dataset_images/damaged_obvious/damaged_obvious_000332.png","f40b3f8ce873a943a2f6061537c0e929af3718b7645eb77c05de83d69e754b50","2243","1630","outdoor_scene","RGB","existing_damage","train","real_damaged","赫达·莫里逊中国相册（Hedda Morrison）","","","","blur","1","texture_catalog_match_v1+source_attribute_v1","","{""crack"": 0.0163, ""dust"": 0.0206, ""fold"": 0.0377, ""missing_region"": 0.0298, ""mold"": 0.0452, ""scratch"": 0.0204, ""stain"": 0.043, ""tear"": 0.0795}","{}","0","0","0","0","0","0","0","0","0","0","1","0","0","0","f40b3f8ce873a943a2f6061537c0e929af3718b7645eb77c05de83d69e754b50","2140750","png"
"468","damaged_obvious_000333","damaged_obvious","333","photo-0183","0497.png","damaged_obvious_000333.png","dataset_images/damaged_obvious/damaged_obvious_000333.png","2e1cc9c850497e02d9ecece8449a19c59954e762147d0db41dd54c09d2d62a41","2217","1631","outdoor_scene","RGB","existing_damage","train","real_damaged","赫达·莫里逊中国相册（Hedda Morrison）","","","","blur","1","texture_catalog_match_v1+source_attribute_v1","","{""crack"": 0.0237, ""dust"": 0.024, ""fold"": 0.0465, ""missing_region"": 0.0252, ""mold"": 0.054, ""scratch"": 0.0278, ""stain"": 0.0514, ""tear"": 0.0614}","{}","0","0","0","0","0","0","0","0","0","0","1","0","0","0","2e1cc9c850497e02d9ecece8449a19c59954e762147d0db41dd54c09d2d62a41","1956237","png"
"469","damaged_obvious_000334","damaged_obvious","334","photo-0184","0498.png","damaged_obvious_000334.png","dataset_images/damaged_obvious/damaged_obvious_000334.png","e790a156f56a3acf7832891852796316a423ca47643149628a5a4df4c44f4b9f","2214","1610","outdoor_scene","RGB","existing_damage","train","real_damaged","赫达·莫里逊中国相册（Hedda Morrison）","","","","blur","1","texture_catalog_match_v1+source_attribute_v1","","{""crack"": 0.0125, ""dust"": 0.0108, ""fold"": 0.0289, ""missing_region"": 0.019, ""mold"": 0.0184, ""scratch"": 0.0124, ""stain"": 0.022, ""tear"": 0.0232}","{}","0","0","0","0","0","0","0","0","0","0","1","0","0","0","7a4bfdaac47ed9ceccc54fcf82e2a72dd9fc518e42ac0a64b765d1b28b550d29","2134908","png"
"470","damaged_obvious_000335","damaged_obvious","335","photo-0185","0499.png","damaged_obvious_000335.png","dataset_images/damaged_obvious/damaged_obvious_000335.png","7439af23e87e4c0576565e2c05827174f9844270ef90e12ec56b3d5fb7f6cead","1630","2182","architecture","RGB","existing_damage","validation","real_damaged","赫达·莫里逊中国相册（Hedda Morrison）","","","","noise|uneven_exposure","2","texture_catalog_match_v1+source_attribute_v1","","{""crack"": 0.0109, ""dust"": 0.0185, ""fold"": 0.035, ""missing_region"": 0.0287, ""mold"": 0.0547, ""scratch"": 0.0259, ""stain"": 0.0613, ""tear"": 0.0314}","{}","0","0","0","0","0","0","0","0","0","0","0","1","0","1","7439af23e87e4c0576565e2c05827174f9844270ef90e12ec56b3d5fb7f6cead","2086540","png"
"473","damaged_obvious_000336","damaged_obvious","336","photo-0188","0502.png","damaged_obvious_000336.png","dataset_images/damaged_obvious/damaged_obvious_000336.png","ff9954059e22656e1a3ae09b96ec3f9a82566e8afedfee1a708f293ea134847b","1599","2273","architecture","RGB","existing_damage","train","real_damaged","赫达·莫里逊中国相册（Hedda Morrison）","","","","noise","1","texture_catalog_match_v1+source_attribute_v1","","{""crack"": 0.0108, ""dust"": 0.0191, ""fold"": 0.0347, ""missing_region"": 0.0281, ""mold"": 0.0342, ""scratch"": 0.0149, ""stain"": 0.0596, ""tear"": 0.0453}","{}","0","0","0","0","0","0","0","0","0","0","0","1","0","0","ff9954059e22656e1a3ae09b96ec3f9a82566e8afedfee1a708f293ea134847b","2475937","png"
"474","damaged_obvious_000337","damaged_obvious","337","photo-0189","0503.png","damaged_obvious_000337.png","dataset_images/damaged_obvious/damaged_obvious_000337.png","a7a48eb7c79f7003303762c3715829e579862aa4a46f91845c62f8755e0225fc","1585","2258","other","RGB","existing_damage","train","real_damaged","赫达·莫里逊中国相册（Hedda Morrison）","","","","noise","1","texture_catalog_match_v1+source_attribute_v1","","{""crack"": 0.0066, ""dust"": 0.0151, ""fold"": 0.0406, ""missing_region"": 0.084, ""mold"": 0.0698, ""scratch"": 0.0197, ""stain"": 0.0597, ""tear"": 0.0943}","{}","0","0","0","0","0","0","0","0","0","0","0","1","0","0","a7a48eb7c79f7003303762c3715829e579862aa4a46f91845c62f8755e0225fc","2435215","png"
"475","damaged_obvious_000338","damaged_obvious","338","photo-0190","0504.png","damaged_obvious_000338.png","dataset_images/damaged_obvious/damaged_obvious_000338.png","18d33d361343972012ed3c0e0ff7d6ae00e25284e0ea3bda77d237cea3376b09","1605","2258","other","RGB","existing_damage","train","real_damaged","赫达·莫里逊中国相册（Hedda Morrison）","","","","noise","1","texture_catalog_match_v1+source_attribute_v1","","{""crack"": 0.0108, ""dust"": 0.0209, ""fold"": 0.0357, ""missing_region"": 0.0538, ""mold"": 0.0409, ""scratch"": 0.0248, ""stain"": 0.0634, ""tear"": 0.0538}","{}","0","0","0","0","0","0","0","0","0","0","0","1","0","0","18d33d361343972012ed3c0e0ff7d6ae00e25284e0ea3bda77d237cea3376b09","2403307","png"
"482","damaged_obvious_000339","damaged_obvious","339","photo-0197","0511.png","damaged_obvious_000339.png","dataset_images/damaged_obvious/damaged_obvious_000339.png","856ad6d6c850177d13d2788a4ede1b96d669bad2daaca3fc248f4153a5fe9446","2308","1589","architecture","RGB","existing_damage","test","real_damaged","赫达·莫里逊中国相册（Hedda Morrison）","","","","noise","1","texture_catalog_match_v1+source_attribute_v1","","{""crack"": 0.009, ""dust"": 0.0257, ""fold"": 0.086, ""missing_region"": 0.0381, ""mold"": 0.0689, ""scratch"": 0.0292, ""stain"": 0.0996, ""tear"": 0.0698}","{}","0","0","0","0","0","0","0","0","0","0","0","1","0","0","856ad6d6c850177d13d2788a4ede1b96d669bad2daaca3fc248f4153a5fe9446","3053926","png"
"483","damaged_obvious_000340","damaged_obvious","340","photo-0198","0512.png","damaged_obvious_000340.png","dataset_images/damaged_obvious/damaged_obvious_000340.png","c673f1f1610fe5c13b1d044590ba323b6fc0914dcc780e706c5fdeabf3a574ba","1590","2247","outdoor_scene","RGB","existing_damage","test","real_damaged","赫达·莫里逊中国相册（Hedda Morrison）","","","","noise","1","texture_catalog_match_v1+source_attribute_v1","","{""crack"": 0.0023, ""dust"": 0.0044, ""fold"": 0.0258, ""missing_region"": 0.0272, ""mold"": 0.0319, ""scratch"": 0.0134, ""stain"": 0.0349, ""tear"": 0.0325}","{}","0","0","0","0","0","0","0","0","0","0","0","1","0","0","c673f1f1610fe5c13b1d044590ba323b6fc0914dcc780e706c5fdeabf3a574ba","2574579","png"
"484","damaged_obvious_000341","damaged_obvious","341","photo-0199","0513.png","damaged_obvious_000341.png","dataset_images/damaged_obvious/damaged_obvious_000341.png","869c4cb5df4461aaae26de7ece6f6523cafe6610573f7386f3e18e589a223928","1615","2273","group_portrait","RGB","existing_damage","train","real_damaged","赫达·莫里逊中国相册（Hedda Morrison）","","","","noise","1","texture_catalog_match_v1+source_attribute_v1","","{""crack"": 0.003, ""dust"": 0.0072, ""fold"": 0.0291, ""missing_region"": 0.0186, ""mold"": 0.0278, ""scratch"": 0.016, ""stain"": 0.0315, ""tear"": 0.0246}","{}","0","0","0","0","0","0","0","0","0","0","0","1","0","0","869c4cb5df4461aaae26de7ece6f6523cafe6610573f7386f3e18e589a223928","2664917","png"
"486","damaged_obvious_000342","damaged_obvious","342","photo-0201","0515.png","damaged_obvious_000342.png","dataset_images/damaged_obvious/damaged_obvious_000342.png","062021b9fe1abd51f5c9ce266c73898537ebe85235cb142fe4793eec3c888626","1584","2258","single_portrait","RGB","existing_damage","train","real_damaged","赫达·莫里逊中国相册（Hedda Morrison）","","","","noise","1","texture_catalog_match_v1+source_attribute_v1","","{""crack"": 0.0043, ""dust"": 0.0092, ""fold"": 0.0337, ""missing_region"": 0.0404, ""mold"": 0.0308, ""scratch"": 0.0133, ""stain"": 0.0398, ""tear"": 0.0443}","{}","0","0","0","0","0","0","0","0","0","0","0","1","0","0","062021b9fe1abd51f5c9ce266c73898537ebe85235cb142fe4793eec3c888626","2615198","png"
"487","damaged_obvious_000343","damaged_obvious","343","photo-0202","0516.png","damaged_obvious_000343.png","dataset_images/damaged_obvious/damaged_obvious_000343.png","8a9b106d8384479801fc489579234f74613235d7944f19afb45fa0a8a6992c11","1595","2258","outdoor_scene","RGB","existing_damage","train","real_damaged","赫达·莫里逊中国相册（Hedda Morrison）","","","","noise","1","texture_catalog_match_v1+source_attribute_v1","","{""crack"": 0.0027, ""dust"": 0.0128, ""fold"": 0.0371, ""missing_region"": 0.031, ""mold"": 0.0339, ""scratch"": 0.0207, ""stain"": 0.0475, ""tear"": 0.0542}","{}","0","0","0","0","0","0","0","0","0","0","0","1","0","0","8a9b106d8384479801fc489579234f74613235d7944f19afb45fa0a8a6992c11","2383305","png"
"488","damaged_obvious_000344","damaged_obvious","344","photo-0203","0517.png","damaged_obvious_000344.png","dataset_images/damaged_obvious/damaged_obvious_000344.png","45e0e5a061cb615ef6d3116292c31cc2605786a82e5ad368e1dcedd48dd2bad4","2253","1584","outdoor_scene","RGB","existing_damage","train","real_damaged","赫达·莫里逊中国相册（Hedda Morrison）","","","","noise","1","texture_catalog_match_v1+source_attribute_v1","","{""crack"": 0.0068, ""dust"": 0.0123, ""fold"": 0.0555, ""missing_region"": 0.0429, ""mold"": 0.0665, ""scratch"": 0.0305, ""stain"": 0.0356, ""tear"": 0.061}","{}","0","0","0","0","0","0","0","0","0","0","0","1","0","0","45e0e5a061cb615ef6d3116292c31cc2605786a82e5ad368e1dcedd48dd2bad4","2700303","png"
"489","damaged_obvious_000345","damaged_obvious","345","photo-0204","0518.png","damaged_obvious_000345.png","dataset_images/damaged_obvious/damaged_obvious_000345.png","498666d58a2f5aee0f272356cc0a7485232655a6291aa967be24cc134514e817","2283","1605","outdoor_scene","RGB","existing_damage","train","real_damaged","赫达·莫里逊中国相册（Hedda Morrison）","","","","noise","1","texture_catalog_match_v1+source_attribute_v1","","{""crack"": 0.0038, ""dust"": 0.0179, ""fold"": 0.048, ""missing_region"": 0.086, ""mold"": 0.0634, ""scratch"": 0.018, ""stain"": 0.0848, ""tear"": 0.086}","{}","0","0","0","0","0","0","0","0","0","0","0","1","0","0","498666d58a2f5aee0f272356cc0a7485232655a6291aa967be24cc134514e817","2972535","png"
"491","damaged_obvious_000346","damaged_obvious","346","photo-0206","0520.png","damaged_obvious_000346.png","dataset_images/damaged_obvious/damaged_obvious_000346.png","31ebfa88af00b58ad01cf96655b9904d09a57b3a207cc2a17fa8d15e66436fad","2304","1599","outdoor_scene","RGB","existing_damage","train","real_damaged","赫达·莫里逊中国相册（Hedda Morrison）","","","","noise","1","texture_catalog_match_v1+source_attribute_v1","","{""crack"": 0.0035, ""dust"": 0.0076, ""fold"": 0.0412, ""missing_region"": 0.0366, ""mold"": 0.0544, ""scratch"": 0.0217, ""stain"": 0.0778, ""tear"": 0.0496}","{}","0","0","0","0","0","0","0","0","0","0","0","1","0","0","fc2cd88cb184904eb0400cc951fbcb1ca859068e0bf4c094ef8dae0bf2329339","3563994","png"
"492","damaged_obvious_000347","damaged_obvious","347","photo-0207","0521.png","damaged_obvious_000347.png","dataset_images/damaged_obvious/damaged_obvious_000347.png","2b54663d7694dce725b41a0ca58c64f695a9cfdb581ba52d683e9ba0e790301e","2273","1584","outdoor_scene","RGB","existing_damage","train","real_damaged","赫达·莫里逊中国相册（Hedda Morrison）","","","","blur","1","texture_catalog_match_v1+source_attribute_v1","","{""crack"": 0.0174, ""dust"": 0.0166, ""fold"": 0.0295, ""missing_region"": 0.0193, ""mold"": 0.019, ""scratch"": 0.0195, ""stain"": 0.0258, ""tear"": 0.0316}","{}","0","0","0","0","0","0","0","0","0","0","1","0","0","0","c42217d70c1e41627214a55c515dff14522fc9aab965763c92c560a4ab8e4b6b","2348952","png"
"496","damaged_obvious_000348","damaged_obvious","348","photo-0211","0525.png","damaged_obvious_000348.png","dataset_images/damaged_obvious/damaged_obvious_000348.png","d0d03a5339f9636d2d0d607971a981d7a047e6c6f07bbc1e7d0851dfeb401500","1585","2187","outdoor_scene","RGB","existing_damage","train","real_damaged","赫达·莫里逊中国相册（Hedda Morrison）","","","","noise","1","texture_catalog_match_v1+source_attribute_v1","","{""crack"": 0.0019, ""dust"": 0.0047, ""fold"": 0.0375, ""missing_region"": 0.0271, ""mold"": 0.0338, ""scratch"": 0.0132, ""stain"": 0.0588, ""tear"": 0.0414}","{}","0","0","0","0","0","0","0","0","0","0","0","1","0","0","d0d03a5339f9636d2d0d607971a981d7a047e6c6f07bbc1e7d0851dfeb401500","3462499","png"
"497","damaged_obvious_000349","damaged_obvious","349","photo-0212","0526.png","damaged_obvious_000349.png","dataset_images/damaged_obvious/damaged_obvious_000349.png","fdc34655aefbdbf382b858f1eb8101f9e9d827570f6fdff1158917b2f3278664","1620","2177","outdoor_scene","RGB","existing_damage","train","real_damaged","赫达·莫里逊中国相册（Hedda Morrison）","","","","noise","1","texture_catalog_match_v1+source_attribute_v1","","{""crack"": 0.005, ""dust"": 0.0097, ""fold"": 0.0197, ""missing_region"": 0.0279, ""mold"": 0.0252, ""scratch"": 0.0133, ""stain"": 0.0405, ""tear"": 0.039}","{}","0","0","0","0","0","0","0","0","0","0","0","1","0","0","fdc34655aefbdbf382b858f1eb8101f9e9d827570f6fdff1158917b2f3278664","2702902","png"
"498","damaged_obvious_000350","damaged_obvious","350","photo-0213","0527.png","damaged_obvious_000350.png","dataset_images/damaged_obvious/damaged_obvious_000350.png","7c7204cfcba54827f1036d105d7f5925b872bdec2e6a7c43161353420df5cc8d","1615","2177","outdoor_scene","RGB","existing_damage","train","real_damaged","赫达·莫里逊中国相册（Hedda Morrison）","","","","noise","1","texture_catalog_match_v1+source_attribute_v1","","{""crack"": 0.0132, ""dust"": 0.0154, ""fold"": 0.0385, ""missing_region"": 0.0404, ""mold"": 0.0533, ""scratch"": 0.0243, ""stain"": 0.0509, ""tear"": 0.0426}","{}","0","0","0","0","0","0","0","0","0","0","0","1","0","0","7c7204cfcba54827f1036d105d7f5925b872bdec2e6a7c43161353420df5cc8d","2834968","png"
"500","damaged_obvious_000351","damaged_obvious","351","photo-0215","0529.png","damaged_obvious_000351.png","dataset_images/damaged_obvious/damaged_obvious_000351.png","e68e66e4f9d14dc0f69eb3b71468111a4ccf54313fa7640010efeda1b770263e","1647","2212","architecture","RGB","existing_damage","train","real_damaged","赫达·莫里逊中国相册（Hedda Morrison）","","","","noise","1","texture_catalog_match_v1+source_attribute_v1","","{""crack"": 0.0099, ""dust"": 0.0159, ""fold"": 0.0563, ""missing_region"": 0.05, ""mold"": 0.0957, ""scratch"": 0.0202, ""stain"": 0.0933, ""tear"": 0.1155}","{}","0","0","0","0","0","0","0","0","0","0","0","1","0","0","e68e66e4f9d14dc0f69eb3b71468111a4ccf54313fa7640010efeda1b770263e","3857799","png"
"501","damaged_obvious_000352","damaged_obvious","352","photo-0216","0530.png","damaged_obvious_000352.png","dataset_images/damaged_obvious/damaged_obvious_000352.png","4dcd9febf1435f240152af3ed88a46aa518b7e9be97925e0bb8e5f769ee3d769","2288","1601","outdoor_scene","RGB","existing_damage","validation","real_damaged","赫达·莫里逊中国相册（Hedda Morrison）","","","","noise","1","texture_catalog_match_v1+source_attribute_v1","","{""crack"": 0.0131, ""dust"": 0.0178, ""fold"": 0.0222, ""missing_region"": 0.0302, ""mold"": 0.0341, ""scratch"": 0.0217, ""stain"": 0.0611, ""tear"": 0.0503}","{}","0","0","0","0","0","0","0","0","0","0","0","1","0","0","4dcd9febf1435f240152af3ed88a46aa518b7e9be97925e0bb8e5f769ee3d769","3074725","png"
"502","damaged_obvious_000353","damaged_obvious","353","photo-0217","0531.png","damaged_obvious_000353.png","dataset_images/damaged_obvious/damaged_obvious_000353.png","c31ed9ea005db1d46709e803e8c2c17e4e84dfc7f8619b8dc2ad6c6440ee74ab","2207","1622","outdoor_scene","RGB","existing_damage","train","real_damaged","赫达·莫里逊中国相册（Hedda Morrison）","","","","noise|uneven_exposure","2","texture_catalog_match_v1+source_attribute_v1","","{""crack"": 0.0244, ""dust"": 0.0269, ""fold"": 0.1112, ""missing_region"": 0.05, ""mold"": 0.1154, ""scratch"": 0.0318, ""stain"": 0.0896, ""tear"": 0.0922}","{}","0","0","0","0","0","0","0","0","0","0","0","1","0","1","c31ed9ea005db1d46709e803e8c2c17e4e84dfc7f8619b8dc2ad6c6440ee74ab","2735583","png"
"503","damaged_obvious_000354","damaged_obvious","354","photo-0218","0532.png","damaged_obvious_000354.png","dataset_images/damaged_obvious/damaged_obvious_000354.png","5dd40cf7632bc287a6d29d241ae88dcd14c6372493f6bf7a160eca41a7ed4b76","2186","1332","architecture","RGB","existing_damage","train","real_damaged","赫达·莫里逊中国相册（Hedda Morrison）","","","","noise","1","texture_catalog_match_v1+source_attribute_v1","","{""crack"": 0.0057, ""dust"": 0.0157, ""fold"": 0.0335, ""missing_region"": 0.0239, ""mold"": 0.0418, ""scratch"": 0.0236, ""stain"": 0.0659, ""tear"": 0.0363}","{}","0","0","0","0","0","0","0","0","0","0","0","1","0","0","5dd40cf7632bc287a6d29d241ae88dcd14c6372493f6bf7a160eca41a7ed4b76","2921130","png"
"504","damaged_obvious_000355","damaged_obvious","355","photo-0219","0533.png","damaged_obvious_000355.png","dataset_images/damaged_obvious/damaged_obvious_000355.png","d133fc994bb889da2d3fdad791a91c8ffecd44d6b81615eeb3023cee6e53582d","1597","2156","other","RGB","existing_damage","test","real_damaged","赫达·莫里逊中国相册（Hedda Morrison）","","","","noise","1","texture_catalog_match_v1+source_attribute_v1","","{""crack"": 0.0048, ""dust"": 0.0117, ""fold"": 0.0462, ""missing_region"": 0.0281, ""mold"": 0.0363, ""scratch"": 0.0232, ""stain"": 0.0445, ""tear"": 0.034}","{}","0","0","0","0","0","0","0","0","0","0","0","1","0","0","d133fc994bb889da2d3fdad791a91c8ffecd44d6b81615eeb3023cee6e53582d","2127622","png"
"505","damaged_obvious_000356","damaged_obvious","356","photo-0220","0534.png","damaged_obvious_000356.png","dataset_images/damaged_obvious/damaged_obvious_000356.png","643ab85f9ba8d5eafa3b9dfe4db4a499bf78b6582cdd4e213644fef44a68b379","1632","2161","other","RGB","existing_damage","test","real_damaged","赫达·莫里逊中国相册（Hedda Morrison）","","","","noise","1","texture_catalog_match_v1+source_attribute_v1","","{""crack"": 0.0089, ""dust"": 0.0163, ""fold"": 0.0495, ""missing_region"": 0.03, ""mold"": 0.0615, ""scratch"": 0.0211, ""stain"": 0.038, ""tear"": 0.0731}","{}","0","0","0","0","0","0","0","0","0","0","0","1","0","0","643ab85f9ba8d5eafa3b9dfe4db4a499bf78b6582cdd4e213644fef44a68b379","2133146","png"
"507","damaged_obvious_000357","damaged_obvious","357","photo-0222","0536.png","damaged_obvious_000357.png","dataset_images/damaged_obvious/damaged_obvious_000357.png","c2d6454407e19af6d63d7cc9da5bafe693d1632fe47133e76dd8fb12294d998d","1636","2210","other","RGB","existing_damage","train","real_damaged","赫达·莫里逊中国相册（Hedda Morrison）","","","","noise","1","texture_catalog_match_v1+source_attribute_v1","","{""crack"": 0.0134, ""dust"": 0.0259, ""fold"": 0.0865, ""missing_region"": 0.0435, ""mold"": 0.0826, ""scratch"": 0.0227, ""stain"": 0.0838, ""tear"": 0.0563}","{}","0","0","0","0","0","0","0","0","0","0","0","1","0","0","c2d6454407e19af6d63d7cc9da5bafe693d1632fe47133e76dd8fb12294d998d","2647566","png"
"508","damaged_obvious_000358","damaged_obvious","358","photo-0223","0537.png","damaged_obvious_000358.png","dataset_images/damaged_obvious/damaged_obvious_000358.png","29da07c023b1ca1e9941f884a773452cc89c49cbdf848300a50f2b765275a96b","1622","2160","other","RGB","existing_damage","train","real_damaged","赫达·莫里逊中国相册（Hedda Morrison）","","","","noise","1","texture_catalog_match_v1+source_attribute_v1","","{""crack"": 0.0039, ""dust"": 0.0129, ""fold"": 0.0184, ""missing_region"": 0.0214, ""mold"": 0.0247, ""scratch"": 0.0138, ""stain"": 0.0421, ""tear"": 0.0362}","{}","0","0","0","0","0","0","0","0","0","0","0","1","0","0","29da07c023b1ca1e9941f884a773452cc89c49cbdf848300a50f2b765275a96b","2861984","png"
"510","damaged_obvious_000359","damaged_obvious","359","photo-0225","0539.png","damaged_obvious_000359.png","dataset_images/damaged_obvious/damaged_obvious_000359.png","d13d236b7058132dac02dd71c8fe411af5e272d075dc702353f8a540a274b922","1637","2212","architecture","RGB","existing_damage","train","real_damaged","赫达·莫里逊中国相册（Hedda Morrison）","","","","noise","1","texture_catalog_match_v1+source_attribute_v1","","{""crack"": 0.0051, ""dust"": 0.0149, ""fold"": 0.0601, ""missing_region"": 0.0264, ""mold"": 0.07, ""scratch"": 0.0175, ""stain"": 0.0618, ""tear"": 0.0501}","{}","0","0","0","0","0","0","0","0","0","0","0","1","0","0","d13d236b7058132dac02dd71c8fe411af5e272d075dc702353f8a540a274b922","2192736","png"
"511","damaged_obvious_000360","damaged_obvious","360","photo-0226","0540.png","damaged_obvious_000360.png","dataset_images/damaged_obvious/damaged_obvious_000360.png","fd42d20910d20171679656287363e8f00f93b6bcf3871763ccf969d8fbdd8684","1652","2141","architecture","RGB","existing_damage","validation","real_damaged","赫达·莫里逊中国相册（Hedda Morrison）","","","","noise","1","texture_catalog_match_v1+source_attribute_v1","","{""crack"": 0.0043, ""dust"": 0.0226, ""fold"": 0.0771, ""missing_region"": 0.0673, ""mold"": 0.1158, ""scratch"": 0.0296, ""stain"": 0.0802, ""tear"": 0.1038}","{}","0","0","0","0","0","0","0","0","0","0","0","1","0","0","fd42d20910d20171679656287363e8f00f93b6bcf3871763ccf969d8fbdd8684","3316785","png"
"512","damaged_obvious_000361","damaged_obvious","361","photo-0227","0541.png","damaged_obvious_000361.png","dataset_images/damaged_obvious/damaged_obvious_000361.png","d54727a43ba2852e2a8d5d0a9181504488d5d831cdc4c181a6b157a4cc5fdd1d","1647","2217","architecture","RGB","existing_damage","train","real_damaged","赫达·莫里逊中国相册（Hedda Morrison）","","","","noise","1","texture_catalog_match_v1+source_attribute_v1","","{""crack"": 0.0026, ""dust"": 0.0075, ""fold"": 0.0304, ""missing_region"": 0.0324, ""mold"": 0.035, ""scratch"": 0.0171, ""stain"": 0.0325, ""tear"": 0.0324}","{}","0","0","0","0","0","0","0","0","0","0","0","1","0","0","d54727a43ba2852e2a8d5d0a9181504488d5d831cdc4c181a6b157a4cc5fdd1d","2999373","png"
"515","damaged_obvious_000362","damaged_obvious","362","photo-0230","0544.png","damaged_obvious_000362.png","dataset_images/damaged_obvious/damaged_obvious_000362.png","8d51af7de239aec720a73c68881412db9ecd99ac999647a20c5dc28bbe20eced","1658","2156","architecture","RGB","existing_damage","test","real_damaged","赫达·莫里逊中国相册（Hedda Morrison）","","","","noise","1","texture_catalog_match_v1+source_attribute_v1","","{""crack"": 0.0023, ""dust"": 0.0087, ""fold"": 0.0261, ""missing_region"": 0.0337, ""mold"": 0.0408, ""scratch"": 0.0155, ""stain"": 0.0885, ""tear"": 0.0479}","{}","0","0","0","0","0","0","0","0","0","0","0","1","0","0","8d51af7de239aec720a73c68881412db9ecd99ac999647a20c5dc28bbe20eced","3662625","png"
"516","damaged_obvious_000363","damaged_obvious","363","photo-0231","0545.png","damaged_obvious_000363.png","dataset_images/damaged_obvious/damaged_obvious_000363.png","f5e38ce22d5c91333d17774e4767fd0606e3f5f81ea9018eff5ceb8d9c59137c","1632","2156","architecture","RGB","existing_damage","train","real_damaged","赫达·莫里逊中国相册（Hedda Morrison）","","","","noise","1","texture_catalog_match_v1+source_attribute_v1","","{""crack"": 0.0004, ""dust"": 0.0013, ""fold"": 0.0147, ""missing_region"": 0.0117, ""mold"": 0.0165, ""scratch"": 0.0099, ""stain"": 0.017, ""tear"": 0.0176}","{}","0","0","0","0","0","0","0","0","0","0","0","1","0","0","f5e38ce22d5c91333d17774e4767fd0606e3f5f81ea9018eff5ceb8d9c59137c","3502749","png"
"517","damaged_obvious_000364","damaged_obvious","364","photo-0232","0546.png","damaged_obvious_000364.png","dataset_images/damaged_obvious/damaged_obvious_000364.png","e2dbd2510a5816dc027aef37e253efa09a00aa409095c50878952c655a539aad","1638","2156","other","RGB","existing_damage","train","real_damaged","赫达·莫里逊中国相册（Hedda Morrison）","","","","tear","1","texture_catalog_match_v1+source_attribute_v1","tear","{""crack"": 0.0092, ""dust"": 0.0234, ""fold"": 0.0617, ""missing_region"": 0.0417, ""mold"": 0.1083, ""scratch"": 0.0233, ""stain"": 0.079, ""tear"": 0.2664}","{""tear"": [""191.jpg"", ""051.jpg"", ""194.jpg""]}","0","0","0","0","0","0","1","0","0","0","0","0","0","0","e2dbd2510a5816dc027aef37e253efa09a00aa409095c50878952c655a539aad","2266028","png"
"520","damaged_obvious_000365","damaged_obvious","365","photo-0235","0549.png","damaged_obvious_000365.png","dataset_images/damaged_obvious/damaged_obvious_000365.png","b4d6a88171975eb8f3f73f240cf1e7b58bef384a27a8461512cb3db1b4181420","1596","2155","other","RGB","existing_damage","test","real_damaged","赫达·莫里逊中国相册（Hedda Morrison）","","","","noise","1","texture_catalog_match_v1+source_attribute_v1","","{""crack"": 0.0014, ""dust"": 0.0097, ""fold"": 0.0293, ""missing_region"": 0.0264, ""mold"": 0.0531, ""scratch"": 0.0147, ""stain"": 0.0957, ""tear"": 0.0595}","{}","0","0","0","0","0","0","0","0","0","0","0","1","0","0","b4d6a88171975eb8f3f73f240cf1e7b58bef384a27a8461512cb3db1b4181420","3338216","png"
"521","damaged_obvious_000366","damaged_obvious","366","photo-0236","0550.png","damaged_obvious_000366.png","dataset_images/damaged_obvious/damaged_obvious_000366.png","efbe73f32ec103d584d2253230683faaf6c3d82c88b73ffb4d4872fd6f7a8a28","1652","2161","other","RGB","existing_damage","train","real_damaged","赫达·莫里逊中国相册（Hedda Morrison）","","","","noise","1","texture_catalog_match_v1+source_attribute_v1","","{""crack"": 0.0029, ""dust"": 0.0181, ""fold"": 0.0559, ""missing_region"": 0.0441, ""mold"": 0.1474, ""scratch"": 0.0244, ""stain"": 0.121, ""tear"": 0.1024}","{}","0","0","0","0","0","0","0","0","0","0","0","1","0","0","efbe73f32ec103d584d2253230683faaf6c3d82c88b73ffb4d4872fd6f7a8a28","2986239","png"
"522","damaged_obvious_000367","damaged_obvious","367","photo-0237","0551.png","damaged_obvious_000367.png","dataset_images/damaged_obvious/damaged_obvious_000367.png","7b0d8a5c2f0a7b377c69dc2f92426452f48a6c4ce2dffdd56302792392cb6366","1611","2161","other","RGB","existing_damage","train","real_damaged","赫达·莫里逊中国相册（Hedda Morrison）","","","","noise","1","texture_catalog_match_v1+source_attribute_v1","","{""crack"": 0.0004, ""dust"": 0.0021, ""fold"": 0.0187, ""missing_region"": 0.0175, ""mold"": 0.0179, ""scratch"": 0.0105, ""stain"": 0.0646, ""tear"": 0.0397}","{}","0","0","0","0","0","0","0","0","0","0","0","1","0","0","7b0d8a5c2f0a7b377c69dc2f92426452f48a6c4ce2dffdd56302792392cb6366","2598297","png"
"523","damaged_obvious_000368","damaged_obvious","368","photo-0238","0552.png","damaged_obvious_000368.png","dataset_images/damaged_obvious/damaged_obvious_000368.png","36da315ec94d0228bea17e1efd8b03eaf82b63aa9eb21be56ded0f1608dcf78f","1642","2156","other","RGB","existing_damage","train","real_damaged","赫达·莫里逊中国相册（Hedda Morrison）","","","","noise","1","texture_catalog_match_v1+source_attribute_v1","","{""crack"": 0.0005, ""dust"": 0.0027, ""fold"": 0.0194, ""missing_region"": 0.0223, ""mold"": 0.0344, ""scratch"": 0.0157, ""stain"": 0.058, ""tear"": 0.0565}","{}","0","0","0","0","0","0","0","0","0","0","0","1","0","0","36da315ec94d0228bea17e1efd8b03eaf82b63aa9eb21be56ded0f1608dcf78f","3244109","png"
"524","damaged_obvious_000369","damaged_obvious","369","photo-0239","0553.png","damaged_obvious_000369.png","dataset_images/damaged_obvious/damaged_obvious_000369.png","f8c02cd6570bfe10fac264db4e48f25b703f832c9a7728f9bf3a6c4ea13ae81c","1637","2161","other","RGB","existing_damage","train","real_damaged","赫达·莫里逊中国相册（Hedda Morrison）","","","","noise","1","texture_catalog_match_v1+source_attribute_v1","","{""crack"": 0.0004, ""dust"": 0.0024, ""fold"": 0.0172, ""missing_region"": 0.0219, ""mold"": 0.0219, ""scratch"": 0.0098, ""stain"": 0.0456, ""tear"": 0.0522}","{}","0","0","0","0","0","0","0","0","0","0","0","1","0","0","f8c02cd6570bfe10fac264db4e48f25b703f832c9a7728f9bf3a6c4ea13ae81c","3261349","png"
"525","damaged_obvious_000370","damaged_obvious","370","photo-0240","0554.png","damaged_obvious_000370.png","dataset_images/damaged_obvious/damaged_obvious_000370.png","c79299b8ac6ac6f88e381d99d777151f8e0b8ec3c93066224320e1db9432c37c","1597","2151","other","RGB","existing_damage","validation","real_damaged","赫达·莫里逊中国相册（Hedda Morrison）","","","","noise","1","texture_catalog_match_v1+source_attribute_v1","","{""crack"": 0.0012, ""dust"": 0.0098, ""fold"": 0.0256, ""missing_region"": 0.0226, ""mold"": 0.048, ""scratch"": 0.0136, ""stain"": 0.076, ""tear"": 0.0505}","{}","0","0","0","0","0","0","0","0","0","0","0","1","0","0","c79299b8ac6ac6f88e381d99d777151f8e0b8ec3c93066224320e1db9432c37c","2694904","png"
"526","damaged_obvious_000371","damaged_obvious","371","photo-0241","0555.png","damaged_obvious_000371.png","dataset_images/damaged_obvious/damaged_obvious_000371.png","90580f63c32cb0866422914df434237782d578f657e54ab008a65c298d8da3b6","1642","2156","other","RGB","existing_damage","train","real_damaged","赫达·莫里逊中国相册（Hedda Morrison）","","","","noise","1","texture_catalog_match_v1+source_attribute_v1","","{""crack"": 0.0015, ""dust"": 0.006, ""fold"": 0.0279, ""missing_region"": 0.0319, ""mold"": 0.0565, ""scratch"": 0.0155, ""stain"": 0.0722, ""tear"": 0.0645}","{}","0","0","0","0","0","0","0","0","0","0","0","1","0","0","90580f63c32cb0866422914df434237782d578f657e54ab008a65c298d8da3b6","3260235","png"
"527","damaged_obvious_000372","damaged_obvious","372","photo-0242","0556.png","damaged_obvious_000372.png","dataset_images/damaged_obvious/damaged_obvious_000372.png","c7e193072ed030d06ab1455d86d18edfe16795221a66192ed84f33f188dd3777","1622","2171","other","RGB","existing_damage","train","real_damaged","赫达·莫里逊中国相册（Hedda Morrison）","","","","noise","1","texture_catalog_match_v1+source_attribute_v1","","{""crack"": 0.0026, ""dust"": 0.0134, ""fold"": 0.0387, ""missing_region"": 0.0619, ""mold"": 0.0433, ""scratch"": 0.0181, ""stain"": 0.069, ""tear"": 0.0839}","{}","0","0","0","0","0","0","0","0","0","0","0","1","0","0","c7e193072ed030d06ab1455d86d18edfe16795221a66192ed84f33f188dd3777","2918785","png"
"529","damaged_obvious_000373","damaged_obvious","373","photo-0244","0558.png","damaged_obvious_000373.png","dataset_images/damaged_obvious/damaged_obvious_000373.png","40577db36f3324fb84dd1c94c5bb0e1f2a517d3ccad3f22be564ec5deec1c5dd","1667","2166","other","RGB","existing_damage","train","real_damaged","赫达·莫里逊中国相册（Hedda Morrison）","","","","fold","1","texture_catalog_match_v1+source_attribute_v1","fold","{""crack"": 0.0161, ""dust"": 0.0355, ""fold"": 0.1427, ""missing_region"": 0.061, ""mold"": 0.1243, ""scratch"": 0.0321, ""stain"": 0.1498, ""tear"": 0.0871}","{""fold"": [""032.jpg"", ""123.jpg"", ""175.jpg""]}","0","0","1","0","0","0","0","0","0","0","0","0","0","0","40577db36f3324fb84dd1c94c5bb0e1f2a517d3ccad3f22be564ec5deec1c5dd","2875209","png"
"530","damaged_obvious_000374","damaged_obvious","374","photo-0245","0559.png","damaged_obvious_000374.png","dataset_images/damaged_obvious/damaged_obvious_000374.png","e20f0a34ae6b0664bc891fb77d004845b2707b3483ff64676963889691eb1b64","1632","2155","other","RGB","existing_damage","train","real_damaged","赫达·莫里逊中国相册（Hedda Morrison）","","","","noise","1","texture_catalog_match_v1+source_attribute_v1","","{""crack"": 0.0017, ""dust"": 0.0043, ""fold"": 0.0235, ""missing_region"": 0.0198, ""mold"": 0.031, ""scratch"": 0.0166, ""stain"": 0.0593, ""tear"": 0.0515}","{}","0","0","0","0","0","0","0","0","0","0","0","1","0","0","e20f0a34ae6b0664bc891fb77d004845b2707b3483ff64676963889691eb1b64","2750552","png"
"531","damaged_obvious_000375","damaged_obvious","375","photo-0246","0560.png","damaged_obvious_000375.png","dataset_images/damaged_obvious/damaged_obvious_000375.png","a8010891f5e6e2626048469e4afbc066d50e085a5c4d236a3b6c9dfe8549177a","1597","2151","other","RGB","existing_damage","test","real_damaged","赫达·莫里逊中国相册（Hedda Morrison）","","","","noise","1","texture_catalog_match_v1+source_attribute_v1","","{""crack"": 0.0011, ""dust"": 0.0071, ""fold"": 0.0315, ""missing_region"": 0.0379, ""mold"": 0.0635, ""scratch"": 0.0206, ""stain"": 0.0778, ""tear"": 0.0564}","{}","0","0","0","0","0","0","0","0","0","0","0","1","0","0","a8010891f5e6e2626048469e4afbc066d50e085a5c4d236a3b6c9dfe8549177a","2534414","png"
"532","damaged_obvious_000376","damaged_obvious","376","photo-0247","0561.png","damaged_obvious_000376.png","dataset_images/damaged_obvious/damaged_obvious_000376.png","82ef01d4259cfc6dee3327a9b3e871ec134c24cc2ca1364eced262022a21b32b","2187","1602","other","RGB","existing_damage","train","real_damaged","赫达·莫里逊中国相册（Hedda Morrison）","","","","noise","1","texture_catalog_match_v1+source_attribute_v1","","{""crack"": 0.0004, ""dust"": 0.0027, ""fold"": 0.0088, ""missing_region"": 0.0188, ""mold"": 0.015, ""scratch"": 0.005, ""stain"": 0.0302, ""tear"": 0.0507}","{}","0","0","0","0","0","0","0","0","0","0","0","1","0","0","82ef01d4259cfc6dee3327a9b3e871ec134c24cc2ca1364eced262022a21b32b","2961728","png"
"533","damaged_obvious_000377","damaged_obvious","377","photo-0248","0562.png","damaged_obvious_000377.png","dataset_images/damaged_obvious/damaged_obvious_000377.png","2006b945147f90382ec25e37cc63c329d97c6b03dfd282d095654875786b5e7c","1683","2160","other","RGB","existing_damage","train","real_damaged","赫达·莫里逊中国相册（Hedda Morrison）","","","","noise","1","texture_catalog_match_v1+source_attribute_v1","","{""crack"": 0.0047, ""dust"": 0.0143, ""fold"": 0.0516, ""missing_region"": 0.0286, ""mold"": 0.0522, ""scratch"": 0.0218, ""stain"": 0.0684, ""tear"": 0.0642}","{}","0","0","0","0","0","0","0","0","0","0","0","1","0","0","2006b945147f90382ec25e37cc63c329d97c6b03dfd282d095654875786b5e7c","2571033","png"
"534","damaged_obvious_000378","damaged_obvious","378","photo-0249","0563.png","damaged_obvious_000378.png","dataset_images/damaged_obvious/damaged_obvious_000378.png","7edcf2c8d349081f66e51cf77023b5e2227932ee48d186e74f3ea0af4be6a3fb","1632","2155","other","RGB","existing_damage","train","real_damaged","赫达·莫里逊中国相册（Hedda Morrison）","","","","noise","1","texture_catalog_match_v1+source_attribute_v1","","{""crack"": 0.0045, ""dust"": 0.0113, ""fold"": 0.037, ""missing_region"": 0.0416, ""mold"": 0.084, ""scratch"": 0.016, ""stain"": 0.0637, ""tear"": 0.0701}","{}","0","0","0","0","0","0","0","0","0","0","0","1","0","0","7edcf2c8d349081f66e51cf77023b5e2227932ee48d186e74f3ea0af4be6a3fb","2791907","png"
"535","damaged_obvious_000379","damaged_obvious","379","photo-0250","0564.png","damaged_obvious_000379.png","dataset_images/damaged_obvious/damaged_obvious_000379.png","d0228d5f86be0b4f22a6b0c36ebb674af7140f8b8c4b7be4b4eb5e6650dc5cfd","1632","2155","other","RGB","existing_damage","validation","real_damaged","赫达·莫里逊中国相册（Hedda Morrison）","","","","noise","1","texture_catalog_match_v1+source_attribute_v1","","{""crack"": 0.0065, ""dust"": 0.0199, ""fold"": 0.0557, ""missing_region"": 0.0665, ""mold"": 0.0607, ""scratch"": 0.0223, ""stain"": 0.0594, ""tear"": 0.0997}","{}","0","0","0","0","0","0","0","0","0","0","0","1","0","0","d0228d5f86be0b4f22a6b0c36ebb674af7140f8b8c4b7be4b4eb5e6650dc5cfd","2512694","png"
"536","damaged_obvious_000380","damaged_obvious","380","photo-0251","0565.png","damaged_obvious_000380.png","dataset_images/damaged_obvious/damaged_obvious_000380.png","457a5d72a423d21a0a0066bb4586cbbd3116a2640fb75b044007cd43519ee896","1653","2156","other","RGB","existing_damage","train","real_damaged","赫达·莫里逊中国相册（Hedda Morrison）","","","","noise","1","texture_catalog_match_v1+source_attribute_v1","","{""crack"": 0.0053, ""dust"": 0.017, ""fold"": 0.0279, ""missing_region"": 0.023, ""mold"": 0.0339, ""scratch"": 0.0154, ""stain"": 0.0343, ""tear"": 0.0313}","{}","0","0","0","0","0","0","0","0","0","0","0","1","0","0","457a5d72a423d21a0a0066bb4586cbbd3116a2640fb75b044007cd43519ee896","2709278","png"
"537","damaged_obvious_000381","damaged_obvious","381","photo-0252","0566.png","damaged_obvious_000381.png","dataset_images/damaged_obvious/damaged_obvious_000381.png","a98a9677c3afe4cfca934b53044731c653002731048dbfeced3dce639e6529b9","1596","2156","other","RGB","existing_damage","train","real_damaged","赫达·莫里逊中国相册（Hedda Morrison）","","","","noise","1","texture_catalog_match_v1+source_attribute_v1","","{""crack"": 0.0099, ""dust"": 0.0221, ""fold"": 0.0528, ""missing_region"": 0.043, ""mold"": 0.0536, ""scratch"": 0.0196, ""stain"": 0.0848, ""tear"": 0.0822}","{}","0","0","0","0","0","0","0","0","0","0","0","1","0","0","a98a9677c3afe4cfca934b53044731c653002731048dbfeced3dce639e6529b9","2563068","png"
"538","damaged_obvious_000382","damaged_obvious","382","photo-0253","0567.png","damaged_obvious_000382.png","dataset_images/damaged_obvious/damaged_obvious_000382.png","b622afc924a7279dc651b09073805b20be9f66574279e229c201545dba15f5b6","1627","2161","other","RGB","existing_damage","train","real_damaged","赫达·莫里逊中国相册（Hedda Morrison）","","","","noise","1","texture_catalog_match_v1+source_attribute_v1","","{""crack"": 0.0029, ""dust"": 0.0117, ""fold"": 0.0241, ""missing_region"": 0.0337, ""mold"": 0.0577, ""scratch"": 0.0102, ""stain"": 0.0701, ""tear"": 0.0467}","{}","0","0","0","0","0","0","0","0","0","0","0","1","0","0","b622afc924a7279dc651b09073805b20be9f66574279e229c201545dba15f5b6","3111526","png"
"539","damaged_obvious_000383","damaged_obvious","383","photo-0254","0568.png","damaged_obvious_000383.png","dataset_images/damaged_obvious/damaged_obvious_000383.png","88462623d9ab3fdd711614f09352f73c7b02908bb1e379954c6fc5d73fa02fa0","2196","1607","other","RGB","existing_damage","train","real_damaged","赫达·莫里逊中国相册（Hedda Morrison）","","","","noise","1","texture_catalog_match_v1+source_attribute_v1","","{""crack"": 0.0079, ""dust"": 0.0157, ""fold"": 0.0314, ""missing_region"": 0.0566, ""mold"": 0.0466, ""scratch"": 0.0258, ""stain"": 0.1162, ""tear"": 0.0944}","{}","0","0","0","0","0","0","0","0","0","0","0","1","0","0","88462623d9ab3fdd711614f09352f73c7b02908bb1e379954c6fc5d73fa02fa0","2442414","png"
"540","damaged_obvious_000384","damaged_obvious","384","photo-0255","0569.png","damaged_obvious_000384.png","dataset_images/damaged_obvious/damaged_obvious_000384.png","180cd50d187d147ade0b8985d99eb2ecf97839045902138f70563f19c902a673","2192","1607","other","RGB","existing_damage","test","real_damaged","赫达·莫里逊中国相册（Hedda Morrison）","","","","fold|stain","2","texture_catalog_match_v1+source_attribute_v1","fold|stain","{""crack"": 0.0053, ""dust"": 0.032, ""fold"": 0.146, ""missing_region"": 0.0763, ""mold"": 0.1616, ""scratch"": 0.0314, ""stain"": 0.1902, ""tear"": 0.1523}","{""fold"": [""123.jpg"", ""032.jpg"", ""089.jpg""], ""stain"": [""096.jpg"", ""134.jpg"", ""229.jpg""]}","0","0","1","0","1","0","0","0","0","0","0","0","0","0","180cd50d187d147ade0b8985d99eb2ecf97839045902138f70563f19c902a673","3044614","png"
"541","damaged_obvious_000385","damaged_obvious","385","photo-0256","0570.png","damaged_obvious_000385.png","dataset_images/damaged_obvious/damaged_obvious_000385.png","846495846c8e3a577b068abc1775b86fc851ce966dcbda534def653605108a1d","1638","2161","other","RGB","existing_damage","train","real_damaged","赫达·莫里逊中国相册（Hedda Morrison）","","","","noise","1","texture_catalog_match_v1+source_attribute_v1","","{""crack"": 0.0248, ""dust"": 0.0259, ""fold"": 0.0587, ""missing_region"": 0.0303, ""mold"": 0.0537, ""scratch"": 0.0251, ""stain"": 0.0834, ""tear"": 0.0639}","{}","0","0","0","0","0","0","0","0","0","0","0","1","0","0","846495846c8e3a577b068abc1775b86fc851ce966dcbda534def653605108a1d","2157039","png"
"542","damaged_obvious_000386","damaged_obvious","386","photo-0257","0571.png","damaged_obvious_000386.png","dataset_images/damaged_obvious/damaged_obvious_000386.png","ada4f2b7a136ba47fdde5077932ce10ef1399c0a08827bb68e2306ce11458754","1632","2161","other","RGB","existing_damage","test","real_damaged","赫达·莫里逊中国相册（Hedda Morrison）","","","","noise","1","texture_catalog_match_v1+source_attribute_v1","","{""crack"": 0.0083, ""dust"": 0.0168, ""fold"": 0.041, ""missing_region"": 0.0624, ""mold"": 0.0762, ""scratch"": 0.0155, ""stain"": 0.1205, ""tear"": 0.0656}","{}","0","0","0","0","0","0","0","0","0","0","0","1","0","0","ada4f2b7a136ba47fdde5077932ce10ef1399c0a08827bb68e2306ce11458754","2163691","png"
"545","damaged_obvious_000387","damaged_obvious","387","photo-0260","0574.png","damaged_obvious_000387.png","dataset_images/damaged_obvious/damaged_obvious_000387.png","615e08f5f3cebfd17148869cf9d7cba5b6cb1a4cf3939918c0f73ad889a7b5aa","2252","1607","other","RGB","existing_damage","test","real_damaged","赫达·莫里逊中国相册（Hedda Morrison）","","","","noise","1","texture_catalog_match_v1+source_attribute_v1","","{""crack"": 0.0043, ""dust"": 0.0136, ""fold"": 0.0439, ""missing_region"": 0.0545, ""mold"": 0.0732, ""scratch"": 0.0296, ""stain"": 0.0759, ""tear"": 0.07}","{}","0","0","0","0","0","0","0","0","0","0","0","1","0","0","615e08f5f3cebfd17148869cf9d7cba5b6cb1a4cf3939918c0f73ad889a7b5aa","3144958","png"
"546","damaged_obvious_000388","damaged_obvious","388","photo-0261","0575.png","damaged_obvious_000388.png","dataset_images/damaged_obvious/damaged_obvious_000388.png","3330c0903b6bfe3edd197e5f7990972ecbc23c92aac8173dc23b4ce1cb3be920","2192","1611","other","RGB","existing_damage","train","real_damaged","赫达·莫里逊中国相册（Hedda Morrison）","","","","noise","1","texture_catalog_match_v1+source_attribute_v1","","{""crack"": 0.0021, ""dust"": 0.0085, ""fold"": 0.0284, ""missing_region"": 0.0396, ""mold"": 0.0405, ""scratch"": 0.0143, ""stain"": 0.0426, ""tear"": 0.0396}","{}","0","0","0","0","0","0","0","0","0","0","0","1","0","0","3330c0903b6bfe3edd197e5f7990972ecbc23c92aac8173dc23b4ce1cb3be920","3430178","png"
"547","damaged_obvious_000389","damaged_obvious","389","photo-0262","0576.png","damaged_obvious_000389.png","dataset_images/damaged_obvious/damaged_obvious_000389.png","66bf72a5023ee0e659e36583e7844f18936557a3224489dc649aba6e79286169","1698","2156","other","RGB","existing_damage","train","real_damaged","赫达·莫里逊中国相册（Hedda Morrison）","","","","noise","1","texture_catalog_match_v1+source_attribute_v1","","{""crack"": 0.0075, ""dust"": 0.0155, ""fold"": 0.0324, ""missing_region"": 0.0447, ""mold"": 0.0332, ""scratch"": 0.0159, ""stain"": 0.0658, ""tear"": 0.0791}","{}","0","0","0","0","0","0","0","0","0","0","0","1","0","0","66bf72a5023ee0e659e36583e7844f18936557a3224489dc649aba6e79286169","2694766","png"
"549","damaged_obvious_000390","damaged_obvious","390","photo-0264","0578.png","damaged_obvious_000390.png","dataset_images/damaged_obvious/damaged_obvious_000390.png","64ac254de18a016fac7de843267aef3fb4eec5d3869cccc4ba0aff66b446a7fe","2186","1454","architecture","RGB","existing_damage","train","real_damaged","赫达·莫里逊中国相册（Hedda Morrison）","","","","noise|uneven_exposure","2","texture_catalog_match_v1+source_attribute_v1","","{""crack"": 0.03, ""dust"": 0.031, ""fold"": 0.0447, ""missing_region"": 0.0311, ""mold"": 0.0311, ""scratch"": 0.0317, ""stain"": 0.0409, ""tear"": 0.057}","{}","0","0","0","0","0","0","0","0","0","0","0","1","0","1","64ac254de18a016fac7de843267aef3fb4eec5d3869cccc4ba0aff66b446a7fe","1568752","png"
"550","damaged_obvious_000391","damaged_obvious","391","photo-0265","0579.png","damaged_obvious_000391.png","dataset_images/damaged_obvious/damaged_obvious_000391.png","cc6e28c886d13c16231a853e9a6b98b3dfc993100d9fc186515899f05aa01ceb","1637","2151","architecture","RGB","existing_damage","train","real_damaged","赫达·莫里逊中国相册（Hedda Morrison）","","","","noise","1","texture_catalog_match_v1+source_attribute_v1","","{""crack"": 0.0007, ""dust"": 0.0047, ""fold"": 0.0111, ""missing_region"": 0.0208, ""mold"": 0.0158, ""scratch"": 0.007, ""stain"": 0.034, ""tear"": 0.0396}","{}","0","0","0","0","0","0","0","0","0","0","0","1","0","0","cc6e28c886d13c16231a853e9a6b98b3dfc993100d9fc186515899f05aa01ceb","2992759","png"
"551","damaged_obvious_000392","damaged_obvious","392","photo-0266","0580.png","damaged_obvious_000392.png","dataset_images/damaged_obvious/damaged_obvious_000392.png","c40bfb394f0454f3bb84f8a11557a6b0ee712f9fad56644da821d58ea7cc615c","1632","2161","other","RGB","existing_damage","train","real_damaged","赫达·莫里逊中国相册（Hedda Morrison）","","","","noise","1","texture_catalog_match_v1+source_attribute_v1","","{""crack"": 0.0067, ""dust"": 0.0259, ""fold"": 0.0767, ""missing_region"": 0.0772, ""mold"": 0.1142, ""scratch"": 0.0301, ""stain"": 0.0779, ""tear"": 0.0772}","{}","0","0","0","0","0","0","0","0","0","0","0","1","0","0","c40bfb394f0454f3bb84f8a11557a6b0ee712f9fad56644da821d58ea7cc615c","2465394","png"
"552","damaged_obvious_000393","damaged_obvious","393","photo-0267","0581.png","damaged_obvious_000393.png","dataset_images/damaged_obvious/damaged_obvious_000393.png","bdb8f8131e3064c83b1c43ea0624f590034084fa11d84a7289b717d06e99c693","2186","1596","other","RGB","existing_damage","train","real_damaged","赫达·莫里逊中国相册（Hedda Morrison）","","","","noise","1","texture_catalog_match_v1+source_attribute_v1","","{""crack"": 0.001, ""dust"": 0.0092, ""fold"": 0.0171, ""missing_region"": 0.0217, ""mold"": 0.0274, ""scratch"": 0.0094, ""stain"": 0.0457, ""tear"": 0.0506}","{}","0","0","0","0","0","0","0","0","0","0","0","1","0","0","bdb8f8131e3064c83b1c43ea0624f590034084fa11d84a7289b717d06e99c693","2848157","png"
"553","damaged_obvious_000394","damaged_obvious","394","photo-0268","0582.png","damaged_obvious_000394.png","dataset_images/damaged_obvious/damaged_obvious_000394.png","967474d9bdbbf03322cdae52b5a35b653e11006ee428443cb73fe84cd8070627","1602","2151","other","RGB","existing_damage","train","real_damaged","赫达·莫里逊中国相册（Hedda Morrison）","","","","noise","1","texture_catalog_match_v1+source_attribute_v1","","{""crack"": 0.0014, ""dust"": 0.0078, ""fold"": 0.0222, ""missing_region"": 0.0546, ""mold"": 0.0542, ""scratch"": 0.0167, ""stain"": 0.0581, ""tear"": 0.0672}","{}","0","0","0","0","0","0","0","0","0","0","0","1","0","0","967474d9bdbbf03322cdae52b5a35b653e11006ee428443cb73fe84cd8070627","3186008","png"
"554","damaged_obvious_000395","damaged_obvious","395","photo-0269","0583.png","damaged_obvious_000395.png","dataset_images/damaged_obvious/damaged_obvious_000395.png","e44b4ecab5558bbc4269be5bc483f509a4d1a88981a647b53a2a4a5890752287","2181","1520","architecture","RGB","existing_damage","train","real_damaged","赫达·莫里逊中国相册（Hedda Morrison）","","","","fold","1","texture_catalog_match_v1+source_attribute_v1","fold","{""crack"": 0.0082, ""dust"": 0.0439, ""fold"": 0.1692, ""missing_region"": 0.073, ""mold"": 0.1321, ""scratch"": 0.0411, ""stain"": 0.1346, ""tear"": 0.1056}","{""fold"": [""123.jpg"", ""032.jpg"", ""175.jpg""]}","0","0","1","0","0","0","0","0","0","0","0","0","0","0","e44b4ecab5558bbc4269be5bc483f509a4d1a88981a647b53a2a4a5890752287","2896214","png"
"556","damaged_obvious_000396","damaged_obvious","396","photo-0271","0585.png","damaged_obvious_000396.png","dataset_images/damaged_obvious/damaged_obvious_000396.png","d63a615232f5ec566f94c2d6cb7e9217d9e0ba2c7dcd0a6ccefa60cb5b3f96d8","2186","1611","architecture","RGB","existing_damage","train","real_damaged","赫达·莫里逊中国相册（Hedda Morrison）","","","","noise","1","texture_catalog_match_v1+source_attribute_v1","","{""crack"": 0.0082, ""dust"": 0.0123, ""fold"": 0.058, ""missing_region"": 0.0283, ""mold"": 0.0653, ""scratch"": 0.0146, ""stain"": 0.0882, ""tear"": 0.0814}","{}","0","0","0","0","0","0","0","0","0","0","0","1","0","0","d63a615232f5ec566f94c2d6cb7e9217d9e0ba2c7dcd0a6ccefa60cb5b3f96d8","3220333","png"
"557","damaged_obvious_000397","damaged_obvious","397","photo-0272","0586.png","damaged_obvious_000397.png","dataset_images/damaged_obvious/damaged_obvious_000397.png","c2346791f1f88cd84a1c0fedec20702cdb8c4e2863196ee9243582f475bbbc3d","1638","2166","architecture","RGB","existing_damage","validation","real_damaged","赫达·莫里逊中国相册（Hedda Morrison）","","","","noise","1","texture_catalog_match_v1+source_attribute_v1","","{""crack"": 0.0052, ""dust"": 0.0138, ""fold"": 0.0268, ""missing_region"": 0.0529, ""mold"": 0.0569, ""scratch"": 0.0197, ""stain"": 0.0575, ""tear"": 0.0858}","{}","0","0","0","0","0","0","0","0","0","0","0","1","0","0","c2346791f1f88cd84a1c0fedec20702cdb8c4e2863196ee9243582f475bbbc3d","3017100","png"
"558","damaged_obvious_000398","damaged_obvious","398","photo-0273","0587.png","damaged_obvious_000398.png","dataset_images/damaged_obvious/damaged_obvious_000398.png","a518f3b808a5cff41aef921cb8815456b463e4402e97fdf2b9b079626adff4da","1652","2161","other","RGB","existing_damage","train","real_damaged","赫达·莫里逊中国相册（Hedda Morrison）","","","","noise","1","texture_catalog_match_v1+source_attribute_v1","","{""crack"": 0.0017, ""dust"": 0.0066, ""fold"": 0.0256, ""missing_region"": 0.0201, ""mold"": 0.0309, ""scratch"": 0.0169, ""stain"": 0.0452, ""tear"": 0.0526}","{}","0","0","0","0","0","0","0","0","0","0","0","1","0","0","a518f3b808a5cff41aef921cb8815456b463e4402e97fdf2b9b079626adff4da","3057004","png"
"559","damaged_obvious_000399","damaged_obvious","399","photo-0274","0588.png","damaged_obvious_000399.png","dataset_images/damaged_obvious/damaged_obvious_000399.png","8f2bdec1c6eb8e75784030bd18e69f7eb11210ededa9869a9ebb7857c17c8712","1658","2171","other","RGB","existing_damage","train","real_damaged","赫达·莫里逊中国相册（Hedda Morrison）","","","","noise","1","texture_catalog_match_v1+source_attribute_v1","","{""crack"": 0.0072, ""dust"": 0.0171, ""fold"": 0.0393, ""missing_region"": 0.0265, ""mold"": 0.0412, ""scratch"": 0.0181, ""stain"": 0.0478, ""tear"": 0.0466}","{}","0","0","0","0","0","0","0","0","0","0","0","1","0","0","8f2bdec1c6eb8e75784030bd18e69f7eb11210ededa9869a9ebb7857c17c8712","3129907","png"
"561","damaged_obvious_000400","damaged_obvious","400","photo-0276","0590.png","damaged_obvious_000400.png","dataset_images/damaged_obvious/damaged_obvious_000400.png","416b95926693216c5bd492913ba0695b37faaf3be8bb64c6b55c4fa268fbc59b","1642","2151","other","RGB","existing_damage","train","real_damaged","赫达·莫里逊中国相册（Hedda Morrison）","","","","noise","1","texture_catalog_match_v1+source_attribute_v1","","{""crack"": 0.0042, ""dust"": 0.0245, ""fold"": 0.0734, ""missing_region"": 0.0641, ""mold"": 0.1604, ""scratch"": 0.0399, ""stain"": 0.0777, ""tear"": 0.0952}","{}","0","0","0","0","0","0","0","0","0","0","0","1","0","0","416b95926693216c5bd492913ba0695b37faaf3be8bb64c6b55c4fa268fbc59b","3032036","png"
"562","damaged_obvious_000401","damaged_obvious","401","photo-0277","0591.png","damaged_obvious_000401.png","dataset_images/damaged_obvious/damaged_obvious_000401.png","6db2e30a0edcef2935e47ec381f9d45c53b8f5f02dbb030676b0b2caaf4e5dc5","1596","2151","other","RGB","existing_damage","train","real_damaged","赫达·莫里逊中国相册（Hedda Morrison）","","","","tear|missing_region","2","texture_catalog_match_v1+source_attribute_v1","missing_region|tear","{""crack"": 0.0063, ""dust"": 0.0285, ""fold"": 0.1263, ""missing_region"": 0.131, ""mold"": 0.1279, ""scratch"": 0.0315, ""stain"": 0.1366, ""tear"": 0.1839}","{""missing_region"": [""051.jpg"", ""170.jpg"", ""141.jpg""], ""tear"": [""191.jpg"", ""051.jpg"", ""194.jpg""]}","0","0","0","0","0","0","1","1","0","0","0","0","0","0","6db2e30a0edcef2935e47ec381f9d45c53b8f5f02dbb030676b0b2caaf4e5dc5","2904698","png"
"563","damaged_obvious_000402","damaged_obvious","402","photo-0278","0592.png","damaged_obvious_000402.png","dataset_images/damaged_obvious/damaged_obvious_000402.png","952737ab14100b2a7afeb784c5e0b1396b8c4c64a8d34bc83918b4ddad955821","1632","2161","other","RGB","existing_damage","train","real_damaged","赫达·莫里逊中国相册（Hedda Morrison）","","","","noise","1","texture_catalog_match_v1+source_attribute_v1","","{""crack"": 0.0091, ""dust"": 0.029, ""fold"": 0.0589, ""missing_region"": 0.0361, ""mold"": 0.0529, ""scratch"": 0.0218, ""stain"": 0.0664, ""tear"": 0.0645}","{}","0","0","0","0","0","0","0","0","0","0","0","1","0","0","952737ab14100b2a7afeb784c5e0b1396b8c4c64a8d34bc83918b4ddad955821","2529732","png"
"567","damaged_obvious_000403","damaged_obvious","403","photo-0282","0596.png","damaged_obvious_000403.png","dataset_images/damaged_obvious/damaged_obvious_000403.png","c0ad0950baf17e64a3a7865952a1b6e65dc04fd160b4b8da614e243bb6a35425","1688","2150","architecture","RGB","existing_damage","train","real_damaged","赫达·莫里逊中国相册（Hedda Morrison）","","","","noise|uneven_exposure","2","texture_catalog_match_v1+source_attribute_v1","","{""crack"": 0.0194, ""dust"": 0.0221, ""fold"": 0.0289, ""missing_region"": 0.0222, ""mold"": 0.0276, ""scratch"": 0.024, ""stain"": 0.0356, ""tear"": 0.0349}","{}","0","0","0","0","0","0","0","0","0","0","0","1","0","1","c0ad0950baf17e64a3a7865952a1b6e65dc04fd160b4b8da614e243bb6a35425","2418162","png"
"568","damaged_obvious_000404","damaged_obvious","404","photo-0283","0597.png","damaged_obvious_000404.png","dataset_images/damaged_obvious/damaged_obvious_000404.png","40b2065ebab5add3fe9a399908ec9578f170ec9c1bed9669b6e9b259a30c9395","1653","2172","other","RGB","existing_damage","train","real_damaged","赫达·莫里逊中国相册（Hedda Morrison）","","","","noise","1","texture_catalog_match_v1+source_attribute_v1","","{""crack"": 0.0017, ""dust"": 0.0074, ""fold"": 0.0265, ""missing_region"": 0.0209, ""mold"": 0.0382, ""scratch"": 0.0181, ""stain"": 0.0369, ""tear"": 0.0257}","{}","0","0","0","0","0","0","0","0","0","0","0","1","0","0","40b2065ebab5add3fe9a399908ec9578f170ec9c1bed9669b6e9b259a30c9395","3534778","png"
"569","damaged_obvious_000405","damaged_obvious","405","photo-0284","0598.png","damaged_obvious_000405.png","dataset_images/damaged_obvious/damaged_obvious_000405.png","9ad03b84ce51d0f548368e0b4a9386c7c3db958a4ca015db0680fb528376cc49","1602","2156","other","RGB","existing_damage","train","real_damaged","赫达·莫里逊中国相册（Hedda Morrison）","","","","noise","1","texture_catalog_match_v1+source_attribute_v1","","{""crack"": 0.0007, ""dust"": 0.0023, ""fold"": 0.0053, ""missing_region"": 0.0141, ""mold"": 0.013, ""scratch"": 0.0042, ""stain"": 0.0322, ""tear"": 0.0141}","{}","0","0","0","0","0","0","0","0","0","0","0","1","0","0","9ad03b84ce51d0f548368e0b4a9386c7c3db958a4ca015db0680fb528376cc49","2889269","png"
"570","damaged_obvious_000406","damaged_obvious","406","photo-0285","0599.png","damaged_obvious_000406.png","dataset_images/damaged_obvious/damaged_obvious_000406.png","1cf2ca4258b16de9eb9300180883d78acea3b2333bfdd16a887d2b50452ff8da","1632","2166","other","RGB","existing_damage","test","real_damaged","赫达·莫里逊中国相册（Hedda Morrison）","","","","noise","1","texture_catalog_match_v1+source_attribute_v1","","{""crack"": 0.0096, ""dust"": 0.0301, ""fold"": 0.0703, ""missing_region"": 0.0563, ""mold"": 0.0705, ""scratch"": 0.0205, ""stain"": 0.0891, ""tear"": 0.0796}","{}","0","0","0","0","0","0","0","0","0","0","0","1","0","0","1cf2ca4258b16de9eb9300180883d78acea3b2333bfdd16a887d2b50452ff8da","2889857","png"
"573","damaged_obvious_000407","damaged_obvious","407","photo-0288","0602.png","damaged_obvious_000407.png","dataset_images/damaged_obvious/damaged_obvious_000407.png","5be150c887882b2b71bc3047a281c33bab76cc69805dfa570e90df2702f4547e","1627","2161","other","RGB","existing_damage","train","real_damaged","赫达·莫里逊中国相册（Hedda Morrison）","","","","noise|uneven_exposure","2","texture_catalog_match_v1+source_attribute_v1","","{""crack"": 0.0018, ""dust"": 0.0068, ""fold"": 0.0106, ""missing_region"": 0.0227, ""mold"": 0.0201, ""scratch"": 0.0079, ""stain"": 0.0256, ""tear"": 0.0227}","{}","0","0","0","0","0","0","0","0","0","0","0","1","0","1","5be150c887882b2b71bc3047a281c33bab76cc69805dfa570e90df2702f4547e","2548355","png"
"576","damaged_obvious_000408","damaged_obvious","408","photo-0291","0605.png","damaged_obvious_000408.png","dataset_images/damaged_obvious/damaged_obvious_000408.png","4f518dadb1cd6bb2ea18cfb5238db6cbc1bfbcc277330b45708dfe5717fb9120","1668","2166","outdoor_scene","RGB","existing_damage","train","real_damaged","赫达·莫里逊中国相册（Hedda Morrison）","","","","noise|uneven_exposure","2","texture_catalog_match_v1+source_attribute_v1","","{""crack"": 0.0192, ""dust"": 0.0261, ""fold"": 0.0427, ""missing_region"": 0.0325, ""mold"": 0.0512, ""scratch"": 0.0254, ""stain"": 0.0877, ""tear"": 0.059}","{}","0","0","0","0","0","0","0","0","0","0","0","1","0","1","4f518dadb1cd6bb2ea18cfb5238db6cbc1bfbcc277330b45708dfe5717fb9120","2674484","png"
"582","damaged_obvious_000409","damaged_obvious","409","photo-0297","0611.png","damaged_obvious_000409.png","dataset_images/damaged_obvious/damaged_obvious_000409.png","5bca964e67fc850bfd1251645b7123681d9f5fa92171e5076628519b2cf6c0b1","1702","2257","architecture","RGB","existing_damage","validation","real_damaged","赫达·莫里逊中国相册（Hedda Morrison）","","","","noise","1","texture_catalog_match_v1+source_attribute_v1","","{""crack"": 0.0011, ""dust"": 0.004, ""fold"": 0.0309, ""missing_region"": 0.0301, ""mold"": 0.0211, ""scratch"": 0.0121, ""stain"": 0.0198, ""tear"": 0.0301}","{}","0","0","0","0","0","0","0","0","0","0","0","1","0","0","5bca964e67fc850bfd1251645b7123681d9f5fa92171e5076628519b2cf6c0b1","3872055","png"
"584","damaged_obvious_000410","damaged_obvious","410","photo-0299","0613.png","damaged_obvious_000410.png","dataset_images/damaged_obvious/damaged_obvious_000410.png","d8f3238fd732dc7ca3002b40abd1df987e28b7c7fc59150effc3399fe54f9d6c","1757","2262","architecture","RGB","existing_damage","train","real_damaged","赫达·莫里逊中国相册（Hedda Morrison）","","","","noise","1","texture_catalog_match_v1+source_attribute_v1","","{""crack"": 0.0055, ""dust"": 0.0074, ""fold"": 0.0189, ""missing_region"": 0.0257, ""mold"": 0.0431, ""scratch"": 0.011, ""stain"": 0.0284, ""tear"": 0.036}","{}","0","0","0","0","0","0","0","0","0","0","0","1","0","0","d8f3238fd732dc7ca3002b40abd1df987e28b7c7fc59150effc3399fe54f9d6c","3488384","png"
"585","damaged_obvious_000411","damaged_obvious","411","photo-0300","0614.png","damaged_obvious_000411.png","dataset_images/damaged_obvious/damaged_obvious_000411.png","1011f28248beaa956eaa081e2934c5fb5018352c77a6cc160125424af78a18fe","2257","1722","architecture","RGB","existing_damage","test","real_damaged","赫达·莫里逊中国相册（Hedda Morrison）","","","","noise|uneven_exposure","2","texture_catalog_match_v1+source_attribute_v1","","{""crack"": 0.0195, ""dust"": 0.0192, ""fold"": 0.0457, ""missing_region"": 0.0237, ""mold"": 0.0335, ""scratch"": 0.0185, ""stain"": 0.0442, ""tear"": 0.0627}","{}","0","0","0","0","0","0","0","0","0","0","0","1","0","1","1011f28248beaa956eaa081e2934c5fb5018352c77a6cc160125424af78a18fe","3323458","png"
"586","damaged_obvious_000412","damaged_obvious","412","photo-0301","0615.png","damaged_obvious_000412.png","dataset_images/damaged_obvious/damaged_obvious_000412.png","f99f8f55bf5f57902345db265be60399e13ada3954c6b7de4992df7175336cde","1753","2247","single_portrait","RGB","existing_damage","train","real_damaged","赫达·莫里逊中国相册（Hedda Morrison）","","","","noise","1","texture_catalog_match_v1+source_attribute_v1","","{""crack"": 0.0077, ""dust"": 0.0105, ""fold"": 0.0476, ""missing_region"": 0.0242, ""mold"": 0.0289, ""scratch"": 0.0206, ""stain"": 0.0285, ""tear"": 0.0341}","{}","0","0","0","0","0","0","0","0","0","0","0","1","0","0","f99f8f55bf5f57902345db265be60399e13ada3954c6b7de4992df7175336cde","3405369","png"
"588","damaged_obvious_000413","damaged_obvious","413","photo-0303","0617.png","damaged_obvious_000413.png","dataset_images/damaged_obvious/damaged_obvious_000413.png","35da982001eebf48e133ec952c8e40f8da1887be04a27ca4ba2af4f15e126da9","1707","2252","architecture","RGB","existing_damage","train","real_damaged","赫达·莫里逊中国相册（Hedda Morrison）","","","","noise","1","texture_catalog_match_v1+source_attribute_v1","","{""crack"": 0.0033, ""dust"": 0.0116, ""fold"": 0.0544, ""missing_region"": 0.0299, ""mold"": 0.058, ""scratch"": 0.0283, ""stain"": 0.0593, ""tear"": 0.0485}","{}","0","0","0","0","0","0","0","0","0","0","0","1","0","0","35da982001eebf48e133ec952c8e40f8da1887be04a27ca4ba2af4f15e126da9","3897725","png"
"589","damaged_obvious_000414","damaged_obvious","414","photo-0304","0618.png","damaged_obvious_000414.png","dataset_images/damaged_obvious/damaged_obvious_000414.png","6a0d5874a4b513698dc316a4812e2f6b7b8d5d8550e57682ca5541033f63beca","1747","2247","architecture","RGB","existing_damage","test","real_damaged","赫达·莫里逊中国相册（Hedda Morrison）","","","","noise","1","texture_catalog_match_v1+source_attribute_v1","","{""crack"": 0.0006, ""dust"": 0.004, ""fold"": 0.0123, ""missing_region"": 0.0222, ""mold"": 0.0271, ""scratch"": 0.0067, ""stain"": 0.0363, ""tear"": 0.0452}","{}","0","0","0","0","0","0","0","0","0","0","0","1","0","0","6a0d5874a4b513698dc316a4812e2f6b7b8d5d8550e57682ca5541033f63beca","2767621","png"
"590","damaged_obvious_000415","damaged_obvious","415","photo-0305","0619.png","damaged_obvious_000415.png","dataset_images/damaged_obvious/damaged_obvious_000415.png","d5b83f485629ea0c755d2646715dd67770de802442210e51f42d93ac035bc7a9","1706","2267","outdoor_scene","RGB","existing_damage","train","real_damaged","赫达·莫里逊中国相册（Hedda Morrison）","","","","noise|uneven_exposure","2","texture_catalog_match_v1+source_attribute_v1","","{""crack"": 0.0254, ""dust"": 0.0277, ""fold"": 0.0546, ""missing_region"": 0.0263, ""mold"": 0.0341, ""scratch"": 0.0254, ""stain"": 0.0439, ""tear"": 0.0683}","{}","0","0","0","0","0","0","0","0","0","0","0","1","0","1","d5b83f485629ea0c755d2646715dd67770de802442210e51f42d93ac035bc7a9","2673559","png"
"591","damaged_obvious_000416","damaged_obvious","416","photo-0306","0620.png","damaged_obvious_000416.png","dataset_images/damaged_obvious/damaged_obvious_000416.png","67830f3c1e7e054055ae657b45674acdf01d194e14c7605c11a9bc86e25a57be","1706","2268","outdoor_scene","RGB","existing_damage","train","real_damaged","赫达·莫里逊中国相册（Hedda Morrison）","","","","noise|uneven_exposure","2","texture_catalog_match_v1+source_attribute_v1","","{""crack"": 0.0073, ""dust"": 0.0093, ""fold"": 0.0133, ""missing_region"": 0.0175, ""mold"": 0.0131, ""scratch"": 0.0088, ""stain"": 0.017, ""tear"": 0.0175}","{}","0","0","0","0","0","0","0","0","0","0","0","1","0","1","67830f3c1e7e054055ae657b45674acdf01d194e14c7605c11a9bc86e25a57be","2223418","png"
"592","damaged_obvious_000417","damaged_obvious","417","photo-0307","0621.png","damaged_obvious_000417.png","dataset_images/damaged_obvious/damaged_obvious_000417.png","82a91bc1fa71ae82c9bef990eb528fd24996c45d8cf4426a23778d410be3ce54","1712","2272","architecture","RGB","existing_damage","train","real_damaged","赫达·莫里逊中国相册（Hedda Morrison）","","","","noise|uneven_exposure","2","texture_catalog_match_v1+source_attribute_v1","","{""crack"": 0.0083, ""dust"": 0.0095, ""fold"": 0.0088, ""missing_region"": 0.0134, ""mold"": 0.0146, ""scratch"": 0.0071, ""stain"": 0.0105, ""tear"": 0.0192}","{}","0","0","0","0","0","0","0","0","0","0","0","1","0","1","82a91bc1fa71ae82c9bef990eb528fd24996c45d8cf4426a23778d410be3ce54","2165079","png"
"593","damaged_obvious_000418","damaged_obvious","418","photo-0308","0622.png","damaged_obvious_000418.png","dataset_images/damaged_obvious/damaged_obvious_000418.png","0372226ec10fe900298aa4750184612f66d68fb3de6e3dd711d3935f720c38dd","1722","2277","architecture","RGB","existing_damage","train","real_damaged","赫达·莫里逊中国相册（Hedda Morrison）","","","","noise","1","texture_catalog_match_v1+source_attribute_v1","","{""crack"": 0.0078, ""dust"": 0.0109, ""fold"": 0.0209, ""missing_region"": 0.0092, ""mold"": 0.0125, ""scratch"": 0.0117, ""stain"": 0.0162, ""tear"": 0.021}","{}","0","0","0","0","0","0","0","0","0","0","0","1","0","0","0372226ec10fe900298aa4750184612f66d68fb3de6e3dd711d3935f720c38dd","2984488","png"
"594","damaged_obvious_000419","damaged_obvious","419","photo-0309","0623.png","damaged_obvious_000419.png","dataset_images/damaged_obvious/damaged_obvious_000419.png","668cbc3b2134accfd1cc302e0e0e888779e2c0a64c80c6fe4c15f60ed86527bd","1706","2267","architecture","RGB","existing_damage","train","real_damaged","赫达·莫里逊中国相册（Hedda Morrison）","","","","noise","1","texture_catalog_match_v1+source_attribute_v1","","{""crack"": 0.0154, ""dust"": 0.0143, ""fold"": 0.0227, ""missing_region"": 0.0154, ""mold"": 0.0305, ""scratch"": 0.016, ""stain"": 0.0316, ""tear"": 0.0285}","{}","0","0","0","0","0","0","0","0","0","0","0","1","0","0","668cbc3b2134accfd1cc302e0e0e888779e2c0a64c80c6fe4c15f60ed86527bd","3200259","png"
"595","damaged_obvious_000420","damaged_obvious","420","photo-0310","0624.png","damaged_obvious_000420.png","dataset_images/damaged_obvious/damaged_obvious_000420.png","652c9de23711f109be5dc9841524c163e7d12e14fd01c1939da6fb14d3467d2a","1717","2262","architecture","RGB","existing_damage","train","real_damaged","赫达·莫里逊中国相册（Hedda Morrison）","","","","noise|uneven_exposure","2","texture_catalog_match_v1+source_attribute_v1","","{""crack"": 0.0016, ""dust"": 0.0071, ""fold"": 0.0277, ""missing_region"": 0.027, ""mold"": 0.0709, ""scratch"": 0.0217, ""stain"": 0.0484, ""tear"": 0.0328}","{}","0","0","0","0","0","0","0","0","0","0","0","1","0","1","652c9de23711f109be5dc9841524c163e7d12e14fd01c1939da6fb14d3467d2a","3474831","png"
"596","damaged_obvious_000421","damaged_obvious","421","photo-0311","0625.png","damaged_obvious_000421.png","dataset_images/damaged_obvious/damaged_obvious_000421.png","c6358a88cefe288f52b9d49759e5616dd0b29ea99e9d147bd1f43a2e062bdec4","1712","2211","architecture","RGB","existing_damage","train","real_damaged","赫达·莫里逊中国相册（Hedda Morrison）","","","","noise","1","texture_catalog_match_v1+source_attribute_v1","","{""crack"": 0.0032, ""dust"": 0.0072, ""fold"": 0.0276, ""missing_region"": 0.0285, ""mold"": 0.0206, ""scratch"": 0.01, ""stain"": 0.0254, ""tear"": 0.0285}","{}","0","0","0","0","0","0","0","0","0","0","0","1","0","0","7573c843b0a290c75e14531076cc22f500e290f35fcb53f24ce6e1ad61bebd59","5167272","png"
"597","damaged_obvious_000422","damaged_obvious","422","photo-0312","0626.png","damaged_obvious_000422.png","dataset_images/damaged_obvious/damaged_obvious_000422.png","9c9d36b4da9849de52dce80ae73a5a33f303a2929a5f396f401816be99ec73f7","1712","2257","architecture","RGB","existing_damage","test","real_damaged","赫达·莫里逊中国相册（Hedda Morrison）","","","","noise","1","texture_catalog_match_v1+source_attribute_v1","","{""crack"": 0.0156, ""dust"": 0.0293, ""fold"": 0.0705, ""missing_region"": 0.0311, ""mold"": 0.0676, ""scratch"": 0.03, ""stain"": 0.0812, ""tear"": 0.0428}","{}","0","0","0","0","0","0","0","0","0","0","0","1","0","0","9c9d36b4da9849de52dce80ae73a5a33f303a2929a5f396f401816be99ec73f7","3426317","png"
"598","damaged_obvious_000423","damaged_obvious","423","photo-0313","0627.png","damaged_obvious_000423.png","dataset_images/damaged_obvious/damaged_obvious_000423.png","dc9e2997c3a6c55864f2e897e43f9d7f1210870c2e5048e2812cf1444d3e80df","1727","2267","architecture","RGB","existing_damage","train","real_damaged","赫达·莫里逊中国相册（Hedda Morrison）","","","","noise","1","texture_catalog_match_v1+source_attribute_v1","","{""crack"": 0.0034, ""dust"": 0.012, ""fold"": 0.0271, ""missing_region"": 0.0355, ""mold"": 0.0588, ""scratch"": 0.0184, ""stain"": 0.0895, ""tear"": 0.0832}","{}","0","0","0","0","0","0","0","0","0","0","0","1","0","0","dc9e2997c3a6c55864f2e897e43f9d7f1210870c2e5048e2812cf1444d3e80df","2983839","png"
"599","damaged_obvious_000424","damaged_obvious","424","photo-0314","0628.png","damaged_obvious_000424.png","dataset_images/damaged_obvious/damaged_obvious_000424.png","790172234e1d52e8805ab1b19ef0f35a306d376cd2d31982f45c69bafa5d582d","2328","1268","architecture","RGB","existing_damage","train","real_damaged","赫达·莫里逊中国相册（Hedda Morrison）","","","","fold|mold","2","texture_catalog_match_v1+source_attribute_v1","fold|mold","{""crack"": 0.0158, ""dust"": 0.032, ""fold"": 0.1435, ""missing_region"": 0.0862, ""mold"": 0.1909, ""scratch"": 0.0389, ""stain"": 0.1028, ""tear"": 0.1182}","{""fold"": [""089.jpg"", ""123.jpg"", ""126.jpg""], ""mold"": [""182.jpg"", ""008.jpg"", ""023.jpg""]}","0","0","1","0","0","1","0","0","0","0","0","0","0","0","790172234e1d52e8805ab1b19ef0f35a306d376cd2d31982f45c69bafa5d582d","2583726","png"
"601","damaged_obvious_000425","damaged_obvious","425","photo-0316","0630.png","damaged_obvious_000425.png","dataset_images/damaged_obvious/damaged_obvious_000425.png","7deb4f61f88c2c71a4ae601969acea0dc547e35face1b42d2fd3876f121baf1a","1727","2206","architecture","RGB","existing_damage","train","real_damaged","赫达·莫里逊中国相册（Hedda Morrison）","","","","noise","1","texture_catalog_match_v1+source_attribute_v1","","{""crack"": 0.009, ""dust"": 0.0227, ""fold"": 0.0432, ""missing_region"": 0.0294, ""mold"": 0.0735, ""scratch"": 0.0246, ""stain"": 0.0695, ""tear"": 0.0429}","{}","0","0","0","0","0","0","0","0","0","0","0","1","0","0","7deb4f61f88c2c71a4ae601969acea0dc547e35face1b42d2fd3876f121baf1a","3913745","png"
"602","damaged_obvious_000426","damaged_obvious","426","photo-0317","0631.png","damaged_obvious_000426.png","dataset_images/damaged_obvious/damaged_obvious_000426.png","b62bd9869aef9c9e31f17bc6dd67897b88ccbe04b7bbdc028bd3bd120fd81949","1722","2247","architecture","RGB","existing_damage","train","real_damaged","赫达·莫里逊中国相册（Hedda Morrison）","","","","noise","1","texture_catalog_match_v1+source_attribute_v1","","{""crack"": 0.003, ""dust"": 0.0102, ""fold"": 0.0417, ""missing_region"": 0.0286, ""mold"": 0.0369, ""scratch"": 0.0176, ""stain"": 0.0405, ""tear"": 0.0481}","{}","0","0","0","0","0","0","0","0","0","0","0","1","0","0","b62bd9869aef9c9e31f17bc6dd67897b88ccbe04b7bbdc028bd3bd120fd81949","2984930","png"
"603","damaged_obvious_000427","damaged_obvious","427","photo-0318","0632.png","damaged_obvious_000427.png","dataset_images/damaged_obvious/damaged_obvious_000427.png","4ada827be55db895183e93815c68e0a47a55d8d7b8cfc0dd0661454b8da543bc","1706","2242","architecture","RGB","existing_damage","train","real_damaged","赫达·莫里逊中国相册（Hedda Morrison）","","","","noise","1","texture_catalog_match_v1+source_attribute_v1","","{""crack"": 0.008, ""dust"": 0.027, ""fold"": 0.0589, ""missing_region"": 0.0904, ""mold"": 0.0831, ""scratch"": 0.0231, ""stain"": 0.0885, ""tear"": 0.1176}","{}","0","0","0","0","0","0","0","0","0","0","0","1","0","0","4ada827be55db895183e93815c68e0a47a55d8d7b8cfc0dd0661454b8da543bc","3477794","png"
"604","damaged_obvious_000428","damaged_obvious","428","photo-0319","0633.png","damaged_obvious_000428.png","dataset_images/damaged_obvious/damaged_obvious_000428.png","45c84b293183a844893ab5c502c3ec03631b9fde04cc2d293683552b94d07276","1707","2064","architecture","RGB","existing_damage","validation","real_damaged","赫达·莫里逊中国相册（Hedda Morrison）","","","","noise","1","texture_catalog_match_v1+source_attribute_v1","","{""crack"": 0.0034, ""dust"": 0.0077, ""fold"": 0.0201, ""missing_region"": 0.0183, ""mold"": 0.0219, ""scratch"": 0.0129, ""stain"": 0.0296, ""tear"": 0.0208}","{}","0","0","0","0","0","0","0","0","0","0","0","1","0","0","45c84b293183a844893ab5c502c3ec03631b9fde04cc2d293683552b94d07276","3593388","png"
"605","damaged_obvious_000429","damaged_obvious","429","photo-0320","0634.png","damaged_obvious_000429.png","dataset_images/damaged_obvious/damaged_obvious_000429.png","87b0b13a920880459b566b014af7fbc703e69e355a8a8ea651e0b31babe9dfb3","1705","2171","architecture","RGB","existing_damage","train","real_damaged","赫达·莫里逊中国相册（Hedda Morrison）","","","","noise","1","texture_catalog_match_v1+source_attribute_v1","","{""crack"": 0.0029, ""dust"": 0.0066, ""fold"": 0.0349, ""missing_region"": 0.0279, ""mold"": 0.0271, ""scratch"": 0.0275, ""stain"": 0.0402, ""tear"": 0.0468}","{}","0","0","0","0","0","0","0","0","0","0","0","1","0","0","08ce46ac001f66f0dc4ffa20ddc99b2f91a3dc1ec94bd500bdaee97e9faf90be","3612373","png"
"607","damaged_obvious_000430","damaged_obvious","430","photo-0322","0636.png","damaged_obvious_000430.png","dataset_images/damaged_obvious/damaged_obvious_000430.png","16d09986cd1b8a4e32be58d835daf700410b8a5e85569233120e1cfc25b32137","1717","2246","architecture","RGB","existing_damage","train","real_damaged","赫达·莫里逊中国相册（Hedda Morrison）","","","","noise","1","texture_catalog_match_v1+source_attribute_v1","","{""crack"": 0.0094, ""dust"": 0.0215, ""fold"": 0.0663, ""missing_region"": 0.0296, ""mold"": 0.0477, ""scratch"": 0.0201, ""stain"": 0.0477, ""tear"": 0.0389}","{}","0","0","0","0","0","0","0","0","0","0","0","1","0","0","16d09986cd1b8a4e32be58d835daf700410b8a5e85569233120e1cfc25b32137","3740742","png"
"610","damaged_obvious_000431","damaged_obvious","431","photo-0325","0639.png","damaged_obvious_000431.png","dataset_images/damaged_obvious/damaged_obvious_000431.png","70ee798253fc910cd9f98c84849de233bc2ee345a5af2de58c659ce8676b3c24","1681","2292","other","RGB","existing_damage","train","real_damaged","赫达·莫里逊中国相册（Hedda Morrison）","","","","noise","1","texture_catalog_match_v1+source_attribute_v1","","{""crack"": 0.0053, ""dust"": 0.0098, ""fold"": 0.0342, ""missing_region"": 0.0287, ""mold"": 0.0458, ""scratch"": 0.0136, ""stain"": 0.0352, ""tear"": 0.0409}","{}","0","0","0","0","0","0","0","0","0","0","0","1","0","0","70ee798253fc910cd9f98c84849de233bc2ee345a5af2de58c659ce8676b3c24","2732375","png"
"612","damaged_obvious_000432","damaged_obvious","432","photo-0327","0641.png","damaged_obvious_000432.png","dataset_images/damaged_obvious/damaged_obvious_000432.png","fdad5c186302163556472672d44b097dc9b68ae47c2f5fa61daf6fdd1e91fa25","1732","2288","other","RGB","existing_damage","train","real_damaged","赫达·莫里逊中国相册（Hedda Morrison）","","","","noise","1","texture_catalog_match_v1+source_attribute_v1","","{""crack"": 0.0011, ""dust"": 0.0049, ""fold"": 0.0189, ""missing_region"": 0.0306, ""mold"": 0.0278, ""scratch"": 0.0154, ""stain"": 0.0519, ""tear"": 0.0392}","{}","0","0","0","0","0","0","0","0","0","0","0","1","0","0","fdad5c186302163556472672d44b097dc9b68ae47c2f5fa61daf6fdd1e91fa25","3600315","png"
"613","damaged_obvious_000433","damaged_obvious","433","photo-0328","0642.png","damaged_obvious_000433.png","dataset_images/damaged_obvious/damaged_obvious_000433.png","8ada09f006f46cbdb6e5bfefe4d35d1cd6c7b023d237ffa3ed180639febb9196","1681","2277","other","RGB","existing_damage","train","real_damaged","赫达·莫里逊中国相册（Hedda Morrison）","","","","noise","1","texture_catalog_match_v1+source_attribute_v1","","{""crack"": 0.0006, ""dust"": 0.003, ""fold"": 0.0073, ""missing_region"": 0.0268, ""mold"": 0.0211, ""scratch"": 0.0075, ""stain"": 0.0394, ""tear"": 0.0392}","{}","0","0","0","0","0","0","0","0","0","0","0","1","0","0","8ada09f006f46cbdb6e5bfefe4d35d1cd6c7b023d237ffa3ed180639febb9196","3418285","png"
"614","damaged_obvious_000434","damaged_obvious","434","photo-0329","0643.png","damaged_obvious_000434.png","dataset_images/damaged_obvious/damaged_obvious_000434.png","356a25ad956b766e5ffae3f895dec6cf26c26cdc241f730a9e8db5f4783a4f83","1706","2272","architecture","RGB","existing_damage","test","real_damaged","赫达·莫里逊中国相册（Hedda Morrison）","","","","noise","1","texture_catalog_match_v1+source_attribute_v1","","{""crack"": 0.0001, ""dust"": 0.0005, ""fold"": 0.0051, ""missing_region"": 0.0079, ""mold"": 0.0116, ""scratch"": 0.0037, ""stain"": 0.0063, ""tear"": 0.0079}","{}","0","0","0","0","0","0","0","0","0","0","0","1","0","0","0467fa71f131e877fe5f7b2a121b0663dd1c16fb09abf64f87a11e8174c3f676","6092938","png"
"615","damaged_obvious_000435","damaged_obvious","435","photo-0330","0644.png","damaged_obvious_000435.png","dataset_images/damaged_obvious/damaged_obvious_000435.png","fb6199fdcddec43ae405fd7b62d377720cf4a13bfa352de24719503ea09bcef0","2338","1707","indoor_scene","RGB","existing_damage","train","real_damaged","赫达·莫里逊中国相册（Hedda Morrison）","","","","noise","1","texture_catalog_match_v1+source_attribute_v1","","{""crack"": 0.0052, ""dust"": 0.012, ""fold"": 0.0386, ""missing_region"": 0.0223, ""mold"": 0.0272, ""scratch"": 0.0116, ""stain"": 0.0781, ""tear"": 0.0385}","{}","0","0","0","0","0","0","0","0","0","0","0","1","0","0","fb6199fdcddec43ae405fd7b62d377720cf4a13bfa352de24719503ea09bcef0","3649524","png"
"618","damaged_obvious_000436","damaged_obvious","436","photo-0333","0647.png","damaged_obvious_000436.png","dataset_images/damaged_obvious/damaged_obvious_000436.png","f1fae1c8a1b70f02c5fc1db27c2244b7fff9a75c1a39d3314b760f12591fa9f3","1681","2282","architecture","RGB","existing_damage","train","real_damaged","赫达·莫里逊中国相册（Hedda Morrison）","","","","noise","1","texture_catalog_match_v1+source_attribute_v1","","{""crack"": 0.0102, ""dust"": 0.022, ""fold"": 0.0641, ""missing_region"": 0.0369, ""mold"": 0.0606, ""scratch"": 0.0268, ""stain"": 0.0836, ""tear"": 0.0555}","{}","0","0","0","0","0","0","0","0","0","0","0","1","0","0","f1fae1c8a1b70f02c5fc1db27c2244b7fff9a75c1a39d3314b760f12591fa9f3","2775922","png"
"619","damaged_obvious_000437","damaged_obvious","437","photo-0334","0648.png","damaged_obvious_000437.png","dataset_images/damaged_obvious/damaged_obvious_000437.png","4f7466270f080a448ff7bfc9ccb9160d9e3833f62494879363ba9cd20fff8427","1686","2277","architecture","RGB","existing_damage","train","real_damaged","赫达·莫里逊中国相册（Hedda Morrison）","","","","stain","1","texture_catalog_match_v1+source_attribute_v1","stain","{""crack"": 0.0191, ""dust"": 0.0378, ""fold"": 0.1237, ""missing_region"": 0.0444, ""mold"": 0.1198, ""scratch"": 0.0309, ""stain"": 0.1791, ""tear"": 0.102}","{""stain"": [""134.jpg"", ""229.jpg"", ""098.jpg""]}","0","0","0","0","1","0","0","0","0","0","0","0","0","0","4f7466270f080a448ff7bfc9ccb9160d9e3833f62494879363ba9cd20fff8427","2892343","png"
"621","damaged_obvious_000438","damaged_obvious","438","photo-0336","0650.png","damaged_obvious_000438.png","dataset_images/damaged_obvious/damaged_obvious_000438.png","ac699a5c8c6d05e8601f3d2b8e8852f940be84e654fef29a9dc13420e0cb38a4","2328","1686","architecture","RGB","existing_damage","train","real_damaged","赫达·莫里逊中国相册（Hedda Morrison）","","","","noise","1","texture_catalog_match_v1+source_attribute_v1","","{""crack"": 0.0022, ""dust"": 0.0104, ""fold"": 0.0231, ""missing_region"": 0.0465, ""mold"": 0.032, ""scratch"": 0.0182, ""stain"": 0.069, ""tear"": 0.1151}","{}","0","0","0","0","0","0","0","0","0","0","0","1","0","0","ac699a5c8c6d05e8601f3d2b8e8852f940be84e654fef29a9dc13420e0cb38a4","3142694","png"
"623","damaged_obvious_000439","damaged_obvious","439","photo-0338","0652.png","damaged_obvious_000439.png","dataset_images/damaged_obvious/damaged_obvious_000439.png","f0a7e823c5150a43f063559988d1c8b3c83a095631b8a6848406e847ab59f717","1691","2278","architecture","RGB","existing_damage","train","real_damaged","赫达·莫里逊中国相册（Hedda Morrison）","","","","uneven_exposure","1","texture_catalog_match_v1+source_attribute_v1","","{""crack"": 0.0128, ""dust"": 0.0312, ""fold"": 0.1071, ""missing_region"": 0.0567, ""mold"": 0.1176, ""scratch"": 0.0287, ""stain"": 0.0853, ""tear"": 0.0992}","{}","0","0","0","0","0","0","0","0","0","0","0","0","0","1","f0a7e823c5150a43f063559988d1c8b3c83a095631b8a6848406e847ab59f717","3309590","png"
"625","damaged_obvious_000440","damaged_obvious","440","photo-0340","0654.png","damaged_obvious_000440.png","dataset_images/damaged_obvious/damaged_obvious_000440.png","2f6ad75733e4f88edebbb892b8f712a6bb3eae9dec344654ea645f1c5c7ff65b","1696","2277","architecture","RGB","existing_damage","train","real_damaged","赫达·莫里逊中国相册（Hedda Morrison）","","","","noise","1","texture_catalog_match_v1+source_attribute_v1","","{""crack"": 0.0077, ""dust"": 0.016, ""fold"": 0.025, ""missing_region"": 0.0256, ""mold"": 0.0469, ""scratch"": 0.0204, ""stain"": 0.0471, ""tear"": 0.0506}","{}","0","0","0","0","0","0","0","0","0","0","0","1","0","0","2f6ad75733e4f88edebbb892b8f712a6bb3eae9dec344654ea645f1c5c7ff65b","3666149","png"
"626","damaged_obvious_000441","damaged_obvious","441","photo-0341","0655.png","damaged_obvious_000441.png","dataset_images/damaged_obvious/damaged_obvious_000441.png","b8d322b11e297760c836ec2233deec27c52b65e8415bef01a91efbd6316a4f93","1733","2283","architecture","RGB","existing_damage","train","real_damaged","赫达·莫里逊中国相册（Hedda Morrison）","","","","noise","1","texture_catalog_match_v1+source_attribute_v1","","{""crack"": 0.0032, ""dust"": 0.0044, ""fold"": 0.0195, ""missing_region"": 0.0339, ""mold"": 0.0331, ""scratch"": 0.0076, ""stain"": 0.0217, ""tear"": 0.0339}","{}","0","0","0","0","0","0","0","0","0","0","0","1","0","0","b8d322b11e297760c836ec2233deec27c52b65e8415bef01a91efbd6316a4f93","2766044","png"
"627","damaged_obvious_000442","damaged_obvious","442","photo-0342","0656.png","damaged_obvious_000442.png","dataset_images/damaged_obvious/damaged_obvious_000442.png","822162a128cee6aa731169463ff19957237d97725b955ea69cdf1bba3ff7a4ed","1717","2241","architecture","RGB","existing_damage","test","real_damaged","赫达·莫里逊中国相册（Hedda Morrison）","","","","noise","1","texture_catalog_match_v1+source_attribute_v1","","{""crack"": 0.0031, ""dust"": 0.0127, ""fold"": 0.0366, ""missing_region"": 0.0279, ""mold"": 0.0353, ""scratch"": 0.0168, ""stain"": 0.0438, ""tear"": 0.0443}","{}","0","0","0","0","0","0","0","0","0","0","0","1","0","0","822162a128cee6aa731169463ff19957237d97725b955ea69cdf1bba3ff7a4ed","3226622","png"
"628","damaged_obvious_000443","damaged_obvious","443","photo-0343","0657.png","damaged_obvious_000443.png","dataset_images/damaged_obvious/damaged_obvious_000443.png","26f2b12bddc9b1062eb02c091c640cdde9bb4afe18d27e8ccfd11e0039531680","1722","2277","architecture","RGB","existing_damage","train","real_damaged","赫达·莫里逊中国相册（Hedda Morrison）","","","","noise","1","texture_catalog_match_v1+source_attribute_v1","","{""crack"": 0.0027, ""dust"": 0.0152, ""fold"": 0.0356, ""missing_region"": 0.0298, ""mold"": 0.0524, ""scratch"": 0.0218, ""stain"": 0.039, ""tear"": 0.046}","{}","0","0","0","0","0","0","0","0","0","0","0","1","0","0","26f2b12bddc9b1062eb02c091c640cdde9bb4afe18d27e8ccfd11e0039531680","3663912","png"
"630","damaged_obvious_000444","damaged_obvious","444","photo-0345","0659.png","damaged_obvious_000444.png","dataset_images/damaged_obvious/damaged_obvious_000444.png","61cce991f9b246546e0a49ff054ecf2567b9016e338362ef7bc6fc327103cb53","2236","1717","architecture","RGB","existing_damage","train","real_damaged","赫达·莫里逊中国相册（Hedda Morrison）","","","","noise","1","texture_catalog_match_v1+source_attribute_v1","","{""crack"": 0.0024, ""dust"": 0.0108, ""fold"": 0.0458, ""missing_region"": 0.0504, ""mold"": 0.0799, ""scratch"": 0.0275, ""stain"": 0.0549, ""tear"": 0.086}","{}","0","0","0","0","0","0","0","0","0","0","0","1","0","0","61cce991f9b246546e0a49ff054ecf2567b9016e338362ef7bc6fc327103cb53","3426781","png"
"631","damaged_obvious_000445","damaged_obvious","445","photo-0346","0660.png","damaged_obvious_000445.png","dataset_images/damaged_obvious/damaged_obvious_000445.png","40f60bcca995457861ada77e2a69c78aefc1753a28f320b26ad91859e0e3a708","1702","2278","other","RGB","existing_damage","validation","real_damaged","赫达·莫里逊中国相册（Hedda Morrison）","","","","noise","1","texture_catalog_match_v1+source_attribute_v1","","{""crack"": 0.001, ""dust"": 0.006, ""fold"": 0.0338, ""missing_region"": 0.0357, ""mold"": 0.0395, ""scratch"": 0.0091, ""stain"": 0.0411, ""tear"": 0.0357}","{}","0","0","0","0","0","0","0","0","0","0","0","1","0","0","40f60bcca995457861ada77e2a69c78aefc1753a28f320b26ad91859e0e3a708","3655991","png"
"632","damaged_obvious_000446","damaged_obvious","446","photo-0347","0661.png","damaged_obvious_000446.png","dataset_images/damaged_obvious/damaged_obvious_000446.png","9afcdf27dca897fd88d60a1531e78a4196687689c82bddfc18693abd7b979e1b","2301","1684","architecture","RGB","existing_damage","train","real_damaged","赫达·莫里逊中国相册（Hedda Morrison）","","","","noise","1","texture_catalog_match_v1+source_attribute_v1","","{""crack"": 0.005, ""dust"": 0.0154, ""fold"": 0.0659, ""missing_region"": 0.026, ""mold"": 0.0658, ""scratch"": 0.0233, ""stain"": 0.0638, ""tear"": 0.0454}","{}","0","0","0","0","0","0","0","0","0","0","0","1","0","0","968e633afc123c19e5ee384d06b439800b69acaad44eab33725e9ac32c20bffb","3080259","png"
"633","damaged_obvious_000447","damaged_obvious","447","photo-0348","0662.png","damaged_obvious_000447.png","dataset_images/damaged_obvious/damaged_obvious_000447.png","b36cd20633930567b4296fe2c982f12e92bb06c23542558c9a104120a6d192ea","1752","2273","outdoor_scene","RGB","existing_damage","train","real_damaged","赫达·莫里逊中国相册（Hedda Morrison）","","","","noise|uneven_exposure","2","texture_catalog_match_v1+source_attribute_v1","","{""crack"": 0.0204, ""dust"": 0.027, ""fold"": 0.0775, ""missing_region"": 0.037, ""mold"": 0.049, ""scratch"": 0.0243, ""stain"": 0.0639, ""tear"": 0.1291}","{}","0","0","0","0","0","0","0","0","0","0","0","1","0","1","b36cd20633930567b4296fe2c982f12e92bb06c23542558c9a104120a6d192ea","2399175","png"
"636","damaged_obvious_000448","damaged_obvious","448","photo-0351","0665.png","damaged_obvious_000448.png","dataset_images/damaged_obvious/damaged_obvious_000448.png","3705c45d48ee94d94fa53486f0d019dbbc4e5d4974cfe24404b183e03a10a8ec","2293","1691","architecture","RGB","existing_damage","train","real_damaged","赫达·莫里逊中国相册（Hedda Morrison）","","","","noise","1","texture_catalog_match_v1+source_attribute_v1","","{""crack"": 0.0059, ""dust"": 0.0087, ""fold"": 0.0223, ""missing_region"": 0.0285, ""mold"": 0.0356, ""scratch"": 0.0176, ""stain"": 0.0394, ""tear"": 0.0285}","{}","0","0","0","0","0","0","0","0","0","0","0","1","0","0","3705c45d48ee94d94fa53486f0d019dbbc4e5d4974cfe24404b183e03a10a8ec","2538342","png"
"637","damaged_obvious_000449","damaged_obvious","449","photo-0352","0666.png","damaged_obvious_000449.png","dataset_images/damaged_obvious/damaged_obvious_000449.png","d1eff7cadb97b1a57c683223e11290c406044a42cb7fc98c7c2bd157eb0f1572","2282","1681","architecture","RGB","existing_damage","train","real_damaged","赫达·莫里逊中国相册（Hedda Morrison）","","","","noise|uneven_exposure","2","texture_catalog_match_v1+source_attribute_v1","","{""crack"": 0.0264, ""dust"": 0.0268, ""fold"": 0.05, ""missing_region"": 0.0287, ""mold"": 0.0694, ""scratch"": 0.0284, ""stain"": 0.0613, ""tear"": 0.0624}","{}","0","0","0","0","0","0","0","0","0","0","0","1","0","1","d1eff7cadb97b1a57c683223e11290c406044a42cb7fc98c7c2bd157eb0f1572","2036747","png"
"638","damaged_obvious_000450","damaged_obvious","450","photo-0353","0667.png","damaged_obvious_000450.png","dataset_images/damaged_obvious/damaged_obvious_000450.png","92dacc4344d5dfb4920fe0573f9269974ff6c2002262c9a19f16edb2a037953f","2349","1676","architecture","RGB","existing_damage","train","real_damaged","赫达·莫里逊中国相册（Hedda Morrison）","","","","uneven_exposure","1","texture_catalog_match_v1+source_attribute_v1","","{""crack"": 0.0142, ""dust"": 0.0131, ""fold"": 0.0265, ""missing_region"": 0.0239, ""mold"": 0.0272, ""scratch"": 0.0162, ""stain"": 0.0344, ""tear"": 0.0343}","{}","0","0","0","0","0","0","0","0","0","0","0","0","0","1","92dacc4344d5dfb4920fe0573f9269974ff6c2002262c9a19f16edb2a037953f","2718300","png"
"639","damaged_obvious_000451","damaged_obvious","451","photo-0354","0668.png","damaged_obvious_000451.png","dataset_images/damaged_obvious/damaged_obvious_000451.png","b394c13e259b9affe0c38f40b415a481a89c49dab78c475aa81267281512ad57","1712","2268","architecture","RGB","existing_damage","train","real_damaged","赫达·莫里逊中国相册（Hedda Morrison）","","","","noise","1","texture_catalog_match_v1+source_attribute_v1","","{""crack"": 0.0083, ""dust"": 0.0157, ""fold"": 0.0404, ""missing_region"": 0.0235, ""mold"": 0.0246, ""scratch"": 0.0212, ""stain"": 0.0429, ""tear"": 0.076}","{}","0","0","0","0","0","0","0","0","0","0","0","1","0","0","b394c13e259b9affe0c38f40b415a481a89c49dab78c475aa81267281512ad57","2948589","png"
"640","damaged_obvious_000452","damaged_obvious","452","photo-0355","0669.png","damaged_obvious_000452.png","dataset_images/damaged_obvious/damaged_obvious_000452.png","e7d234bef4700be0363183f9aff245eee9bdb1b0e8a447dabc67395fb538dffc","1707","2262","other","RGB","existing_damage","train","real_damaged","赫达·莫里逊中国相册（Hedda Morrison）","","","","noise","1","texture_catalog_match_v1+source_attribute_v1","","{""crack"": 0.0068, ""dust"": 0.0227, ""fold"": 0.044, ""missing_region"": 0.0566, ""mold"": 0.0617, ""scratch"": 0.0186, ""stain"": 0.0705, ""tear"": 0.0566}","{}","0","0","0","0","0","0","0","0","0","0","0","1","0","0","e7d234bef4700be0363183f9aff245eee9bdb1b0e8a447dabc67395fb538dffc","3022126","png"
"642","damaged_obvious_000453","damaged_obvious","453","photo-0357","0671.png","damaged_obvious_000453.png","dataset_images/damaged_obvious/damaged_obvious_000453.png","51860edaeaf1c6a174512408a7894e49632412ba383067e74d47f23913be2fcb","1692","2298","outdoor_scene","RGB","existing_damage","train","real_damaged","赫达·莫里逊中国相册（Hedda Morrison）","","","","noise","1","texture_catalog_match_v1+source_attribute_v1","","{""crack"": 0.0146, ""dust"": 0.0199, ""fold"": 0.0457, ""missing_region"": 0.0385, ""mold"": 0.0755, ""scratch"": 0.0323, ""stain"": 0.0856, ""tear"": 0.0428}","{}","0","0","0","0","0","0","0","0","0","0","0","1","0","0","8ba5a7f57063bb0f83f9e3a905c9afd9f4659c7096a88f4f83dc890fe1381346","3589407","png"
"643","damaged_obvious_000454","damaged_obvious","454","photo-0358","0672.png","damaged_obvious_000454.png","dataset_images/damaged_obvious/damaged_obvious_000454.png","07b1679024be22ab9a6a85bb389245ee332fe227d597482e50298861ab1d28e3","1758","2257","architecture","RGB","existing_damage","train","real_damaged","赫达·莫里逊中国相册（Hedda Morrison）","","","","noise","1","texture_catalog_match_v1+source_attribute_v1","","{""crack"": 0.0038, ""dust"": 0.0042, ""fold"": 0.0224, ""missing_region"": 0.0298, ""mold"": 0.0203, ""scratch"": 0.0105, ""stain"": 0.025, ""tear"": 0.0298}","{}","0","0","0","0","0","0","0","0","0","0","0","1","0","0","07b1679024be22ab9a6a85bb389245ee332fe227d597482e50298861ab1d28e3","3685765","png"
"644","damaged_obvious_000455","damaged_obvious","455","photo-0359","0673.png","damaged_obvious_000455.png","dataset_images/damaged_obvious/damaged_obvious_000455.png","084cb698b9447de8ec9eefdf755cfccf3142d3afb9fc463ba827d2502c23974a","2308","1682","architecture","RGB","existing_damage","train","real_damaged","赫达·莫里逊中国相册（Hedda Morrison）","","","","uneven_exposure","1","texture_catalog_match_v1+source_attribute_v1","","{""crack"": 0.0116, ""dust"": 0.0219, ""fold"": 0.065, ""missing_region"": 0.0759, ""mold"": 0.1544, ""scratch"": 0.0387, ""stain"": 0.0798, ""tear"": 0.0824}","{}","0","0","0","0","0","0","0","0","0","0","0","0","0","1","084cb698b9447de8ec9eefdf755cfccf3142d3afb9fc463ba827d2502c23974a","2911111","png"
"645","damaged_obvious_000456","damaged_obvious","456","photo-0360","0674.png","damaged_obvious_000456.png","dataset_images/damaged_obvious/damaged_obvious_000456.png","24a63ee3b9263be633d93bbd321eef082e0658b3d2edde479b51937a972964e8","1722","2298","architecture","RGB","existing_damage","train","real_damaged","赫达·莫里逊中国相册（Hedda Morrison）","","","","noise|uneven_exposure","2","texture_catalog_match_v1+source_attribute_v1","","{""crack"": 0.0033, ""dust"": 0.0051, ""fold"": 0.0415, ""missing_region"": 0.0151, ""mold"": 0.0213, ""scratch"": 0.0134, ""stain"": 0.0202, ""tear"": 0.0178}","{}","0","0","0","0","0","0","0","0","0","0","0","1","0","1","24a63ee3b9263be633d93bbd321eef082e0658b3d2edde479b51937a972964e8","3621236","png"
"646","damaged_obvious_000457","damaged_obvious","457","photo-0361","0675.png","damaged_obvious_000457.png","dataset_images/damaged_obvious/damaged_obvious_000457.png","486a4976244cb5ad228b69b5ffa835011a99151a59361e315942d26cdf6f01ce","2287","1686","architecture","RGB","existing_damage","train","real_damaged","赫达·莫里逊中国相册（Hedda Morrison）","","","","noise","1","texture_catalog_match_v1+source_attribute_v1","","{""crack"": 0.0018, ""dust"": 0.0037, ""fold"": 0.0167, ""missing_region"": 0.0196, ""mold"": 0.0281, ""scratch"": 0.0123, ""stain"": 0.0322, ""tear"": 0.0424}","{}","0","0","0","0","0","0","0","0","0","0","0","1","0","0","486a4976244cb5ad228b69b5ffa835011a99151a59361e315942d26cdf6f01ce","2818510","png"
"647","damaged_obvious_000458","damaged_obvious","458","photo-0362","0676.png","damaged_obvious_000458.png","dataset_images/damaged_obvious/damaged_obvious_000458.png","b350780cd5b24e743e315a56d333a96a1158f51c54feda2bf3867a3ad750160d","2333","1676","architecture","RGB","existing_damage","train","real_damaged","赫达·莫里逊中国相册（Hedda Morrison）","","","","noise","1","texture_catalog_match_v1+source_attribute_v1","","{""crack"": 0.0056, ""dust"": 0.0112, ""fold"": 0.0188, ""missing_region"": 0.0182, ""mold"": 0.0234, ""scratch"": 0.011, ""stain"": 0.0252, ""tear"": 0.0188}","{}","0","0","0","0","0","0","0","0","0","0","0","1","0","0","b350780cd5b24e743e315a56d333a96a1158f51c54feda2bf3867a3ad750160d","2909209","png"
"649","damaged_obvious_000459","damaged_obvious","459","photo-0364","0678.png","damaged_obvious_000459.png","dataset_images/damaged_obvious/damaged_obvious_000459.png","bbe74ff4eeae09183d6b3fbbaf9f2582d77fb2d6581209e3bd327995728e3185","1763","2293","architecture","RGB","existing_damage","validation","real_damaged","赫达·莫里逊中国相册（Hedda Morrison）","","","","noise","1","texture_catalog_match_v1+source_attribute_v1","","{""crack"": 0.0008, ""dust"": 0.003, ""fold"": 0.0279, ""missing_region"": 0.0176, ""mold"": 0.0238, ""scratch"": 0.0138, ""stain"": 0.0423, ""tear"": 0.0315}","{}","0","0","0","0","0","0","0","0","0","0","0","1","0","0","bbe74ff4eeae09183d6b3fbbaf9f2582d77fb2d6581209e3bd327995728e3185","3996342","png"
"650","damaged_obvious_000460","damaged_obvious","460","photo-0365","0679.png","damaged_obvious_000460.png","dataset_images/damaged_obvious/damaged_obvious_000460.png","0d0e5ac5343052dad341c017ee7c62b0c832f88300d8492a56c33aef8d29f156","1747","2282","architecture","RGB","existing_damage","validation","real_damaged","赫达·莫里逊中国相册（Hedda Morrison）","","","","noise","1","texture_catalog_match_v1+source_attribute_v1","","{""crack"": 0.0225, ""dust"": 0.0307, ""fold"": 0.0436, ""missing_region"": 0.0398, ""mold"": 0.0478, ""scratch"": 0.027, ""stain"": 0.0724, ""tear"": 0.0932}","{}","0","0","0","0","0","0","0","0","0","0","0","1","0","0","0d0e5ac5343052dad341c017ee7c62b0c832f88300d8492a56c33aef8d29f156","3212557","png"
"651","damaged_obvious_000461","damaged_obvious","461","photo-0366","0680.png","damaged_obvious_000461.png","dataset_images/damaged_obvious/damaged_obvious_000461.png","214d5ab73741ede0a03e067ad48abbdbfec61b8deeb0c3a2675f35cb3ea4ec45","1757","2297","other","RGB","existing_damage","test","real_damaged","赫达·莫里逊中国相册（Hedda Morrison）","","","","noise","1","texture_catalog_match_v1+source_attribute_v1","","{""crack"": 0.0011, ""dust"": 0.0074, ""fold"": 0.0191, ""missing_region"": 0.0295, ""mold"": 0.0409, ""scratch"": 0.0141, ""stain"": 0.03, ""tear"": 0.0409}","{}","0","0","0","0","0","0","0","0","0","0","0","1","0","0","214d5ab73741ede0a03e067ad48abbdbfec61b8deeb0c3a2675f35cb3ea4ec45","3378247","png"
"652","damaged_obvious_000462","damaged_obvious","462","photo-0367","0681.png","damaged_obvious_000462.png","dataset_images/damaged_obvious/damaged_obvious_000462.png","dfd41b46f010cf8e5a32b8e45ad2912b41c58a6ca9f7f92d4a0cd6d58d2d0507","1686","2292","other","RGB","existing_damage","train","real_damaged","赫达·莫里逊中国相册（Hedda Morrison）","","","","noise","1","texture_catalog_match_v1+source_attribute_v1","","{""crack"": 0.0004, ""dust"": 0.002, ""fold"": 0.0086, ""missing_region"": 0.0208, ""mold"": 0.0148, ""scratch"": 0.0053, ""stain"": 0.0217, ""tear"": 0.0208}","{}","0","0","0","0","0","0","0","0","0","0","0","1","0","0","dfd41b46f010cf8e5a32b8e45ad2912b41c58a6ca9f7f92d4a0cd6d58d2d0507","3248701","png"
"653","damaged_obvious_000463","damaged_obvious","463","photo-0368","0682.png","damaged_obvious_000463.png","dataset_images/damaged_obvious/damaged_obvious_000463.png","4d58f4ac304c786183302fe579f8eb9199305c6eccac2092b0fbb442afa7947f","1727","2338","indoor_scene","RGB","existing_damage","validation","real_damaged","赫达·莫里逊中国相册（Hedda Morrison）","","","","noise|uneven_exposure","2","texture_catalog_match_v1+source_attribute_v1","","{""crack"": 0.0015, ""dust"": 0.0053, ""fold"": 0.0086, ""missing_region"": 0.0309, ""mold"": 0.0145, ""scratch"": 0.0079, ""stain"": 0.0193, ""tear"": 0.0309}","{}","0","0","0","0","0","0","0","0","0","0","0","1","0","1","4d58f4ac304c786183302fe579f8eb9199305c6eccac2092b0fbb442afa7947f","3182666","png"
"654","damaged_obvious_000464","damaged_obvious","464","photo-0369","0683.png","damaged_obvious_000464.png","dataset_images/damaged_obvious/damaged_obvious_000464.png","c68cb4a6659dc5a26474defecaf953f6513f4f42a729e2a21982fb4a9ebfa619","2287","1687","indoor_scene","RGB","existing_damage","train","real_damaged","赫达·莫里逊中国相册（Hedda Morrison）","","","","noise","1","texture_catalog_match_v1+source_attribute_v1","","{""crack"": 0.0067, ""dust"": 0.0233, ""fold"": 0.0554, ""missing_region"": 0.0401, ""mold"": 0.0447, ""scratch"": 0.0207, ""stain"": 0.0682, ""tear"": 0.0403}","{}","0","0","0","0","0","0","0","0","0","0","0","1","0","0","c68cb4a6659dc5a26474defecaf953f6513f4f42a729e2a21982fb4a9ebfa619","3091296","png"
"655","damaged_obvious_000465","damaged_obvious","465","photo-0370","0684.png","damaged_obvious_000465.png","dataset_images/damaged_obvious/damaged_obvious_000465.png","1ff8a49334d1c2575789e415867d93337612ff2e3006dd1dd06c5f8e98e16462","1752","2303","other","RGB","existing_damage","train","real_damaged","赫达·莫里逊中国相册（Hedda Morrison）","","","","noise","1","texture_catalog_match_v1+source_attribute_v1","","{""crack"": 0.0017, ""dust"": 0.0096, ""fold"": 0.0308, ""missing_region"": 0.0345, ""mold"": 0.0346, ""scratch"": 0.0117, ""stain"": 0.0353, ""tear"": 0.0438}","{}","0","0","0","0","0","0","0","0","0","0","0","1","0","0","1ff8a49334d1c2575789e415867d93337612ff2e3006dd1dd06c5f8e98e16462","2791099","png"
"656","damaged_obvious_000466","damaged_obvious","466","photo-0371","0685.png","damaged_obvious_000466.png","dataset_images/damaged_obvious/damaged_obvious_000466.png","10f1b9e6d40efeeb704b8c1982cf0d40c7f1591afdcff44e181024c8ef040568","1798","2293","other","RGB","existing_damage","train","real_damaged","赫达·莫里逊中国相册（Hedda Morrison）","","","","noise","1","texture_catalog_match_v1+source_attribute_v1","","{""crack"": 0.0015, ""dust"": 0.0082, ""fold"": 0.0238, ""missing_region"": 0.0211, ""mold"": 0.0233, ""scratch"": 0.0148, ""stain"": 0.0327, ""tear"": 0.0374}","{}","0","0","0","0","0","0","0","0","0","0","0","1","0","0","10f1b9e6d40efeeb704b8c1982cf0d40c7f1591afdcff44e181024c8ef040568","3376987","png"
"657","damaged_obvious_000467","damaged_obvious","467","photo-0372","0686.png","damaged_obvious_000467.png","dataset_images/damaged_obvious/damaged_obvious_000467.png","8d763363d28debf462af0ad8944cdb0d0e80090fbc4e9433725b8e696e113900","1763","2267","other","RGB","existing_damage","train","real_damaged","赫达·莫里逊中国相册（Hedda Morrison）","","","","noise","1","texture_catalog_match_v1+source_attribute_v1","","{""crack"": 0.0001, ""dust"": 0.0008, ""fold"": 0.0057, ""missing_region"": 0.0112, ""mold"": 0.0104, ""scratch"": 0.003, ""stain"": 0.0199, ""tear"": 0.0203}","{}","0","0","0","0","0","0","0","0","0","0","0","1","0","0","8d763363d28debf462af0ad8944cdb0d0e80090fbc4e9433725b8e696e113900","3114295","png"
"658","damaged_obvious_000468","damaged_obvious","468","photo-0373","0687.png","damaged_obvious_000468.png","dataset_images/damaged_obvious/damaged_obvious_000468.png","1bc4568b875d39681f360639ac9e2eeebff335a8cd636f3f0034bc6a11cfd68d","1717","2293","other","RGB","existing_damage","train","real_damaged","赫达·莫里逊中国相册（Hedda Morrison）","","","","noise","1","texture_catalog_match_v1+source_attribute_v1","","{""crack"": 0.0014, ""dust"": 0.0047, ""fold"": 0.0251, ""missing_region"": 0.0157, ""mold"": 0.0158, ""scratch"": 0.0114, ""stain"": 0.0356, ""tear"": 0.0347}","{}","0","0","0","0","0","0","0","0","0","0","0","1","0","0","1bc4568b875d39681f360639ac9e2eeebff335a8cd636f3f0034bc6a11cfd68d","3604276","png"
"659","damaged_obvious_000469","damaged_obvious","469","photo-0374","0688.png","damaged_obvious_000469.png","dataset_images/damaged_obvious/damaged_obvious_000469.png","f786ec9c8628f0882cfcab2a2318479e774299814afb4425b1ff9fab7fc536d0","2324","1716","architecture","RGB","existing_damage","train","real_damaged","赫达·莫里逊中国相册（Hedda Morrison）","","","","noise","1","texture_catalog_match_v1+source_attribute_v1","","{""crack"": 0.0002, ""dust"": 0.0019, ""fold"": 0.0095, ""missing_region"": 0.0251, ""mold"": 0.019, ""scratch"": 0.0069, ""stain"": 0.0588, ""tear"": 0.0278}","{}","0","0","0","0","0","0","0","0","0","0","0","1","0","0","f786ec9c8628f0882cfcab2a2318479e774299814afb4425b1ff9fab7fc536d0","3191892","png"
"660","damaged_obvious_000470","damaged_obvious","470","photo-0375","0689.png","damaged_obvious_000470.png","dataset_images/damaged_obvious/damaged_obvious_000470.png","e160abfd37857d65babe77ae697a5910c8f9357b231d97310af1d5ecd8aac1a0","1681","2068","architecture","RGB","existing_damage","validation","real_damaged","赫达·莫里逊中国相册（Hedda Morrison）","","","","noise","1","texture_catalog_match_v1+source_attribute_v1","","{""crack"": 0.0116, ""dust"": 0.0188, ""fold"": 0.0476, ""missing_region"": 0.0315, ""mold"": 0.0618, ""scratch"": 0.022, ""stain"": 0.0471, ""tear"": 0.0798}","{}","0","0","0","0","0","0","0","0","0","0","0","1","0","0","e160abfd37857d65babe77ae697a5910c8f9357b231d97310af1d5ecd8aac1a0","2951740","png"
"661","damaged_obvious_000471","damaged_obvious","471","photo-0376","0690.png","damaged_obvious_000471.png","dataset_images/damaged_obvious/damaged_obvious_000471.png","9df18781ac7abf26ff7e04eb6bc616a08777f6129bb2115873d3578c81f348f7","1748","2074","other","RGB","existing_damage","train","real_damaged","赫达·莫里逊中国相册（Hedda Morrison）","","","","noise","1","texture_catalog_match_v1+source_attribute_v1","","{""crack"": 0.0083, ""dust"": 0.0219, ""fold"": 0.0378, ""missing_region"": 0.0305, ""mold"": 0.0494, ""scratch"": 0.0243, ""stain"": 0.0783, ""tear"": 0.0586}","{}","0","0","0","0","0","0","0","0","0","0","0","1","0","0","9df18781ac7abf26ff7e04eb6bc616a08777f6129bb2115873d3578c81f348f7","3128532","png"
"662","damaged_obvious_000472","damaged_obvious","472","photo-0377","0691.png","damaged_obvious_000472.png","dataset_images/damaged_obvious/damaged_obvious_000472.png","69eaa5b5b55415f9a551a52e265f50eea5a03bf8588ca0838b3592bc038f697a","1682","2287","other","RGB","existing_damage","train","real_damaged","赫达·莫里逊中国相册（Hedda Morrison）","","","","noise","1","texture_catalog_match_v1+source_attribute_v1","","{""crack"": 0.0055, ""dust"": 0.0172, ""fold"": 0.0507, ""missing_region"": 0.0755, ""mold"": 0.0742, ""scratch"": 0.022, ""stain"": 0.0951, ""tear"": 0.0918}","{}","0","0","0","0","0","0","0","0","0","0","0","1","0","0","69eaa5b5b55415f9a551a52e265f50eea5a03bf8588ca0838b3592bc038f697a","3267253","png"
"663","damaged_obvious_000473","damaged_obvious","473","photo-0378","0692.png","damaged_obvious_000473.png","dataset_images/damaged_obvious/damaged_obvious_000473.png","4e95ff554c99e2cf28dc80329b3476849fba7e327a8f1e5bee2be97c12d3ef70","2298","1686","other","RGB","existing_damage","train","real_damaged","赫达·莫里逊中国相册（Hedda Morrison）","","","","noise","1","texture_catalog_match_v1+source_attribute_v1","","{""crack"": 0.0018, ""dust"": 0.0091, ""fold"": 0.0234, ""missing_region"": 0.0359, ""mold"": 0.0412, ""scratch"": 0.0102, ""stain"": 0.0547, ""tear"": 0.0675}","{}","0","0","0","0","0","0","0","0","0","0","0","1","0","0","ac6d7709e0bbdd68ed7fbadfab4d621e4efb4c83a6343a84de1e6e1d765bc687","3995375","png"
"664","damaged_obvious_000474","damaged_obvious","474","photo-0379","0693.png","damaged_obvious_000474.png","dataset_images/damaged_obvious/damaged_obvious_000474.png","acd5e4010e5ae37e7af2046b2e4f65441ad89412a0f43d5989fce87b65d2c7e3","1706","2267","outdoor_scene","RGB","existing_damage","test","real_damaged","赫达·莫里逊中国相册（Hedda Morrison）","","","","noise|uneven_exposure","2","texture_catalog_match_v1+source_attribute_v1","","{""crack"": 0.0094, ""dust"": 0.0097, ""fold"": 0.0166, ""missing_region"": 0.0114, ""mold"": 0.014, ""scratch"": 0.0105, ""stain"": 0.0232, ""tear"": 0.018}","{}","0","0","0","0","0","0","0","0","0","0","0","1","0","1","acd5e4010e5ae37e7af2046b2e4f65441ad89412a0f43d5989fce87b65d2c7e3","2645493","png"
"665","damaged_obvious_000475","damaged_obvious","475","photo-0380","0694.png","damaged_obvious_000475.png","dataset_images/damaged_obvious/damaged_obvious_000475.png","27a0d34c714583d7ce977cb512fa0d5d0b9b6c1b9400c1a35670b3201808b9a6","1727","2273","outdoor_scene","RGB","existing_damage","train","real_damaged","赫达·莫里逊中国相册（Hedda Morrison）","","","","noise","1","texture_catalog_match_v1+source_attribute_v1","","{""crack"": 0.0204, ""dust"": 0.0236, ""fold"": 0.0432, ""missing_region"": 0.0219, ""mold"": 0.0373, ""scratch"": 0.0253, ""stain"": 0.0364, ""tear"": 0.0401}","{}","0","0","0","0","0","0","0","0","0","0","0","1","0","0","27a0d34c714583d7ce977cb512fa0d5d0b9b6c1b9400c1a35670b3201808b9a6","2353571","png"
"666","damaged_obvious_000476","damaged_obvious","476","photo-0381","0695.png","damaged_obvious_000476.png","dataset_images/damaged_obvious/damaged_obvious_000476.png","1503e5a6e4936dfae6f1b9ad3d87deaa7e2964d0db059e77091a0a31ba257515","2292","1722","outdoor_scene","RGB","existing_damage","train","real_damaged","赫达·莫里逊中国相册（Hedda Morrison）","","","","uneven_exposure","1","texture_catalog_match_v1+source_attribute_v1","","{""crack"": 0.0237, ""dust"": 0.0296, ""fold"": 0.0835, ""missing_region"": 0.0474, ""mold"": 0.0788, ""scratch"": 0.0327, ""stain"": 0.0829, ""tear"": 0.0988}","{}","0","0","0","0","0","0","0","0","0","0","0","0","0","1","1503e5a6e4936dfae6f1b9ad3d87deaa7e2964d0db059e77091a0a31ba257515","2362254","png"
"667","damaged_obvious_000477","damaged_obvious","477","photo-0382","0696.png","damaged_obvious_000477.png","dataset_images/damaged_obvious/damaged_obvious_000477.png","30e88444e55e50c11ebe7eb064308aeb0205f7dc44b511424c4e958d65ffd301","2287","1711","outdoor_scene","RGB","existing_damage","train","real_damaged","赫达·莫里逊中国相册（Hedda Morrison）","","","","uneven_exposure","1","texture_catalog_match_v1+source_attribute_v1","","{""crack"": 0.0295, ""dust"": 0.0312, ""fold"": 0.0791, ""missing_region"": 0.034, ""mold"": 0.0441, ""scratch"": 0.0312, ""stain"": 0.1276, ""tear"": 0.0907}","{}","0","0","0","0","0","0","0","0","0","0","0","0","0","1","30e88444e55e50c11ebe7eb064308aeb0205f7dc44b511424c4e958d65ffd301","2656929","png"
"669","damaged_obvious_000478","damaged_obvious","478","photo-0384","0698.png","damaged_obvious_000478.png","dataset_images/damaged_obvious/damaged_obvious_000478.png","1de06141f2a58804ee8235515d04e98c91e68a5dd3f93af4b281021d8b7edb43","2318","1756","architecture","RGB","existing_damage","train","real_damaged","赫达·莫里逊中国相册（Hedda Morrison）","","","","noise|uneven_exposure","2","texture_catalog_match_v1+source_attribute_v1","","{""crack"": 0.002, ""dust"": 0.008, ""fold"": 0.0164, ""missing_region"": 0.0326, ""mold"": 0.0527, ""scratch"": 0.0143, ""stain"": 0.0886, ""tear"": 0.1295}","{}","0","0","0","0","0","0","0","0","0","0","0","1","0","1","6291ae94973a42c2f76ea217834e83c74f814526689c3bcd13777ac33c9b820f","2664720","png"
"670","damaged_obvious_000479","damaged_obvious","479","photo-0385","0699.png","damaged_obvious_000479.png","dataset_images/damaged_obvious/damaged_obvious_000479.png","090db6a22746fc6cc66bf779dbf563725c8eb36677e28e892b629e6e8996ef21","1777","1417","outdoor_scene","RGB","existing_damage","train","real_damaged","赫达·莫里逊中国相册（Hedda Morrison）","","","","noise","1","texture_catalog_match_v1+source_attribute_v1","","{""crack"": 0.0226, ""dust"": 0.0323, ""fold"": 0.0614, ""missing_region"": 0.0252, ""mold"": 0.0748, ""scratch"": 0.0322, ""stain"": 0.0739, ""tear"": 0.0613}","{}","0","0","0","0","0","0","0","0","0","0","0","1","0","0","7e6e0dd3a7bd82f928c6432a9475880ebf1e686766c623241f8b137c9050bd60","1533480","png"
"673","damaged_obvious_000480","damaged_obvious","480","photo-0388","0702.png","damaged_obvious_000480.png","dataset_images/damaged_obvious/damaged_obvious_000480.png","bc5e82d6536154c10cee10a418550ec44d9c3edbf24fe134c2bc5218c80c8066","1701","2282","other","RGB","existing_damage","train","real_damaged","赫达·莫里逊中国相册（Hedda Morrison）","","","","noise","1","texture_catalog_match_v1+source_attribute_v1","","{""crack"": 0.0026, ""dust"": 0.0088, ""fold"": 0.0278, ""missing_region"": 0.0214, ""mold"": 0.0398, ""scratch"": 0.0139, ""stain"": 0.0363, ""tear"": 0.0359}","{}","0","0","0","0","0","0","0","0","0","0","0","1","0","0","bc5e82d6536154c10cee10a418550ec44d9c3edbf24fe134c2bc5218c80c8066","2934713","png"
"674","damaged_obvious_000481","damaged_obvious","481","photo-0389","0703.png","damaged_obvious_000481.png","dataset_images/damaged_obvious/damaged_obvious_000481.png","f63b8cb948c7cb49fb46c3e2b8eff2a66b1eb9441a5d48aab8aecff984557216","1763","2293","other","RGB","existing_damage","train","real_damaged","赫达·莫里逊中国相册（Hedda Morrison）","","","","noise","1","texture_catalog_match_v1+source_attribute_v1","","{""crack"": 0.021, ""dust"": 0.0254, ""fold"": 0.0441, ""missing_region"": 0.0409, ""mold"": 0.0665, ""scratch"": 0.0271, ""stain"": 0.0785, ""tear"": 0.1079}","{}","0","0","0","0","0","0","0","0","0","0","0","1","0","0","f63b8cb948c7cb49fb46c3e2b8eff2a66b1eb9441a5d48aab8aecff984557216","2835136","png"
"675","damaged_obvious_000482","damaged_obvious","482","photo-0390","0704.png","damaged_obvious_000482.png","dataset_images/damaged_obvious/damaged_obvious_000482.png","52d4e0be8282bd7bf170520bd0a9aa66d4b905afa0c50b1f855c6681822d7685","2074","1559","outdoor_scene","RGB","existing_damage","validation","real_damaged","赫达·莫里逊中国相册（Hedda Morrison）","","","","blur|uneven_exposure","2","texture_catalog_match_v1+source_attribute_v1","","{""crack"": 0.0236, ""dust"": 0.0242, ""fold"": 0.0471, ""missing_region"": 0.0221, ""mold"": 0.0254, ""scratch"": 0.0279, ""stain"": 0.0398, ""tear"": 0.0378}","{}","0","0","0","0","0","0","0","0","0","0","1","0","0","1","52d4e0be8282bd7bf170520bd0a9aa66d4b905afa0c50b1f855c6681822d7685","1761634","png"
"677","damaged_obvious_000483","damaged_obvious","483","photo-0392","0706.png","damaged_obvious_000483.png","dataset_images/damaged_obvious/damaged_obvious_000483.png","9abb063e5f8bd2b68410c00accfe6526d348e0bb9f3ad4d382948b62658b2c65","2088","1707","other","RGB","existing_damage","test","real_damaged","赫达·莫里逊中国相册（Hedda Morrison）","","","","fold","1","texture_catalog_match_v1+source_attribute_v1","fold","{""crack"": 0.0096, ""dust"": 0.0422, ""fold"": 0.2226, ""missing_region"": 0.0615, ""mold"": 0.1045, ""scratch"": 0.0389, ""stain"": 0.1459, ""tear"": 0.1058}","{""fold"": [""123.jpg"", ""032.jpg"", ""175.jpg""]}","0","0","1","0","0","0","0","0","0","0","0","0","0","0","788c739f91f29d88fc581d8f2d6b46e758cc79609024d4cb95d77179e83b769c","3257617","png"
"679","damaged_obvious_000484","damaged_obvious","484","photo-0394","0708.png","damaged_obvious_000484.png","dataset_images/damaged_obvious/damaged_obvious_000484.png","48bfd248c28b9c043152aec57735c190d561e31ab29a78a046df73b2c0394d2f","2283","1737","architecture","RGB","existing_damage","validation","real_damaged","赫达·莫里逊中国相册（Hedda Morrison）","","","","noise|uneven_exposure","2","texture_catalog_match_v1+source_attribute_v1","","{""crack"": 0.0191, ""dust"": 0.0215, ""fold"": 0.0432, ""missing_region"": 0.03, ""mold"": 0.0489, ""scratch"": 0.0203, ""stain"": 0.0412, ""tear"": 0.1124}","{}","0","0","0","0","0","0","0","0","0","0","0","1","0","1","48bfd248c28b9c043152aec57735c190d561e31ab29a78a046df73b2c0394d2f","2933459","png"
"680","damaged_obvious_000485","damaged_obvious","485","photo-0395","0709.png","damaged_obvious_000485.png","dataset_images/damaged_obvious/damaged_obvious_000485.png","c44eac2d44dcd051c636039f647fede55510edeb852286c35a2e242c62d22a44","1711","2267","architecture","RGB","existing_damage","train","real_damaged","赫达·莫里逊中国相册（Hedda Morrison）","","","","noise","1","texture_catalog_match_v1+source_attribute_v1","","{""crack"": 0.0039, ""dust"": 0.0102, ""fold"": 0.0299, ""missing_region"": 0.0362, ""mold"": 0.0527, ""scratch"": 0.0178, ""stain"": 0.0454, ""tear"": 0.051}","{}","0","0","0","0","0","0","0","0","0","0","0","1","0","0","c44eac2d44dcd051c636039f647fede55510edeb852286c35a2e242c62d22a44","3055536","png"
"681","damaged_obvious_000486","damaged_obvious","486","photo-0396","0710.png","damaged_obvious_000486.png","dataset_images/damaged_obvious/damaged_obvious_000486.png","781aec4aacde28483df589c438b0d3c97691d0f2aca303be7b623d93ad78db51","1706","2140","other","RGB","existing_damage","train","real_damaged","赫达·莫里逊中国相册（Hedda Morrison）","","","","noise","1","texture_catalog_match_v1+source_attribute_v1","","{""crack"": 0.0008, ""dust"": 0.0027, ""fold"": 0.0178, ""missing_region"": 0.019, ""mold"": 0.0229, ""scratch"": 0.0142, ""stain"": 0.0496, ""tear"": 0.0599}","{}","0","0","0","0","0","0","0","0","0","0","0","1","0","0","781aec4aacde28483df589c438b0d3c97691d0f2aca303be7b623d93ad78db51","3269546","png"
"683","damaged_obvious_000487","damaged_obvious","487","photo-0398","0712.png","damaged_obvious_000487.png","dataset_images/damaged_obvious/damaged_obvious_000487.png","97631db7bbbd0bc3701f216abe499d094b8576a54942359d4edc3ddfbb43e753","1702","2107","other","RGB","existing_damage","train","real_damaged","赫达·莫里逊中国相册（Hedda Morrison）","","","","noise","1","texture_catalog_match_v1+source_attribute_v1","","{""crack"": 0.0026, ""dust"": 0.0088, ""fold"": 0.0345, ""missing_region"": 0.0196, ""mold"": 0.0272, ""scratch"": 0.0207, ""stain"": 0.0367, ""tear"": 0.031}","{}","0","0","0","0","0","0","0","0","0","0","0","1","0","0","cd66627e93205b72913963a14193bfb2cb22703955b45d65ec126481f651459e","3138704","png"
"684","damaged_obvious_000488","damaged_obvious","488","photo-0399","0713.png","damaged_obvious_000488.png","dataset_images/damaged_obvious/damaged_obvious_000488.png","6cc48839507c311af56ecd1994d8b0733cb7f59fd0d69ce7ced66b820f5ae179","2267","1712","architecture","RGB","existing_damage","validation","real_damaged","赫达·莫里逊中国相册（Hedda Morrison）","","","","noise","1","texture_catalog_match_v1+source_attribute_v1","","{""crack"": 0.0073, ""dust"": 0.0191, ""fold"": 0.0767, ""missing_region"": 0.0179, ""mold"": 0.0433, ""scratch"": 0.0252, ""stain"": 0.07, ""tear"": 0.0418}","{}","0","0","0","0","0","0","0","0","0","0","0","1","0","0","6cc48839507c311af56ecd1994d8b0733cb7f59fd0d69ce7ced66b820f5ae179","3921612","png"
"685","damaged_obvious_000489","damaged_obvious","489","photo-0400","0714.png","damaged_obvious_000489.png","dataset_images/damaged_obvious/damaged_obvious_000489.png","fdd9436594a6b879ef428bc6945f04ce98d7bc4c091b7b3dcc9d3addac1e7014","2277","1732","other","RGB","existing_damage","validation","real_damaged","赫达·莫里逊中国相册（Hedda Morrison）","","","","noise","1","texture_catalog_match_v1+source_attribute_v1","","{""crack"": 0.0, ""dust"": 0.0004, ""fold"": 0.001, ""missing_region"": 0.0139, ""mold"": 0.0066, ""scratch"": 0.0007, ""stain"": 0.0147, ""tear"": 0.0242}","{}","0","0","0","0","0","0","0","0","0","0","0","1","0","0","fdd9436594a6b879ef428bc6945f04ce98d7bc4c091b7b3dcc9d3addac1e7014","3019482","png"
"686","damaged_obvious_000490","damaged_obvious","490","photo-0401","0715.png","damaged_obvious_000490.png","dataset_images/damaged_obvious/damaged_obvious_000490.png","5bdf78376a10e792b1473d62f7ff78ba572984f87357a04a595f5ee68e041753","1717","2262","architecture","RGB","existing_damage","test","real_damaged","赫达·莫里逊中国相册（Hedda Morrison）","","","","noise","1","texture_catalog_match_v1+source_attribute_v1","","{""crack"": 0.0006, ""dust"": 0.0042, ""fold"": 0.0444, ""missing_region"": 0.0252, ""mold"": 0.0335, ""scratch"": 0.0193, ""stain"": 0.054, ""tear"": 0.0623}","{}","0","0","0","0","0","0","0","0","0","0","0","1","0","0","5bdf78376a10e792b1473d62f7ff78ba572984f87357a04a595f5ee68e041753","2836015","png"
"687","damaged_obvious_000491","damaged_obvious","491","photo-0402","0716.png","damaged_obvious_000491.png","dataset_images/damaged_obvious/damaged_obvious_000491.png","7c6f1a83f0c741c84b75649e17220c5bdb81b4f88f323da3603fb5e08c031ebf","1717","2211","outdoor_scene","RGB","existing_damage","train","real_damaged","赫达·莫里逊中国相册（Hedda Morrison）","","","","noise|uneven_exposure","2","texture_catalog_match_v1+source_attribute_v1","","{""crack"": 0.0037, ""dust"": 0.0074, ""fold"": 0.0238, ""missing_region"": 0.0172, ""mold"": 0.0397, ""scratch"": 0.0106, ""stain"": 0.0265, ""tear"": 0.0172}","{}","0","0","0","0","0","0","0","0","0","0","0","1","0","1","7c6f1a83f0c741c84b75649e17220c5bdb81b4f88f323da3603fb5e08c031ebf","2783826","png"
"688","damaged_obvious_000492","damaged_obvious","492","photo-0403","0717.png","damaged_obvious_000492.png","dataset_images/damaged_obvious/damaged_obvious_000492.png","1297834f11de2f4f1d3be6f88adacfea0e84f8abdcac64ec8eda5429f9ce1af8","1727","2140","architecture","RGB","existing_damage","train","real_damaged","赫达·莫里逊中国相册（Hedda Morrison）","","","","noise|uneven_exposure","2","texture_catalog_match_v1+source_attribute_v1","","{""crack"": 0.0105, ""dust"": 0.0146, ""fold"": 0.0196, ""missing_region"": 0.0241, ""mold"": 0.0419, ""scratch"": 0.0206, ""stain"": 0.0541, ""tear"": 0.0588}","{}","0","0","0","0","0","0","0","0","0","0","0","1","0","1","1297834f11de2f4f1d3be6f88adacfea0e84f8abdcac64ec8eda5429f9ce1af8","2926056","png"
"690","damaged_obvious_000493","damaged_obvious","493","photo-0405","0719.png","damaged_obvious_000493.png","dataset_images/damaged_obvious/damaged_obvious_000493.png","02d9af19dcc4316b0cd383e281e5053dc77ca615f0ce8c7ddf8cccbea33be9cd","1717","2246","architecture","RGB","existing_damage","train","real_damaged","赫达·莫里逊中国相册（Hedda Morrison）","","","","noise","1","texture_catalog_match_v1+source_attribute_v1","","{""crack"": 0.002, ""dust"": 0.0153, ""fold"": 0.0505, ""missing_region"": 0.0527, ""mold"": 0.1216, ""scratch"": 0.0205, ""stain"": 0.1505, ""tear"": 0.1088}","{}","0","0","0","0","0","0","0","0","0","0","0","1","0","0","02d9af19dcc4316b0cd383e281e5053dc77ca615f0ce8c7ddf8cccbea33be9cd","3060229","png"
"691","damaged_obvious_000494","damaged_obvious","494","photo-0406","0720.png","damaged_obvious_000494.png","dataset_images/damaged_obvious/damaged_obvious_000494.png","90f00eebee6f272fbf7623a9ed117c29e863dab978f7c813ab85677e65f92cfe","1712","2251","architecture","RGB","existing_damage","validation","real_damaged","赫达·莫里逊中国相册（Hedda Morrison）","","","","noise|uneven_exposure","2","texture_catalog_match_v1+source_attribute_v1","","{""crack"": 0.0223, ""dust"": 0.0305, ""fold"": 0.0449, ""missing_region"": 0.0576, ""mold"": 0.0499, ""scratch"": 0.0283, ""stain"": 0.0801, ""tear"": 0.1005}","{}","0","0","0","0","0","0","0","0","0","0","0","1","0","1","90f00eebee6f272fbf7623a9ed117c29e863dab978f7c813ab85677e65f92cfe","2970283","png"
"692","damaged_obvious_000495","damaged_obvious","495","photo-0407","0721.png","damaged_obvious_000495.png","dataset_images/damaged_obvious/damaged_obvious_000495.png","18bc9a9eb89723e878ae7491b448f1e2bf212dd6445f3887d7dcc8bd9544b19a","2237","1712","architecture","RGB","existing_damage","train","real_damaged","赫达·莫里逊中国相册（Hedda Morrison）","","","","noise","1","texture_catalog_match_v1+source_attribute_v1","","{""crack"": 0.0019, ""dust"": 0.01, ""fold"": 0.0234, ""missing_region"": 0.0308, ""mold"": 0.0474, ""scratch"": 0.0118, ""stain"": 0.045, ""tear"": 0.0456}","{}","0","0","0","0","0","0","0","0","0","0","0","1","0","0","18bc9a9eb89723e878ae7491b448f1e2bf212dd6445f3887d7dcc8bd9544b19a","3434229","png"
"693","damaged_obvious_000496","damaged_obvious","496","photo-0408","0722.png","damaged_obvious_000496.png","dataset_images/damaged_obvious/damaged_obvious_000496.png","847146d0571ea04c8920a481fe81cf7c46a305737cfd3f90816b5afe0ac5d8af","1706","2171","architecture","RGB","existing_damage","train","real_damaged","赫达·莫里逊中国相册（Hedda Morrison）","","","","noise","1","texture_catalog_match_v1+source_attribute_v1","","{""crack"": 0.0066, ""dust"": 0.0168, ""fold"": 0.053, ""missing_region"": 0.0407, ""mold"": 0.0477, ""scratch"": 0.0199, ""stain"": 0.0578, ""tear"": 0.0663}","{}","0","0","0","0","0","0","0","0","0","0","0","1","0","0","847146d0571ea04c8920a481fe81cf7c46a305737cfd3f90816b5afe0ac5d8af","3541959","png"
"694","damaged_obvious_000497","damaged_obvious","497","photo-0409","0723.png","damaged_obvious_000497.png","dataset_images/damaged_obvious/damaged_obvious_000497.png","b45c9314f36380c66648bf087ae3d9656088b5f792ed96718cc21b2293067cd9","1707","1931","architecture","RGB","existing_damage","validation","real_damaged","赫达·莫里逊中国相册（Hedda Morrison）","","","","noise|uneven_exposure","2","texture_catalog_match_v1+source_attribute_v1","","{""crack"": 0.0029, ""dust"": 0.0057, ""fold"": 0.0219, ""missing_region"": 0.0276, ""mold"": 0.0336, ""scratch"": 0.0152, ""stain"": 0.0332, ""tear"": 0.0348}","{}","0","0","0","0","0","0","0","0","0","0","0","1","0","1","b45c9314f36380c66648bf087ae3d9656088b5f792ed96718cc21b2293067cd9","2625317","png"
"695","damaged_obvious_000498","damaged_obvious","498","photo-0411","0724.png","damaged_obvious_000498.png","dataset_images/damaged_obvious/damaged_obvious_000498.png","de7b59321be8bf40d713e6b668ec69e99cd9f2fe976ae22e6ca1f643556db3e1","2157","893","outdoor_scene","RGB","existing_damage","train","real_damaged","赫达·莫里逊中国相册（Hedda Morrison）","","","","noise|uneven_exposure","2","texture_catalog_match_v1+source_attribute_v1","","{""crack"": 0.0235, ""dust"": 0.024, ""fold"": 0.0394, ""missing_region"": 0.0388, ""mold"": 0.0853, ""scratch"": 0.0247, ""stain"": 0.0644, ""tear"": 0.0832}","{}","0","0","0","0","0","0","0","0","0","0","0","1","0","1","da11be2ed849790aed49c027a3fee3a0a53b2f137a0dbad51b50a136f4d6b776","1780970","png"
"696","damaged_obvious_000499","damaged_obvious","499","photo-0412","0725.png","damaged_obvious_000499.png","dataset_images/damaged_obvious/damaged_obvious_000499.png","c0a79660c7ad5132c4cc80d120d289be27d7b99a4c64a48dab13017b6f024969","2180","1065","outdoor_scene","RGB","existing_damage","train","real_damaged","赫达·莫里逊中国相册（Hedda Morrison）","","","","noise|uneven_exposure","2","texture_catalog_match_v1+source_attribute_v1","","{""crack"": 0.0213, ""dust"": 0.0264, ""fold"": 0.0265, ""missing_region"": 0.0242, ""mold"": 0.0236, ""scratch"": 0.0222, ""stain"": 0.0263, ""tear"": 0.0422}","{}","0","0","0","0","0","0","0","0","0","0","0","1","0","1","c0a79660c7ad5132c4cc80d120d289be27d7b99a4c64a48dab13017b6f024969","2090167","png"
"697","damaged_obvious_000500","damaged_obvious","500","photo-0413","0726.png","damaged_obvious_000500.png","dataset_images/damaged_obvious/damaged_obvious_000500.png","aac16b3c7d8487cc5704ac45ea252c2613d17b01f9e3b991af13444af4094423","2254","1602","architecture","RGB","existing_damage","train","real_damaged","赫达·莫里逊中国相册（Hedda Morrison）","","","","noise","1","texture_catalog_match_v1+source_attribute_v1","","{""crack"": 0.0027, ""dust"": 0.0066, ""fold"": 0.0766, ""missing_region"": 0.0274, ""mold"": 0.0293, ""scratch"": 0.0141, ""stain"": 0.0317, ""tear"": 0.0285}","{}","0","0","0","0","0","0","0","0","0","0","0","1","0","0","aac16b3c7d8487cc5704ac45ea252c2613d17b01f9e3b991af13444af4094423","3765017","png"
"700","damaged_obvious_000501","damaged_obvious","501","photo-0416","0729.png","damaged_obvious_000501.png","dataset_images/damaged_obvious/damaged_obvious_000501.png","e0ad630ae4c39222e3702452c6b94edd5cbbd156efc4b497e5a2b11b7cf2ed8a","1657","2224","architecture","RGB","existing_damage","validation","real_damaged","赫达·莫里逊中国相册（Hedda Morrison）","","","","noise","1","texture_catalog_match_v1+source_attribute_v1","","{""crack"": 0.0033, ""dust"": 0.0158, ""fold"": 0.0293, ""missing_region"": 0.0403, ""mold"": 0.0508, ""scratch"": 0.0223, ""stain"": 0.0504, ""tear"": 0.0601}","{}","0","0","0","0","0","0","0","0","0","0","0","1","0","0","e0ad630ae4c39222e3702452c6b94edd5cbbd156efc4b497e5a2b11b7cf2ed8a","2688625","png"
"701","damaged_obvious_000502","damaged_obvious","502","photo-0417","0730.png","damaged_obvious_000502.png","dataset_images/damaged_obvious/damaged_obvious_000502.png","f2f946eb90bee6eaf60cde130ce565b0dbd165f7520359c69a19bf5c72aed188","2224","1648","architecture","RGB","existing_damage","test","real_damaged","赫达·莫里逊中国相册（Hedda Morrison）","","","","noise","1","texture_catalog_match_v1+source_attribute_v1","","{""crack"": 0.0052, ""dust"": 0.023, ""fold"": 0.0728, ""missing_region"": 0.0618, ""mold"": 0.0715, ""scratch"": 0.0235, ""stain"": 0.0799, ""tear"": 0.0761}","{}","0","0","0","0","0","0","0","0","0","0","0","1","0","0","f2f946eb90bee6eaf60cde130ce565b0dbd165f7520359c69a19bf5c72aed188","3240257","png"
"703","damaged_obvious_000503","damaged_obvious","503","photo-0419","0732.png","damaged_obvious_000503.png","dataset_images/damaged_obvious/damaged_obvious_000503.png","ab5d6893772f22cd44a83e041c740df7cc8024d12943e6d61486b5fa66b73c36","1657","2214","architecture","RGB","existing_damage","train","real_damaged","赫达·莫里逊中国相册（Hedda Morrison）","","","","noise","1","texture_catalog_match_v1+source_attribute_v1","","{""crack"": 0.0028, ""dust"": 0.0145, ""fold"": 0.0401, ""missing_region"": 0.0512, ""mold"": 0.0366, ""scratch"": 0.0185, ""stain"": 0.0377, ""tear"": 0.0512}","{}","0","0","0","0","0","0","0","0","0","0","0","1","0","0","eb371656d9885d4cb7acb6222f70d66c1c71a0a9c6c35dba67c1c921ca699baf","2942279","png"
"704","damaged_obvious_000504","damaged_obvious","504","photo-0420","0733.png","damaged_obvious_000504.png","dataset_images/damaged_obvious/damaged_obvious_000504.png","f77c5840236f5661607861522f5e84c9d9090db11e81dd3423ac464669558728","2219","1647","architecture","RGB","existing_damage","train","real_damaged","赫达·莫里逊中国相册（Hedda Morrison）","","","","noise","1","texture_catalog_match_v1+source_attribute_v1","","{""crack"": 0.0031, ""dust"": 0.0085, ""fold"": 0.016, ""missing_region"": 0.0258, ""mold"": 0.0253, ""scratch"": 0.0124, ""stain"": 0.0408, ""tear"": 0.0324}","{}","0","0","0","0","0","0","0","0","0","0","0","1","0","0","b6ee7d6d18b9144b8c6367edf2ce4b1aa5e709ab39821e057398b8f9ce6dd89b","3234599","png"
"705","damaged_obvious_000505","damaged_obvious","505","photo-0421","0734.png","damaged_obvious_000505.png","dataset_images/damaged_obvious/damaged_obvious_000505.png","c9346348d001a39ec08e51e4462cd94fe611511716e0c94d4d85bf7176aeb92e","1657","2219","outdoor_scene","RGB","existing_damage","train","real_damaged","赫达·莫里逊中国相册（Hedda Morrison）","","","","noise","1","texture_catalog_match_v1+source_attribute_v1","","{""crack"": 0.0001, ""dust"": 0.0008, ""fold"": 0.0039, ""missing_region"": 0.0193, ""mold"": 0.0097, ""scratch"": 0.0028, ""stain"": 0.026, ""tear"": 0.0193}","{}","0","0","0","0","0","0","0","0","0","0","0","1","0","0","c9346348d001a39ec08e51e4462cd94fe611511716e0c94d4d85bf7176aeb92e","2765762","png"
"706","damaged_obvious_000506","damaged_obvious","506","photo-0422","0735.png","damaged_obvious_000506.png","dataset_images/damaged_obvious/damaged_obvious_000506.png","14ec828400b81d71ac886d54bf32203b2b782c9deacce1b2c19d4dab71401f39","2253","1663","architecture","RGB","existing_damage","validation","real_damaged","赫达·莫里逊中国相册（Hedda Morrison）","","","","noise","1","texture_catalog_match_v1+source_attribute_v1","","{""crack"": 0.002, ""dust"": 0.0066, ""fold"": 0.0168, ""missing_region"": 0.0282, ""mold"": 0.0414, ""scratch"": 0.0163, ""stain"": 0.0331, ""tear"": 0.0378}","{}","0","0","0","0","0","0","0","0","0","0","0","1","0","0","14ec828400b81d71ac886d54bf32203b2b782c9deacce1b2c19d4dab71401f39","3398170","png"
"707","damaged_obvious_000507","damaged_obvious","507","photo-0423","0736.png","damaged_obvious_000507.png","dataset_images/damaged_obvious/damaged_obvious_000507.png","3cbab9bb903dedd3e5a59abd7ca5b4db87e1cd976e31d31e109f8aa888bbd7af","2274","1657","architecture","RGB","existing_damage","validation","real_damaged","赫达·莫里逊中国相册（Hedda Morrison）","","","","noise","1","texture_catalog_match_v1+source_attribute_v1","","{""crack"": 0.0072, ""dust"": 0.0154, ""fold"": 0.0339, ""missing_region"": 0.029, ""mold"": 0.0427, ""scratch"": 0.0119, ""stain"": 0.0453, ""tear"": 0.0689}","{}","0","0","0","0","0","0","0","0","0","0","0","1","0","0","3cbab9bb903dedd3e5a59abd7ca5b4db87e1cd976e31d31e109f8aa888bbd7af","3103206","png"
"709","damaged_obvious_000508","damaged_obvious","508","photo-0425","0738.png","damaged_obvious_000508.png","dataset_images/damaged_obvious/damaged_obvious_000508.png","bdd6c4e32e0c1558f08b649710f07b6380fe04887a7a812957a4dc84c1aa9c53","2203","1668","architecture","RGB","existing_damage","train","real_damaged","赫达·莫里逊中国相册（Hedda Morrison）","","","","noise","1","texture_catalog_match_v1+source_attribute_v1","","{""crack"": 0.0131, ""dust"": 0.0127, ""fold"": 0.0293, ""missing_region"": 0.0274, ""mold"": 0.0228, ""scratch"": 0.0141, ""stain"": 0.0289, ""tear"": 0.0571}","{}","0","0","0","0","0","0","0","0","0","0","0","1","0","0","bdd6c4e32e0c1558f08b649710f07b6380fe04887a7a812957a4dc84c1aa9c53","2838971","png"
"710","damaged_obvious_000509","damaged_obvious","509","photo-0426","0739.png","damaged_obvious_000509.png","dataset_images/damaged_obvious/damaged_obvious_000509.png","9d2623e314232690325073856a6b8fb08932a750ed0d6942b84b75d7a07342cb","2193","1653","architecture","RGB","existing_damage","train","real_damaged","赫达·莫里逊中国相册（Hedda Morrison）","","","","noise","1","texture_catalog_match_v1+source_attribute_v1","","{""crack"": 0.0144, ""dust"": 0.0137, ""fold"": 0.0273, ""missing_region"": 0.051, ""mold"": 0.0565, ""scratch"": 0.0174, ""stain"": 0.0404, ""tear"": 0.051}","{}","0","0","0","0","0","0","0","0","0","0","0","1","0","0","9d2623e314232690325073856a6b8fb08932a750ed0d6942b84b75d7a07342cb","3402550","png"
"711","damaged_obvious_000510","damaged_obvious","510","photo-0427","0740.png","damaged_obvious_000510.png","dataset_images/damaged_obvious/damaged_obvious_000510.png","79929418f550683206422590c6e7cd115a35994ce3b22f941627de552ce0d8d9","1667","2254","architecture","RGB","existing_damage","train","real_damaged","赫达·莫里逊中国相册（Hedda Morrison）","","","","noise","1","texture_catalog_match_v1+source_attribute_v1","","{""crack"": 0.0083, ""dust"": 0.0245, ""fold"": 0.0574, ""missing_region"": 0.0421, ""mold"": 0.1181, ""scratch"": 0.0238, ""stain"": 0.126, ""tear"": 0.1015}","{}","0","0","0","0","0","0","0","0","0","0","0","1","0","0","79929418f550683206422590c6e7cd115a35994ce3b22f941627de552ce0d8d9","2807003","png"
"712","damaged_obvious_000511","damaged_obvious","511","photo-0428","0741.png","damaged_obvious_000511.png","dataset_images/damaged_obvious/damaged_obvious_000511.png","95c40504d63a965bc980f5e0ff59af9632a0e0d6e4934a9a877222526b978285","1683","2264","architecture","RGB","existing_damage","train","real_damaged","赫达·莫里逊中国相册（Hedda Morrison）","","","","noise","1","texture_catalog_match_v1+source_attribute_v1","","{""crack"": 0.0003, ""dust"": 0.0019, ""fold"": 0.0358, ""missing_region"": 0.0162, ""mold"": 0.0208, ""scratch"": 0.0138, ""stain"": 0.0544, ""tear"": 0.0349}","{}","0","0","0","0","0","0","0","0","0","0","0","1","0","0","95c40504d63a965bc980f5e0ff59af9632a0e0d6e4934a9a877222526b978285","2974011","png"
"713","damaged_obvious_000512","damaged_obvious","512","photo-0429","0742.png","damaged_obvious_000512.png","dataset_images/damaged_obvious/damaged_obvious_000512.png","67949f2904586b67f4c14326055cf3e25bb5e3ded8e58c32b668e8a6de6da093","1652","2223","architecture","RGB","existing_damage","train","real_damaged","赫达·莫里逊中国相册（Hedda Morrison）","","","","noise|uneven_exposure","2","texture_catalog_match_v1+source_attribute_v1","","{""crack"": 0.0275, ""dust"": 0.0314, ""fold"": 0.0312, ""missing_region"": 0.0273, ""mold"": 0.0299, ""scratch"": 0.0298, ""stain"": 0.0415, ""tear"": 0.0415}","{}","0","0","0","0","0","0","0","0","0","0","0","1","0","1","67949f2904586b67f4c14326055cf3e25bb5e3ded8e58c32b668e8a6de6da093","2124216","png"
"714","damaged_obvious_000513","damaged_obvious","513","photo-0430","0743.png","damaged_obvious_000513.png","dataset_images/damaged_obvious/damaged_obvious_000513.png","f67a9cb45dcd813920061bcc8730474e20876a07b3dae6fa2d8cb7e089ed8ff2","1647","2223","architecture","RGB","existing_damage","train","real_damaged","赫达·莫里逊中国相册（Hedda Morrison）","","","","noise|uneven_exposure","2","texture_catalog_match_v1+source_attribute_v1","","{""crack"": 0.0022, ""dust"": 0.0075, ""fold"": 0.0718, ""missing_region"": 0.0269, ""mold"": 0.0525, ""scratch"": 0.0253, ""stain"": 0.0442, ""tear"": 0.0421}","{}","0","0","0","0","0","0","0","0","0","0","0","1","0","1","f67a9cb45dcd813920061bcc8730474e20876a07b3dae6fa2d8cb7e089ed8ff2","2648307","png"
"715","damaged_obvious_000514","damaged_obvious","514","photo-0431","0744.png","damaged_obvious_000514.png","dataset_images/damaged_obvious/damaged_obvious_000514.png","24ba2f199f65b0a83e5a522cc97eb4c6db3cf5554a35639cdc7751580336b738","1657","2032","architecture","RGB","existing_damage","train","real_damaged","赫达·莫里逊中国相册（Hedda Morrison）","","","","noise","1","texture_catalog_match_v1+source_attribute_v1","","{""crack"": 0.019, ""dust"": 0.0354, ""fold"": 0.0549, ""missing_region"": 0.0487, ""mold"": 0.0623, ""scratch"": 0.0284, ""stain"": 0.0628, ""tear"": 0.0629}","{}","0","0","0","0","0","0","0","0","0","0","0","1","0","0","e2c1763bef548a01b139071949e8ccdd14fc40f29c76afad8235cba21466ddb2","2525601","png"
"716","damaged_obvious_000515","damaged_obvious","515","photo-0432","0745.png","damaged_obvious_000515.png","dataset_images/damaged_obvious/damaged_obvious_000515.png","31a22d4430a70c94a235125562eea2edadeb10ccc443f0077f4772a6bd905241","1653","2188","architecture","RGB","existing_damage","train","real_damaged","赫达·莫里逊中国相册（Hedda Morrison）","","","","noise","1","texture_catalog_match_v1+source_attribute_v1","","{""crack"": 0.0169, ""dust"": 0.0196, ""fold"": 0.0428, ""missing_region"": 0.0349, ""mold"": 0.0335, ""scratch"": 0.0243, ""stain"": 0.0473, ""tear"": 0.051}","{}","0","0","0","0","0","0","0","0","0","0","0","1","0","0","31a22d4430a70c94a235125562eea2edadeb10ccc443f0077f4772a6bd905241","2358252","png"
"717","damaged_obvious_000516","damaged_obvious","516","photo-0433","0746.png","damaged_obvious_000516.png","dataset_images/damaged_obvious/damaged_obvious_000516.png","d288b3ab132efbea3a1849eb633a874aa1785fa9d32e5a0577af741a5518534f","2224","1657","architecture","RGB","existing_damage","test","real_damaged","赫达·莫里逊中国相册（Hedda Morrison）","","","","noise","1","texture_catalog_match_v1+source_attribute_v1","","{""crack"": 0.0033, ""dust"": 0.0142, ""fold"": 0.0382, ""missing_region"": 0.0304, ""mold"": 0.0393, ""scratch"": 0.0165, ""stain"": 0.0407, ""tear"": 0.0321}","{}","0","0","0","0","0","0","0","0","0","0","0","1","0","0","a3efb76c119cef9ead1ab4ae5b589d260d7c0dec1b6066b99975f4e494b42d5e","3290469","png"
"718","damaged_obvious_000517","damaged_obvious","517","photo-0434","0747.png","damaged_obvious_000517.png","dataset_images/damaged_obvious/damaged_obvious_000517.png","71c958c32605b5528bbf2097b418b5153b7514593b0680fec45e7205b0c394e9","2224","1668","architecture","RGB","existing_damage","train","real_damaged","赫达·莫里逊中国相册（Hedda Morrison）","","","","noise","1","texture_catalog_match_v1+source_attribute_v1","","{""crack"": 0.0067, ""dust"": 0.0129, ""fold"": 0.0289, ""missing_region"": 0.0176, ""mold"": 0.025, ""scratch"": 0.0146, ""stain"": 0.0233, ""tear"": 0.0191}","{}","0","0","0","0","0","0","0","0","0","0","0","1","0","0","71c958c32605b5528bbf2097b418b5153b7514593b0680fec45e7205b0c394e9","2751869","png"
"719","damaged_obvious_000518","damaged_obvious","518","photo-0435","0748.png","damaged_obvious_000518.png","dataset_images/damaged_obvious/damaged_obvious_000518.png","96d27385007003f524f1c92811eb7399ac40cd66014a87120b22cca9ed8c6e9b","2219","1633","architecture","RGB","existing_damage","train","real_damaged","赫达·莫里逊中国相册（Hedda Morrison）","","","","noise|uneven_exposure","2","texture_catalog_match_v1+source_attribute_v1","","{""crack"": 0.0173, ""dust"": 0.0167, ""fold"": 0.0228, ""missing_region"": 0.022, ""mold"": 0.0225, ""scratch"": 0.0154, ""stain"": 0.0326, ""tear"": 0.0297}","{}","0","0","0","0","0","0","0","0","0","0","0","1","0","1","96d27385007003f524f1c92811eb7399ac40cd66014a87120b22cca9ed8c6e9b","1998808","png"
"721","damaged_obvious_000519","damaged_obvious","519","photo-0437","0750.png","damaged_obvious_000519.png","dataset_images/damaged_obvious/damaged_obvious_000519.png","b3f04ed97825251be906021bdca7fae183572325cc50765a6b856e836905da0f","2223","1647","architecture","RGB","existing_damage","train","real_damaged","赫达·莫里逊中国相册（Hedda Morrison）","","","","noise|uneven_exposure","2","texture_catalog_match_v1+source_attribute_v1","","{""crack"": 0.0135, ""dust"": 0.0351, ""fold"": 0.0828, ""missing_region"": 0.0361, ""mold"": 0.0832, ""scratch"": 0.027, ""stain"": 0.127, ""tear"": 0.0637}","{}","0","0","0","0","0","0","0","0","0","0","0","1","0","1","b3f04ed97825251be906021bdca7fae183572325cc50765a6b856e836905da0f","2271806","png"
"722","damaged_obvious_000520","damaged_obvious","520","photo-0438","0751.png","damaged_obvious_000520.png","dataset_images/damaged_obvious/damaged_obvious_000520.png","7fc4681e0e7b1c9ab73b33a7eb6caa3e207294f45b24f1160bdf6794c1d7bc40","2219","1319","architecture","RGB","existing_damage","train","real_damaged","赫达·莫里逊中国相册（Hedda Morrison）","","","","noise","1","texture_catalog_match_v1+source_attribute_v1","","{""crack"": 0.0023, ""dust"": 0.0056, ""fold"": 0.0343, ""missing_region"": 0.0206, ""mold"": 0.039, ""scratch"": 0.0153, ""stain"": 0.0468, ""tear"": 0.0292}","{}","0","0","0","0","0","0","0","0","0","0","0","1","0","0","7fc4681e0e7b1c9ab73b33a7eb6caa3e207294f45b24f1160bdf6794c1d7bc40","2743429","png"
"723","damaged_obvious_000521","damaged_obvious","521","photo-0439","0752.png","damaged_obvious_000521.png","dataset_images/damaged_obvious/damaged_obvious_000521.png","67b80644713d4979d4870f225e2167cbda390d922b1847068729467b5e5df3f7","2224","1597","architecture","RGB","existing_damage","train","real_damaged","赫达·莫里逊中国相册（Hedda Morrison）","","","","noise","1","texture_catalog_match_v1+source_attribute_v1","","{""crack"": 0.0026, ""dust"": 0.0102, ""fold"": 0.0661, ""missing_region"": 0.0349, ""mold"": 0.0619, ""scratch"": 0.024, ""stain"": 0.0794, ""tear"": 0.0653}","{}","0","0","0","0","0","0","0","0","0","0","0","1","0","0","67b80644713d4979d4870f225e2167cbda390d922b1847068729467b5e5df3f7","3042364","png"
"724","damaged_obvious_000522","damaged_obvious","522","photo-0440","0753.png","damaged_obvious_000522.png","dataset_images/damaged_obvious/damaged_obvious_000522.png","d6d3dc7eedb7af117021eee619cd846b9ad049699b574fef3d373cbf9c4b3066","1653","2219","architecture","RGB","existing_damage","train","real_damaged","赫达·莫里逊中国相册（Hedda Morrison）","","","","uneven_exposure","1","texture_catalog_match_v1+source_attribute_v1","","{""crack"": 0.0207, ""dust"": 0.0258, ""fold"": 0.0525, ""missing_region"": 0.0464, ""mold"": 0.0887, ""scratch"": 0.0247, ""stain"": 0.076, ""tear"": 0.0795}","{}","0","0","0","0","0","0","0","0","0","0","0","0","0","1","d6d3dc7eedb7af117021eee619cd846b9ad049699b574fef3d373cbf9c4b3066","2277486","png"
"725","damaged_obvious_000523","damaged_obvious","523","photo-0441","0754.png","damaged_obvious_000523.png","dataset_images/damaged_obvious/damaged_obvious_000523.png","ee74e90c4d0c5306456c28fc5b0096519f599eac061872cce69b15aa71481311","1713","2214","architecture","RGB","existing_damage","train","real_damaged","赫达·莫里逊中国相册（Hedda Morrison）","","","","noise","1","texture_catalog_match_v1+source_attribute_v1","","{""crack"": 0.0097, ""dust"": 0.0097, ""fold"": 0.0222, ""missing_region"": 0.0173, ""mold"": 0.0234, ""scratch"": 0.0144, ""stain"": 0.0231, ""tear"": 0.0237}","{}","0","0","0","0","0","0","0","0","0","0","0","1","0","0","ee74e90c4d0c5306456c28fc5b0096519f599eac061872cce69b15aa71481311","2553496","png"
"727","damaged_obvious_000524","damaged_obvious","524","photo-0443","0756.png","damaged_obvious_000524.png","dataset_images/damaged_obvious/damaged_obvious_000524.png","79ff0f50635c426639d11e7c069992a7ba7b86bb87a3946ae5ca577dda6818f2","2233","1648","architecture","RGB","existing_damage","train","real_damaged","赫达·莫里逊中国相册（Hedda Morrison）","","","","noise","1","texture_catalog_match_v1+source_attribute_v1","","{""crack"": 0.0126, ""dust"": 0.0172, ""fold"": 0.0359, ""missing_region"": 0.0512, ""mold"": 0.0951, ""scratch"": 0.0281, ""stain"": 0.0546, ""tear"": 0.0622}","{}","0","0","0","0","0","0","0","0","0","0","0","1","0","0","79ff0f50635c426639d11e7c069992a7ba7b86bb87a3946ae5ca577dda6818f2","3248967","png"
"729","damaged_obvious_000525","damaged_obvious","525","photo-0445","0758.png","damaged_obvious_000525.png","dataset_images/damaged_obvious/damaged_obvious_000525.png","7b2d74afb87f67940afc8ac6ee6e1a50edafd0d98e5989a6282cfb9af2c03186","1663","2234","other","RGB","existing_damage","validation","real_damaged","赫达·莫里逊中国相册（Hedda Morrison）","","","","noise|uneven_exposure","2","texture_catalog_match_v1+source_attribute_v1","","{""crack"": 0.0057, ""dust"": 0.0117, ""fold"": 0.0174, ""missing_region"": 0.0307, ""mold"": 0.0253, ""scratch"": 0.0132, ""stain"": 0.0239, ""tear"": 0.0307}","{}","0","0","0","0","0","0","0","0","0","0","0","1","0","1","7b2d74afb87f67940afc8ac6ee6e1a50edafd0d98e5989a6282cfb9af2c03186","2392062","png"
"730","damaged_obvious_000526","damaged_obvious","526","photo-0446","0759.png","damaged_obvious_000526.png","dataset_images/damaged_obvious/damaged_obvious_000526.png","56dbc2bd974ef563a2a4f71eae9263cb0b3213b09982c96b349669c150cb38c3","2223","1627","architecture","RGB","existing_damage","train","real_damaged","赫达·莫里逊中国相册（Hedda Morrison）","","","","noise|uneven_exposure","2","texture_catalog_match_v1+source_attribute_v1","","{""crack"": 0.0206, ""dust"": 0.0203, ""fold"": 0.031, ""missing_region"": 0.0245, ""mold"": 0.0281, ""scratch"": 0.0191, ""stain"": 0.0277, ""tear"": 0.0271}","{}","0","0","0","0","0","0","0","0","0","0","0","1","0","1","56dbc2bd974ef563a2a4f71eae9263cb0b3213b09982c96b349669c150cb38c3","2823574","png"
"732","damaged_obvious_000527","damaged_obvious","527","photo-0448","0761.png","damaged_obvious_000527.png","dataset_images/damaged_obvious/damaged_obvious_000527.png","7a37ff9a210ebec027860d4c2f3041b496f7aeb5978b046bd22d20bf95bb9024","1632","2219","architecture","RGB","existing_damage","validation","real_damaged","赫达·莫里逊中国相册（Hedda Morrison）","","","","noise","1","texture_catalog_match_v1+source_attribute_v1","","{""crack"": 0.015, ""dust"": 0.0299, ""fold"": 0.0872, ""missing_region"": 0.0296, ""mold"": 0.0978, ""scratch"": 0.035, ""stain"": 0.1211, ""tear"": 0.0506}","{}","0","0","0","0","0","0","0","0","0","0","0","1","0","0","7a37ff9a210ebec027860d4c2f3041b496f7aeb5978b046bd22d20bf95bb9024","2894622","png"
"733","damaged_obvious_000528","damaged_obvious","528","photo-0449","0762.png","damaged_obvious_000528.png","dataset_images/damaged_obvious/damaged_obvious_000528.png","64aa131662bc4f732463149dcc35926298cdf7f1efd80d0a95aca680793539db","2219","1475","architecture","RGB","existing_damage","train","real_damaged","赫达·莫里逊中国相册（Hedda Morrison）","","","","noise","1","texture_catalog_match_v1+source_attribute_v1","","{""crack"": 0.0213, ""dust"": 0.0236, ""fold"": 0.0484, ""missing_region"": 0.0219, ""mold"": 0.0619, ""scratch"": 0.0209, ""stain"": 0.0974, ""tear"": 0.0817}","{}","0","0","0","0","0","0","0","0","0","0","0","1","0","0","64aa131662bc4f732463149dcc35926298cdf7f1efd80d0a95aca680793539db","2568740","png"
"735","damaged_obvious_000529","damaged_obvious","529","photo-0451","0764.png","damaged_obvious_000529.png","dataset_images/damaged_obvious/damaged_obvious_000529.png","3ed5fdee7c5cf4d2b300dbf468b0f62f76185e670451ee00c9eed6633227186c","2249","1582","other","RGB","existing_damage","train","real_damaged","赫达·莫里逊中国相册（Hedda Morrison）","","","","noise|uneven_exposure","2","texture_catalog_match_v1+source_attribute_v1","","{""crack"": 0.0101, ""dust"": 0.0267, ""fold"": 0.0782, ""missing_region"": 0.0633, ""mold"": 0.0893, ""scratch"": 0.027, ""stain"": 0.1433, ""tear"": 0.0716}","{}","0","0","0","0","0","0","0","0","0","0","0","1","0","1","3ed5fdee7c5cf4d2b300dbf468b0f62f76185e670451ee00c9eed6633227186c","2821020","png"
"737","damaged_obvious_000530","damaged_obvious","530","photo-0453","0766.png","damaged_obvious_000530.png","dataset_images/damaged_obvious/damaged_obvious_000530.png","f3a1da52297b719fb4f5b91ae79c4f2b0b66224f198895bc8a636258519ff3df","2219","1637","other","RGB","existing_damage","test","real_damaged","赫达·莫里逊中国相册（Hedda Morrison）","","","","noise","1","texture_catalog_match_v1+source_attribute_v1","","{""crack"": 0.0094, ""dust"": 0.0321, ""fold"": 0.0741, ""missing_region"": 0.0524, ""mold"": 0.0609, ""scratch"": 0.0291, ""stain"": 0.0711, ""tear"": 0.0524}","{}","0","0","0","0","0","0","0","0","0","0","0","1","0","0","f3a1da52297b719fb4f5b91ae79c4f2b0b66224f198895bc8a636258519ff3df","2691434","png"
"738","damaged_obvious_000531","damaged_obvious","531","photo-0454","0767.png","damaged_obvious_000531.png","dataset_images/damaged_obvious/damaged_obvious_000531.png","4136fea713364d1fde54ec92297ef1583367619a517b9c22caef1e25806f3b6b","1627","2218","architecture","RGB","existing_damage","train","real_damaged","赫达·莫里逊中国相册（Hedda Morrison）","","","","noise","1","texture_catalog_match_v1+source_attribute_v1","","{""crack"": 0.0008, ""dust"": 0.0022, ""fold"": 0.0044, ""missing_region"": 0.0067, ""mold"": 0.0085, ""scratch"": 0.0034, ""stain"": 0.0134, ""tear"": 0.0141}","{}","0","0","0","0","0","0","0","0","0","0","0","1","0","0","2a29e4e7c426e22fb0b200bfc5a2a2a3da38abdea82a77b6259a9cb26218b93e","2100438","png"
"739","damaged_obvious_000532","damaged_obvious","532","photo-0455","0768.png","damaged_obvious_000532.png","dataset_images/damaged_obvious/damaged_obvious_000532.png","0627d3efd48ca09fc7cf60a8776f7b42223d32493fc59d71def4c05bea0a30fb","1673","2229","architecture","RGB","existing_damage","train","real_damaged","赫达·莫里逊中国相册（Hedda Morrison）","","","","noise|uneven_exposure","2","texture_catalog_match_v1+source_attribute_v1","","{""crack"": 0.0029, ""dust"": 0.0039, ""fold"": 0.0189, ""missing_region"": 0.0097, ""mold"": 0.0148, ""scratch"": 0.0106, ""stain"": 0.0223, ""tear"": 0.0202}","{}","0","0","0","0","0","0","0","0","0","0","0","1","0","1","cccca10989537f3676c5d7d028e4eeca8909f00014d90726f685e4d411d6c8c6","2248091","png"
"741","damaged_obvious_000533","damaged_obvious","533","photo-0457","0770.png","damaged_obvious_000533.png","dataset_images/damaged_obvious/damaged_obvious_000533.png","ff7eb45aa9c5272867cca1d8b52bf71da49c0257377cd698859314d760e6e891","2218","1638","architecture","RGB","existing_damage","train","real_damaged","赫达·莫里逊中国相册（Hedda Morrison）","","","","noise","1","texture_catalog_match_v1+source_attribute_v1","","{""crack"": 0.004, ""dust"": 0.022, ""fold"": 0.0517, ""missing_region"": 0.0471, ""mold"": 0.0892, ""scratch"": 0.0232, ""stain"": 0.0726, ""tear"": 0.0836}","{}","0","0","0","0","0","0","0","0","0","0","0","1","0","0","ff7eb45aa9c5272867cca1d8b52bf71da49c0257377cd698859314d760e6e891","2931443","png"
"742","damaged_obvious_000534","damaged_obvious","534","photo-0458","0771.png","damaged_obvious_000534.png","dataset_images/damaged_obvious/damaged_obvious_000534.png","b71191d3a8b602d9fcea43d2c5f2facc796591fc854ceb5ea203773702216a70","1683","2218","architecture","RGB","existing_damage","train","real_damaged","赫达·莫里逊中国相册（Hedda Morrison）","","","","noise","1","texture_catalog_match_v1+source_attribute_v1","","{""crack"": 0.0056, ""dust"": 0.0088, ""fold"": 0.0177, ""missing_region"": 0.0168, ""mold"": 0.034, ""scratch"": 0.0121, ""stain"": 0.0188, ""tear"": 0.0292}","{}","0","0","0","0","0","0","0","0","0","0","0","1","0","0","b71191d3a8b602d9fcea43d2c5f2facc796591fc854ceb5ea203773702216a70","2004337","png"
"744","damaged_obvious_000535","damaged_obvious","535","photo-0460","0773.png","damaged_obvious_000535.png","dataset_images/damaged_obvious/damaged_obvious_000535.png","19b64ead688a82a224fdafe44809b3b323581b41dfa1db02d08ddb573fbeda73","2234","1688","architecture","RGB","existing_damage","train","real_damaged","赫达·莫里逊中国相册（Hedda Morrison）","","","","noise","1","texture_catalog_match_v1+source_attribute_v1","","{""crack"": 0.003, ""dust"": 0.0071, ""fold"": 0.0167, ""missing_region"": 0.0271, ""mold"": 0.0201, ""scratch"": 0.0113, ""stain"": 0.025, ""tear"": 0.0398}","{}","0","0","0","0","0","0","0","0","0","0","0","1","0","0","19b64ead688a82a224fdafe44809b3b323581b41dfa1db02d08ddb573fbeda73","2506893","png"
"745","damaged_obvious_000536","damaged_obvious","536","photo-0461","0774.png","damaged_obvious_000536.png","dataset_images/damaged_obvious/damaged_obvious_000536.png","12d42be0b04d3f25006cc26635969e4ae5e48069a3006eec8cc8d55145a6bbdd","2254","1663","architecture","RGB","existing_damage","validation","real_damaged","赫达·莫里逊中国相册（Hedda Morrison）","","","","noise","1","texture_catalog_match_v1+source_attribute_v1","","{""crack"": 0.0115, ""dust"": 0.0282, ""fold"": 0.1017, ""missing_region"": 0.0438, ""mold"": 0.0993, ""scratch"": 0.0265, ""stain"": 0.0941, ""tear"": 0.0742}","{}","0","0","0","0","0","0","0","0","0","0","0","1","0","0","12d42be0b04d3f25006cc26635969e4ae5e48069a3006eec8cc8d55145a6bbdd","2965332","png"
"746","damaged_obvious_000537","damaged_obvious","537","photo-0462","0775.png","damaged_obvious_000537.png","dataset_images/damaged_obvious/damaged_obvious_000537.png","69d3ad67ae4914f1f0ed3b931a82f7cbdc3fd2fc19e1f3f41c8da399b060c673","2229","1673","architecture","RGB","existing_damage","train","real_damaged","赫达·莫里逊中国相册（Hedda Morrison）","","","","noise","1","texture_catalog_match_v1+source_attribute_v1","","{""crack"": 0.0004, ""dust"": 0.0033, ""fold"": 0.0211, ""missing_region"": 0.0341, ""mold"": 0.0291, ""scratch"": 0.0105, ""stain"": 0.0672, ""tear"": 0.0983}","{}","0","0","0","0","0","0","0","0","0","0","0","1","0","0","69d3ad67ae4914f1f0ed3b931a82f7cbdc3fd2fc19e1f3f41c8da399b060c673","2947633","png"
"748","damaged_obvious_000538","damaged_obvious","538","photo-0464","0777.png","damaged_obvious_000538.png","dataset_images/damaged_obvious/damaged_obvious_000538.png","ce7353511627835c8c0a7ebbecedc0d72d2159218ee9b0771163541523dc3a6b","1677","2239","architecture","RGB","existing_damage","train","real_damaged","赫达·莫里逊中国相册（Hedda Morrison）","","","","noise","1","texture_catalog_match_v1+source_attribute_v1","","{""crack"": 0.0022, ""dust"": 0.0086, ""fold"": 0.022, ""missing_region"": 0.0252, ""mold"": 0.054, ""scratch"": 0.0213, ""stain"": 0.0699, ""tear"": 0.0426}","{}","0","0","0","0","0","0","0","0","0","0","0","1","0","0","ce7353511627835c8c0a7ebbecedc0d72d2159218ee9b0771163541523dc3a6b","2709115","png"
"749","damaged_obvious_000539","damaged_obvious","539","photo-0465","0778.png","damaged_obvious_000539.png","dataset_images/damaged_obvious/damaged_obvious_000539.png","6fa559ec59b54cd94c973d6b4fcf65601ee1e18412dffb5050525d53bf3227e9","2223","1668","other","RGB","existing_damage","test","real_damaged","赫达·莫里逊中国相册（Hedda Morrison）","","","","noise","1","texture_catalog_match_v1+source_attribute_v1","","{""crack"": 0.0005, ""dust"": 0.0025, ""fold"": 0.0085, ""missing_region"": 0.0146, ""mold"": 0.0108, ""scratch"": 0.005, ""stain"": 0.0301, ""tear"": 0.0256}","{}","0","0","0","0","0","0","0","0","0","0","0","1","0","0","6fa559ec59b54cd94c973d6b4fcf65601ee1e18412dffb5050525d53bf3227e9","3632478","png"
"750","damaged_obvious_000540","damaged_obvious","540","photo-0466","0779.png","damaged_obvious_000540.png","dataset_images/damaged_obvious/damaged_obvious_000540.png","302ee047240daf72f3c12f9d7eac76ff5b2864407eeeefede8f34a523866bb66","1667","2198","architecture","RGB","existing_damage","train","real_damaged","赫达·莫里逊中国相册（Hedda Morrison）","","","","noise","1","texture_catalog_match_v1+source_attribute_v1","","{""crack"": 0.0133, ""dust"": 0.0153, ""fold"": 0.0431, ""missing_region"": 0.0451, ""mold"": 0.0497, ""scratch"": 0.0174, ""stain"": 0.0591, ""tear"": 0.0696}","{}","0","0","0","0","0","0","0","0","0","0","0","1","0","0","302ee047240daf72f3c12f9d7eac76ff5b2864407eeeefede8f34a523866bb66","3183347","png"
"751","damaged_obvious_000541","damaged_obvious","541","photo-0467","0780.png","damaged_obvious_000541.png","dataset_images/damaged_obvious/damaged_obvious_000541.png","7e8588e44e0c679198e3f25ebcb8faad216218ef8c68341fa62eb09aef336a04","1673","2228","architecture","RGB","existing_damage","train","real_damaged","赫达·莫里逊中国相册（Hedda Morrison）","","","","noise","1","texture_catalog_match_v1+source_attribute_v1","","{""crack"": 0.009, ""dust"": 0.0251, ""fold"": 0.0605, ""missing_region"": 0.033, ""mold"": 0.0781, ""scratch"": 0.0218, ""stain"": 0.0905, ""tear"": 0.0445}","{}","0","0","0","0","0","0","0","0","0","0","0","1","0","0","7e8588e44e0c679198e3f25ebcb8faad216218ef8c68341fa62eb09aef336a04","2833683","png"
"752","damaged_obvious_000542","damaged_obvious","542","photo-0468","0781.png","damaged_obvious_000542.png","dataset_images/damaged_obvious/damaged_obvious_000542.png","0affaed005d122b51ca4aa7f0949832db6d63a5a156ea128fb783eac209467e3","1672","2224","architecture","RGB","existing_damage","train","real_damaged","赫达·莫里逊中国相册（Hedda Morrison）","","","","noise","1","texture_catalog_match_v1+source_attribute_v1","","{""crack"": 0.0096, ""dust"": 0.0231, ""fold"": 0.0417, ""missing_region"": 0.0362, ""mold"": 0.0438, ""scratch"": 0.0226, ""stain"": 0.0639, ""tear"": 0.0559}","{}","0","0","0","0","0","0","0","0","0","0","0","1","0","0","0affaed005d122b51ca4aa7f0949832db6d63a5a156ea128fb783eac209467e3","3247158","png"
"753","damaged_obvious_000543","damaged_obvious","543","photo-0469","0782.png","damaged_obvious_000543.png","dataset_images/damaged_obvious/damaged_obvious_000543.png","a3f06160e4c7866ca5fc3754388e7532ed4909c72717221abca7bba83fa3f419","1677","2214","architecture","RGB","existing_damage","train","real_damaged","赫达·莫里逊中国相册（Hedda Morrison）","","","","noise","1","texture_catalog_match_v1+source_attribute_v1","","{""crack"": 0.0103, ""dust"": 0.0185, ""fold"": 0.0363, ""missing_region"": 0.0272, ""mold"": 0.0326, ""scratch"": 0.018, ""stain"": 0.0467, ""tear"": 0.0361}","{}","0","0","0","0","0","0","0","0","0","0","0","1","0","0","a3f06160e4c7866ca5fc3754388e7532ed4909c72717221abca7bba83fa3f419","2543429","png"
"754","damaged_obvious_000544","damaged_obvious","544","photo-0470","0783.png","damaged_obvious_000544.png","dataset_images/damaged_obvious/damaged_obvious_000544.png","6ae1003b82e34dc6556fc7d4e97f7b7bc464e1a1bdb6c0f46f45a17041a7492f","2244","1698","architecture","RGB","existing_damage","train","real_damaged","赫达·莫里逊中国相册（Hedda Morrison）","","","","noise|uneven_exposure","2","texture_catalog_match_v1+source_attribute_v1","","{""crack"": 0.0104, ""dust"": 0.0112, ""fold"": 0.0188, ""missing_region"": 0.0297, ""mold"": 0.0438, ""scratch"": 0.0141, ""stain"": 0.0268, ""tear"": 0.0463}","{}","0","0","0","0","0","0","0","0","0","0","0","1","0","1","6ae1003b82e34dc6556fc7d4e97f7b7bc464e1a1bdb6c0f46f45a17041a7492f","2752868","png"
"755","damaged_obvious_000545","damaged_obvious","545","photo-0471","0784.png","damaged_obvious_000545.png","dataset_images/damaged_obvious/damaged_obvious_000545.png","0652bd167e217405a182c2afebff20fa469ae5ae30340ea121b99a181c967d72","1673","2032","architecture","RGB","existing_damage","validation","real_damaged","赫达·莫里逊中国相册（Hedda Morrison）","","","","noise","1","texture_catalog_match_v1+source_attribute_v1","","{""crack"": 0.0068, ""dust"": 0.0096, ""fold"": 0.0207, ""missing_region"": 0.0234, ""mold"": 0.0191, ""scratch"": 0.0088, ""stain"": 0.0209, ""tear"": 0.0394}","{}","0","0","0","0","0","0","0","0","0","0","0","1","0","0","17002427ebce4268810e0d79c372fd946c91d85e8ca7c4121f68caeadbc89701","2709885","png"
"756","damaged_obvious_000546","damaged_obvious","546","photo-0472","0785.png","damaged_obvious_000546.png","dataset_images/damaged_obvious/damaged_obvious_000546.png","24a40a3e9ef7f564ea32f0f9b50bf03b64de2f79d06ca213e7a93eb5f504b727","2269","1693","architecture","RGB","existing_damage","validation","real_damaged","赫达·莫里逊中国相册（Hedda Morrison）","","","","noise|uneven_exposure","2","texture_catalog_match_v1+source_attribute_v1","","{""crack"": 0.0151, ""dust"": 0.0158, ""fold"": 0.0226, ""missing_region"": 0.0336, ""mold"": 0.0233, ""scratch"": 0.0135, ""stain"": 0.0384, ""tear"": 0.0352}","{}","0","0","0","0","0","0","0","0","0","0","0","1","0","1","24a40a3e9ef7f564ea32f0f9b50bf03b64de2f79d06ca213e7a93eb5f504b727","3116065","png"
"757","damaged_obvious_000547","damaged_obvious","547","photo-0473","0786.png","damaged_obvious_000547.png","dataset_images/damaged_obvious/damaged_obvious_000547.png","72bd349578ac6c8d417684911f4f390247d17718945c46988d546f9efc959482","2219","1678","architecture","RGB","existing_damage","train","real_damaged","赫达·莫里逊中国相册（Hedda Morrison）","","","","noise","1","texture_catalog_match_v1+source_attribute_v1","","{""crack"": 0.0047, ""dust"": 0.0065, ""fold"": 0.0256, ""missing_region"": 0.0273, ""mold"": 0.0416, ""scratch"": 0.0157, ""stain"": 0.1123, ""tear"": 0.0625}","{}","0","0","0","0","0","0","0","0","0","0","0","1","0","0","72bd349578ac6c8d417684911f4f390247d17718945c46988d546f9efc959482","3510249","png"
"758","damaged_obvious_000548","damaged_obvious","548","photo-0474","0787.png","damaged_obvious_000548.png","dataset_images/damaged_obvious/damaged_obvious_000548.png","baa8a7dad1eca84b517676cb7da22914432c018e3979904526de1a21b8cfb6b5","1688","2173","architecture","RGB","existing_damage","train","real_damaged","赫达·莫里逊中国相册（Hedda Morrison）","","","","noise","1","texture_catalog_match_v1+source_attribute_v1","","{""crack"": 0.002, ""dust"": 0.0088, ""fold"": 0.0322, ""missing_region"": 0.0298, ""mold"": 0.0354, ""scratch"": 0.0132, ""stain"": 0.0458, ""tear"": 0.0422}","{}","0","0","0","0","0","0","0","0","0","0","0","1","0","0","baa8a7dad1eca84b517676cb7da22914432c018e3979904526de1a21b8cfb6b5","3227759","png"
"759","damaged_obvious_000549","damaged_obvious","549","photo-0475","0788.png","damaged_obvious_000549.png","dataset_images/damaged_obvious/damaged_obvious_000549.png","aa9d7e198220364cf09f48974ea45fdde629a20fbf6a0df61eefc755fa19d358","1663","2238","architecture","RGB","existing_damage","train","real_damaged","赫达·莫里逊中国相册（Hedda Morrison）","","","","noise","1","texture_catalog_match_v1+source_attribute_v1","","{""crack"": 0.0026, ""dust"": 0.0102, ""fold"": 0.0275, ""missing_region"": 0.0299, ""mold"": 0.0396, ""scratch"": 0.0164, ""stain"": 0.0754, ""tear"": 0.0493}","{}","0","0","0","0","0","0","0","0","0","0","0","1","0","0","aa9d7e198220364cf09f48974ea45fdde629a20fbf6a0df61eefc755fa19d358","2892058","png"
"761","damaged_obvious_000550","damaged_obvious","550","photo-0477","0790.png","damaged_obvious_000550.png","dataset_images/damaged_obvious/damaged_obvious_000550.png","759bb8188cc52ebfe1b528cde6ff2af5c678acae3dec2a8010f468d8a2f8e2d4","1668","2218","architecture","RGB","existing_damage","train","real_damaged","赫达·莫里逊中国相册（Hedda Morrison）","","","","noise","1","texture_catalog_match_v1+source_attribute_v1","","{""crack"": 0.001, ""dust"": 0.0039, ""fold"": 0.0167, ""missing_region"": 0.0191, ""mold"": 0.0214, ""scratch"": 0.0079, ""stain"": 0.023, ""tear"": 0.0237}","{}","0","0","0","0","0","0","0","0","0","0","0","1","0","0","759bb8188cc52ebfe1b528cde6ff2af5c678acae3dec2a8010f468d8a2f8e2d4","2522471","png"
"762","damaged_obvious_000551","damaged_obvious","551","photo-0478","0791.png","damaged_obvious_000551.png","dataset_images/damaged_obvious/damaged_obvious_000551.png","e66ce07117d96cd0e2128cba13ad998a12f2a360a9444675bf85ebc5f7538e1e","1673","2208","architecture","RGB","existing_damage","train","real_damaged","赫达·莫里逊中国相册（Hedda Morrison）","","","","noise","1","texture_catalog_match_v1+source_attribute_v1","","{""crack"": 0.0183, ""dust"": 0.0219, ""fold"": 0.0451, ""missing_region"": 0.0529, ""mold"": 0.0953, ""scratch"": 0.0296, ""stain"": 0.0776, ""tear"": 0.1299}","{}","0","0","0","0","0","0","0","0","0","0","0","1","0","0","e66ce07117d96cd0e2128cba13ad998a12f2a360a9444675bf85ebc5f7538e1e","3451599","png"
"764","damaged_obvious_000552","damaged_obvious","552","photo-0480","0793.png","damaged_obvious_000552.png","dataset_images/damaged_obvious/damaged_obvious_000552.png","25f8c00179ae39ff315be06a09277947a4c112cfd71de94f4ac4108f8c0d4f09","1678","2178","architecture","RGB","existing_damage","train","real_damaged","赫达·莫里逊中国相册（Hedda Morrison）","","","","noise","1","texture_catalog_match_v1+source_attribute_v1","","{""crack"": 0.0058, ""dust"": 0.0117, ""fold"": 0.0291, ""missing_region"": 0.0234, ""mold"": 0.0411, ""scratch"": 0.0118, ""stain"": 0.0347, ""tear"": 0.035}","{}","0","0","0","0","0","0","0","0","0","0","0","1","0","0","25f8c00179ae39ff315be06a09277947a4c112cfd71de94f4ac4108f8c0d4f09","3783266","png"
"765","damaged_obvious_000553","damaged_obvious","553","photo-0481","0794.png","damaged_obvious_000553.png","dataset_images/damaged_obvious/damaged_obvious_000553.png","96f3d84207f6db7492e0312959679f1d4e2e39d998edf3b758b1eb34c19f62f8","2234","1668","architecture","RGB","existing_damage","train","real_damaged","赫达·莫里逊中国相册（Hedda Morrison）","","","","noise","1","texture_catalog_match_v1+source_attribute_v1","","{""crack"": 0.0108, ""dust"": 0.0137, ""fold"": 0.0307, ""missing_region"": 0.0441, ""mold"": 0.0324, ""scratch"": 0.0131, ""stain"": 0.03, ""tear"": 0.0441}","{}","0","0","0","0","0","0","0","0","0","0","0","1","0","0","96f3d84207f6db7492e0312959679f1d4e2e39d998edf3b758b1eb34c19f62f8","2740989","png"
"767","damaged_obvious_000554","damaged_obvious","554","photo-0483","0796.png","damaged_obvious_000554.png","dataset_images/damaged_obvious/damaged_obvious_000554.png","e63be485dfed89e1b4b7f50cb3884f0aa6120b63c8413bc31bd9a34ac5861d33","1683","2228","architecture","RGB","existing_damage","train","real_damaged","赫达·莫里逊中国相册（Hedda Morrison）","","","","noise","1","texture_catalog_match_v1+source_attribute_v1","","{""crack"": 0.0103, ""dust"": 0.0273, ""fold"": 0.0426, ""missing_region"": 0.0278, ""mold"": 0.0613, ""scratch"": 0.0205, ""stain"": 0.1082, ""tear"": 0.0448}","{}","0","0","0","0","0","0","0","0","0","0","0","1","0","0","e63be485dfed89e1b4b7f50cb3884f0aa6120b63c8413bc31bd9a34ac5861d33","3118149","png"
"770","damaged_obvious_000555","damaged_obvious","555","photo-0486","0799.png","damaged_obvious_000555.png","dataset_images/damaged_obvious/damaged_obvious_000555.png","0d3889e907c50a1a9ba777e89c22bfafcc30a215ac4ff60f433adb768caddda7","2239","1576","architecture","RGB","existing_damage","validation","real_damaged","赫达·莫里逊中国相册（Hedda Morrison）","","","","noise|uneven_exposure","2","texture_catalog_match_v1+source_attribute_v1","","{""crack"": 0.0201, ""dust"": 0.0237, ""fold"": 0.0525, ""missing_region"": 0.0243, ""mold"": 0.0607, ""scratch"": 0.0289, ""stain"": 0.0808, ""tear"": 0.0564}","{}","0","0","0","0","0","0","0","0","0","0","0","1","0","1","0d3889e907c50a1a9ba777e89c22bfafcc30a215ac4ff60f433adb768caddda7","2702119","png"
"772","damaged_obvious_000556","damaged_obvious","556","photo-0488","0801.png","damaged_obvious_000556.png","dataset_images/damaged_obvious/damaged_obvious_000556.png","c3966d9f77d4a86a8894c5ff29588476ec2782da7f6b1be0749f3fd5a121a980","1667","2239","architecture","RGB","existing_damage","train","real_damaged","赫达·莫里逊中国相册（Hedda Morrison）","","","","noise","1","texture_catalog_match_v1+source_attribute_v1","","{""crack"": 0.007, ""dust"": 0.0135, ""fold"": 0.0389, ""missing_region"": 0.0314, ""mold"": 0.0711, ""scratch"": 0.0199, ""stain"": 0.0583, ""tear"": 0.0471}","{}","0","0","0","0","0","0","0","0","0","0","0","1","0","0","c3966d9f77d4a86a8894c5ff29588476ec2782da7f6b1be0749f3fd5a121a980","2982631","png"
"773","damaged_obvious_000557","damaged_obvious","557","photo-0489","0802.png","damaged_obvious_000557.png","dataset_images/damaged_obvious/damaged_obvious_000557.png","df6c3bf33a014f7a1a00059da5cf304d366906952f25bb6d5e65bfa779bcf7bf","1678","2234","architecture","RGB","existing_damage","train","real_damaged","赫达·莫里逊中国相册（Hedda Morrison）","","","","noise","1","texture_catalog_match_v1+source_attribute_v1","","{""crack"": 0.0048, ""dust"": 0.0187, ""fold"": 0.0358, ""missing_region"": 0.0378, ""mold"": 0.0363, ""scratch"": 0.0227, ""stain"": 0.0523, ""tear"": 0.0569}","{}","0","0","0","0","0","0","0","0","0","0","0","1","0","0","df6c3bf33a014f7a1a00059da5cf304d366906952f25bb6d5e65bfa779bcf7bf","3427776","png"
"774","damaged_obvious_000558","damaged_obvious","558","photo-0490","0803.png","damaged_obvious_000558.png","dataset_images/damaged_obvious/damaged_obvious_000558.png","9102aaf6b12d41a5dadfe723ab98b96bc2f4840dd826b125cef9e704ddfa120d","2229","1476","architecture","RGB","existing_damage","validation","real_damaged","赫达·莫里逊中国相册（Hedda Morrison）","","","","noise","1","texture_catalog_match_v1+source_attribute_v1","","{""crack"": 0.0095, ""dust"": 0.0096, ""fold"": 0.0244, ""missing_region"": 0.015, ""mold"": 0.0314, ""scratch"": 0.0146, ""stain"": 0.0257, ""tear"": 0.0216}","{}","0","0","0","0","0","0","0","0","0","0","0","1","0","0","9102aaf6b12d41a5dadfe723ab98b96bc2f4840dd826b125cef9e704ddfa120d","2545514","png"
"775","damaged_obvious_000559","damaged_obvious","559","photo-0491","0804.png","damaged_obvious_000559.png","dataset_images/damaged_obvious/damaged_obvious_000559.png","135746c642c1d14153ca009ee6bac8688da1d79a721cfc2aa7a380dea6bbe1fb","2244","1683","architecture","RGB","existing_damage","train","real_damaged","赫达·莫里逊中国相册（Hedda Morrison）","","","","noise","1","texture_catalog_match_v1+source_attribute_v1","","{""crack"": 0.0016, ""dust"": 0.0038, ""fold"": 0.0064, ""missing_region"": 0.0147, ""mold"": 0.0129, ""scratch"": 0.0055, ""stain"": 0.0174, ""tear"": 0.0147}","{}","0","0","0","0","0","0","0","0","0","0","0","1","0","0","daa3cd7c76ac4c59460485be2f6efa3bb7d83d1415a133ee2ddd00f8546c8e6f","2865009","png"
"776","damaged_obvious_000560","damaged_obvious","560","photo-0492","0805.png","damaged_obvious_000560.png","dataset_images/damaged_obvious/damaged_obvious_000560.png","5134211649809afc29a31923a6696acfe6f16fc834f3d92b1f40d74fdfca4229","2234","1663","architecture","RGB","existing_damage","train","real_damaged","赫达·莫里逊中国相册（Hedda Morrison）","","","","noise","1","texture_catalog_match_v1+source_attribute_v1","","{""crack"": 0.0068, ""dust"": 0.0185, ""fold"": 0.0448, ""missing_region"": 0.0285, ""mold"": 0.0672, ""scratch"": 0.0297, ""stain"": 0.0601, ""tear"": 0.0332}","{}","0","0","0","0","0","0","0","0","0","0","0","1","0","0","5134211649809afc29a31923a6696acfe6f16fc834f3d92b1f40d74fdfca4229","2802504","png"
"777","damaged_obvious_000561","damaged_obvious","561","photo-0493","0806.png","damaged_obvious_000561.png","dataset_images/damaged_obvious/damaged_obvious_000561.png","b5cec2ee18e9ff198ba50d4b109ee15d6b8b2694e78ae9289c08561be4c2388c","2345","1744","architecture","RGB","existing_damage","train","real_damaged","赫达·莫里逊中国相册（Hedda Morrison）","","","","noise","1","texture_catalog_match_v1+source_attribute_v1","","{""crack"": 0.0013, ""dust"": 0.0046, ""fold"": 0.0278, ""missing_region"": 0.0216, ""mold"": 0.0207, ""scratch"": 0.0129, ""stain"": 0.0464, ""tear"": 0.0594}","{}","0","0","0","0","0","0","0","0","0","0","0","1","0","0","b5cec2ee18e9ff198ba50d4b109ee15d6b8b2694e78ae9289c08561be4c2388c","3026206","png"
"778","damaged_obvious_000562","damaged_obvious","562","photo-0494","0807.png","damaged_obvious_000562.png","dataset_images/damaged_obvious/damaged_obvious_000562.png","c175738650ccc45f10896127e700d107b9ffd73e040998bc12560b082ab9d061","2224","1632","architecture","RGB","existing_damage","train","real_damaged","赫达·莫里逊中国相册（Hedda Morrison）","","","","noise","1","texture_catalog_match_v1+source_attribute_v1","","{""crack"": 0.0042, ""dust"": 0.005, ""fold"": 0.0123, ""missing_region"": 0.0289, ""mold"": 0.0336, ""scratch"": 0.0085, ""stain"": 0.0301, ""tear"": 0.0379}","{}","0","0","0","0","0","0","0","0","0","0","0","1","0","0","c175738650ccc45f10896127e700d107b9ffd73e040998bc12560b082ab9d061","2519796","png"
"779","damaged_obvious_000563","damaged_obvious","563","photo-0495","0808.png","damaged_obvious_000563.png","dataset_images/damaged_obvious/damaged_obvious_000563.png","c71ce128988d2afc047edc7ffc25f328e1b6a7d83d455e90165c2f9a040c556c","2218","1638","architecture","RGB","existing_damage","train","real_damaged","赫达·莫里逊中国相册（Hedda Morrison）","","","","noise|uneven_exposure","2","texture_catalog_match_v1+source_attribute_v1","","{""crack"": 0.0282, ""dust"": 0.0305, ""fold"": 0.0357, ""missing_region"": 0.0303, ""mold"": 0.0549, ""scratch"": 0.0289, ""stain"": 0.0515, ""tear"": 0.0452}","{}","0","0","0","0","0","0","0","0","0","0","0","1","0","1","c71ce128988d2afc047edc7ffc25f328e1b6a7d83d455e90165c2f9a040c556c","2639808","png"
"780","damaged_obvious_000564","damaged_obvious","564","photo-0496","0809.png","damaged_obvious_000564.png","dataset_images/damaged_obvious/damaged_obvious_000564.png","e4a2e3d143c230fe068b1ebb137ddee6044b6602c7bfe644396e749a37ddcb5f","2229","1668","architecture","RGB","existing_damage","train","real_damaged","赫达·莫里逊中国相册（Hedda Morrison）","","","","noise","1","texture_catalog_match_v1+source_attribute_v1","","{""crack"": 0.0095, ""dust"": 0.0287, ""fold"": 0.0728, ""missing_region"": 0.0401, ""mold"": 0.0525, ""scratch"": 0.026, ""stain"": 0.0486, ""tear"": 0.0419}","{}","0","0","0","0","0","0","0","0","0","0","0","1","0","0","e4a2e3d143c230fe068b1ebb137ddee6044b6602c7bfe644396e749a37ddcb5f","3185584","png"
"781","damaged_obvious_000565","damaged_obvious","565","photo-0497","0810.png","damaged_obvious_000565.png","dataset_images/damaged_obvious/damaged_obvious_000565.png","138c65942a58ad1537fe21260cef15c2b4e58eeb36db8bfebd2c4e3b9f08dd9c","1678","2224","architecture","RGB","existing_damage","test","real_damaged","赫达·莫里逊中国相册（Hedda Morrison）","","","","noise","1","texture_catalog_match_v1+source_attribute_v1","","{""crack"": 0.0003, ""dust"": 0.0013, ""fold"": 0.0318, ""missing_region"": 0.008, ""mold"": 0.0119, ""scratch"": 0.0071, ""stain"": 0.0128, ""tear"": 0.008}","{}","0","0","0","0","0","0","0","0","0","0","0","1","0","0","138c65942a58ad1537fe21260cef15c2b4e58eeb36db8bfebd2c4e3b9f08dd9c","3634568","png"
"782","damaged_obvious_000566","damaged_obvious","566","photo-0498","0811.png","damaged_obvious_000566.png","dataset_images/damaged_obvious/damaged_obvious_000566.png","8910ee471339fe56f002a97c89ad4308e09e989b1fce2c6900fc529475360327","2233","1667","indoor_scene","RGB","existing_damage","train","real_damaged","赫达·莫里逊中国相册（Hedda Morrison）","","","","noise","1","texture_catalog_match_v1+source_attribute_v1","","{""crack"": 0.0195, ""dust"": 0.0223, ""fold"": 0.0427, ""missing_region"": 0.0617, ""mold"": 0.0371, ""scratch"": 0.0286, ""stain"": 0.0743, ""tear"": 0.0751}","{}","0","0","0","0","0","0","0","0","0","0","0","1","0","0","0e6ba9f5a098e4dc0456d1d03751d857137cffcc9e7efc7f45b89e2c4dfb9702","3440492","png"
"783","damaged_obvious_000567","damaged_obvious","567","photo-0499","0812.png","damaged_obvious_000567.png","dataset_images/damaged_obvious/damaged_obvious_000567.png","da83787a9cb21f22f0ccd9deb0583863bc51ec58f950d1c4ce7b447ecbdef9ff","2229","1672","architecture","RGB","existing_damage","train","real_damaged","赫达·莫里逊中国相册（Hedda Morrison）","","","","noise","1","texture_catalog_match_v1+source_attribute_v1","","{""crack"": 0.0131, ""dust"": 0.0207, ""fold"": 0.0312, ""missing_region"": 0.0168, ""mold"": 0.0233, ""scratch"": 0.0201, ""stain"": 0.0242, ""tear"": 0.0261}","{}","0","0","0","0","0","0","0","0","0","0","0","1","0","0","da83787a9cb21f22f0ccd9deb0583863bc51ec58f950d1c4ce7b447ecbdef9ff","3298468","png"
"784","damaged_obvious_000568","damaged_obvious","568","photo-0500","0813.png","damaged_obvious_000568.png","dataset_images/damaged_obvious/damaged_obvious_000568.png","68690d74df0caddb14d3d2b1dca2d30472618a9baf54e164f828f36a13c28637","2259","1678","architecture","RGB","existing_damage","train","real_damaged","赫达·莫里逊中国相册（Hedda Morrison）","","","","noise","1","texture_catalog_match_v1+source_attribute_v1","","{""crack"": 0.0071, ""dust"": 0.0183, ""fold"": 0.0586, ""missing_region"": 0.0336, ""mold"": 0.0521, ""scratch"": 0.0218, ""stain"": 0.0665, ""tear"": 0.052}","{}","0","0","0","0","0","0","0","0","0","0","0","1","0","0","68690d74df0caddb14d3d2b1dca2d30472618a9baf54e164f828f36a13c28637","3097924","png"
"785","damaged_obvious_000569","damaged_obvious","569","photo-0501","0814.png","damaged_obvious_000569.png","dataset_images/damaged_obvious/damaged_obvious_000569.png","baef4a0b2b318e998d88f1e4323613d9f309742eba7bf1f5c62b2c97e2273943","2228","1648","architecture","RGB","existing_damage","train","real_damaged","赫达·莫里逊中国相册（Hedda Morrison）","","","","noise","1","texture_catalog_match_v1+source_attribute_v1","","{""crack"": 0.0016, ""dust"": 0.0041, ""fold"": 0.0202, ""missing_region"": 0.0201, ""mold"": 0.0296, ""scratch"": 0.0099, ""stain"": 0.0536, ""tear"": 0.0633}","{}","0","0","0","0","0","0","0","0","0","0","0","1","0","0","baef4a0b2b318e998d88f1e4323613d9f309742eba7bf1f5c62b2c97e2273943","3839808","png"
"786","damaged_obvious_000570","damaged_obvious","570","photo-0502","0815.png","damaged_obvious_000570.png","dataset_images/damaged_obvious/damaged_obvious_000570.png","6195076371b4aec99bdbb569d07a716e3e5de72546cc85bd59424c057d9ca17d","2254","1673","architecture","RGB","existing_damage","train","real_damaged","赫达·莫里逊中国相册（Hedda Morrison）","","","","noise","1","texture_catalog_match_v1+source_attribute_v1","","{""crack"": 0.0185, ""dust"": 0.0261, ""fold"": 0.1029, ""missing_region"": 0.0377, ""mold"": 0.0657, ""scratch"": 0.0273, ""stain"": 0.0857, ""tear"": 0.0707}","{}","0","0","0","0","0","0","0","0","0","0","0","1","0","0","6195076371b4aec99bdbb569d07a716e3e5de72546cc85bd59424c057d9ca17d","2774955","png"
"787","damaged_obvious_000571","damaged_obvious","571","photo-0503","0816.png","damaged_obvious_000571.png","dataset_images/damaged_obvious/damaged_obvious_000571.png","a814605bdcadf489604e2217031547032f63adee0ea573c4126d84184d8569cc","2229","1668","architecture","RGB","existing_damage","train","real_damaged","赫达·莫里逊中国相册（Hedda Morrison）","","","","noise","1","texture_catalog_match_v1+source_attribute_v1","","{""crack"": 0.007, ""dust"": 0.011, ""fold"": 0.0446, ""missing_region"": 0.0467, ""mold"": 0.0781, ""scratch"": 0.0247, ""stain"": 0.0407, ""tear"": 0.0493}","{}","0","0","0","0","0","0","0","0","0","0","0","1","0","0","a814605bdcadf489604e2217031547032f63adee0ea573c4126d84184d8569cc","3209882","png"
"788","damaged_obvious_000572","damaged_obvious","572","photo-0504","0817.png","damaged_obvious_000572.png","dataset_images/damaged_obvious/damaged_obvious_000572.png","d41fd525fff6c8f7ac83841daab203f94e5ed2476d8b6888c6ce531cff29eb8b","2229","1633","architecture","RGB","existing_damage","train","real_damaged","赫达·莫里逊中国相册（Hedda Morrison）","","","","noise","1","texture_catalog_match_v1+source_attribute_v1","","{""crack"": 0.0121, ""dust"": 0.0258, ""fold"": 0.0533, ""missing_region"": 0.0283, ""mold"": 0.0476, ""scratch"": 0.0213, ""stain"": 0.0615, ""tear"": 0.0552}","{}","0","0","0","0","0","0","0","0","0","0","0","1","0","0","d41fd525fff6c8f7ac83841daab203f94e5ed2476d8b6888c6ce531cff29eb8b","2714693","png"
"789","damaged_obvious_000573","damaged_obvious","573","photo-0505","0818.png","damaged_obvious_000573.png","dataset_images/damaged_obvious/damaged_obvious_000573.png","39be76ee4905ffd8f186a5037ac8dba5f73ddfc4dea6a6c1af260133721d64d7","2274","1734","architecture","RGB","existing_damage","train","real_damaged","赫达·莫里逊中国相册（Hedda Morrison）","","","","noise","1","texture_catalog_match_v1+source_attribute_v1","","{""crack"": 0.0069, ""dust"": 0.0101, ""fold"": 0.0269, ""missing_region"": 0.0232, ""mold"": 0.0304, ""scratch"": 0.017, ""stain"": 0.0284, ""tear"": 0.0304}","{}","0","0","0","0","0","0","0","0","0","0","0","1","0","0","39be76ee4905ffd8f186a5037ac8dba5f73ddfc4dea6a6c1af260133721d64d7","3114478","png"
"790","damaged_obvious_000574","damaged_obvious","574","photo-0506","0819.png","damaged_obvious_000574.png","dataset_images/damaged_obvious/damaged_obvious_000574.png","3d5e531175ddc6c71f9c2ff0827386eba4df6dbc352dc940c4b7626209c39299","1678","2229","architecture","RGB","existing_damage","validation","real_damaged","赫达·莫里逊中国相册（Hedda Morrison）","","","","noise|uneven_exposure","2","texture_catalog_match_v1+source_attribute_v1","","{""crack"": 0.0144, ""dust"": 0.0134, ""fold"": 0.0287, ""missing_region"": 0.0451, ""mold"": 0.086, ""scratch"": 0.0275, ""stain"": 0.0792, ""tear"": 0.0865}","{}","0","0","0","0","0","0","0","0","0","0","0","1","0","1","3d5e531175ddc6c71f9c2ff0827386eba4df6dbc352dc940c4b7626209c39299","2476373","png"
"792","damaged_obvious_000575","damaged_obvious","575","photo-0508","0821.png","damaged_obvious_000575.png","dataset_images/damaged_obvious/damaged_obvious_000575.png","8f69efc6808db9a8420215be5c9586bd5ebb6ebce543a50f7a3a2935373b179f","2238","1662","architecture","RGB","existing_damage","train","real_damaged","赫达·莫里逊中国相册（Hedda Morrison）","","","","noise|uneven_exposure","2","texture_catalog_match_v1+source_attribute_v1","","{""crack"": 0.0148, ""dust"": 0.0212, ""fold"": 0.0523, ""missing_region"": 0.035, ""mold"": 0.0557, ""scratch"": 0.0198, ""stain"": 0.0684, ""tear"": 0.0904}","{}","0","0","0","0","0","0","0","0","0","0","0","1","0","1","8f69efc6808db9a8420215be5c9586bd5ebb6ebce543a50f7a3a2935373b179f","2715999","png"
"793","damaged_obvious_000576","damaged_obvious","576","photo-0509","0822.png","damaged_obvious_000576.png","dataset_images/damaged_obvious/damaged_obvious_000576.png","e875ddfd08f82927be15d47ebd9c500e6502df4bee2196431d2c6114ff5b7739","2233","1673","architecture","RGB","existing_damage","train","real_damaged","赫达·莫里逊中国相册（Hedda Morrison）","","","","noise|uneven_exposure","2","texture_catalog_match_v1+source_attribute_v1","","{""crack"": 0.018, ""dust"": 0.0202, ""fold"": 0.0392, ""missing_region"": 0.0392, ""mold"": 0.0341, ""scratch"": 0.02, ""stain"": 0.0786, ""tear"": 0.0468}","{}","0","0","0","0","0","0","0","0","0","0","0","1","0","1","e875ddfd08f82927be15d47ebd9c500e6502df4bee2196431d2c6114ff5b7739","2618329","png"
"794","damaged_obvious_000577","damaged_obvious","577","photo-0510","0823.png","damaged_obvious_000577.png","dataset_images/damaged_obvious/damaged_obvious_000577.png","00163177c21b7cdd481f12eb8cec437eb614b6b5dd63f2deeb980b38e4c753c8","2238","1653","architecture","RGB","existing_damage","train","real_damaged","赫达·莫里逊中国相册（Hedda Morrison）","","","","noise","1","texture_catalog_match_v1+source_attribute_v1","","{""crack"": 0.0117, ""dust"": 0.0114, ""fold"": 0.0513, ""missing_region"": 0.0275, ""mold"": 0.048, ""scratch"": 0.0228, ""stain"": 0.0362, ""tear"": 0.0342}","{}","0","0","0","0","0","0","0","0","0","0","0","1","0","0","00163177c21b7cdd481f12eb8cec437eb614b6b5dd63f2deeb980b38e4c753c8","3202971","png"
"795","damaged_obvious_000578","damaged_obvious","578","photo-0511","0824.png","damaged_obvious_000578.png","dataset_images/damaged_obvious/damaged_obvious_000578.png","0dc63053a488ecaf04fdd5379688c859e99d0d4eec07fc49c8ee690f25bee7dd","2244","1683","architecture","RGB","existing_damage","train","real_damaged","赫达·莫里逊中国相册（Hedda Morrison）","","","","noise","1","texture_catalog_match_v1+source_attribute_v1","","{""crack"": 0.0145, ""dust"": 0.0207, ""fold"": 0.0762, ""missing_region"": 0.0736, ""mold"": 0.132, ""scratch"": 0.0277, ""stain"": 0.1094, ""tear"": 0.1462}","{}","0","0","0","0","0","0","0","0","0","0","0","1","0","0","0dc63053a488ecaf04fdd5379688c859e99d0d4eec07fc49c8ee690f25bee7dd","3689747","png"
"797","damaged_obvious_000579","damaged_obvious","579","photo-0513","0826.png","damaged_obvious_000579.png","dataset_images/damaged_obvious/damaged_obvious_000579.png","1abec93963d64633d46baaf9e0de5c42b42b9daddd42653f6198098c06d6721f","2229","1658","architecture","RGB","existing_damage","train","real_damaged","赫达·莫里逊中国相册（Hedda Morrison）","","","","uneven_exposure","1","texture_catalog_match_v1+source_attribute_v1","","{""crack"": 0.0098, ""dust"": 0.0296, ""fold"": 0.0763, ""missing_region"": 0.0334, ""mold"": 0.0807, ""scratch"": 0.0216, ""stain"": 0.1119, ""tear"": 0.0622}","{}","0","0","0","0","0","0","0","0","0","0","0","0","0","1","1abec93963d64633d46baaf9e0de5c42b42b9daddd42653f6198098c06d6721f","2811781","png"
"798","damaged_obvious_000580","damaged_obvious","580","photo-0514","0827.png","damaged_obvious_000580.png","dataset_images/damaged_obvious/damaged_obvious_000580.png","c53fab086299f123ba6679201035301797ae2a0c0e754cf709a9e8e22a7670e0","1688","2592","outdoor_scene","RGB","existing_damage","train","real_damaged","赫达·莫里逊中国相册（Hedda Morrison）","","","","noise","1","texture_catalog_match_v1+source_attribute_v1","","{""crack"": 0.0023, ""dust"": 0.0059, ""fold"": 0.0395, ""missing_region"": 0.0259, ""mold"": 0.0311, ""scratch"": 0.015, ""stain"": 0.0362, ""tear"": 0.0279}","{}","0","0","0","0","0","0","0","0","0","0","0","1","0","0","c53fab086299f123ba6679201035301797ae2a0c0e754cf709a9e8e22a7670e0","3014133","png"
"799","damaged_obvious_000581","damaged_obvious","581","photo-0515","0828.png","damaged_obvious_000581.png","dataset_images/damaged_obvious/damaged_obvious_000581.png","85cc20bad36f99c8c4be45f67407b9e8c5103e81d684548e7806aefab5acc02b","1678","2592","outdoor_scene","RGB","existing_damage","train","real_damaged","赫达·莫里逊中国相册（Hedda Morrison）","","","","noise","1","texture_catalog_match_v1+source_attribute_v1","","{""crack"": 0.0005, ""dust"": 0.0018, ""fold"": 0.0055, ""missing_region"": 0.0155, ""mold"": 0.0114, ""scratch"": 0.004, ""stain"": 0.0171, ""tear"": 0.0155}","{}","0","0","0","0","0","0","0","0","0","0","0","1","0","0","85cc20bad36f99c8c4be45f67407b9e8c5103e81d684548e7806aefab5acc02b","2984765","png"
"800","damaged_obvious_000582","damaged_obvious","582","photo-0516","0829.png","damaged_obvious_000582.png","dataset_images/damaged_obvious/damaged_obvious_000582.png","b618fe49318990da934d5a1c824be3514d053454d8a0831aa20c4b5546076bb0","2254","1602","architecture","RGB","existing_damage","validation","real_damaged","赫达·莫里逊中国相册（Hedda Morrison）","","","","noise|uneven_exposure","2","texture_catalog_match_v1+source_attribute_v1","","{""crack"": 0.0296, ""dust"": 0.0291, ""fold"": 0.0327, ""missing_region"": 0.0598, ""mold"": 0.0705, ""scratch"": 0.0282, ""stain"": 0.1545, ""tear"": 0.0657}","{}","0","0","0","0","0","0","0","0","0","0","0","1","0","1","b618fe49318990da934d5a1c824be3514d053454d8a0831aa20c4b5546076bb0","3180242","png"
"801","damaged_obvious_000583","damaged_obvious","583","photo-0517","0830.png","damaged_obvious_000583.png","dataset_images/damaged_obvious/damaged_obvious_000583.png","8b181b927c5eec68339ac2cfacc6a32bf00b1172e3ec4dab66300871d8be914f","1663","2248","architecture","RGB","existing_damage","train","real_damaged","赫达·莫里逊中国相册（Hedda Morrison）","","","","noise","1","texture_catalog_match_v1+source_attribute_v1","","{""crack"": 0.0006, ""dust"": 0.0041, ""fold"": 0.015, ""missing_region"": 0.0281, ""mold"": 0.026, ""scratch"": 0.0098, ""stain"": 0.0473, ""tear"": 0.0538}","{}","0","0","0","0","0","0","0","0","0","0","0","1","0","0","8b181b927c5eec68339ac2cfacc6a32bf00b1172e3ec4dab66300871d8be914f","2907139","png"
"802","damaged_obvious_000584","damaged_obvious","584","photo-0518","0831.png","damaged_obvious_000584.png","dataset_images/damaged_obvious/damaged_obvious_000584.png","e0b249de50a771088e0af52f56976bd7ea9b5cfc4d74278f4e86d75c7661e535","1668","2244","architecture","RGB","existing_damage","train","real_damaged","赫达·莫里逊中国相册（Hedda Morrison）","","","","noise","1","texture_catalog_match_v1+source_attribute_v1","","{""crack"": 0.0039, ""dust"": 0.0123, ""fold"": 0.0534, ""missing_region"": 0.0314, ""mold"": 0.1119, ""scratch"": 0.024, ""stain"": 0.0565, ""tear"": 0.0447}","{}","0","0","0","0","0","0","0","0","0","0","0","1","0","0","e0b249de50a771088e0af52f56976bd7ea9b5cfc4d74278f4e86d75c7661e535","2772018","png"
"803","damaged_obvious_000585","damaged_obvious","585","photo-0519","0832.png","damaged_obvious_000585.png","dataset_images/damaged_obvious/damaged_obvious_000585.png","9e80fa1ee1cfe182c5151f174ba799d51686e346106dfe8c5dfac9fa2faac4f3","2173","1668","architecture","RGB","existing_damage","train","real_damaged","赫达·莫里逊中国相册（Hedda Morrison）","","","","noise","1","texture_catalog_match_v1+source_attribute_v1","","{""crack"": 0.001, ""dust"": 0.0049, ""fold"": 0.0081, ""missing_region"": 0.0249, ""mold"": 0.0193, ""scratch"": 0.0074, ""stain"": 0.0244, ""tear"": 0.0249}","{}","0","0","0","0","0","0","0","0","0","0","0","1","0","0","9e80fa1ee1cfe182c5151f174ba799d51686e346106dfe8c5dfac9fa2faac4f3","3346649","png"
"804","damaged_obvious_000586","damaged_obvious","586","photo-0520","0833.png","damaged_obvious_000586.png","dataset_images/damaged_obvious/damaged_obvious_000586.png","b00392d2f2ed9cc5352eb0326074a260011c4096a98251c4f3ce3a5ab9c4e3d9","1683","2244","architecture","RGB","existing_damage","train","real_damaged","赫达·莫里逊中国相册（Hedda Morrison）","","","","noise","1","texture_catalog_match_v1+source_attribute_v1","","{""crack"": 0.0066, ""dust"": 0.007, ""fold"": 0.0165, ""missing_region"": 0.0232, ""mold"": 0.0264, ""scratch"": 0.0069, ""stain"": 0.0405, ""tear"": 0.0261}","{}","0","0","0","0","0","0","0","0","0","0","0","1","0","0","418dfa4e8660e6f3cf0a1ca46226b8da72cf2548273b01e706ec8eb7fed9a7aa","5038039","png"
"805","damaged_obvious_000587","damaged_obvious","587","photo-0521","0834.png","damaged_obvious_000587.png","dataset_images/damaged_obvious/damaged_obvious_000587.png","3618a46b4443b08b588f6a8cd90bb54de482d8dd1270c607819db342ea213509","2249","1672","architecture","RGB","existing_damage","train","real_damaged","赫达·莫里逊中国相册（Hedda Morrison）","","","","noise","1","texture_catalog_match_v1+source_attribute_v1","","{""crack"": 0.0045, ""dust"": 0.0133, ""fold"": 0.024, ""missing_region"": 0.0223, ""mold"": 0.0312, ""scratch"": 0.0255, ""stain"": 0.0398, ""tear"": 0.0391}","{}","0","0","0","0","0","0","0","0","0","0","0","1","0","0","3618a46b4443b08b588f6a8cd90bb54de482d8dd1270c607819db342ea213509","3227976","png"
"807","damaged_obvious_000588","damaged_obvious","588","photo-0523","0836.png","damaged_obvious_000588.png","dataset_images/damaged_obvious/damaged_obvious_000588.png","8de11040e117050d205f7a323ad918c0b6db0e2f8383be6dc4a0e8d3bc28cfbd","2254","1658","architecture","RGB","existing_damage","train","real_damaged","赫达·莫里逊中国相册（Hedda Morrison）","","","","noise","1","texture_catalog_match_v1+source_attribute_v1","","{""crack"": 0.0007, ""dust"": 0.0028, ""fold"": 0.0066, ""missing_region"": 0.0294, ""mold"": 0.0168, ""scratch"": 0.0069, ""stain"": 0.0435, ""tear"": 0.0446}","{}","0","0","0","0","0","0","0","0","0","0","0","1","0","0","8de11040e117050d205f7a323ad918c0b6db0e2f8383be6dc4a0e8d3bc28cfbd","2826480","png"
"808","damaged_obvious_000589","damaged_obvious","589","photo-0524","0837.png","damaged_obvious_000589.png","dataset_images/damaged_obvious/damaged_obvious_000589.png","1119584debc6052403478c17548fad6d134e6085a18a72e07e22f5e34b39cbab","2254","1668","architecture","RGB","existing_damage","train","real_damaged","赫达·莫里逊中国相册（Hedda Morrison）","","","","noise","1","texture_catalog_match_v1+source_attribute_v1","","{""crack"": 0.0048, ""dust"": 0.0203, ""fold"": 0.0568, ""missing_region"": 0.0426, ""mold"": 0.1008, ""scratch"": 0.0215, ""stain"": 0.1423, ""tear"": 0.0946}","{}","0","0","0","0","0","0","0","0","0","0","0","1","0","0","1119584debc6052403478c17548fad6d134e6085a18a72e07e22f5e34b39cbab","2871415","png"
"809","damaged_obvious_000590","damaged_obvious","590","photo-0525","0838.png","damaged_obvious_000590.png","dataset_images/damaged_obvious/damaged_obvious_000590.png","8be5ba5c9f8872dd58ff7cc939b4820461bdc5d3a4b7064bec8dc0d33f64b921","1673","2244","single_portrait","RGB","existing_damage","train","real_damaged","赫达·莫里逊中国相册（Hedda Morrison）","","","","noise","1","texture_catalog_match_v1+source_attribute_v1","","{""crack"": 0.0062, ""dust"": 0.0199, ""fold"": 0.0603, ""missing_region"": 0.0549, ""mold"": 0.1196, ""scratch"": 0.0288, ""stain"": 0.0825, ""tear"": 0.0639}","{}","0","0","0","0","0","0","0","0","0","0","0","1","0","0","8be5ba5c9f8872dd58ff7cc939b4820461bdc5d3a4b7064bec8dc0d33f64b921","3701169","png"
"810","damaged_obvious_000591","damaged_obvious","591","photo-0526","0839.png","damaged_obvious_000591.png","dataset_images/damaged_obvious/damaged_obvious_000591.png","b2c9d6050f874f7c08a79be7caa6c8b120f59323695145661dd929aa6a59406c","2254","1657","architecture","RGB","existing_damage","train","real_damaged","赫达·莫里逊中国相册（Hedda Morrison）","","","","noise","1","texture_catalog_match_v1+source_attribute_v1","","{""crack"": 0.0103, ""dust"": 0.0381, ""fold"": 0.1104, ""missing_region"": 0.0348, ""mold"": 0.0621, ""scratch"": 0.0261, ""stain"": 0.0979, ""tear"": 0.0787}","{}","0","0","0","0","0","0","0","0","0","0","0","1","0","0","b2c9d6050f874f7c08a79be7caa6c8b120f59323695145661dd929aa6a59406c","3267351","png"
"811","damaged_obvious_000592","damaged_obvious","592","photo-0527","0840.png","damaged_obvious_000592.png","dataset_images/damaged_obvious/damaged_obvious_000592.png","17a83b6ccf55e409057dddcfd8ce6028d04c7ee89fc16feeab12fbd1482a29a3","2229","1651","architecture","RGB","existing_damage","train","real_damaged","赫达·莫里逊中国相册（Hedda Morrison）","","","","noise","1","texture_catalog_match_v1+source_attribute_v1","","{""crack"": 0.0219, ""dust"": 0.0237, ""fold"": 0.0335, ""missing_region"": 0.0436, ""mold"": 0.0465, ""scratch"": 0.0258, ""stain"": 0.1201, ""tear"": 0.0436}","{}","0","0","0","0","0","0","0","0","0","0","0","1","0","0","71648515cda532ef4be986fb2fa8d60b024909d0c181dd01f75e6550872bf1c8","2995419","png"
"812","damaged_obvious_000593","damaged_obvious","593","photo-0528","0841.png","damaged_obvious_000593.png","dataset_images/damaged_obvious/damaged_obvious_000593.png","f7c7d3dbc78e66175b1067218153b8c7b9a8866b395021a81b404a4bae41fe23","2224","1647","architecture","RGB","existing_damage","validation","real_damaged","赫达·莫里逊中国相册（Hedda Morrison）","","","","noise","1","texture_catalog_match_v1+source_attribute_v1","","{""crack"": 0.014, ""dust"": 0.0209, ""fold"": 0.0256, ""missing_region"": 0.0192, ""mold"": 0.0231, ""scratch"": 0.0162, ""stain"": 0.0238, ""tear"": 0.0576}","{}","0","0","0","0","0","0","0","0","0","0","0","1","0","0","f7c7d3dbc78e66175b1067218153b8c7b9a8866b395021a81b404a4bae41fe23","2409860","png"
"813","damaged_obvious_000594","damaged_obvious","594","photo-0529","0842.png","damaged_obvious_000594.png","dataset_images/damaged_obvious/damaged_obvious_000594.png","d26625298b32baefd9d2473e4a2957ff17a502c1f7a6555a0e829f87ee389d30","2234","1597","architecture","RGB","existing_damage","train","real_damaged","赫达·莫里逊中国相册（Hedda Morrison）","","","","noise|uneven_exposure","2","texture_catalog_match_v1+source_attribute_v1","","{""crack"": 0.0052, ""dust"": 0.0099, ""fold"": 0.0284, ""missing_region"": 0.0348, ""mold"": 0.0483, ""scratch"": 0.0202, ""stain"": 0.0384, ""tear"": 0.0398}","{}","0","0","0","0","0","0","0","0","0","0","0","1","0","1","d26625298b32baefd9d2473e4a2957ff17a502c1f7a6555a0e829f87ee389d30","3020959","png"
"816","damaged_obvious_000595","damaged_obvious","595","photo-0532","0845.png","damaged_obvious_000595.png","dataset_images/damaged_obvious/damaged_obvious_000595.png","c99393b050f308043ff312157aa935076ea985b40b55d69764eb2cf3689f2f47","2214","1627","architecture","RGB","existing_damage","train","real_damaged","赫达·莫里逊中国相册（Hedda Morrison）","","","","noise|uneven_exposure","2","texture_catalog_match_v1+source_attribute_v1","","{""crack"": 0.0099, ""dust"": 0.0261, ""fold"": 0.04, ""missing_region"": 0.0296, ""mold"": 0.0419, ""scratch"": 0.0194, ""stain"": 0.0629, ""tear"": 0.0459}","{}","0","0","0","0","0","0","0","0","0","0","0","1","0","1","c99393b050f308043ff312157aa935076ea985b40b55d69764eb2cf3689f2f47","2684167","png"
"817","damaged_obvious_000596","damaged_obvious","596","photo-0533","0846.png","damaged_obvious_000596.png","dataset_images/damaged_obvious/damaged_obvious_000596.png","46352447efbdee896ed750e2ae94e1e4b6eecce26fe1fc6d77de46709b8f89dd","1648","2223","architecture","RGB","existing_damage","train","real_damaged","赫达·莫里逊中国相册（Hedda Morrison）","","","","noise|uneven_exposure","2","texture_catalog_match_v1+source_attribute_v1","","{""crack"": 0.0057, ""dust"": 0.01, ""fold"": 0.0196, ""missing_region"": 0.012, ""mold"": 0.0161, ""scratch"": 0.0104, ""stain"": 0.0236, ""tear"": 0.0156}","{}","0","0","0","0","0","0","0","0","0","0","0","1","0","1","46352447efbdee896ed750e2ae94e1e4b6eecce26fe1fc6d77de46709b8f89dd","3213496","png"
"818","damaged_obvious_000597","damaged_obvious","597","photo-0534","0847.png","damaged_obvious_000597.png","dataset_images/damaged_obvious/damaged_obvious_000597.png","d33d0d3bee56d2f07d21436188c58d6a1513fb67f22309c441f1e0178939e19e","2219","1476","architecture","RGB","existing_damage","train","real_damaged","赫达·莫里逊中国相册（Hedda Morrison）","","","","uneven_exposure","1","texture_catalog_match_v1+source_attribute_v1","","{""crack"": 0.0203, ""dust"": 0.025, ""fold"": 0.0413, ""missing_region"": 0.0407, ""mold"": 0.0468, ""scratch"": 0.0212, ""stain"": 0.0667, ""tear"": 0.0591}","{}","0","0","0","0","0","0","0","0","0","0","0","0","0","1","d33d0d3bee56d2f07d21436188c58d6a1513fb67f22309c441f1e0178939e19e","2540237","png"
"819","damaged_obvious_000598","damaged_obvious","598","photo-0535","0848.png","damaged_obvious_000598.png","dataset_images/damaged_obvious/damaged_obvious_000598.png","9905e4dbc4669456216aa214d0c8efa27cd1a349768768f70962dba214b22e2d","2254","1668","architecture","RGB","existing_damage","validation","real_damaged","赫达·莫里逊中国相册（Hedda Morrison）","","","","noise","1","texture_catalog_match_v1+source_attribute_v1","","{""crack"": 0.0014, ""dust"": 0.0067, ""fold"": 0.0279, ""missing_region"": 0.0205, ""mold"": 0.0335, ""scratch"": 0.0125, ""stain"": 0.0461, ""tear"": 0.0449}","{}","0","0","0","0","0","0","0","0","0","0","0","1","0","0","9905e4dbc4669456216aa214d0c8efa27cd1a349768768f70962dba214b22e2d","3214744","png"
"822","damaged_obvious_000599","damaged_obvious","599","photo-0538","0851.png","damaged_obvious_000599.png","dataset_images/damaged_obvious/damaged_obvious_000599.png","d9b1e23a1e8e2a70e4624ff9266f58633ddb687f09ea5efbd088c164ff9d1162","1893","1365","outdoor_scene","RGB","existing_damage","train","real_damaged","赫达·莫里逊中国相册（Hedda Morrison）","","","","blur","1","texture_catalog_match_v1+source_attribute_v1","","{""crack"": 0.0199, ""dust"": 0.0263, ""fold"": 0.047, ""missing_region"": 0.0309, ""mold"": 0.0554, ""scratch"": 0.0251, ""stain"": 0.0964, ""tear"": 0.0821}","{}","0","0","0","0","0","0","0","0","0","0","1","0","0","0","d9b1e23a1e8e2a70e4624ff9266f58633ddb687f09ea5efbd088c164ff9d1162","1484479","png"
"823","damaged_obvious_000600","damaged_obvious","600","photo-0539","0852.png","damaged_obvious_000600.png","dataset_images/damaged_obvious/damaged_obvious_000600.png","ea4b6341d401982527adc88b5ec223112966a699984e74cad85b7eeb9f7baab8","1847","1319","outdoor_scene","RGB","existing_damage","train","real_damaged","赫达·莫里逊中国相册（Hedda Morrison）","","","","blur","1","texture_catalog_match_v1+source_attribute_v1","","{""crack"": 0.0293, ""dust"": 0.0315, ""fold"": 0.0734, ""missing_region"": 0.0285, ""mold"": 0.0524, ""scratch"": 0.0296, ""stain"": 0.0603, ""tear"": 0.0932}","{}","0","0","0","0","0","0","0","0","0","0","1","0","0","0","ea4b6341d401982527adc88b5ec223112966a699984e74cad85b7eeb9f7baab8","1409431","png"
"824","damaged_obvious_000601","damaged_obvious","601","photo-0540","0853.png","damaged_obvious_000601.png","dataset_images/damaged_obvious/damaged_obvious_000601.png","3dc9d953ad13a68eab75b190a3e1173de51acd2144ca9dfa587fbab019009d72","1371","1584","outdoor_scene","RGB","existing_damage","train","real_damaged","赫达·莫里逊中国相册（Hedda Morrison）","","","","blur","1","texture_catalog_match_v1+source_attribute_v1","","{""crack"": 0.0303, ""dust"": 0.0315, ""fold"": 0.0466, ""missing_region"": 0.0304, ""mold"": 0.0349, ""scratch"": 0.0303, ""stain"": 0.0449, ""tear"": 0.0908}","{}","0","0","0","0","0","0","0","0","0","0","1","0","0","0","3dc9d953ad13a68eab75b190a3e1173de51acd2144ca9dfa587fbab019009d72","1472428","png"
"825","damaged_obvious_000602","damaged_obvious","602","photo-0541","0854.png","damaged_obvious_000602.png","dataset_images/damaged_obvious/damaged_obvious_000602.png","59a95538baadb216da4a501ce05115766b0e70d06c161f734c78d264fcd8fec4","1319","1847","outdoor_scene","RGB","existing_damage","train","real_damaged","赫达·莫里逊中国相册（Hedda Morrison）","","","","blur","1","texture_catalog_match_v1+source_attribute_v1","","{""crack"": 0.0147, ""dust"": 0.0182, ""fold"": 0.0314, ""missing_region"": 0.02, ""mold"": 0.0361, ""scratch"": 0.0186, ""stain"": 0.0338, ""tear"": 0.0559}","{}","0","0","0","0","0","0","0","0","0","0","1","0","0","0","59a95538baadb216da4a501ce05115766b0e70d06c161f734c78d264fcd8fec4","1243965","png"
"832","damaged_obvious_000603","damaged_obvious","603","photo-0548","0861.png","damaged_obvious_000603.png","dataset_images/damaged_obvious/damaged_obvious_000603.png","5bf4110636886e3df54c28978a1d54316f06fc6eb4135435726462d713240bf5","1850","1325","outdoor_scene","RGB","existing_damage","train","real_damaged","赫达·莫里逊中国相册（Hedda Morrison）","","","","blur","1","texture_catalog_match_v1+source_attribute_v1","","{""crack"": 0.0224, ""dust"": 0.0272, ""fold"": 0.0541, ""missing_region"": 0.0319, ""mold"": 0.0509, ""scratch"": 0.0279, ""stain"": 0.074, ""tear"": 0.0757}","{}","0","0","0","0","0","0","0","0","0","0","1","0","0","0","07af73136bfcada08f68454f9a1dc4a43cba1bfa79c4b0c0c069a62c9bcbdd51","1604522","png"
"835","damaged_obvious_000604","damaged_obvious","604","photo-0551","0864.png","damaged_obvious_000604.png","dataset_images/damaged_obvious/damaged_obvious_000604.png","4e3fccc619a6b630c983deffd62ddbddaf008d90a83e9c8f5dba8b29ac3d7e33","1857","1349","outdoor_scene","RGB","existing_damage","train","real_damaged","赫达·莫里逊中国相册（Hedda Morrison）","","","","blur|uneven_exposure","2","texture_catalog_match_v1+source_attribute_v1","","{""crack"": 0.0245, ""dust"": 0.0265, ""fold"": 0.0515, ""missing_region"": 0.0288, ""mold"": 0.0316, ""scratch"": 0.0275, ""stain"": 0.0358, ""tear"": 0.036}","{}","0","0","0","0","0","0","0","0","0","0","1","0","0","1","4e3fccc619a6b630c983deffd62ddbddaf008d90a83e9c8f5dba8b29ac3d7e33","1448060","png"
"838","damaged_obvious_000605","damaged_obvious","605","photo-0554","0867.png","damaged_obvious_000605.png","dataset_images/damaged_obvious/damaged_obvious_000605.png","0efed9cd2ac5ea7bd144bd08be5852af5ad4f4a0712e6548dbc05172e9c744c2","1898","1385","outdoor_scene","RGB","existing_damage","validation","real_damaged","赫达·莫里逊中国相册（Hedda Morrison）","","","","stain","1","texture_catalog_match_v1+source_attribute_v1","stain","{""crack"": 0.0224, ""dust"": 0.0457, ""fold"": 0.118, ""missing_region"": 0.0543, ""mold"": 0.1393, ""scratch"": 0.0438, ""stain"": 0.2205, ""tear"": 0.1333}","{""stain"": [""134.jpg"", ""063.jpg"", ""229.jpg""]}","0","0","0","0","1","0","0","0","0","0","0","0","0","0","0efed9cd2ac5ea7bd144bd08be5852af5ad4f4a0712e6548dbc05172e9c744c2","1895459","png"
"839","damaged_obvious_000606","damaged_obvious","606","photo-0555","0868.png","damaged_obvious_000606.png","dataset_images/damaged_obvious/damaged_obvious_000606.png","91056969e70cf5e125e6f5e328815618582a1b017372edd190a447e6e17fa050","1913","1355","outdoor_scene","RGB","existing_damage","train","real_damaged","赫达·莫里逊中国相册（Hedda Morrison）","","","","uneven_exposure","1","texture_catalog_match_v1+source_attribute_v1","","{""crack"": 0.0203, ""dust"": 0.0294, ""fold"": 0.0918, ""missing_region"": 0.0654, ""mold"": 0.0633, ""scratch"": 0.0238, ""stain"": 0.1008, ""tear"": 0.1532}","{}","0","0","0","0","0","0","0","0","0","0","0","0","0","1","91056969e70cf5e125e6f5e328815618582a1b017372edd190a447e6e17fa050","1666058","png"
"840","damaged_obvious_000607","damaged_obvious","607","photo-0556","0869.png","damaged_obvious_000607.png","dataset_images/damaged_obvious/damaged_obvious_000607.png","373e8ca199be8e1b984bb604984a7aef0671c7ea6c643679aeb52f5075c8ce21","1847","1324","outdoor_scene","RGB","existing_damage","train","real_damaged","赫达·莫里逊中国相册（Hedda Morrison）","","","","noise","1","texture_catalog_match_v1+source_attribute_v1","","{""crack"": 0.0073, ""dust"": 0.0304, ""fold"": 0.0721, ""missing_region"": 0.0548, ""mold"": 0.073, ""scratch"": 0.0229, ""stain"": 0.0915, ""tear"": 0.0548}","{}","0","0","0","0","0","0","0","0","0","0","0","1","0","0","373e8ca199be8e1b984bb604984a7aef0671c7ea6c643679aeb52f5075c8ce21","1944837","png"
"843","damaged_obvious_000608","damaged_obvious","608","photo-0559","0872.png","damaged_obvious_000608.png","dataset_images/damaged_obvious/damaged_obvious_000608.png","1f6bddc592d8bc0d7d376bff5cf1457bae7041dae6984f8fac1f32d290777ea1","1853","1330","outdoor_scene","RGB","existing_damage","test","real_damaged","赫达·莫里逊中国相册（Hedda Morrison）","","","","uneven_exposure","1","texture_catalog_match_v1+source_attribute_v1","","{""crack"": 0.0124, ""dust"": 0.0198, ""fold"": 0.0693, ""missing_region"": 0.0437, ""mold"": 0.0827, ""scratch"": 0.0238, ""stain"": 0.0807, ""tear"": 0.0595}","{}","0","0","0","0","0","0","0","0","0","0","0","0","0","1","1f6bddc592d8bc0d7d376bff5cf1457bae7041dae6984f8fac1f32d290777ea1","1709245","png"
"846","damaged_obvious_000609","damaged_obvious","609","photo-0562","0875.png","damaged_obvious_000609.png","dataset_images/damaged_obvious/damaged_obvious_000609.png","ad70eede211f74519c9531f1715021b48f8cc5aced62dd62e43bf601c46ca086","1343","1857","outdoor_scene","RGB","existing_damage","train","real_damaged","赫达·莫里逊中国相册（Hedda Morrison）","","","","uneven_exposure","1","texture_catalog_match_v1+source_attribute_v1","","{""crack"": 0.008, ""dust"": 0.0116, ""fold"": 0.0393, ""missing_region"": 0.028, ""mold"": 0.0378, ""scratch"": 0.0224, ""stain"": 0.0629, ""tear"": 0.044}","{}","0","0","0","0","0","0","0","0","0","0","0","0","0","1","61474e0c533846c6fa7724379bb71337a5ae1594b5c98c2496e3448e84c5dd56","1970501","png"
"849","damaged_obvious_000610","damaged_obvious","610","photo-0565","0878.png","damaged_obvious_000610.png","dataset_images/damaged_obvious/damaged_obvious_000610.png","44b30fe5ae8a05e49e55e14946c7174f90f4ea31e657f700d3b4fb3c2f9b861a","1850","1326","outdoor_scene","RGB","existing_damage","test","real_damaged","赫达·莫里逊中国相册（Hedda Morrison）","","","","stain","1","texture_catalog_match_v1+source_attribute_v1","stain","{""crack"": 0.0184, ""dust"": 0.0386, ""fold"": 0.114, ""missing_region"": 0.0621, ""mold"": 0.1286, ""scratch"": 0.0378, ""stain"": 0.1795, ""tear"": 0.1086}","{""stain"": [""229.jpg"", ""134.jpg"", ""098.jpg""]}","0","0","0","0","1","0","0","0","0","0","0","0","0","0","7b5b00250fa8e1f2ea6c8b7a0898f5777cd0d285e58e907a6dc0c59cb766dd0f","1769854","png"
"850","damaged_obvious_000611","damaged_obvious","611","photo-0566","0879.png","damaged_obvious_000611.png","dataset_images/damaged_obvious/damaged_obvious_000611.png","3ddd8a87efa3da3d150fb59bec9225319d64c3cefbc3faad7effdd7a9ab59a18","1340","1857","outdoor_scene","RGB","existing_damage","train","real_damaged","赫达·莫里逊中国相册（Hedda Morrison）","","","","missing_region","1","texture_catalog_match_v1+source_attribute_v1","missing_region","{""crack"": 0.0143, ""dust"": 0.0312, ""fold"": 0.0905, ""missing_region"": 0.1155, ""mold"": 0.0994, ""scratch"": 0.0259, ""stain"": 0.0863, ""tear"": 0.1453}","{""missing_region"": [""051.jpg"", ""170.jpg"", ""201.jpg""]}","0","0","0","0","0","0","0","1","0","0","0","0","0","0","3ddd8a87efa3da3d150fb59bec9225319d64c3cefbc3faad7effdd7a9ab59a18","1673423","png"
"853","damaged_obvious_000612","damaged_obvious","612","photo-0569","0882.png","damaged_obvious_000612.png","dataset_images/damaged_obvious/damaged_obvious_000612.png","6c8c2ace98520104870aa54659816e7fee071ca7018eafe75778e1037da5ee8f","1338","1857","indoor_scene","RGB","existing_damage","train","real_damaged","赫达·莫里逊中国相册（Hedda Morrison）","","","","blur","1","texture_catalog_match_v1+source_attribute_v1","","{""crack"": 0.0196, ""dust"": 0.0193, ""fold"": 0.0379, ""missing_region"": 0.0177, ""mold"": 0.0256, ""scratch"": 0.0185, ""stain"": 0.0381, ""tear"": 0.0364}","{}","0","0","0","0","0","0","0","0","0","0","1","0","0","0","ba313752b34430448cb47cb9a99a4e16dc0d9975ee3093950d6af7acf4e915d6","1623329","png"
"859","damaged_obvious_000613","damaged_obvious","613","photo-0575","0888.png","damaged_obvious_000613.png","dataset_images/damaged_obvious/damaged_obvious_000613.png","509ab38b46a997729fd2356358fee412f610aa52c3e29f0f9352e943c4b1966f","1345","1852","outdoor_scene","RGB","existing_damage","train","real_damaged","赫达·莫里逊中国相册（Hedda Morrison）","","","","blur","1","texture_catalog_match_v1+source_attribute_v1","","{""crack"": 0.0117, ""dust"": 0.0122, ""fold"": 0.0214, ""missing_region"": 0.0215, ""mold"": 0.0258, ""scratch"": 0.014, ""stain"": 0.0284, ""tear"": 0.0279}","{}","0","0","0","0","0","0","0","0","0","0","1","0","0","0","509ab38b46a997729fd2356358fee412f610aa52c3e29f0f9352e943c4b1966f","1406361","png"
"877","damaged_obvious_000614","damaged_obvious","614","photo-0593","0906.png","damaged_obvious_000614.png","dataset_images/damaged_obvious/damaged_obvious_000614.png","3baf90983f4647b73387e3305bc51fc05badd32aa94e95bcedc01ddb051c9061","1850","1335","outdoor_scene","RGB","existing_damage","train","real_damaged","赫达·莫里逊中国相册（Hedda Morrison）","","","","blur","1","texture_catalog_match_v1+source_attribute_v1","","{""crack"": 0.0225, ""dust"": 0.0174, ""fold"": 0.0322, ""missing_region"": 0.0197, ""mold"": 0.0298, ""scratch"": 0.0241, ""stain"": 0.0305, ""tear"": 0.0505}","{}","0","0","0","0","0","0","0","0","0","0","1","0","0","0","ea309ff3f5708be367eecefb4f6c1fe79efea544e0428769d60c218407ed1e80","1651426","png"
"884","damaged_obvious_000615","damaged_obvious","615","photo-0600","0913.png","damaged_obvious_000615.png","dataset_images/damaged_obvious/damaged_obvious_000615.png","79eaef83e613f17b03b062b77db72f1db7ef1d75f1cdcc36a0f5ed094297174b","1918","1385","group_portrait","RGB","existing_damage","train","real_damaged","赫达·莫里逊中国相册（Hedda Morrison）","","","","uneven_exposure","1","texture_catalog_match_v1+source_attribute_v1","","{""crack"": 0.0155, ""dust"": 0.0239, ""fold"": 0.0424, ""missing_region"": 0.0294, ""mold"": 0.0433, ""scratch"": 0.0233, ""stain"": 0.0712, ""tear"": 0.0559}","{}","0","0","0","0","0","0","0","0","0","0","0","0","0","1","79eaef83e613f17b03b062b77db72f1db7ef1d75f1cdcc36a0f5ed094297174b","1494431","png"
"885","damaged_obvious_000616","damaged_obvious","616","photo-0601","0914.png","damaged_obvious_000616.png","dataset_images/damaged_obvious/damaged_obvious_000616.png","54b0268d852047a4076df88bf16d8fd7418ffaa9d68c6841ca7bc804051ebb6f","1847","1319","group_portrait","RGB","existing_damage","validation","real_damaged","赫达·莫里逊中国相册（Hedda Morrison）","","","","uneven_exposure","1","texture_catalog_match_v1+source_attribute_v1","","{""crack"": 0.0113, ""dust"": 0.0158, ""fold"": 0.0257, ""missing_region"": 0.0255, ""mold"": 0.0359, ""scratch"": 0.0177, ""stain"": 0.0614, ""tear"": 0.0382}","{}","0","0","0","0","0","0","0","0","0","0","0","0","0","1","54b0268d852047a4076df88bf16d8fd7418ffaa9d68c6841ca7bc804051ebb6f","1373970","png"
"886","damaged_obvious_000617","damaged_obvious","617","photo-0602","0915.png","damaged_obvious_000617.png","dataset_images/damaged_obvious/damaged_obvious_000617.png","dce09bd74f4b8771e79fa4805f54a6acc60618822a97fc5059d40c01372ef423","1903","1380","outdoor_scene","RGB","existing_damage","train","real_damaged","赫达·莫里逊中国相册（Hedda Morrison）","","","","uneven_exposure","1","texture_catalog_match_v1+source_attribute_v1","","{""crack"": 0.0243, ""dust"": 0.0269, ""fold"": 0.0586, ""missing_region"": 0.0236, ""mold"": 0.0542, ""scratch"": 0.0275, ""stain"": 0.1036, ""tear"": 0.0671}","{}","0","0","0","0","0","0","0","0","0","0","0","0","0","1","dce09bd74f4b8771e79fa4805f54a6acc60618822a97fc5059d40c01372ef423","1545741","png"
"893","damaged_obvious_000618","damaged_obvious","618","photo-0609","0922.png","damaged_obvious_000618.png","dataset_images/damaged_obvious/damaged_obvious_000618.png","1358cf3a37c25ea80871c90f9a0149256d73d12c0828b9f5a68959cb2987b16b","1852","1309","architecture","RGB","existing_damage","train","real_damaged","赫达·莫里逊中国相册（Hedda Morrison）","","","","blur","1","texture_catalog_match_v1+source_attribute_v1","","{""crack"": 0.0218, ""dust"": 0.0211, ""fold"": 0.1034, ""missing_region"": 0.0302, ""mold"": 0.0623, ""scratch"": 0.0287, ""stain"": 0.0756, ""tear"": 0.0905}","{}","0","0","0","0","0","0","0","0","0","0","1","0","0","0","1358cf3a37c25ea80871c90f9a0149256d73d12c0828b9f5a68959cb2987b16b","1463399","png"
"897","damaged_obvious_000619","damaged_obvious","619","photo-0613","0926.png","damaged_obvious_000619.png","dataset_images/damaged_obvious/damaged_obvious_000619.png","224a2ba140cea118fe8f3f7a13d967b1bfef68e3072fdc6d638f0a506193c91c","1339","1853","architecture","RGB","existing_damage","train","real_damaged","赫达·莫里逊中国相册（Hedda Morrison）","","","","noise","1","texture_catalog_match_v1+source_attribute_v1","","{""crack"": 0.0082, ""dust"": 0.0075, ""fold"": 0.0168, ""missing_region"": 0.01, ""mold"": 0.0191, ""scratch"": 0.0106, ""stain"": 0.0131, ""tear"": 0.0526}","{}","0","0","0","0","0","0","0","0","0","0","0","1","0","0","93840732651de48b41d3c59233e6b5eee5d74d0c1207ff46d3b45137163ef417","1601098","png"
"898","damaged_obvious_000620","damaged_obvious","620","photo-0614","0927.png","damaged_obvious_000620.png","dataset_images/damaged_obvious/damaged_obvious_000620.png","63418eb28e4797498cdb6a93f4fbfd26df01189954e0bdc86d894ecb06dbe4e4","1335","1853","outdoor_scene","RGB","existing_damage","validation","real_damaged","赫达·莫里逊中国相册（Hedda Morrison）","","","","blur","1","texture_catalog_match_v1+source_attribute_v1","","{""crack"": 0.0245, ""dust"": 0.0387, ""fold"": 0.0536, ""missing_region"": 0.046, ""mold"": 0.0691, ""scratch"": 0.033, ""stain"": 0.1012, ""tear"": 0.113}","{}","0","0","0","0","0","0","0","0","0","0","1","0","0","0","63418eb28e4797498cdb6a93f4fbfd26df01189954e0bdc86d894ecb06dbe4e4","1498027","png"
"899","damaged_obvious_000621","damaged_obvious","621","photo-0615","0928.png","damaged_obvious_000621.png","dataset_images/damaged_obvious/damaged_obvious_000621.png","d1db3bbb0236aa24ac219776b27021ba7d47442ecb728f3a40dc3711284288d9","1106","1614","single_portrait","RGB","existing_damage","train","real_damaged","赫达·莫里逊中国相册（Hedda Morrison）","","","","noise|uneven_exposure","2","texture_catalog_match_v1+source_attribute_v1","","{""crack"": 0.0269, ""dust"": 0.0253, ""fold"": 0.0346, ""missing_region"": 0.0326, ""mold"": 0.0293, ""scratch"": 0.0257, ""stain"": 0.0612, ""tear"": 0.0708}","{}","0","0","0","0","0","0","0","0","0","0","0","1","0","1","d1db3bbb0236aa24ac219776b27021ba7d47442ecb728f3a40dc3711284288d9","1269874","png"
"901","damaged_obvious_000622","damaged_obvious","622","photo-0617","0930.png","damaged_obvious_000622.png","dataset_images/damaged_obvious/damaged_obvious_000622.png","3783009b3b2d6e9294cae6bf969a8b3358637ade99ad45ddd6207bbac7faa248","1858","1239","outdoor_scene","RGB","existing_damage","train","real_damaged","赫达·莫里逊中国相册（Hedda Morrison）","","","","blur|uneven_exposure","2","texture_catalog_match_v1+source_attribute_v1","","{""crack"": 0.0173, ""dust"": 0.0192, ""fold"": 0.0306, ""missing_region"": 0.0198, ""mold"": 0.0375, ""scratch"": 0.023, ""stain"": 0.0661, ""tear"": 0.0506}","{}","0","0","0","0","0","0","0","0","0","0","1","0","0","1","3783009b3b2d6e9294cae6bf969a8b3358637ade99ad45ddd6207bbac7faa248","1237012","png"
"905","damaged_obvious_000623","damaged_obvious","623","photo-0621","0934.png","damaged_obvious_000623.png","dataset_images/damaged_obvious/damaged_obvious_000623.png","170238b71996915bfd9f26dfadecf163f3340154b3a5721c957dabbcc96e59db","1644","1106","architecture","RGB","existing_damage","train","real_damaged","赫达·莫里逊中国相册（Hedda Morrison）","","","","uneven_exposure","1","texture_catalog_match_v1+source_attribute_v1","","{""crack"": 0.0055, ""dust"": 0.0212, ""fold"": 0.0459, ""missing_region"": 0.058, ""mold"": 0.0765, ""scratch"": 0.0231, ""stain"": 0.0858, ""tear"": 0.0788}","{}","0","0","0","0","0","0","0","0","0","0","0","0","0","1","85c35b08a5be480c67b8dadb7d601a4e8d2fa48a61710c2e1088bded5fcab307","1850274","png"
"907","damaged_obvious_000624","damaged_obvious","624","photo-0623","0936.png","damaged_obvious_000624.png","dataset_images/damaged_obvious/damaged_obvious_000624.png","9df4114948bdb13881578b428873f38528df159f412e09f42e387daa2ce6e0fa","1117","1642","single_portrait","RGB","existing_damage","validation","real_damaged","赫达·莫里逊中国相册（Hedda Morrison）","","","","uneven_exposure","1","texture_catalog_match_v1+source_attribute_v1","","{""crack"": 0.0146, ""dust"": 0.0245, ""fold"": 0.0571, ""missing_region"": 0.0317, ""mold"": 0.0652, ""scratch"": 0.0223, ""stain"": 0.0641, ""tear"": 0.0375}","{}","0","0","0","0","0","0","0","0","0","0","0","0","0","1","7b13a98795e4fd0b772a36d06ded7bb7e24108058e77913232e3bbe52dcf4644","1366724","png"
"910","damaged_obvious_000625","damaged_obvious","625","photo-0626","0939.png","damaged_obvious_000625.png","dataset_images/damaged_obvious/damaged_obvious_000625.png","55a4de84249ac82198800219150cbf590312b6d164bf7f15d5074a347bded4d9","1082","1625","single_portrait","RGB","existing_damage","train","real_damaged","赫达·莫里逊中国相册（Hedda Morrison）","","","","uneven_exposure","1","texture_catalog_match_v1+source_attribute_v1","","{""crack"": 0.0165, ""dust"": 0.0251, ""fold"": 0.0683, ""missing_region"": 0.0342, ""mold"": 0.0683, ""scratch"": 0.0258, ""stain"": 0.0705, ""tear"": 0.0404}","{}","0","0","0","0","0","0","0","0","0","0","0","0","0","1","08722887ba900cb60af1248125247c8b7fe49923c11ffd276fcb58376c07f155","1316349","png"
"913","damaged_obvious_000626","damaged_obvious","626","photo-0629","0942.png","damaged_obvious_000626.png","dataset_images/damaged_obvious/damaged_obvious_000626.png","41df91ec1220cc321045fcd7d34e46543fd6ea84d1839c1b723be231613271a1","1111","1553","outdoor_scene","RGB","existing_damage","train","real_damaged","赫达·莫里逊中国相册（Hedda Morrison）","","","","uneven_exposure","1","texture_catalog_match_v1+source_attribute_v1","","{""crack"": 0.0169, ""dust"": 0.0197, ""fold"": 0.0349, ""missing_region"": 0.0195, ""mold"": 0.0354, ""scratch"": 0.019, ""stain"": 0.043, ""tear"": 0.0595}","{}","0","0","0","0","0","0","0","0","0","0","0","0","0","1","41df91ec1220cc321045fcd7d34e46543fd6ea84d1839c1b723be231613271a1","1009621","png"
"921","damaged_obvious_000627","damaged_obvious","627","photo-0637","0950.png","damaged_obvious_000627.png","dataset_images/damaged_obvious/damaged_obvious_000627.png","44f02b41f16ae038de34c8a2999c781b122d1400c878a40016e9d91464358fec","1089","1634","outdoor_scene","RGB","existing_damage","train","real_damaged","赫达·莫里逊中国相册（Hedda Morrison）","","","","uneven_exposure","1","texture_catalog_match_v1+source_attribute_v1","","{""crack"": 0.0115, ""dust"": 0.0125, ""fold"": 0.0275, ""missing_region"": 0.0119, ""mold"": 0.0281, ""scratch"": 0.0149, ""stain"": 0.0263, ""tear"": 0.024}","{}","0","0","0","0","0","0","0","0","0","0","0","0","0","1","712cb712d88e9ef4f5caaf8fc0a98df1d280cc64bbd1b55ec6b6ed023fcf7eb4","1111321","png"
"922","damaged_obvious_000628","damaged_obvious","628","photo-0638","0951.png","damaged_obvious_000628.png","dataset_images/damaged_obvious/damaged_obvious_000628.png","4ba5acc1901823c6ff85d49489c52c0d1117aea86fbc4b522356896861222a1a","1106","1644","architecture","RGB","existing_damage","train","real_damaged","赫达·莫里逊中国相册（Hedda Morrison）","","","","uneven_exposure","1","texture_catalog_match_v1+source_attribute_v1","","{""crack"": 0.015, ""dust"": 0.0185, ""fold"": 0.0571, ""missing_region"": 0.0232, ""mold"": 0.0491, ""scratch"": 0.0219, ""stain"": 0.0574, ""tear"": 0.0504}","{}","0","0","0","0","0","0","0","0","0","0","0","0","0","1","4ba5acc1901823c6ff85d49489c52c0d1117aea86fbc4b522356896861222a1a","1109906","png"
"924","damaged_obvious_000629","damaged_obvious","629","photo-0641","0954.png","damaged_obvious_000629.png","dataset_images/damaged_obvious/damaged_obvious_000629.png","c0aa371a986a2f2dd0ffccd376a10dca924111ada9e47d18d6120618afcbab9b","1082","1623","outdoor_scene","RGB","existing_damage","train","real_damaged","赫达·莫里逊中国相册（Hedda Morrison）","","","","blur|uneven_exposure","2","texture_catalog_match_v1+source_attribute_v1","","{""crack"": 0.0153, ""dust"": 0.0156, ""fold"": 0.0393, ""missing_region"": 0.0175, ""mold"": 0.0377, ""scratch"": 0.021, ""stain"": 0.0406, ""tear"": 0.0349}","{}","0","0","0","0","0","0","0","0","0","0","1","0","0","1","c4f1cda1dd30d33ba6cca9a602368d293401b3202c7303f63aaaa0892036b1de","1304811","png"
"927","damaged_obvious_000630","damaged_obvious","630","photo-0644","0957.png","damaged_obvious_000630.png","dataset_images/damaged_obvious/damaged_obvious_000630.png","2bdc70ff00876ded193bfd21f4478779a137f8a8d8fea7ed12e624edee2999db","1335","1598","architecture","RGB","existing_damage","train","real_damaged","赫达·莫里逊中国相册（Hedda Morrison）","","","","fold|stain","2","texture_catalog_match_v1+source_attribute_v1","fold|stain","{""crack"": 0.0167, ""dust"": 0.0385, ""fold"": 0.1447, ""missing_region"": 0.0535, ""mold"": 0.1331, ""scratch"": 0.0348, ""stain"": 0.1829, ""tear"": 0.0961}","{""fold"": [""032.jpg"", ""123.jpg"", ""176.jpg""], ""stain"": [""074.jpg"", ""063.jpg"", ""134.jpg""]}","0","0","1","0","1","0","0","0","0","0","0","0","0","0","2bdc70ff00876ded193bfd21f4478779a137f8a8d8fea7ed12e624edee2999db","1609534","png"
"942","damaged_obvious_000631","damaged_obvious","631","photo-0659","0972.png","damaged_obvious_000631.png","dataset_images/damaged_obvious/damaged_obvious_000631.png","2efb38b711ca0e46a61ddb677be3d717518abd125ce5eea7e90663308eb018c0","1330","1846","other","RGB","existing_damage","train","real_damaged","赫达·莫里逊中国相册（Hedda Morrison）","","","","stain","1","texture_catalog_match_v1+source_attribute_v1","stain","{""crack"": 0.0272, ""dust"": 0.0427, ""fold"": 0.1189, ""missing_region"": 0.0555, ""mold"": 0.1428, ""scratch"": 0.0367, ""stain"": 0.1848, ""tear"": 0.1025}","{""stain"": [""074.jpg"", ""134.jpg"", ""190.jpg""]}","0","0","0","0","1","0","0","0","0","0","0","0","0","0","e5728eefbedc816a2f3f6754d01e509b47c83fce174ea7348020f5f0f740f418","1781104","png"
"944","damaged_obvious_000632","damaged_obvious","632","photo-0661","0974.png","damaged_obvious_000632.png","dataset_images/damaged_obvious/damaged_obvious_000632.png","95cc5732eed44023404054105f72a35c868a8165c4398f4b4b67b3e472598834","1847","1325","group_portrait","RGB","existing_damage","test","real_damaged","赫达·莫里逊中国相册（Hedda Morrison）","","","","fold|stain","2","texture_catalog_match_v1+source_attribute_v1","fold|stain","{""crack"": 0.0157, ""dust"": 0.0433, ""fold"": 0.1757, ""missing_region"": 0.0734, ""mold"": 0.1296, ""scratch"": 0.0334, ""stain"": 0.1875, ""tear"": 0.1071}","{""fold"": [""032.jpg"", ""126.jpg"", ""089.jpg""], ""stain"": [""134.jpg"", ""063.jpg"", ""098.jpg""]}","0","0","1","0","1","0","0","0","0","0","0","0","0","0","95cc5732eed44023404054105f72a35c868a8165c4398f4b4b67b3e472598834","1847890","png"
"945","damaged_obvious_000633","damaged_obvious","633","photo-0662","0975.png","damaged_obvious_000633.png","dataset_images/damaged_obvious/damaged_obvious_000633.png","ad097a3207f12ddab40bfc27e3d44c33cf23b64a93fb64d293227e47a652e08d","1325","1846","architecture","RGB","existing_damage","train","real_damaged","赫达·莫里逊中国相册（Hedda Morrison）","","","","stain|mold","2","texture_catalog_match_v1+source_attribute_v1","mold|stain","{""crack"": 0.015, ""dust"": 0.0391, ""fold"": 0.1026, ""missing_region"": 0.0717, ""mold"": 0.1958, ""scratch"": 0.0374, ""stain"": 0.2537, ""tear"": 0.0921}","{""mold"": [""008.jpg"", ""182.jpg"", ""121.jpg""], ""stain"": [""074.jpg"", ""134.jpg"", ""063.jpg""]}","0","0","0","0","1","1","0","0","0","0","0","0","0","0","3958ef342457fb51b30f19a1ecc8d33c13e031b1cd22ecad09fa6d61699de30f","1934855","png"
"949","damaged_obvious_000634","damaged_obvious","634","photo-0666","0979.png","damaged_obvious_000634.png","dataset_images/damaged_obvious/damaged_obvious_000634.png","2d3ae3d7e5ae02242aa079f53ec3b4fb74b36fc88068fec71564dbca8d5e480a","1903","1365","architecture","RGB","existing_damage","train","real_damaged","赫达·莫里逊中国相册（Hedda Morrison）","","","","tear","1","texture_catalog_match_v1+source_attribute_v1","tear","{""crack"": 0.0128, ""dust"": 0.0345, ""fold"": 0.1143, ""missing_region"": 0.041, ""mold"": 0.0687, ""scratch"": 0.0314, ""stain"": 0.086, ""tear"": 0.1877}","{""tear"": [""191.jpg"", ""051.jpg"", ""133.jpg""]}","0","0","0","0","0","0","1","0","0","0","0","0","0","0","2d3ae3d7e5ae02242aa079f53ec3b4fb74b36fc88068fec71564dbca8d5e480a","1562960","png"
"952","damaged_obvious_000635","damaged_obvious","635","photo-0669","0982.png","damaged_obvious_000635.png","dataset_images/damaged_obvious/damaged_obvious_000635.png","d92fa8a86134f8d9ab84e234d97b5d517fbe867d26ae5ddf636bba8c7f85c0cc","1086","1634","architecture","RGB","existing_damage","train","real_damaged","赫达·莫里逊中国相册（Hedda Morrison）","","","","noise","1","texture_catalog_match_v1+source_attribute_v1","","{""crack"": 0.0104, ""dust"": 0.0139, ""fold"": 0.0484, ""missing_region"": 0.0254, ""mold"": 0.0292, ""scratch"": 0.0163, ""stain"": 0.0401, ""tear"": 0.0898}","{}","0","0","0","0","0","0","0","0","0","0","0","1","0","0","dd5f5c1251e52f42a22a1696297a489d194d8f720206a8b5f3fa63ca3eb43a1b","1278681","png"
"953","damaged_obvious_000636","damaged_obvious","636","photo-0670","0983.png","damaged_obvious_000636.png","dataset_images/damaged_obvious/damaged_obvious_000636.png","c09c8ea29bd9572fcc0a156b3184c820462cee868ebcaad92aa5aa1170c176c4","1426","3552","architecture","RGB","existing_damage","train","real_damaged","赫达·莫里逊中国相册（Hedda Morrison）","","","","noise","1","texture_catalog_match_v1+source_attribute_v1","","{""crack"": 0.0107, ""dust"": 0.0136, ""fold"": 0.0464, ""missing_region"": 0.048, ""mold"": 0.0338, ""scratch"": 0.0225, ""stain"": 0.0481, ""tear"": 0.0587}","{}","0","0","0","0","0","0","0","0","0","0","0","1","0","0","c09c8ea29bd9572fcc0a156b3184c820462cee868ebcaad92aa5aa1170c176c4","3300189","png"
"955","damaged_obvious_000637","damaged_obvious","637","photo-0672","0985.png","damaged_obvious_000637.png","dataset_images/damaged_obvious/damaged_obvious_000637.png","b2205ddb91b7a924e320c70e70d91e0a677ea77c401b8ed4ff21d7dea43e463c","1096","1644","architecture","RGB","existing_damage","train","real_damaged","赫达·莫里逊中国相册（Hedda Morrison）","","","","noise","1","texture_catalog_match_v1+source_attribute_v1","","{""crack"": 0.0067, ""dust"": 0.0111, ""fold"": 0.0157, ""missing_region"": 0.0138, ""mold"": 0.0258, ""scratch"": 0.0164, ""stain"": 0.0272, ""tear"": 0.0528}","{}","0","0","0","0","0","0","0","0","0","0","0","1","0","0","b2205ddb91b7a924e320c70e70d91e0a677ea77c401b8ed4ff21d7dea43e463c","1200925","png"
"957","damaged_obvious_000638","damaged_obvious","638","photo-0674","0987.png","damaged_obvious_000638.png","dataset_images/damaged_obvious/damaged_obvious_000638.png","66ca6c41a341d79fff31020f4ba4e392e9bd790ba1f6c1a1afef35b75afe858b","1091","868","single_portrait","RGB","existing_damage","train","real_damaged","赫达·莫里逊中国相册（Hedda Morrison）","","","","uneven_exposure","1","texture_catalog_match_v1+source_attribute_v1","","{""crack"": 0.0204, ""dust"": 0.0195, ""fold"": 0.0505, ""missing_region"": 0.046, ""mold"": 0.0465, ""scratch"": 0.0223, ""stain"": 0.0489, ""tear"": 0.046}","{}","0","0","0","0","0","0","0","0","0","0","0","0","0","1","66ca6c41a341d79fff31020f4ba4e392e9bd790ba1f6c1a1afef35b75afe858b","692235","png"
"960","damaged_obvious_000639","damaged_obvious","639","photo-0677","0990.png","damaged_obvious_000639.png","dataset_images/damaged_obvious/damaged_obvious_000639.png","10c4ce0786d9320306124e909efa5bc50fe42ce4bb83fafa809a731bfe44aafa","1568","2096","architecture","RGB","existing_damage","train","real_damaged","赫达·莫里逊中国相册（Hedda Morrison）","","","","noise","1","texture_catalog_match_v1+source_attribute_v1","","{""crack"": 0.0049, ""dust"": 0.0089, ""fold"": 0.0328, ""missing_region"": 0.0453, ""mold"": 0.0439, ""scratch"": 0.0172, ""stain"": 0.0468, ""tear"": 0.0453}","{}","0","0","0","0","0","0","0","0","0","0","0","1","0","0","10c4ce0786d9320306124e909efa5bc50fe42ce4bb83fafa809a731bfe44aafa","2706870","png"
"966","damaged_obvious_000640","damaged_obvious","640","photo-0683","0996.png","damaged_obvious_000640.png","dataset_images/damaged_obvious/damaged_obvious_000640.png","f8d94a67196ac408af7297e22c908be0c0f4325a8d4fa94543bd953d2621e461","1649","1137","outdoor_scene","RGB","existing_damage","train","real_damaged","赫达·莫里逊中国相册（Hedda Morrison）","","","","uneven_exposure","1","texture_catalog_match_v1+source_attribute_v1","","{""crack"": 0.0311, ""dust"": 0.0314, ""fold"": 0.0747, ""missing_region"": 0.0341, ""mold"": 0.049, ""scratch"": 0.0335, ""stain"": 0.0589, ""tear"": 0.17}","{}","0","0","0","0","0","0","0","0","0","0","0","0","0","1","f8d94a67196ac408af7297e22c908be0c0f4325a8d4fa94543bd953d2621e461","1199187","png"
"969","damaged_obvious_000641","damaged_obvious","641","photo-0686","0999.png","damaged_obvious_000641.png","dataset_images/damaged_obvious/damaged_obvious_000641.png","bc93f7e6eb5f6e58c2be10e3b8f84cc9544f40984a6aebdb54b798842748547a","1639","781","architecture","RGB","existing_damage","train","real_damaged","赫达·莫里逊中国相册（Hedda Morrison）","","","","tear|uneven_exposure","2","texture_catalog_match_v1+source_attribute_v1","tear","{""crack"": 0.0233, ""dust"": 0.028, ""fold"": 0.0811, ""missing_region"": 0.0416, ""mold"": 0.0874, ""scratch"": 0.0284, ""stain"": 0.0914, ""tear"": 0.1977}","{""tear"": [""128.jpg"", ""191.jpg"", ""158.jpg""]}","0","0","0","0","0","0","1","0","0","0","0","0","0","1","bc93f7e6eb5f6e58c2be10e3b8f84cc9544f40984a6aebdb54b798842748547a","878963","png"
"971","damaged_obvious_000642","damaged_obvious","642","photo-0688","1001.png","damaged_obvious_000642.png","dataset_images/damaged_obvious/damaged_obvious_000642.png","3fcc9b69b253b8693977a58a3274377c452e8e5196239f334d5b4c63c2005638","1659","1117","outdoor_scene","RGB","existing_damage","train","real_damaged","赫达·莫里逊中国相册（Hedda Morrison）","","","","tear","1","texture_catalog_match_v1+source_attribute_v1","tear","{""crack"": 0.0241, ""dust"": 0.0467, ""fold"": 0.1233, ""missing_region"": 0.0439, ""mold"": 0.1217, ""scratch"": 0.0415, ""stain"": 0.1361, ""tear"": 0.2049}","{""tear"": [""128.jpg"", ""133.jpg"", ""158.jpg""]}","0","0","0","0","0","0","1","0","0","0","0","0","0","0","3fcc9b69b253b8693977a58a3274377c452e8e5196239f334d5b4c63c2005638","1397658","png"
"972","damaged_obvious_000643","damaged_obvious","643","photo-0689","1002.png","damaged_obvious_000643.png","dataset_images/damaged_obvious/damaged_obvious_000643.png","fe401373f98b1864d1b3215f7fafacd2b3bf7904fde403d3a38444fbb6bde0c1","1162","1349","single_portrait","RGB","existing_damage","test","real_damaged","赫达·莫里逊中国相册（Hedda Morrison）","","","","uneven_exposure","1","texture_catalog_match_v1+source_attribute_v1","","{""crack"": 0.0265, ""dust"": 0.0364, ""fold"": 0.0722, ""missing_region"": 0.0469, ""mold"": 0.1018, ""scratch"": 0.0405, ""stain"": 0.1144, ""tear"": 0.0691}","{}","0","0","0","0","0","0","0","0","0","0","0","0","0","1","fe401373f98b1864d1b3215f7fafacd2b3bf7904fde403d3a38444fbb6bde0c1","1169249","png"
"979","damaged_obvious_000644","damaged_obvious","644","photo-0696","1009.png","damaged_obvious_000644.png","dataset_images/damaged_obvious/damaged_obvious_000644.png","701dd376d848e6be5747921c16d1dab782682c88fbfb5ebaaeb202a720da1b48","1639","843","outdoor_scene","RGB","existing_damage","train","real_damaged","赫达·莫里逊中国相册（Hedda Morrison）","","","","uneven_exposure","1","texture_catalog_match_v1+source_attribute_v1","","{""crack"": 0.0119, ""dust"": 0.0328, ""fold"": 0.0759, ""missing_region"": 0.0767, ""mold"": 0.0855, ""scratch"": 0.0256, ""stain"": 0.0873, ""tear"": 0.1202}","{}","0","0","0","0","0","0","0","0","0","0","0","0","0","1","701dd376d848e6be5747921c16d1dab782682c88fbfb5ebaaeb202a720da1b48","1059515","png"
"981","damaged_obvious_000645","damaged_obvious","645","photo-0698","1011.png","damaged_obvious_000645.png","dataset_images/damaged_obvious/damaged_obvious_000645.png","c22dcdcc46cd7c8671dc01ee900c33d0abed18882096f0c6b42e50ef1813c599","1010","1020","architecture","RGB","existing_damage","train","real_damaged","赫达·莫里逊中国相册（Hedda Morrison）","","","","fold","1","texture_catalog_match_v1+source_attribute_v1","fold","{""crack"": 0.0299, ""dust"": 0.0345, ""fold"": 0.1746, ""missing_region"": 0.0738, ""mold"": 0.0943, ""scratch"": 0.0294, ""stain"": 0.1719, ""tear"": 0.118}","{""fold"": [""032.jpg"", ""126.jpg"", ""176.jpg""]}","0","0","1","0","0","0","0","0","0","0","0","0","0","0","c22dcdcc46cd7c8671dc01ee900c33d0abed18882096f0c6b42e50ef1813c599","712393","png"
"984","damaged_obvious_000646","damaged_obvious","646","photo-0702","1014.png","damaged_obvious_000646.png","dataset_images/damaged_obvious/damaged_obvious_000646.png","69de1bfb353e3a2785800c700e6635a56c64b273f47a5449dcf2553361792f79","1108","1636","architecture","RGB","existing_damage","train","real_damaged","赫达·莫里逊中国相册（Hedda Morrison）","","","","uneven_exposure","1","texture_catalog_match_v1+source_attribute_v1","","{""crack"": 0.0095, ""dust"": 0.0199, ""fold"": 0.0801, ""missing_region"": 0.0284, ""mold"": 0.0515, ""scratch"": 0.0207, ""stain"": 0.0465, ""tear"": 0.0599}","{}","0","0","0","0","0","0","0","0","0","0","0","0","0","1","f1fba185c1a624a5b14b49afadf5a81683eccd5dfa02cc175cf281e8920090df","1252965","png"
"992","damaged_obvious_000647","damaged_obvious","647","photo-0710","1022.png","damaged_obvious_000647.png","dataset_images/damaged_obvious/damaged_obvious_000647.png","0d5739fd089c1520861fed3b7a62a3c48f8a7d8c1acaa94e03daef279cde548e","1116","1462","architecture","RGB","existing_damage","train","real_damaged","赫达·莫里逊中国相册（Hedda Morrison）","","","","uneven_exposure","1","texture_catalog_match_v1+source_attribute_v1","","{""crack"": 0.0067, ""dust"": 0.0183, ""fold"": 0.0641, ""missing_region"": 0.0521, ""mold"": 0.0918, ""scratch"": 0.031, ""stain"": 0.0688, ""tear"": 0.0956}","{}","0","0","0","0","0","0","0","0","0","0","0","0","0","1","0d5739fd089c1520861fed3b7a62a3c48f8a7d8c1acaa94e03daef279cde548e","1466547","png"
"993","damaged_obvious_000648","damaged_obvious","648","photo-0711","1023.png","damaged_obvious_000648.png","dataset_images/damaged_obvious/damaged_obvious_000648.png","ff79c2014cc65b767b317436bdffa533714355f2f4e5b84e1bf9ee611ac8300c","1111","1629","architecture","RGB","existing_damage","test","real_damaged","赫达·莫里逊中国相册（Hedda Morrison）","","","","uneven_exposure","1","texture_catalog_match_v1+source_attribute_v1","","{""crack"": 0.0263, ""dust"": 0.0293, ""fold"": 0.0396, ""missing_region"": 0.0416, ""mold"": 0.0799, ""scratch"": 0.028, ""stain"": 0.1131, ""tear"": 0.1349}","{}","0","0","0","0","0","0","0","0","0","0","0","0","0","1","ff79c2014cc65b767b317436bdffa533714355f2f4e5b84e1bf9ee611ac8300c","1360600","png"
"994","damaged_obvious_000649","damaged_obvious","649","photo-0712","1024.png","damaged_obvious_000649.png","dataset_images/damaged_obvious/damaged_obvious_000649.png","ddb30a1b0b6df5e3414ae840a6b9dc837e92648397e61547f24bcfc192cb39a2","1644","1106","architecture","RGB","existing_damage","train","real_damaged","赫达·莫里逊中国相册（Hedda Morrison）","","","","fold|stain","2","texture_catalog_match_v1+source_attribute_v1","fold|stain","{""crack"": 0.0141, ""dust"": 0.0457, ""fold"": 0.164, ""missing_region"": 0.063, ""mold"": 0.14, ""scratch"": 0.0369, ""stain"": 0.1801, ""tear"": 0.0902}","{""fold"": [""123.jpg"", ""032.jpg"", ""059.jpg""], ""stain"": [""063.jpg"", ""134.jpg"", ""096.jpg""]}","0","0","1","0","1","0","0","0","0","0","0","0","0","0","ddb30a1b0b6df5e3414ae840a6b9dc837e92648397e61547f24bcfc192cb39a2","1540408","png"
"1000","damaged_obvious_000650","damaged_obvious","650","photo-0718","1030.png","damaged_obvious_000650.png","dataset_images/damaged_obvious/damaged_obvious_000650.png","e7254c1f78a3c44d890adf135ff0804ed6762ecc4e069671f4efc57f2e917291","1122","1213","architecture","RGB","existing_damage","train","real_damaged","赫达·莫里逊中国相册（Hedda Morrison）","","","","fold|stain","2","texture_catalog_match_v1+source_attribute_v1","fold|stain","{""crack"": 0.0192, ""dust"": 0.0435, ""fold"": 0.1669, ""missing_region"": 0.0666, ""mold"": 0.1515, ""scratch"": 0.0384, ""stain"": 0.2136, ""tear"": 0.1013}","{""fold"": [""032.jpg"", ""126.jpg"", ""175.jpg""], ""stain"": [""074.jpg"", ""134.jpg"", ""063.jpg""]}","0","0","1","0","1","0","0","0","0","0","0","0","0","0","e7254c1f78a3c44d890adf135ff0804ed6762ecc4e069671f4efc57f2e917291","884069","png"
"1002","damaged_obvious_000651","damaged_obvious","651","photo-0720","1032.png","damaged_obvious_000651.png","dataset_images/damaged_obvious/damaged_obvious_000651.png","9bd694be8ddc0e503d84d28b9acdc385497578f5dc5fc92ee57a3f0567d149d3","1111","1644","architecture","RGB","existing_damage","train","real_damaged","赫达·莫里逊中国相册（Hedda Morrison）","","","","uneven_exposure","1","texture_catalog_match_v1+source_attribute_v1","","{""crack"": 0.0214, ""dust"": 0.0267, ""fold"": 0.061, ""missing_region"": 0.0737, ""mold"": 0.0563, ""scratch"": 0.0269, ""stain"": 0.0734, ""tear"": 0.1217}","{}","0","0","0","0","0","0","0","0","0","0","0","0","0","1","9bd694be8ddc0e503d84d28b9acdc385497578f5dc5fc92ee57a3f0567d149d3","1315254","png"
"1004","damaged_obvious_000652","damaged_obvious","652","photo-0722","1034.png","damaged_obvious_000652.png","dataset_images/damaged_obvious/damaged_obvious_000652.png","b9a8bdde21a8f295e03f8fbe3bfd14332c5ac89ca7b2112638e1cd0351560afd","1107","1492","architecture","RGB","existing_damage","train","real_damaged","赫达·莫里逊中国相册（Hedda Morrison）","","","","uneven_exposure","1","texture_catalog_match_v1+source_attribute_v1","","{""crack"": 0.0279, ""dust"": 0.0292, ""fold"": 0.061, ""missing_region"": 0.0305, ""mold"": 0.0336, ""scratch"": 0.0308, ""stain"": 0.0463, ""tear"": 0.0664}","{}","0","0","0","0","0","0","0","0","0","0","0","0","0","1","b9a8bdde21a8f295e03f8fbe3bfd14332c5ac89ca7b2112638e1cd0351560afd","1021970","png"
"1005","damaged_obvious_000653","damaged_obvious","653","photo-0723","1035.png","damaged_obvious_000653.png","dataset_images/damaged_obvious/damaged_obvious_000653.png","3e4d9fa62ed66d7ece9fc1237f2e66efaab02c92b46c2c575eb599f98177fed1","1654","1076","architecture","RGB","existing_damage","train","real_damaged","赫达·莫里逊中国相册（Hedda Morrison）","","","","uneven_exposure","1","texture_catalog_match_v1+source_attribute_v1","","{""crack"": 0.0159, ""dust"": 0.0246, ""fold"": 0.0844, ""missing_region"": 0.0276, ""mold"": 0.0618, ""scratch"": 0.0247, ""stain"": 0.0775, ""tear"": 0.1196}","{}","0","0","0","0","0","0","0","0","0","0","0","0","0","1","3e4d9fa62ed66d7ece9fc1237f2e66efaab02c92b46c2c575eb599f98177fed1","1171901","png"
"1006","damaged_obvious_000654","damaged_obvious","654","photo-0724","1036.png","damaged_obvious_000654.png","dataset_images/damaged_obvious/damaged_obvious_000654.png","0d58e4a0265b201d300dce9c2587ce5edda2abcae75c08ab3333434c5602c072","1654","1121","architecture","RGB","existing_damage","train","real_damaged","赫达·莫里逊中国相册（Hedda Morrison）","","","","noise|uneven_exposure","2","texture_catalog_match_v1+source_attribute_v1","","{""crack"": 0.0077, ""dust"": 0.0163, ""fold"": 0.0385, ""missing_region"": 0.0229, ""mold"": 0.0402, ""scratch"": 0.0171, ""stain"": 0.0426, ""tear"": 0.0292}","{}","0","0","0","0","0","0","0","0","0","0","0","1","0","1","0d58e4a0265b201d300dce9c2587ce5edda2abcae75c08ab3333434c5602c072","1310920","png"
"1007","damaged_obvious_000655","damaged_obvious","655","photo-0725","1037.png","damaged_obvious_000655.png","dataset_images/damaged_obvious/damaged_obvious_000655.png","5cb2d52e761c121a34f410074e66dcfc2b0c89c81b6d3debaef402a1d751fc00","1091","1634","architecture","RGB","existing_damage","train","real_damaged","赫达·莫里逊中国相册（Hedda Morrison）","","","","uneven_exposure","1","texture_catalog_match_v1+source_attribute_v1","","{""crack"": 0.0215, ""dust"": 0.0339, ""fold"": 0.0625, ""missing_region"": 0.0395, ""mold"": 0.078, ""scratch"": 0.0325, ""stain"": 0.0794, ""tear"": 0.1044}","{}","0","0","0","0","0","0","0","0","0","0","0","0","0","1","5cb2d52e761c121a34f410074e66dcfc2b0c89c81b6d3debaef402a1d751fc00","1280210","png"
"1008","damaged_obvious_000656","damaged_obvious","656","photo-0726","1038.png","damaged_obvious_000656.png","dataset_images/damaged_obvious/damaged_obvious_000656.png","5335602f9f3bac814afda684f52327f3016aafd07bc776a880cf564c2feca5b8","1639","1102","architecture","RGB","existing_damage","train","real_damaged","赫达·莫里逊中国相册（Hedda Morrison）","","","","uneven_exposure","1","texture_catalog_match_v1+source_attribute_v1","","{""crack"": 0.0106, ""dust"": 0.0152, ""fold"": 0.0283, ""missing_region"": 0.0367, ""mold"": 0.0295, ""scratch"": 0.016, ""stain"": 0.0401, ""tear"": 0.0367}","{}","0","0","0","0","0","0","0","0","0","0","0","0","0","1","5335602f9f3bac814afda684f52327f3016aafd07bc776a880cf564c2feca5b8","1290389","png"
"1011","damaged_obvious_000657","damaged_obvious","657","photo-0729","1041.png","damaged_obvious_000657.png","dataset_images/damaged_obvious/damaged_obvious_000657.png","dd0885369367a8281bc19567ea6792f16f8ac6a9bddb7cb1e2382afbeb17ae81","1116","1476","architecture","RGB","existing_damage","train","real_damaged","赫达·莫里逊中国相册（Hedda Morrison）","","","","uneven_exposure","1","texture_catalog_match_v1+source_attribute_v1","","{""crack"": 0.0287, ""dust"": 0.0395, ""fold"": 0.0645, ""missing_region"": 0.0427, ""mold"": 0.083, ""scratch"": 0.0369, ""stain"": 0.107, ""tear"": 0.1058}","{}","0","0","0","0","0","0","0","0","0","0","0","0","0","1","dd0885369367a8281bc19567ea6792f16f8ac6a9bddb7cb1e2382afbeb17ae81","1135893","png"
"1014","damaged_obvious_000658","damaged_obvious","658","photo-0732","1044.png","damaged_obvious_000658.png","dataset_images/damaged_obvious/damaged_obvious_000658.png","bc0db3b07941c23c798bca7bacac390059ccb87d4e8fff86469fe721e21f5561","1127","923","outdoor_scene","RGB","existing_damage","train","real_damaged","赫达·莫里逊中国相册（Hedda Morrison）","","","","fold|mold","2","texture_catalog_match_v1+source_attribute_v1","fold|mold","{""crack"": 0.0099, ""dust"": 0.0303, ""fold"": 0.1421, ""missing_region"": 0.0823, ""mold"": 0.1825, ""scratch"": 0.035, ""stain"": 0.1439, ""tear"": 0.1586}","{""fold"": [""123.jpg"", ""126.jpg"", ""175.jpg""], ""mold"": [""182.jpg"", ""008.jpg"", ""023.jpg""]}","0","0","1","0","0","1","0","0","0","0","0","0","0","0","bc0db3b07941c23c798bca7bacac390059ccb87d4e8fff86469fe721e21f5561","853846","png"
"1015","damaged_obvious_000659","damaged_obvious","659","photo-0733","1045.png","damaged_obvious_000659.png","dataset_images/damaged_obvious/damaged_obvious_000659.png","3a6fcda79d5c7b7f42173a0cde180e2d49e30d488987fef5c2c199cc02f51d0e","1131","1000","outdoor_scene","RGB","existing_damage","validation","real_damaged","赫达·莫里逊中国相册（Hedda Morrison）","","","","mold|tear","2","texture_catalog_match_v1+source_attribute_v1","mold|tear","{""crack"": 0.0071, ""dust"": 0.0258, ""fold"": 0.1239, ""missing_region"": 0.0726, ""mold"": 0.1971, ""scratch"": 0.0354, ""stain"": 0.1325, ""tear"": 0.1849}","{""mold"": [""182.jpg"", ""008.jpg"", ""023.jpg""], ""tear"": [""191.jpg"", ""051.jpg"", ""194.jpg""]}","0","0","0","0","0","1","1","0","0","0","0","0","0","0","3a6fcda79d5c7b7f42173a0cde180e2d49e30d488987fef5c2c199cc02f51d0e","1020867","png"
"1016","damaged_obvious_000660","damaged_obvious","660","photo-0734","1046.png","damaged_obvious_000660.png","dataset_images/damaged_obvious/damaged_obvious_000660.png","d0cedfbd6ccee4b85910ae6351f66c7e9fe0475b39050c9d11b0a34cdd7c7a1f","1137","1380","group_portrait","RGB","existing_damage","train","real_damaged","赫达·莫里逊中国相册（Hedda Morrison）","","","","fold|uneven_exposure","2","texture_catalog_match_v1+source_attribute_v1","fold","{""crack"": 0.0279, ""dust"": 0.0405, ""fold"": 0.1459, ""missing_region"": 0.0498, ""mold"": 0.1385, ""scratch"": 0.0371, ""stain"": 0.1642, ""tear"": 0.1304}","{""fold"": [""032.jpg"", ""126.jpg"", ""175.jpg""]}","0","0","1","0","0","0","0","0","0","0","0","0","0","1","d0cedfbd6ccee4b85910ae6351f66c7e9fe0475b39050c9d11b0a34cdd7c7a1f","1227937","png"
"1017","damaged_obvious_000661","damaged_obvious","661","photo-0735","1047.png","damaged_obvious_000661.png","dataset_images/damaged_obvious/damaged_obvious_000661.png","161d8e201d5af01e6e5dfbe592de3469e9f34e2a5488b9a5b3457daec6016315","1131","1649","outdoor_scene","RGB","existing_damage","train","real_damaged","赫达·莫里逊中国相册（Hedda Morrison）","","","","uneven_exposure","1","texture_catalog_match_v1+source_attribute_v1","","{""crack"": 0.0226, ""dust"": 0.0232, ""fold"": 0.0597, ""missing_region"": 0.0426, ""mold"": 0.0765, ""scratch"": 0.0251, ""stain"": 0.0566, ""tear"": 0.0596}","{}","0","0","0","0","0","0","0","0","0","0","0","0","0","1","161d8e201d5af01e6e5dfbe592de3469e9f34e2a5488b9a5b3457daec6016315","1318486","png"
"1018","damaged_obvious_000662","damaged_obvious","662","photo-0736","1048.png","damaged_obvious_000662.png","dataset_images/damaged_obvious/damaged_obvious_000662.png","990b9a741a8908606ba55a9f3c131064b65e072ffb7e2c6a89a5e455129569ef","2151","1532","group_portrait","RGB","existing_damage","train","real_damaged","赫达·莫里逊中国相册（Hedda Morrison）","","","","noise","1","texture_catalog_match_v1+source_attribute_v1","","{""crack"": 0.0062, ""dust"": 0.0123, ""fold"": 0.019, ""missing_region"": 0.0179, ""mold"": 0.0199, ""scratch"": 0.0165, ""stain"": 0.0281, ""tear"": 0.0427}","{}","0","0","0","0","0","0","0","0","0","0","0","1","0","0","23a01cfb2d0e2be95e6996d47608a867b60c11e210efc1c1ca4304af2b343381","2020503","png"
"1020","damaged_obvious_000663","damaged_obvious","663","photo-0738","1050.png","damaged_obvious_000663.png","dataset_images/damaged_obvious/damaged_obvious_000663.png","0ae7ba98d64df03bd261d83a3b17e7278fa69522843327986b8396050b4f2f64","2325","1563","group_portrait","RGB","existing_damage","train","real_damaged","赫达·莫里逊中国相册（Hedda Morrison）","","","","noise","1","texture_catalog_match_v1+source_attribute_v1","","{""crack"": 0.0217, ""dust"": 0.0299, ""fold"": 0.0417, ""missing_region"": 0.0364, ""mold"": 0.0475, ""scratch"": 0.0437, ""stain"": 0.0739, ""tear"": 0.0711}","{}","0","0","0","0","0","0","0","0","0","0","0","1","0","0","0ae7ba98d64df03bd261d83a3b17e7278fa69522843327986b8396050b4f2f64","3008880","png"
"1021","damaged_obvious_000664","damaged_obvious","664","photo-0739","1051.png","damaged_obvious_000664.png","dataset_images/damaged_obvious/damaged_obvious_000664.png","f3999baec57715616f40575e86726a23599e02198dc39908064094830fa078e6","2314","1558","group_portrait","RGB","existing_damage","train","real_damaged","赫达·莫里逊中国相册（Hedda Morrison）","","","","noise","1","texture_catalog_match_v1+source_attribute_v1","","{""crack"": 0.003, ""dust"": 0.0065, ""fold"": 0.0224, ""missing_region"": 0.0299, ""mold"": 0.0195, ""scratch"": 0.011, ""stain"": 0.023, ""tear"": 0.0299}","{}","0","0","0","0","0","0","0","0","0","0","0","1","0","0","f3999baec57715616f40575e86726a23599e02198dc39908064094830fa078e6","3594826","png"
"1022","damaged_obvious_000665","damaged_obvious","665","photo-0740","1052.png","damaged_obvious_000665.png","dataset_images/damaged_obvious/damaged_obvious_000665.png","16defbd988629b981cae8e1889896eff217b8769835fe05e938f84e3fe1969cb","1584","2101","group_portrait","RGB","existing_damage","train","real_damaged","赫达·莫里逊中国相册（Hedda Morrison）","","","","uneven_exposure","1","texture_catalog_match_v1+source_attribute_v1","","{""crack"": 0.0084, ""dust"": 0.0226, ""fold"": 0.1156, ""missing_region"": 0.0389, ""mold"": 0.1226, ""scratch"": 0.0276, ""stain"": 0.1037, ""tear"": 0.0616}","{}","0","0","0","0","0","0","0","0","0","0","0","0","0","1","16defbd988629b981cae8e1889896eff217b8769835fe05e938f84e3fe1969cb","2375023","png"
"1024","damaged_obvious_000666","damaged_obvious","666","photo-0742","1054.png","damaged_obvious_000666.png","dataset_images/damaged_obvious/damaged_obvious_000666.png","ca9902a7a26393df413c4fb6699d9841e7ae42f6bea614ea25e3ffd57305683c","1573","2101","group_portrait","RGB","existing_damage","test","real_damaged","赫达·莫里逊中国相册（Hedda Morrison）","","","","uneven_exposure","1","texture_catalog_match_v1+source_attribute_v1","","{""crack"": 0.0202, ""dust"": 0.0193, ""fold"": 0.0577, ""missing_region"": 0.0324, ""mold"": 0.0726, ""scratch"": 0.0235, ""stain"": 0.0705, ""tear"": 0.0989}","{}","0","0","0","0","0","0","0","0","0","0","0","0","0","1","ca9902a7a26393df413c4fb6699d9841e7ae42f6bea614ea25e3ffd57305683c","2111648","png"
"1028","damaged_obvious_000667","damaged_obvious","667","photo-0746","1058.png","damaged_obvious_000667.png","dataset_images/damaged_obvious/damaged_obvious_000667.png","5903f5ed05712717d4ff10ba71b62e295d50947ca0479a6176c14f1d50c29fef","1457","1594","group_portrait","RGB","existing_damage","train","real_damaged","赫达·莫里逊中国相册（Hedda Morrison）","","","","uneven_exposure","1","texture_catalog_match_v1+source_attribute_v1","","{""crack"": 0.0198, ""dust"": 0.0221, ""fold"": 0.0424, ""missing_region"": 0.0345, ""mold"": 0.0391, ""scratch"": 0.0299, ""stain"": 0.0602, ""tear"": 0.0417}","{}","0","0","0","0","0","0","0","0","0","0","0","0","0","1","5903f5ed05712717d4ff10ba71b62e295d50947ca0479a6176c14f1d50c29fef","1575488","png"
"1030","damaged_obvious_000668","damaged_obvious","668","photo-0748","1060.png","damaged_obvious_000668.png","dataset_images/damaged_obvious/damaged_obvious_000668.png","262751b2ff531a0305d2ac5412f2b567926e57d6d35014776f544e217842d172","1895","1456","outdoor_scene","RGB","existing_damage","train","real_damaged","赫达·莫里逊中国相册（Hedda Morrison）","","","","noise","1","texture_catalog_match_v1+source_attribute_v1","","{""crack"": 0.0226, ""dust"": 0.0235, ""fold"": 0.0517, ""missing_region"": 0.0313, ""mold"": 0.0514, ""scratch"": 0.0237, ""stain"": 0.0658, ""tear"": 0.0698}","{}","0","0","0","0","0","0","0","0","0","0","0","1","0","0","ce0d5377745b40b2ff130d54f578ffeedb1d77b109ee22a5cfc252eb0af3a3e8","2203665","png"
"1032","damaged_obvious_000669","damaged_obvious","669","photo-0750","1062.png","damaged_obvious_000669.png","dataset_images/damaged_obvious/damaged_obvious_000669.png","1bf95a4376bbd8865692a380ec6c218901f6751bd08126f37f0d6ba319b567ed","1877","1451","outdoor_scene","RGB","existing_damage","train","real_damaged","赫达·莫里逊中国相册（Hedda Morrison）","","","","noise","1","texture_catalog_match_v1+source_attribute_v1","","{""crack"": 0.0143, ""dust"": 0.0253, ""fold"": 0.0551, ""missing_region"": 0.0344, ""mold"": 0.0651, ""scratch"": 0.0262, ""stain"": 0.0646, ""tear"": 0.0561}","{}","0","0","0","0","0","0","0","0","0","0","0","1","0","0","05656d31348c585652f760e4739fcd8adacd701117fabec80a4311f73eff77d9","2266898","png"
"1034","damaged_obvious_000670","damaged_obvious","670","photo-0752","1064.png","damaged_obvious_000670.png","dataset_images/damaged_obvious/damaged_obvious_000670.png","cf6d17aabd328eca52a1c0d7b4b2854792b4154958d232ef358943d417e14490","1089","1603","outdoor_scene","RGB","existing_damage","validation","real_damaged","赫达·莫里逊中国相册（Hedda Morrison）","","","","noise","1","texture_catalog_match_v1+source_attribute_v1","","{""crack"": 0.0237, ""dust"": 0.0327, ""fold"": 0.045, ""missing_region"": 0.0372, ""mold"": 0.0467, ""scratch"": 0.0304, ""stain"": 0.1064, ""tear"": 0.0848}","{}","0","0","0","0","0","0","0","0","0","0","0","1","0","0","cd3cce9fe844659da9b68451e84b9d2bae6c3b47003d1f06c1f0b2535a8352aa","1241298","png"
"1035","damaged_obvious_000671","damaged_obvious","671","photo-0753","1065.png","damaged_obvious_000671.png","dataset_images/damaged_obvious/damaged_obvious_000671.png","396720a813faba6b0190abf32ff630a94f7c72a819ec679d7eb838a76b8c7d1f","1634","1111","outdoor_scene","RGB","existing_damage","train","real_damaged","赫达·莫里逊中国相册（Hedda Morrison）","","","","noise|uneven_exposure","2","texture_catalog_match_v1+source_attribute_v1","","{""crack"": 0.0231, ""dust"": 0.0261, ""fold"": 0.0666, ""missing_region"": 0.0348, ""mold"": 0.0548, ""scratch"": 0.0282, ""stain"": 0.0667, ""tear"": 0.0926}","{}","0","0","0","0","0","0","0","0","0","0","0","1","0","1","396720a813faba6b0190abf32ff630a94f7c72a819ec679d7eb838a76b8c7d1f","1191638","png"
"1036","damaged_obvious_000672","damaged_obvious","672","photo-0754","1066.png","damaged_obvious_000672.png","dataset_images/damaged_obvious/damaged_obvious_000672.png","5527a0eac677778c9eb43bf6db642ee9e16a437381fb7869bcacdf0d33db8876","1644","1127","outdoor_scene","RGB","existing_damage","train","real_damaged","赫达·莫里逊中国相册（Hedda Morrison）","","","","noise|uneven_exposure","2","texture_catalog_match_v1+source_attribute_v1","","{""crack"": 0.0164, ""dust"": 0.0255, ""fold"": 0.0556, ""missing_region"": 0.0397, ""mold"": 0.0591, ""scratch"": 0.0266, ""stain"": 0.073, ""tear"": 0.088}","{}","0","0","0","0","0","0","0","0","0","0","0","1","0","1","5527a0eac677778c9eb43bf6db642ee9e16a437381fb7869bcacdf0d33db8876","1413150","png"
"1037","damaged_obvious_000673","damaged_obvious","673","photo-0755","1067.png","damaged_obvious_000673.png","dataset_images/damaged_obvious/damaged_obvious_000673.png","51327dc4905b3b260fc45010be1ded343dc4759008f9c360c6aeadd619e4f36f","1116","1324","architecture","RGB","existing_damage","train","real_damaged","赫达·莫里逊中国相册（Hedda Morrison）","","","","noise","1","texture_catalog_match_v1+source_attribute_v1","","{""crack"": 0.0202, ""dust"": 0.0236, ""fold"": 0.0419, ""missing_region"": 0.0387, ""mold"": 0.0688, ""scratch"": 0.0298, ""stain"": 0.0747, ""tear"": 0.0647}","{}","0","0","0","0","0","0","0","0","0","0","0","1","0","0","51327dc4905b3b260fc45010be1ded343dc4759008f9c360c6aeadd619e4f36f","1402463","png"
"1038","damaged_obvious_000674","damaged_obvious","674","photo-0756","1068.png","damaged_obvious_000674.png","dataset_images/damaged_obvious/damaged_obvious_000674.png","9c15fa6a95cc8ae9077abda7cbc177242686a7c7ad6301be5c45320b6f8c502b","1101","1634","single_portrait","RGB","existing_damage","train","real_damaged","赫达·莫里逊中国相册（Hedda Morrison）","","","","uneven_exposure","1","texture_catalog_match_v1+source_attribute_v1","","{""crack"": 0.0188, ""dust"": 0.0219, ""fold"": 0.0602, ""missing_region"": 0.05, ""mold"": 0.1095, ""scratch"": 0.0218, ""stain"": 0.0503, ""tear"": 0.1207}","{}","0","0","0","0","0","0","0","0","0","0","0","0","0","1","9c15fa6a95cc8ae9077abda7cbc177242686a7c7ad6301be5c45320b6f8c502b","1324077","png"
"1046","damaged_obvious_000675","damaged_obvious","675","photo-0764","1076.png","damaged_obvious_000675.png","dataset_images/damaged_obvious/damaged_obvious_000675.png","532f66f1aa3cdb5393f862ad9bcc6c65214d3e6729449831e372019f58d27cec","1660","1137","group_portrait","RGB","existing_damage","train","real_damaged","赫达·莫里逊中国相册（Hedda Morrison）","","","","uneven_exposure","1","texture_catalog_match_v1+source_attribute_v1","","{""crack"": 0.0075, ""dust"": 0.0134, ""fold"": 0.0403, ""missing_region"": 0.0386, ""mold"": 0.041, ""scratch"": 0.0155, ""stain"": 0.0508, ""tear"": 0.0553}","{}","0","0","0","0","0","0","0","0","0","0","0","0","0","1","532f66f1aa3cdb5393f862ad9bcc6c65214d3e6729449831e372019f58d27cec","1251786","png"
"1047","damaged_obvious_000676","damaged_obvious","676","photo-0765","1077.png","damaged_obvious_000676.png","dataset_images/damaged_obvious/damaged_obvious_000676.png","4fdca842a8bd31305ea1ca718c770639e16d09c66e6e61341fb3636dd2ef3f4d","1649","1127","group_portrait","RGB","existing_damage","train","real_damaged","赫达·莫里逊中国相册（Hedda Morrison）","","","","uneven_exposure","1","texture_catalog_match_v1+source_attribute_v1","","{""crack"": 0.0143, ""dust"": 0.0234, ""fold"": 0.0659, ""missing_region"": 0.0485, ""mold"": 0.0633, ""scratch"": 0.0215, ""stain"": 0.0606, ""tear"": 0.0559}","{}","0","0","0","0","0","0","0","0","0","0","0","0","0","1","4fdca842a8bd31305ea1ca718c770639e16d09c66e6e61341fb3636dd2ef3f4d","1219185","png"
"1051","damaged_obvious_000677","damaged_obvious","677","photo-0769","1081.png","damaged_obvious_000677.png","dataset_images/damaged_obvious/damaged_obvious_000677.png","85366a51330438e3ca4f26f0f2d239528ce509614d01ad0ab211cab6dfd9170a","1644","1127","outdoor_scene","RGB","existing_damage","validation","real_damaged","赫达·莫里逊中国相册（Hedda Morrison）","","","","blur","1","texture_catalog_match_v1+source_attribute_v1","","{""crack"": 0.0293, ""dust"": 0.0315, ""fold"": 0.0614, ""missing_region"": 0.0306, ""mold"": 0.0389, ""scratch"": 0.0305, ""stain"": 0.0547, ""tear"": 0.0926}","{}","0","0","0","0","0","0","0","0","0","0","1","0","0","0","85366a51330438e3ca4f26f0f2d239528ce509614d01ad0ab211cab6dfd9170a","1040224","png"
"1052","damaged_obvious_000678","damaged_obvious","678","photo-0770","1082.png","damaged_obvious_000678.png","dataset_images/damaged_obvious/damaged_obvious_000678.png","3f487f65c788c7b2e8557932563aa31542b45bf91051591b55ea9b03c23bbee6","1622","1113","outdoor_scene","RGB","existing_damage","train","real_damaged","赫达·莫里逊中国相册（Hedda Morrison）","","","","blur","1","texture_catalog_match_v1+source_attribute_v1","","{""crack"": 0.0214, ""dust"": 0.0254, ""fold"": 0.0487, ""missing_region"": 0.0275, ""mold"": 0.0415, ""scratch"": 0.0268, ""stain"": 0.049, ""tear"": 0.0729}","{}","0","0","0","0","0","0","0","0","0","0","1","0","0","0","aec723c1be9fcb5dc8c26e9fd3ddcd9702648ea6b1d8db3882aab68e47312813","1125477","png"
"1055","damaged_obvious_000679","damaged_obvious","679","photo-0773","1085.png","damaged_obvious_000679.png","dataset_images/damaged_obvious/damaged_obvious_000679.png","7d5b3f9d14714eaaa3038ede35169bf4bb3ef0cabca4e94d5e0b01f8dc52bd43","1121","1649","outdoor_scene","RGB","existing_damage","train","real_damaged","赫达·莫里逊中国相册（Hedda Morrison）","","","","blur","1","texture_catalog_match_v1+source_attribute_v1","","{""crack"": 0.018, ""dust"": 0.0214, ""fold"": 0.0419, ""missing_region"": 0.029, ""mold"": 0.0502, ""scratch"": 0.0219, ""stain"": 0.0484, ""tear"": 0.0626}","{}","0","0","0","0","0","0","0","0","0","0","1","0","0","0","7d5b3f9d14714eaaa3038ede35169bf4bb3ef0cabca4e94d5e0b01f8dc52bd43","1100854","png"
"1056","damaged_obvious_000680","damaged_obvious","680","photo-0774","1086.png","damaged_obvious_000680.png","dataset_images/damaged_obvious/damaged_obvious_000680.png","392374bfb23b506804d41609470b6c8ad8540b708f86ede0f48f84e20b260f8d","1116","1655","outdoor_scene","RGB","existing_damage","train","real_damaged","赫达·莫里逊中国相册（Hedda Morrison）","","","","uneven_exposure","1","texture_catalog_match_v1+source_attribute_v1","","{""crack"": 0.0231, ""dust"": 0.0289, ""fold"": 0.0487, ""missing_region"": 0.0288, ""mold"": 0.064, ""scratch"": 0.0263, ""stain"": 0.0621, ""tear"": 0.0927}","{}","0","0","0","0","0","0","0","0","0","0","0","0","0","1","392374bfb23b506804d41609470b6c8ad8540b708f86ede0f48f84e20b260f8d","1113679","png"
"1057","damaged_obvious_000681","damaged_obvious","681","photo-0775","1087.png","damaged_obvious_000681.png","dataset_images/damaged_obvious/damaged_obvious_000681.png","10834a98bbbda4b7be5199f936d05dee7443fa95779ad16a14dc80a64771a8a8","1660","1131","outdoor_scene","RGB","existing_damage","train","real_damaged","赫达·莫里逊中国相册（Hedda Morrison）","","","","blur|uneven_exposure","2","texture_catalog_match_v1+source_attribute_v1","","{""crack"": 0.0288, ""dust"": 0.0338, ""fold"": 0.0587, ""missing_region"": 0.0356, ""mold"": 0.0484, ""scratch"": 0.0291, ""stain"": 0.0856, ""tear"": 0.0906}","{}","0","0","0","0","0","0","0","0","0","0","1","0","0","1","10834a98bbbda4b7be5199f936d05dee7443fa95779ad16a14dc80a64771a8a8","991374","png"
"1065","damaged_obvious_000682","damaged_obvious","682","photo-0783","1095.png","damaged_obvious_000682.png","dataset_images/damaged_obvious/damaged_obvious_000682.png","1195fa7fb1aa3efb029b5265e281d3efd1ed44ec21fddfc949c1c94388301d6b","1116","1365","outdoor_scene","RGB","existing_damage","validation","real_damaged","赫达·莫里逊中国相册（Hedda Morrison）","","","","uneven_exposure","1","texture_catalog_match_v1+source_attribute_v1","","{""crack"": 0.0258, ""dust"": 0.0273, ""fold"": 0.0893, ""missing_region"": 0.0438, ""mold"": 0.0731, ""scratch"": 0.0283, ""stain"": 0.0686, ""tear"": 0.0565}","{}","0","0","0","0","0","0","0","0","0","0","0","0","0","1","1195fa7fb1aa3efb029b5265e281d3efd1ed44ec21fddfc949c1c94388301d6b","1194130","png"
"1066","damaged_obvious_000683","damaged_obvious","683","photo-0784","1096.png","damaged_obvious_000683.png","dataset_images/damaged_obvious/damaged_obvious_000683.png","1f2312fb545390281ce1bc0178e713d6ff78d4178eddd8fff4490ec6ed258f83","1121","1650","single_portrait","RGB","existing_damage","train","real_damaged","赫达·莫里逊中国相册（Hedda Morrison）","","","","fold|noise","2","texture_catalog_match_v1+source_attribute_v1","fold","{""crack"": 0.0135, ""dust"": 0.0376, ""fold"": 0.1662, ""missing_region"": 0.0762, ""mold"": 0.1074, ""scratch"": 0.0308, ""stain"": 0.1161, ""tear"": 0.1415}","{""fold"": [""175.jpg"", ""248.jpg"", ""032.jpg""]}","0","0","1","0","0","0","0","0","0","0","0","1","0","0","1f2312fb545390281ce1bc0178e713d6ff78d4178eddd8fff4490ec6ed258f83","1666312","png"
"1072","damaged_obvious_000684","damaged_obvious","684","photo-0790","1102.png","damaged_obvious_000684.png","dataset_images/damaged_obvious/damaged_obvious_000684.png","837f8b971ccfb7437e9e75cfa57bf9670bb32fde754605f4d6fc5c1702c2b4ab","1137","1497","single_portrait","RGB","existing_damage","test","real_damaged","赫达·莫里逊中国相册（Hedda Morrison）","","","","noise","1","texture_catalog_match_v1+source_attribute_v1","","{""crack"": 0.0165, ""dust"": 0.0179, ""fold"": 0.0433, ""missing_region"": 0.042, ""mold"": 0.0458, ""scratch"": 0.0215, ""stain"": 0.0918, ""tear"": 0.057}","{}","0","0","0","0","0","0","0","0","0","0","0","1","0","0","837f8b971ccfb7437e9e75cfa57bf9670bb32fde754605f4d6fc5c1702c2b4ab","1641012","png"
"1073","damaged_obvious_000685","damaged_obvious","685","photo-0792","1103.png","damaged_obvious_000685.png","dataset_images/damaged_obvious/damaged_obvious_000685.png","083c914ea02ee269c9fe3b03d5d5a96764ca8e8dc2eff919ac75d03ede3af0da","1507","2035","group_portrait","RGB","existing_damage","train","real_damaged","赫达·莫里逊中国相册（Hedda Morrison）","","","","uneven_exposure","1","texture_catalog_match_v1+source_attribute_v1","","{""crack"": 0.0128, ""dust"": 0.0221, ""fold"": 0.0625, ""missing_region"": 0.0293, ""mold"": 0.0464, ""scratch"": 0.0231, ""stain"": 0.0634, ""tear"": 0.0606}","{}","0","0","0","0","0","0","0","0","0","0","0","0","0","1","083c914ea02ee269c9fe3b03d5d5a96764ca8e8dc2eff919ac75d03ede3af0da","2054790","png"
"1075","damaged_obvious_000686","damaged_obvious","686","photo-0794","1105.png","damaged_obvious_000686.png","dataset_images/damaged_obvious/damaged_obvious_000686.png","38015f4a613f1eba11f505ea9260ebf761ad67781b43fa130461b2da9f38b775","2035","1497","single_portrait","RGB","existing_damage","train","real_damaged","赫达·莫里逊中国相册（Hedda Morrison）","","","","noise","1","texture_catalog_match_v1+source_attribute_v1","","{""crack"": 0.0073, ""dust"": 0.0208, ""fold"": 0.0316, ""missing_region"": 0.0307, ""mold"": 0.0276, ""scratch"": 0.0151, ""stain"": 0.0371, ""tear"": 0.0357}","{}","0","0","0","0","0","0","0","0","0","0","0","1","0","0","38015f4a613f1eba11f505ea9260ebf761ad67781b43fa130461b2da9f38b775","3154809","png"
"1076","damaged_obvious_000687","damaged_obvious","687","photo-0795","1106.png","damaged_obvious_000687.png","dataset_images/damaged_obvious/damaged_obvious_000687.png","1f1913b07887a9ae1b7c040927847b44120efcd2d0a485d3dfdcbffa58ef1763","2035","1502","group_portrait","RGB","existing_damage","train","real_damaged","赫达·莫里逊中国相册（Hedda Morrison）","","","","noise|uneven_exposure","2","texture_catalog_match_v1+source_attribute_v1","","{""crack"": 0.021, ""dust"": 0.0191, ""fold"": 0.0514, ""missing_region"": 0.0304, ""mold"": 0.0267, ""scratch"": 0.0204, ""stain"": 0.041, ""tear"": 0.0657}","{}","0","0","0","0","0","0","0","0","0","0","0","1","0","1","1f1913b07887a9ae1b7c040927847b44120efcd2d0a485d3dfdcbffa58ef1763","2808772","png"
"1077","damaged_obvious_000688","damaged_obvious","688","photo-0796","1107.png","damaged_obvious_000688.png","dataset_images/damaged_obvious/damaged_obvious_000688.png","4504ce743ad545edd2379008ccfe418ad4ad91653b9aaac5863b2e479d03537d","2056","1507","group_portrait","RGB","existing_damage","train","real_damaged","赫达·莫里逊中国相册（Hedda Morrison）","","","","noise|uneven_exposure","2","texture_catalog_match_v1+source_attribute_v1","","{""crack"": 0.0085, ""dust"": 0.0083, ""fold"": 0.0132, ""missing_region"": 0.0166, ""mold"": 0.0159, ""scratch"": 0.0095, ""stain"": 0.0269, ""tear"": 0.0515}","{}","0","0","0","0","0","0","0","0","0","0","0","1","0","1","4504ce743ad545edd2379008ccfe418ad4ad91653b9aaac5863b2e479d03537d","2562806","png"
"1078","damaged_obvious_000689","damaged_obvious","689","photo-0797","1108.png","damaged_obvious_000689.png","dataset_images/damaged_obvious/damaged_obvious_000689.png","43b95032cd11eaae38ed248a92e97efe7e5469a844d5affd5b403f1717618119","1502","1740","outdoor_scene","RGB","existing_damage","train","real_damaged","赫达·莫里逊中国相册（Hedda Morrison）","","","","fold","1","texture_catalog_match_v1+source_attribute_v1","fold","{""crack"": 0.0172, ""dust"": 0.0372, ""fold"": 0.1948, ""missing_region"": 0.0537, ""mold"": 0.1066, ""scratch"": 0.0373, ""stain"": 0.1407, ""tear"": 0.0908}","{""fold"": [""123.jpg"", ""175.jpg"", ""248.jpg""]}","0","0","1","0","0","0","0","0","0","0","0","0","0","0","43b95032cd11eaae38ed248a92e97efe7e5469a844d5affd5b403f1717618119","2248005","png"
"1080","damaged_obvious_000690","damaged_obvious","690","photo-0799","1110.png","damaged_obvious_000690.png","dataset_images/damaged_obvious/damaged_obvious_000690.png","ac42659345374679a08294f12700d338d4c057473e53ce76c06e0ff0045c9f77","1517","2004","outdoor_scene","RGB","existing_damage","train","real_damaged","赫达·莫里逊中国相册（Hedda Morrison）","","","","uneven_exposure","1","texture_catalog_match_v1+source_attribute_v1","","{""crack"": 0.0177, ""dust"": 0.0211, ""fold"": 0.0417, ""missing_region"": 0.025, ""mold"": 0.0302, ""scratch"": 0.0266, ""stain"": 0.0357, ""tear"": 0.0463}","{}","0","0","0","0","0","0","0","0","0","0","0","0","0","1","ac42659345374679a08294f12700d338d4c057473e53ce76c06e0ff0045c9f77","2173219","png"
"1081","damaged_obvious_000691","damaged_obvious","691","photo-0800","1111.png","damaged_obvious_000691.png","dataset_images/damaged_obvious/damaged_obvious_000691.png","35c7438ff2c0b4e9765393973763a289de55d733b1d1846399e0d138788cd13c","2046","1508","outdoor_scene","RGB","existing_damage","train","real_damaged","赫达·莫里逊中国相册（Hedda Morrison）","","","","tear","1","texture_catalog_match_v1+source_attribute_v1","tear","{""crack"": 0.02, ""dust"": 0.0249, ""fold"": 0.0888, ""missing_region"": 0.046, ""mold"": 0.1069, ""scratch"": 0.0236, ""stain"": 0.0839, ""tear"": 0.2067}","{""tear"": [""191.jpg"", ""128.jpg"", ""158.jpg""]}","0","0","0","0","0","0","1","0","0","0","0","0","0","0","35c7438ff2c0b4e9765393973763a289de55d733b1d1846399e0d138788cd13c","2942735","png"
"1085","damaged_obvious_000692","damaged_obvious","692","photo-0804","1115.png","damaged_obvious_000692.png","dataset_images/damaged_obvious/damaged_obvious_000692.png","c959d0e7b640d2fa1ca5519af88177c88dc269677e24d5406edc2519d02ee316","2040","1513","group_portrait","RGB","existing_damage","test","real_damaged","赫达·莫里逊中国相册（Hedda Morrison）","","","","fold|stain","2","texture_catalog_match_v1+source_attribute_v1","fold|stain","{""crack"": 0.0148, ""dust"": 0.0394, ""fold"": 0.1532, ""missing_region"": 0.0734, ""mold"": 0.1259, ""scratch"": 0.0294, ""stain"": 0.1954, ""tear"": 0.1147}","{""fold"": [""126.jpg"", ""123.jpg"", ""032.jpg""], ""stain"": [""134.jpg"", ""063.jpg"", ""096.jpg""]}","0","0","1","0","1","0","0","0","0","0","0","0","0","0","c959d0e7b640d2fa1ca5519af88177c88dc269677e24d5406edc2519d02ee316","2841872","png"
"1089","damaged_obvious_000693","damaged_obvious","693","photo-0808","1119.png","damaged_obvious_000693.png","dataset_images/damaged_obvious/damaged_obvious_000693.png","611d4d73fb50373293880b224df69d4fa393fe1d4d3f3600c96d225d6dfeefee","2039","1507","architecture","RGB","existing_damage","test","real_damaged","赫达·莫里逊中国相册（Hedda Morrison）","","","","uneven_exposure","1","texture_catalog_match_v1+source_attribute_v1","","{""crack"": 0.0283, ""dust"": 0.0291, ""fold"": 0.0773, ""missing_region"": 0.0404, ""mold"": 0.0752, ""scratch"": 0.0361, ""stain"": 0.0816, ""tear"": 0.0807}","{}","0","0","0","0","0","0","0","0","0","0","0","0","0","1","611d4d73fb50373293880b224df69d4fa393fe1d4d3f3600c96d225d6dfeefee","2373157","png"
"1092","damaged_obvious_000694","damaged_obvious","694","photo-0811","1122.png","damaged_obvious_000694.png","dataset_images/damaged_obvious/damaged_obvious_000694.png","81e6c7d1d0ca74ac6ed0b9a88bd0003a100a83d96a27e58ea8fdd9312b5d0edd","1506","2042","outdoor_scene","RGB","existing_damage","test","real_damaged","赫达·莫里逊中国相册（Hedda Morrison）","","","","tear","1","texture_catalog_match_v1+source_attribute_v1","tear","{""crack"": 0.0201, ""dust"": 0.0249, ""fold"": 0.0513, ""missing_region"": 0.0402, ""mold"": 0.051, ""scratch"": 0.0214, ""stain"": 0.0714, ""tear"": 0.1827}","{""tear"": [""158.jpg"", ""170.jpg"", ""191.jpg""]}","0","0","0","0","0","0","1","0","0","0","0","0","0","0","3cdafc8e50c533fef8c881e8452c59dc6c074d3416d9c0cde2cd07a0fc270265","2994764","png"
"1094","damaged_obvious_000695","damaged_obvious","695","photo-0813","1124.png","damaged_obvious_000695.png","dataset_images/damaged_obvious/damaged_obvious_000695.png","05554da15db6ab5fbfaa8ca3d0702a5b099d38ce42918cd10201e5efb46c335b","1507","1933","outdoor_scene","RGB","existing_damage","train","real_damaged","赫达·莫里逊中国相册（Hedda Morrison）","","","","tear|blur|uneven_exposure","3","texture_catalog_match_v1+source_attribute_v1","tear","{""crack"": 0.028, ""dust"": 0.0305, ""fold"": 0.0643, ""missing_region"": 0.046, ""mold"": 0.0616, ""scratch"": 0.0315, ""stain"": 0.0695, ""tear"": 0.1835}","{""tear"": [""128.jpg"", ""158.jpg"", ""201.jpg""]}","0","0","0","0","0","0","1","0","0","0","1","0","0","1","05554da15db6ab5fbfaa8ca3d0702a5b099d38ce42918cd10201e5efb46c335b","2149338","png"
"1099","damaged_obvious_000696","damaged_obvious","696","photo-0818","1129.png","damaged_obvious_000696.png","dataset_images/damaged_obvious/damaged_obvious_000696.png","ea825635cba50cc1639e06b5ad6e6a576f7a5c848d80476a1c996d78741eb453","2045","1507","outdoor_scene","RGB","existing_damage","train","real_damaged","赫达·莫里逊中国相册（Hedda Morrison）","","","","tear","1","texture_catalog_match_v1+source_attribute_v1","tear","{""crack"": 0.0261, ""dust"": 0.0308, ""fold"": 0.0693, ""missing_region"": 0.0405, ""mold"": 0.07, ""scratch"": 0.0321, ""stain"": 0.0964, ""tear"": 0.1836}","{""tear"": [""128.jpg"", ""233.jpg"", ""191.jpg""]}","0","0","0","0","0","0","1","0","0","0","0","0","0","0","ea825635cba50cc1639e06b5ad6e6a576f7a5c848d80476a1c996d78741eb453","2369526","png"
"1104","damaged_obvious_000697","damaged_obvious","697","photo-0823","1134.png","damaged_obvious_000697.png","dataset_images/damaged_obvious/damaged_obvious_000697.png","c7c7a652f31a511f24b202eab6228b966b0b36075838fe0cd255702c4d13ece1","2027","1312","architecture","RGB","existing_damage","train","real_damaged","赫达·莫里逊中国相册（Hedda Morrison）","","","","uneven_exposure","1","texture_catalog_match_v1+source_attribute_v1","","{""crack"": 0.0177, ""dust"": 0.0236, ""fold"": 0.0318, ""missing_region"": 0.0415, ""mold"": 0.0721, ""scratch"": 0.0289, ""stain"": 0.049, ""tear"": 0.0457}","{}","0","0","0","0","0","0","0","0","0","0","0","0","0","1","8c70634a59792f08aecf37d26381c5839acfd93b03ccf4d4f1a909d6bce9967e","2421864","png"
"1112","damaged_obvious_000698","damaged_obvious","698","photo-0831","1142.png","damaged_obvious_000698.png","dataset_images/damaged_obvious/damaged_obvious_000698.png","cc44009441459e2c9ce8ccc1edccb6ccf5be0bf18afc8f92ab4c10f9cf12c267","2040","1507","single_portrait","RGB","existing_damage","train","real_damaged","赫达·莫里逊中国相册（Hedda Morrison）","","","","uneven_exposure","1","texture_catalog_match_v1+source_attribute_v1","","{""crack"": 0.0216, ""dust"": 0.0238, ""fold"": 0.0401, ""missing_region"": 0.0305, ""mold"": 0.0531, ""scratch"": 0.0251, ""stain"": 0.1469, ""tear"": 0.1403}","{}","0","0","0","0","0","0","0","0","0","0","0","0","0","1","cc44009441459e2c9ce8ccc1edccb6ccf5be0bf18afc8f92ab4c10f9cf12c267","2529006","png"
"1121","damaged_obvious_000699","damaged_obvious","699","photo-0840","1151.png","damaged_obvious_000699.png","dataset_images/damaged_obvious/damaged_obvious_000699.png","64140db2cbcaba94178abc1889990f31133f8192084c5fcec0d32d9b153461a0","1497","2040","single_portrait","RGB","existing_damage","train","real_damaged","赫达·莫里逊中国相册（Hedda Morrison）","","","","uneven_exposure","1","texture_catalog_match_v1+source_attribute_v1","","{""crack"": 0.0084, ""dust"": 0.01, ""fold"": 0.0264, ""missing_region"": 0.0225, ""mold"": 0.0317, ""scratch"": 0.0127, ""stain"": 0.0823, ""tear"": 0.0789}","{}","0","0","0","0","0","0","0","0","0","0","0","0","0","1","64140db2cbcaba94178abc1889990f31133f8192084c5fcec0d32d9b153461a0","2463613","png"
"1123","damaged_obvious_000700","damaged_obvious","700","photo-0842","1153.png","damaged_obvious_000700.png","dataset_images/damaged_obvious/damaged_obvious_000700.png","291b3474592747e1e2ea89e0b8e4f5b2c01bc3f8dac205479088df2cac36d297","1497","2050","architecture","RGB","existing_damage","train","real_damaged","赫达·莫里逊中国相册（Hedda Morrison）","","","","tear","1","texture_catalog_match_v1+source_attribute_v1","tear","{""crack"": 0.027, ""dust"": 0.0373, ""fold"": 0.07, ""missing_region"": 0.0464, ""mold"": 0.0854, ""scratch"": 0.0356, ""stain"": 0.1084, ""tear"": 0.1907}","{""tear"": [""158.jpg"", ""055.jpg"", ""177.jpg""]}","0","0","0","0","0","0","1","0","0","0","0","0","0","0","291b3474592747e1e2ea89e0b8e4f5b2c01bc3f8dac205479088df2cac36d297","2244668","png"
"1126","damaged_obvious_000701","damaged_obvious","701","photo-0845","1156.png","damaged_obvious_000701.png","dataset_images/damaged_obvious/damaged_obvious_000701.png","05f54d25bec693f6d526b0858df18cd32f217c79c6214dc909354f4772f2ccfd","2050","1462","outdoor_scene","RGB","existing_damage","train","real_damaged","赫达·莫里逊中国相册（Hedda Morrison）","","","","stain|uneven_exposure","2","texture_catalog_match_v1+source_attribute_v1","stain","{""crack"": 0.0194, ""dust"": 0.0449, ""fold"": 0.1182, ""missing_region"": 0.0628, ""mold"": 0.1541, ""scratch"": 0.0396, ""stain"": 0.2017, ""tear"": 0.1201}","{""stain"": [""134.jpg"", ""063.jpg"", ""074.jpg""]}","0","0","0","0","1","0","0","0","0","0","0","0","0","1","05f54d25bec693f6d526b0858df18cd32f217c79c6214dc909354f4772f2ccfd","2410359","png"
"1131","damaged_obvious_000702","damaged_obvious","702","photo-0850","1161.png","damaged_obvious_000702.png","dataset_images/damaged_obvious/damaged_obvious_000702.png","725852710b0da4902bc39ebd5e85dfc4b3dfd12c031da9386042fe40ad22a391","1502","2035","architecture","RGB","existing_damage","test","real_damaged","赫达·莫里逊中国相册（Hedda Morrison）","","","","uneven_exposure","1","texture_catalog_match_v1+source_attribute_v1","","{""crack"": 0.0216, ""dust"": 0.0478, ""fold"": 0.0892, ""missing_region"": 0.0427, ""mold"": 0.1222, ""scratch"": 0.0349, ""stain"": 0.152, ""tear"": 0.1028}","{}","0","0","0","0","0","0","0","0","0","0","0","0","0","1","725852710b0da4902bc39ebd5e85dfc4b3dfd12c031da9386042fe40ad22a391","2452530","png"
"1132","damaged_obvious_000703","damaged_obvious","703","photo-0851","1162.png","damaged_obvious_000703.png","dataset_images/damaged_obvious/damaged_obvious_000703.png","133cbc55bf036708801bdfe33f461da48de8dc3cae7e7ee43785628d5043cd6c","1512","2035","architecture","RGB","existing_damage","train","real_damaged","赫达·莫里逊中国相册（Hedda Morrison）","","","","uneven_exposure","1","texture_catalog_match_v1+source_attribute_v1","","{""crack"": 0.0095, ""dust"": 0.0211, ""fold"": 0.0542, ""missing_region"": 0.0633, ""mold"": 0.1079, ""scratch"": 0.0325, ""stain"": 0.0697, ""tear"": 0.085}","{}","0","0","0","0","0","0","0","0","0","0","0","0","0","1","133cbc55bf036708801bdfe33f461da48de8dc3cae7e7ee43785628d5043cd6c","2819638","png"
"1133","damaged_obvious_000704","damaged_obvious","704","photo-0852","1163.png","damaged_obvious_000704.png","dataset_images/damaged_obvious/damaged_obvious_000704.png","9bcb61577a679ca713ac3210c5f89d513a91453f54c18fd80122f335a141e27c","1513","2050","single_portrait","RGB","existing_damage","train","real_damaged","赫达·莫里逊中国相册（Hedda Morrison）","","","","noise","1","texture_catalog_match_v1+source_attribute_v1","","{""crack"": 0.0118, ""dust"": 0.0202, ""fold"": 0.042, ""missing_region"": 0.0252, ""mold"": 0.0445, ""scratch"": 0.0178, ""stain"": 0.0548, ""tear"": 0.0363}","{}","0","0","0","0","0","0","0","0","0","0","0","1","0","0","9bcb61577a679ca713ac3210c5f89d513a91453f54c18fd80122f335a141e27c","2869567","png"
"1135","damaged_obvious_000705","damaged_obvious","705","photo-0854","1165.png","damaged_obvious_000705.png","dataset_images/damaged_obvious/damaged_obvious_000705.png","6cfe49d8ee47a5f5376ca78812a24f6b6ecbe873b4340efa58381a64082b5587","1502","2040","architecture","RGB","existing_damage","train","real_damaged","赫达·莫里逊中国相册（Hedda Morrison）","","","","noise","1","texture_catalog_match_v1+source_attribute_v1","","{""crack"": 0.0262, ""dust"": 0.0395, ""fold"": 0.087, ""missing_region"": 0.0385, ""mold"": 0.0961, ""scratch"": 0.0372, ""stain"": 0.087, ""tear"": 0.1014}","{}","0","0","0","0","0","0","0","0","0","0","0","1","0","0","6cfe49d8ee47a5f5376ca78812a24f6b6ecbe873b4340efa58381a64082b5587","2990289","png"
"1137","damaged_obvious_000706","damaged_obvious","706","photo-0856","1167.png","damaged_obvious_000706.png","dataset_images/damaged_obvious/damaged_obvious_000706.png","cf97bcddc951d26bfe6ba7e1427fb09bd8faaeb1efee973ca9c2ddd7f6363b1c","1512","2050","architecture","RGB","existing_damage","train","real_damaged","赫达·莫里逊中国相册（Hedda Morrison）","","","","noise","1","texture_catalog_match_v1+source_attribute_v1","","{""crack"": 0.0183, ""dust"": 0.0261, ""fold"": 0.0459, ""missing_region"": 0.0213, ""mold"": 0.0566, ""scratch"": 0.0263, ""stain"": 0.0608, ""tear"": 0.0571}","{}","0","0","0","0","0","0","0","0","0","0","0","1","0","0","9c3a88fabb12eb857a84c6de4d796eeb370e7df1fc2d06198ec0df7135e37ea4","2379517","png"
"1143","damaged_obvious_000707","damaged_obvious","707","photo-0862","1173.png","damaged_obvious_000707.png","dataset_images/damaged_obvious/damaged_obvious_000707.png","55c0ae7371d64838a63a916095995b6e3df378db74d6faf8dc7e921155c2aa43","1512","2045","architecture","RGB","existing_damage","validation","real_damaged","赫达·莫里逊中国相册（Hedda Morrison）","","","","noise","1","texture_catalog_match_v1+source_attribute_v1","","{""crack"": 0.0064, ""dust"": 0.0162, ""fold"": 0.0281, ""missing_region"": 0.0261, ""mold"": 0.0459, ""scratch"": 0.0166, ""stain"": 0.0368, ""tear"": 0.0265}","{}","0","0","0","0","0","0","0","0","0","0","0","1","0","0","488658a972baba45ab42913053b77780ef679b0497cb14122f03026b3fc2c21a","2756966","png"
"1144","damaged_obvious_000708","damaged_obvious","708","photo-0863","1174.png","damaged_obvious_000708.png","dataset_images/damaged_obvious/damaged_obvious_000708.png","411534e6635947acc6237c7c8b3732a08c71d07171d21f42a04bd38781745898","1507","2030","architecture","RGB","existing_damage","train","real_damaged","赫达·莫里逊中国相册（Hedda Morrison）","","","","uneven_exposure","1","texture_catalog_match_v1+source_attribute_v1","","{""crack"": 0.0268, ""dust"": 0.0339, ""fold"": 0.0648, ""missing_region"": 0.0402, ""mold"": 0.1001, ""scratch"": 0.0301, ""stain"": 0.1067, ""tear"": 0.1129}","{}","0","0","0","0","0","0","0","0","0","0","0","0","0","1","411534e6635947acc6237c7c8b3732a08c71d07171d21f42a04bd38781745898","2327730","png"
"1146","damaged_obvious_000709","damaged_obvious","709","photo-0865","1176.png","damaged_obvious_000709.png","dataset_images/damaged_obvious/damaged_obvious_000709.png","3d1e88b0cfc46952c7b53280689b7713fb1fc263efedeeccfcf36ad338a6ad10","1451","581","architecture","RGB","existing_damage","train","real_damaged","赫达·莫里逊中国相册（Hedda Morrison）","","","","uneven_exposure","1","texture_catalog_match_v1+source_attribute_v1","","{""crack"": 0.0218, ""dust"": 0.0291, ""fold"": 0.1149, ""missing_region"": 0.051, ""mold"": 0.0921, ""scratch"": 0.0332, ""stain"": 0.1048, ""tear"": 0.0652}","{}","0","0","0","0","0","0","0","0","0","0","0","0","0","1","e89c3dca5d5ee0d520acb37760d56636d9d4587b648c78d50c4292adba27b839","761007","png"
"1148","damaged_obvious_000710","damaged_obvious","710","photo-0867","1178.png","damaged_obvious_000710.png","dataset_images/damaged_obvious/damaged_obvious_000710.png","dafc4dd05d72fe9d7b7f1226091f1bd0c543c3ec2c059351ea73fcbb2ae8f2bd","1512","1938","architecture","RGB","existing_damage","train","real_damaged","赫达·莫里逊中国相册（Hedda Morrison）","","","","uneven_exposure","1","texture_catalog_match_v1+source_attribute_v1","","{""crack"": 0.0171, ""dust"": 0.0225, ""fold"": 0.0545, ""missing_region"": 0.0312, ""mold"": 0.0487, ""scratch"": 0.0225, ""stain"": 0.0486, ""tear"": 0.038}","{}","0","0","0","0","0","0","0","0","0","0","0","0","0","1","dafc4dd05d72fe9d7b7f1226091f1bd0c543c3ec2c059351ea73fcbb2ae8f2bd","2415851","png"
"1151","damaged_obvious_000711","damaged_obvious","711","photo-0870","1181.png","damaged_obvious_000711.png","dataset_images/damaged_obvious/damaged_obvious_000711.png","bac7848fb2a01417d781de2ac63cbd4b0459a5f2bb98c20ebf98aaacd6cfd8fa","1502","2046","architecture","RGB","existing_damage","train","real_damaged","赫达·莫里逊中国相册（Hedda Morrison）","","","","fold","1","texture_catalog_match_v1+source_attribute_v1","fold","{""crack"": 0.0077, ""dust"": 0.0301, ""fold"": 0.1698, ""missing_region"": 0.0527, ""mold"": 0.1313, ""scratch"": 0.0356, ""stain"": 0.1286, ""tear"": 0.1033}","{""fold"": [""123.jpg"", ""032.jpg"", ""126.jpg""]}","0","0","1","0","0","0","0","0","0","0","0","0","0","0","bac7848fb2a01417d781de2ac63cbd4b0459a5f2bb98c20ebf98aaacd6cfd8fa","2742054","png"
"1152","damaged_obvious_000712","damaged_obvious","712","photo-0871","1182.png","damaged_obvious_000712.png","dataset_images/damaged_obvious/damaged_obvious_000712.png","4a54af4a27203e9ad52df8233c3009b41fb692ad7103808f8ea7343bfa65b987","2040","1497","architecture","RGB","existing_damage","train","real_damaged","赫达·莫里逊中国相册（Hedda Morrison）","","","","uneven_exposure","1","texture_catalog_match_v1+source_attribute_v1","","{""crack"": 0.0159, ""dust"": 0.032, ""fold"": 0.0669, ""missing_region"": 0.0719, ""mold"": 0.0784, ""scratch"": 0.0274, ""stain"": 0.0901, ""tear"": 0.128}","{}","0","0","0","0","0","0","0","0","0","0","0","0","0","1","4a54af4a27203e9ad52df8233c3009b41fb692ad7103808f8ea7343bfa65b987","2670689","png"
"1161","damaged_obvious_000713","damaged_obvious","713","photo-0880","1191.png","damaged_obvious_000713.png","dataset_images/damaged_obvious/damaged_obvious_000713.png","9d513f8c75b75d3de5509feda6bd2348b97f197347a7fa695b669a8328c40a41","2040","1497","outdoor_scene","RGB","existing_damage","train","real_damaged","赫达·莫里逊中国相册（Hedda Morrison）","","","","blur","1","texture_catalog_match_v1+source_attribute_v1","","{""crack"": 0.0286, ""dust"": 0.0289, ""fold"": 0.0745, ""missing_region"": 0.0235, ""mold"": 0.0418, ""scratch"": 0.0299, ""stain"": 0.0488, ""tear"": 0.0774}","{}","0","0","0","0","0","0","0","0","0","0","1","0","0","0","96288544030748f3d6639ed902a6501d83eaf405a8457368a025b16513d38814","2510961","png"
"1163","damaged_obvious_000714","damaged_obvious","714","photo-0882","1193.png","damaged_obvious_000714.png","dataset_images/damaged_obvious/damaged_obvious_000714.png","1f1ae5d247a821e793b963d6d895c9c408f51bef3fcea12e5116dd444bdaa82e","2040","1502","outdoor_scene","RGB","existing_damage","train","real_damaged","赫达·莫里逊中国相册（Hedda Morrison）","","","","fold|stain","2","texture_catalog_match_v1+source_attribute_v1","fold|stain","{""crack"": 0.0226, ""dust"": 0.0427, ""fold"": 0.1457, ""missing_region"": 0.0469, ""mold"": 0.1244, ""scratch"": 0.0371, ""stain"": 0.2332, ""tear"": 0.1792}","{""fold"": [""123.jpg"", ""032.jpg"", ""248.jpg""], ""stain"": [""134.jpg"", ""074.jpg"", ""063.jpg""]}","0","0","1","0","1","0","0","0","0","0","0","0","0","0","1f1ae5d247a821e793b963d6d895c9c408f51bef3fcea12e5116dd444bdaa82e","2574150","png"
"1165","damaged_obvious_000715","damaged_obvious","715","2004663863","1195.png","damaged_obvious_000715.png","dataset_images/damaged_obvious/damaged_obvious_000715.png","5b37a19584c0984c0dba36a33cacb773bd9a6f178794596d68fc6d1d4424ff1a","741","939","single_portrait","RGB","existing_damage","test","real_damaged","Library of Congress","https://www.loc.gov/item/2004663863/","Public Domain","https://www.loc.gov/collections/daguerreotypes/about-this-collection/rights-and-access/","noise","1","texture_catalog_match_v1+source_attribute_v1","","{""crack"": 0.007, ""dust"": 0.0202, ""fold"": 0.051, ""missing_region"": 0.0369, ""mold"": 0.05, ""scratch"": 0.0214, ""stain"": 0.0566, ""tear"": 0.0369}","{}","0","0","0","0","0","0","0","0","0","0","0","1","0","0","5cfb5d3483307bda9092a930a77df5014f13bbab6641ad2f5d6778b656273e74","1047457","png"
"1166","damaged_obvious_000716","damaged_obvious","716","2004663868","1196.png","damaged_obvious_000716.png","dataset_images/damaged_obvious/damaged_obvious_000716.png","07bcb244473e01bd84cf8a7bd05bf81b04f758e8da1b454a9cb876743f6664b9","751","971","single_portrait","RGB","existing_damage","train","real_damaged","Library of Congress","https://www.loc.gov/item/2004663868/","Public Domain","https://www.loc.gov/collections/daguerreotypes/about-this-collection/rights-and-access/","noise|uneven_exposure","2","texture_catalog_match_v1+source_attribute_v1","","{""crack"": 0.0124, ""dust"": 0.0395, ""fold"": 0.125, ""missing_region"": 0.0606, ""mold"": 0.1215, ""scratch"": 0.0304, ""stain"": 0.1333, ""tear"": 0.0797}","{}","0","0","0","0","0","0","0","0","0","0","0","1","0","1","957cf7824b321ce09eb90b447c90604e735414c79ecad0d0ed207aa702e0301c","1041252","png"
"1167","damaged_obvious_000717","damaged_obvious","717","2004663870","1197.png","damaged_obvious_000717.png","dataset_images/damaged_obvious/damaged_obvious_000717.png","4c031d9c778e33ab459eb97e4ce81b214fea859cf781b72c64f0f66557b2c209","742","953","single_portrait","RGB","existing_damage","train","real_damaged","Library of Congress","https://www.loc.gov/item/2004663870/","Public Domain","https://www.loc.gov/collections/daguerreotypes/about-this-collection/rights-and-access/","noise|uneven_exposure","2","texture_catalog_match_v1+source_attribute_v1","","{""crack"": 0.0044, ""dust"": 0.0145, ""fold"": 0.0265, ""missing_region"": 0.0297, ""mold"": 0.036, ""scratch"": 0.0119, ""stain"": 0.0418, ""tear"": 0.0297}","{}","0","0","0","0","0","0","0","0","0","0","0","1","0","1","07069b90b736648b9148f5c8f6a648d47801d7e9d75ab91a33c5182a0743b66f","1075320","png"
"1168","damaged_obvious_000718","damaged_obvious","718","2004663873","1198.png","damaged_obvious_000718.png","dataset_images/damaged_obvious/damaged_obvious_000718.png","e54ac33535a475e99255e5aaef44a3ce893ed54a97cb04838c24e3d529212af7","739","951","single_portrait","RGB","existing_damage","train","real_damaged","Library of Congress","https://www.loc.gov/item/2004663873/","Public Domain","https://www.loc.gov/collections/daguerreotypes/about-this-collection/rights-and-access/","noise|uneven_exposure","2","texture_catalog_match_v1+source_attribute_v1","","{""crack"": 0.002, ""dust"": 0.0077, ""fold"": 0.0508, ""missing_region"": 0.0287, ""mold"": 0.0455, ""scratch"": 0.0159, ""stain"": 0.0486, ""tear"": 0.0366}","{}","0","0","0","0","0","0","0","0","0","0","0","1","0","1","0e1b49067215d668032f0ce8ab7fc022bbe0f66ffdc922765b73c0e35b0fb93f","1106886","png"
"1169","damaged_obvious_000719","damaged_obvious","719","2004663882","1199.png","damaged_obvious_000719.png","dataset_images/damaged_obvious/damaged_obvious_000719.png","70bd46f6b7a5275da841a817064fef8cce3a09e508eaa4f67e84a6b1637fd013","745","945","single_portrait","RGB","existing_damage","train","real_damaged","Library of Congress","https://www.loc.gov/item/2004663882/","Public Domain","https://www.loc.gov/collections/daguerreotypes/about-this-collection/rights-and-access/","noise","1","texture_catalog_match_v1+source_attribute_v1","","{""crack"": 0.0026, ""dust"": 0.0093, ""fold"": 0.0213, ""missing_region"": 0.0403, ""mold"": 0.0361, ""scratch"": 0.0159, ""stain"": 0.0435, ""tear"": 0.0403}","{}","0","0","0","0","0","0","0","0","0","0","0","1","0","0","503e8acccae1716f1617cb53b750be99d65cf2ebedcac49a4a2c7e44038c402d","1169928","png"
"1170","damaged_obvious_000720","damaged_obvious","720","2004663886","1200.png","damaged_obvious_000720.png","dataset_images/damaged_obvious/damaged_obvious_000720.png","4191f6ef1628cadb67ee43294bf67a03aac64d76edf60c5015c7d846d63f8f92","726","930","single_portrait","RGB","existing_damage","train","real_damaged","Library of Congress","https://www.loc.gov/item/2004663886/","Public Domain","https://www.loc.gov/collections/daguerreotypes/about-this-collection/rights-and-access/","noise|uneven_exposure","2","texture_catalog_match_v1+source_attribute_v1","","{""crack"": 0.0278, ""dust"": 0.04, ""fold"": 0.0807, ""missing_region"": 0.0457, ""mold"": 0.0983, ""scratch"": 0.039, ""stain"": 0.11, ""tear"": 0.125}","{}","0","0","0","0","0","0","0","0","0","0","0","1","0","1","f59016b9b79868b18abc19810ccbff6def95d6fcb3f811f19e22512fd8389939","1052872","png"
"1171","damaged_obvious_000721","damaged_obvious","721","2004663887","1201.png","damaged_obvious_000721.png","dataset_images/damaged_obvious/damaged_obvious_000721.png","f41eb973290cdbf7f502029110ef88132d9858c4c1af0668522ee2f136e291c0","961","755","indoor_scene","RGB","existing_damage","test","real_damaged","Library of Congress","https://www.loc.gov/item/2004663887/","Public Domain","https://www.loc.gov/collections/daguerreotypes/about-this-collection/rights-and-access/","noise","1","texture_catalog_match_v1+source_attribute_v1","","{""crack"": 0.0087, ""dust"": 0.0361, ""fold"": 0.093, ""missing_region"": 0.0564, ""mold"": 0.07, ""scratch"": 0.0279, ""stain"": 0.0846, ""tear"": 0.0707}","{}","0","0","0","0","0","0","0","0","0","0","0","1","0","0","a00eab442b379976bc711d294f2963cbdf100fd1e874f766318592d09eaef791","1163013","png"
"1172","damaged_obvious_000722","damaged_obvious","722","2004663895","1202.png","damaged_obvious_000722.png","dataset_images/damaged_obvious/damaged_obvious_000722.png","085a937b116d5a8c7bd0a057a446da69edcb836f48a03bb88d41e7220fb974ee","731","946","single_portrait","RGB","existing_damage","train","real_damaged","Library of Congress","https://www.loc.gov/item/2004663895/","Public Domain","https://www.loc.gov/collections/daguerreotypes/about-this-collection/rights-and-access/","noise|uneven_exposure","2","texture_catalog_match_v1+source_attribute_v1","","{""crack"": 0.0024, ""dust"": 0.0073, ""fold"": 0.0201, ""missing_region"": 0.0294, ""mold"": 0.0198, ""scratch"": 0.012, ""stain"": 0.0199, ""tear"": 0.0294}","{}","0","0","0","0","0","0","0","0","0","0","0","1","0","1","bd544020248b9fc59f592b6a5789265938435236eb76e7a8873c073506ec0fd1","980413","png"
"1173","damaged_obvious_000723","damaged_obvious","723","2004663899","1203.png","damaged_obvious_000723.png","dataset_images/damaged_obvious/damaged_obvious_000723.png","4bef0dd8c2e8df3308fa77f84524e6938ec93f6b813cbf1a7756e9e14c613d2e","731","940","single_portrait","RGB","existing_damage","test","real_damaged","Library of Congress","https://www.loc.gov/item/2004663899/","Public Domain","https://www.loc.gov/collections/daguerreotypes/about-this-collection/rights-and-access/","noise","1","texture_catalog_match_v1+source_attribute_v1","","{""crack"": 0.0095, ""dust"": 0.0188, ""fold"": 0.058, ""missing_region"": 0.0245, ""mold"": 0.0595, ""scratch"": 0.0186, ""stain"": 0.0759, ""tear"": 0.0419}","{}","0","0","0","0","0","0","0","0","0","0","0","1","0","0","467794af4982abe819926835d8d0519214b1496f779b83da96bc3864a556b347","979553","png"
"1175","damaged_obvious_000724","damaged_obvious","724","2004663906","1205.png","damaged_obvious_000724.png","dataset_images/damaged_obvious/damaged_obvious_000724.png","55e77bd34e75e7d154e97ec527944bb5f468ccb0b5fcdf9401d1910f760f18ee","822","1024","single_portrait","RGB","existing_damage","test","real_damaged","Library of Congress","https://www.loc.gov/item/2004663906/","Public Domain","https://www.loc.gov/collections/daguerreotypes/about-this-collection/rights-and-access/","noise|uneven_exposure","2","texture_catalog_match_v1+source_attribute_v1","","{""crack"": 0.0042, ""dust"": 0.0131, ""fold"": 0.0205, ""missing_region"": 0.0255, ""mold"": 0.041, ""scratch"": 0.0142, ""stain"": 0.0288, ""tear"": 0.0333}","{}","0","0","0","0","0","0","0","0","0","0","0","1","0","1","55e77bd34e75e7d154e97ec527944bb5f468ccb0b5fcdf9401d1910f760f18ee","663884","png"
"1176","damaged_obvious_000725","damaged_obvious","725","2004663910","1206.png","damaged_obvious_000725.png","dataset_images/damaged_obvious/damaged_obvious_000725.png","17b79a0312ccbbd235d1eeca97dc8a8b2a67092199d9944c0dbf7f7097dfcf7b","633","810","single_portrait","RGB","existing_damage","train","real_damaged","Library of Congress","https://www.loc.gov/item/2004663910/","Public Domain","https://www.loc.gov/collections/daguerreotypes/about-this-collection/rights-and-access/","noise","1","texture_catalog_match_v1+source_attribute_v1","","{""crack"": 0.0228, ""dust"": 0.0207, ""fold"": 0.0423, ""missing_region"": 0.0218, ""mold"": 0.0455, ""scratch"": 0.0256, ""stain"": 0.0439, ""tear"": 0.0674}","{}","0","0","0","0","0","0","0","0","0","0","0","1","0","0","d62a98042ae37da1af9f8815403d2b7fcddd7945be8e0e0d6356585c91f8215b","648362","png"
"1177","damaged_obvious_000726","damaged_obvious","726","2004663911","1207.png","damaged_obvious_000726.png","dataset_images/damaged_obvious/damaged_obvious_000726.png","a0eafe94a99fdada1b41e17c16938f6bc9671a320cc0b3524d7c4fb5ab60036f","747","956","single_portrait","RGB","existing_damage","train","real_damaged","Library of Congress","https://www.loc.gov/item/2004663911/","Public Domain","https://www.loc.gov/collections/daguerreotypes/about-this-collection/rights-and-access/","noise|uneven_exposure","2","texture_catalog_match_v1+source_attribute_v1","","{""crack"": 0.0063, ""dust"": 0.0134, ""fold"": 0.023, ""missing_region"": 0.0218, ""mold"": 0.0242, ""scratch"": 0.0104, ""stain"": 0.0278, ""tear"": 0.0368}","{}","0","0","0","0","0","0","0","0","0","0","0","1","0","1","4eacff0335806efa300536a311eca795fc514064a847a39217968c48bf209245","1013721","png"
"1178","damaged_obvious_000727","damaged_obvious","727","2004663914","1208.png","damaged_obvious_000727.png","dataset_images/damaged_obvious/damaged_obvious_000727.png","b313573952a54510207e8af2486401bc7978e7e50e0bc6e7ac9235fdd25fddd2","741","950","single_portrait","RGB","existing_damage","train","real_damaged","Library of Congress","https://www.loc.gov/item/2004663914/","Public Domain","https://www.loc.gov/collections/daguerreotypes/about-this-collection/rights-and-access/","noise|uneven_exposure","2","texture_catalog_match_v1+source_attribute_v1","","{""crack"": 0.0121, ""dust"": 0.0371, ""fold"": 0.095, ""missing_region"": 0.0394, ""mold"": 0.0839, ""scratch"": 0.0254, ""stain"": 0.1745, ""tear"": 0.0975}","{}","0","0","0","0","0","0","0","0","0","0","0","1","0","1","216297792cf1cea598d81ed8b4ed3c974fdc5777d55e2b42365327a7c4dcc679","950345","png"
"1179","damaged_obvious_000728","damaged_obvious","728","2004663917","1209.png","damaged_obvious_000728.png","dataset_images/damaged_obvious/damaged_obvious_000728.png","706a0d175da076267c7c1022e729206d020405bce9718f7efb5f23ed5f410a2d","821","1024","single_portrait","RGB","existing_damage","train","real_damaged","Library of Congress","https://www.loc.gov/item/2004663917/","Public Domain","https://www.loc.gov/collections/daguerreotypes/about-this-collection/rights-and-access/","noise","1","texture_catalog_match_v1+source_attribute_v1","","{""crack"": 0.0215, ""dust"": 0.0443, ""fold"": 0.0835, ""missing_region"": 0.0458, ""mold"": 0.1445, ""scratch"": 0.0372, ""stain"": 0.1522, ""tear"": 0.1182}","{}","0","0","0","0","0","0","0","0","0","0","0","1","0","0","706a0d175da076267c7c1022e729206d020405bce9718f7efb5f23ed5f410a2d","660520","png"
"1180","damaged_obvious_000729","damaged_obvious","729","2004663924","1210.png","damaged_obvious_000729.png","dataset_images/damaged_obvious/damaged_obvious_000729.png","670a7c5fbd7eb8030205e77a86f238063df2d11efb4ebab01d630c37d89f4e61","794","1024","single_portrait","RGB","existing_damage","train","real_damaged","Library of Congress","https://www.loc.gov/item/2004663924/","Public Domain","https://www.loc.gov/collections/daguerreotypes/about-this-collection/rights-and-access/","noise","1","texture_catalog_match_v1+source_attribute_v1","","{""crack"": 0.0106, ""dust"": 0.0308, ""fold"": 0.0878, ""missing_region"": 0.0615, ""mold"": 0.098, ""scratch"": 0.0286, ""stain"": 0.1336, ""tear"": 0.1231}","{}","0","0","0","0","0","0","0","0","0","0","0","1","0","0","670a7c5fbd7eb8030205e77a86f238063df2d11efb4ebab01d630c37d89f4e61","642941","png"
"1181","damaged_obvious_000730","damaged_obvious","730","2004663927","1211.png","damaged_obvious_000730.png","dataset_images/damaged_obvious/damaged_obvious_000730.png","aae8c7723086d2bf9c143af83966953e94eeef80a06371ff2f378ab3a14214d5","741","944","single_portrait","RGB","existing_damage","validation","real_damaged","Library of Congress","https://www.loc.gov/item/2004663927/","Public Domain","https://www.loc.gov/collections/daguerreotypes/about-this-collection/rights-and-access/","noise|uneven_exposure","2","texture_catalog_match_v1+source_attribute_v1","","{""crack"": 0.0081, ""dust"": 0.0111, ""fold"": 0.0266, ""missing_region"": 0.0149, ""mold"": 0.0186, ""scratch"": 0.0147, ""stain"": 0.0372, ""tear"": 0.0643}","{}","0","0","0","0","0","0","0","0","0","0","0","1","0","1","33986e23eea03e0bd67be0a42e1bd39dde52a5ce7ebe1a139702d06c68d27540","863471","png"
"1182","damaged_obvious_000731","damaged_obvious","731","2004663928","1212.png","damaged_obvious_000731.png","dataset_images/damaged_obvious/damaged_obvious_000731.png","d1abcb1ea2089220405c8e5d2569ac8cf3e334e5d4c9ddfb7a70d9e10c6b4763","745","953","single_portrait","RGB","existing_damage","train","real_damaged","Library of Congress","https://www.loc.gov/item/2004663928/","Public Domain","https://www.loc.gov/collections/daguerreotypes/about-this-collection/rights-and-access/","noise","1","texture_catalog_match_v1+source_attribute_v1","","{""crack"": 0.008, ""dust"": 0.0345, ""fold"": 0.0901, ""missing_region"": 0.045, ""mold"": 0.1006, ""scratch"": 0.0217, ""stain"": 0.1526, ""tear"": 0.0574}","{}","0","0","0","0","0","0","0","0","0","0","0","1","0","0","ce310a61e6a1981b1a31f6759a4d7fa84b8906e2cb5d99fb1f73205eb6f57e6c","1143367","png"
"1183","damaged_obvious_000732","damaged_obvious","732","2004663933","1213.png","damaged_obvious_000732.png","dataset_images/damaged_obvious/damaged_obvious_000732.png","ae71f04d7347529ae91c11e0f8012ed5cd64fa852f5ce2e11228ad61f3ec076a","751","947","single_portrait","RGB","existing_damage","train","real_damaged","Library of Congress","https://www.loc.gov/item/2004663933/","Public Domain","https://www.loc.gov/collections/daguerreotypes/about-this-collection/rights-and-access/","noise","1","texture_catalog_match_v1+source_attribute_v1","","{""crack"": 0.0022, ""dust"": 0.018, ""fold"": 0.0323, ""missing_region"": 0.0448, ""mold"": 0.0959, ""scratch"": 0.0201, ""stain"": 0.0564, ""tear"": 0.0666}","{}","0","0","0","0","0","0","0","0","0","0","0","1","0","0","1d604e72a9270210469cdc6f92697956c70303f337deed35ca1a31fd426dd2e0","1113746","png"
"1184","damaged_obvious_000733","damaged_obvious","733","2004663945","1214.png","damaged_obvious_000733.png","dataset_images/damaged_obvious/damaged_obvious_000733.png","1cd2f78e580a2ea5e9a1eab5bdd166bcd9faf35da9e0268cdaa24f3b07831bc5","736","942","single_portrait","RGB","existing_damage","train","real_damaged","Library of Congress","https://www.loc.gov/item/2004663945/","Public Domain","https://www.loc.gov/collections/daguerreotypes/about-this-collection/rights-and-access/","noise|uneven_exposure","2","texture_catalog_match_v1+source_attribute_v1","","{""crack"": 0.0017, ""dust"": 0.0059, ""fold"": 0.0177, ""missing_region"": 0.0205, ""mold"": 0.0504, ""scratch"": 0.0161, ""stain"": 0.0313, ""tear"": 0.0293}","{}","0","0","0","0","0","0","0","0","0","0","0","1","0","1","8c4c40463150504b7d2b2d79d8eb0d6a1cc29f7744bdb6123c2c0d34c851097c","1135710","png"
"1185","damaged_obvious_000734","damaged_obvious","734","2004663950","1215.png","damaged_obvious_000734.png","dataset_images/damaged_obvious/damaged_obvious_000734.png","9b618a8c93f7c0e34da3d5c18befecb177f830fde0dfa51c56875fcd9b0d1f1b","812","1024","single_portrait","RGB","existing_damage","train","real_damaged","Library of Congress","https://www.loc.gov/item/2004663950/","Public Domain","https://www.loc.gov/collections/daguerreotypes/about-this-collection/rights-and-access/","noise","1","texture_catalog_match_v1+source_attribute_v1","","{""crack"": 0.0, ""dust"": 0.0001, ""fold"": 0.0001, ""missing_region"": 0.0004, ""mold"": 0.0001, ""scratch"": 0.0001, ""stain"": 0.0015, ""tear"": 0.0008}","{}","0","0","0","0","0","0","0","0","0","0","0","1","0","0","9b618a8c93f7c0e34da3d5c18befecb177f830fde0dfa51c56875fcd9b0d1f1b","677337","png"
"1186","damaged_obvious_000735","damaged_obvious","735","2004663951","1216.png","damaged_obvious_000735.png","dataset_images/damaged_obvious/damaged_obvious_000735.png","0681d44bef529065db8aa72a4fab90195fa2b4ab8852c5d81b7e577188b68798","732","941","single_portrait","RGB","existing_damage","train","real_damaged","Library of Congress","https://www.loc.gov/item/2004663951/","Public Domain","https://www.loc.gov/collections/daguerreotypes/about-this-collection/rights-and-access/","noise","1","texture_catalog_match_v1+source_attribute_v1","","{""crack"": 0.0002, ""dust"": 0.0009, ""fold"": 0.0027, ""missing_region"": 0.0032, ""mold"": 0.003, ""scratch"": 0.0017, ""stain"": 0.0055, ""tear"": 0.0065}","{}","0","0","0","0","0","0","0","0","0","0","0","1","0","0","9c5f550985cc44dc206d277f01677f725857614b57a70c81c3f800189e525b75","1029168","png"
"1187","damaged_obvious_000736","damaged_obvious","736","2004663954","1217.png","damaged_obvious_000736.png","dataset_images/damaged_obvious/damaged_obvious_000736.png","63b9bef8ef69225a06b2f65675c403d264c9d0d6fd40c5588e2b698b22d3e094","750","958","single_portrait","RGB","existing_damage","validation","real_damaged","Library of Congress","https://www.loc.gov/item/2004663954/","Public Domain","https://www.loc.gov/collections/daguerreotypes/about-this-collection/rights-and-access/","noise","1","texture_catalog_match_v1+source_attribute_v1","","{""crack"": 0.0003, ""dust"": 0.0006, ""fold"": 0.0011, ""missing_region"": 0.0007, ""mold"": 0.001, ""scratch"": 0.0006, ""stain"": 0.0012, ""tear"": 0.0026}","{}","0","0","0","0","0","0","0","0","0","0","0","1","0","0","de358775ef195eed1251b62bf65468b49b0432cf2c874e896ae2a3926cd04e09","929824","png"
"1188","damaged_obvious_000737","damaged_obvious","737","2004663959","1218.png","damaged_obvious_000737.png","dataset_images/damaged_obvious/damaged_obvious_000737.png","0c13692f1faaff85e8993cdd4ccd7ddf70dc16c673991768494c19a9f0f9823d","745","946","single_portrait","RGB","existing_damage","train","real_damaged","Library of Congress","https://www.loc.gov/item/2004663959/","Public Domain","https://www.loc.gov/collections/daguerreotypes/about-this-collection/rights-and-access/","noise|uneven_exposure","2","texture_catalog_match_v1+source_attribute_v1","","{""crack"": 0.0044, ""dust"": 0.0077, ""fold"": 0.0182, ""missing_region"": 0.0112, ""mold"": 0.0163, ""scratch"": 0.008, ""stain"": 0.0199, ""tear"": 0.0125}","{}","0","0","0","0","0","0","0","0","0","0","0","1","0","1","bc29778d464f81a9715ecbf0706c3e8d24a4bb7892a0a15be4842c2ab5695008","991552","png"
"1189","damaged_obvious_000738","damaged_obvious","738","2004663965","1219.png","damaged_obvious_000738.png","dataset_images/damaged_obvious/damaged_obvious_000738.png","7b193a13bc9ee5863f55dbb90e6f04fea1b212362d8d9be39291cd7752ed8795","706","907","single_portrait","RGB","existing_damage","train","real_damaged","Library of Congress","https://www.loc.gov/item/2004663965/","Public Domain","https://www.loc.gov/collections/daguerreotypes/about-this-collection/rights-and-access/","noise|uneven_exposure","2","texture_catalog_match_v1+source_attribute_v1","","{""crack"": 0.0331, ""dust"": 0.0523, ""fold"": 0.0723, ""missing_region"": 0.0626, ""mold"": 0.0615, ""scratch"": 0.0692, ""stain"": 0.1199, ""tear"": 0.0626}","{}","0","0","0","0","0","0","0","0","0","0","0","1","0","1","8a11ec6bd8acfda5666abe9d0da3c8a9b2dfd3e60b2623a9650cbb398ee475a9","972387","png"
"1190","damaged_obvious_000739","damaged_obvious","739","2004663978","1220.png","damaged_obvious_000739.png","dataset_images/damaged_obvious/damaged_obvious_000739.png","20703e13b138f8722e5ccffc23902a1b0c40a58f0daf678958a3c5f48c83353e","816","1024","single_portrait","RGB","existing_damage","validation","real_damaged","Library of Congress","https://www.loc.gov/item/2004663978/","Public Domain","https://www.loc.gov/collections/daguerreotypes/about-this-collection/rights-and-access/","noise|uneven_exposure","2","texture_catalog_match_v1+source_attribute_v1","","{""crack"": 0.0151, ""dust"": 0.0372, ""fold"": 0.0827, ""missing_region"": 0.0401, ""mold"": 0.081, ""scratch"": 0.0288, ""stain"": 0.1208, ""tear"": 0.1128}","{}","0","0","0","0","0","0","0","0","0","0","0","1","0","1","20703e13b138f8722e5ccffc23902a1b0c40a58f0daf678958a3c5f48c83353e","670133","png"
"1191","damaged_obvious_000740","damaged_obvious","740","2004663982","1221.png","damaged_obvious_000740.png","dataset_images/damaged_obvious/damaged_obvious_000740.png","957260beae2bc1d326f4a234b71599b2256769740d8fe1f7aec9af53c8c59c71","791","1007","single_portrait","RGB","existing_damage","validation","real_damaged","Library of Congress","https://www.loc.gov/item/2004663982/","Public Domain","https://www.loc.gov/collections/daguerreotypes/about-this-collection/rights-and-access/","noise|uneven_exposure","2","texture_catalog_match_v1+source_attribute_v1","","{""crack"": 0.0162, ""dust"": 0.0407, ""fold"": 0.0901, ""missing_region"": 0.0809, ""mold"": 0.1284, ""scratch"": 0.0431, ""stain"": 0.1433, ""tear"": 0.0883}","{}","0","0","0","0","0","0","0","0","0","0","0","1","0","1","d42ab73716f3d75665171532d8ac34e1ccdd8186008131aeb63fa70b911374ee","1608914","png"
"1192","damaged_obvious_000741","damaged_obvious","741","2004663984","1222.png","damaged_obvious_000741.png","dataset_images/damaged_obvious/damaged_obvious_000741.png","77c549350ff85294a6f8d691091b1fc9d9097c8b901debbc74beed469cbaa7ca","732","957","single_portrait","RGB","existing_damage","train","real_damaged","Library of Congress","https://www.loc.gov/item/2004663984/","Public Domain","https://www.loc.gov/collections/daguerreotypes/about-this-collection/rights-and-access/","noise","1","texture_catalog_match_v1+source_attribute_v1","","{""crack"": 0.0055, ""dust"": 0.0253, ""fold"": 0.0899, ""missing_region"": 0.0476, ""mold"": 0.1112, ""scratch"": 0.0368, ""stain"": 0.0843, ""tear"": 0.076}","{}","0","0","0","0","0","0","0","0","0","0","0","1","0","0","daa5becd3667830c68f6b672ee1bb67a3c91deeb072b9050af9f219783bb6d4e","1048563","png"
"1193","damaged_obvious_000742","damaged_obvious","742","2004663985","1223.png","damaged_obvious_000742.png","dataset_images/damaged_obvious/damaged_obvious_000742.png","bdb8fe5919d1da87df5efd379d3b668963672d2198acf6461383351884de1e64","799","1024","single_portrait","RGB","existing_damage","train","real_damaged","Library of Congress","https://www.loc.gov/item/2004663985/","Public Domain","https://www.loc.gov/collections/daguerreotypes/about-this-collection/rights-and-access/","noise","1","texture_catalog_match_v1+source_attribute_v1","","{""crack"": 0.0003, ""dust"": 0.0008, ""fold"": 0.0023, ""missing_region"": 0.0051, ""mold"": 0.0034, ""scratch"": 0.0022, ""stain"": 0.005, ""tear"": 0.0058}","{}","0","0","0","0","0","0","0","0","0","0","0","1","0","0","bdb8fe5919d1da87df5efd379d3b668963672d2198acf6461383351884de1e64","604554","png"
"1194","damaged_obvious_000743","damaged_obvious","743","2004663987","1224.png","damaged_obvious_000743.png","dataset_images/damaged_obvious/damaged_obvious_000743.png","440de990340d201ad6a49e2737ba52a0b0eaca410de5e213bf0ae1caf65a5170","714","906","single_portrait","RGB","existing_damage","validation","real_damaged","Library of Congress","https://www.loc.gov/item/2004663987/","Public Domain","https://www.loc.gov/collections/daguerreotypes/about-this-collection/rights-and-access/","noise|uneven_exposure","2","texture_catalog_match_v1+source_attribute_v1","","{""crack"": 0.0039, ""dust"": 0.0222, ""fold"": 0.0778, ""missing_region"": 0.0709, ""mold"": 0.0969, ""scratch"": 0.0222, ""stain"": 0.1307, ""tear"": 0.0938}","{}","0","0","0","0","0","0","0","0","0","0","0","1","0","1","aaf2bbe53760327531c9afba2a5c7f92a0386eb35e088c4c48f220fe32faef22","1067413","png"
"1195","damaged_obvious_000744","damaged_obvious","744","2004663990","1225.png","damaged_obvious_000744.png","dataset_images/damaged_obvious/damaged_obvious_000744.png","ceee611290fad05ddf85e4b26f9a945ba5962fae7733c3aa847b9b2e4847bf5b","732","951","single_portrait","RGB","existing_damage","train","real_damaged","Library of Congress","https://www.loc.gov/item/2004663990/","Public Domain","https://www.loc.gov/collections/daguerreotypes/about-this-collection/rights-and-access/","noise","1","texture_catalog_match_v1+source_attribute_v1","","{""crack"": 0.0004, ""dust"": 0.0018, ""fold"": 0.0036, ""missing_region"": 0.0063, ""mold"": 0.0065, ""scratch"": 0.0033, ""stain"": 0.0101, ""tear"": 0.0079}","{}","0","0","0","0","0","0","0","0","0","0","0","1","0","0","9003cdb34336762c6464c238d2bed767f0d1df2d9a219e3addcc5c39199e34e6","1132157","png"
"1196","damaged_obvious_000745","damaged_obvious","745","2004663993","1226.png","damaged_obvious_000745.png","dataset_images/damaged_obvious/damaged_obvious_000745.png","7630681fd3ae5e7a92cb293c9f51c9ea674560b048759f95527fe8a714672831","714","921","single_portrait","RGB","existing_damage","train","real_damaged","Library of Congress","https://www.loc.gov/item/2004663993/","Public Domain","https://www.loc.gov/collections/daguerreotypes/about-this-collection/rights-and-access/","noise|uneven_exposure","2","texture_catalog_match_v1+source_attribute_v1","","{""crack"": 0.007, ""dust"": 0.0135, ""fold"": 0.036, ""missing_region"": 0.0452, ""mold"": 0.0391, ""scratch"": 0.0125, ""stain"": 0.0396, ""tear"": 0.0452}","{}","0","0","0","0","0","0","0","0","0","0","0","1","0","1","29112b21e5c7108767c7d09fc5aa8e445362097b582f67a04acb7efd04d1c96b","1103898","png"
"1197","damaged_obvious_000746","damaged_obvious","746","2004663996","1227.png","damaged_obvious_000746.png","dataset_images/damaged_obvious/damaged_obvious_000746.png","dc41cc9e174dd325764d28e6ce1d9174a962a9b79271e61d6f4c15af865bad69","723","914","single_portrait","RGB","existing_damage","train","real_damaged","Library of Congress","https://www.loc.gov/item/2004663996/","Public Domain","https://www.loc.gov/collections/daguerreotypes/about-this-collection/rights-and-access/","noise|uneven_exposure","2","texture_catalog_match_v1+source_attribute_v1","","{""crack"": 0.0018, ""dust"": 0.0052, ""fold"": 0.0076, ""missing_region"": 0.015, ""mold"": 0.0154, ""scratch"": 0.0043, ""stain"": 0.0148, ""tear"": 0.015}","{}","0","0","0","0","0","0","0","0","0","0","0","1","0","1","86fb0f0747bb8d081fc0245d35ecd491c4e7be124f3cdb231ee30b80a5339f1f","957356","png"
"1198","damaged_obvious_000747","damaged_obvious","747","2004663997","1228.png","damaged_obvious_000747.png","dataset_images/damaged_obvious/damaged_obvious_000747.png","feabee4a498c1fe932c07746b50ae5ea17f854ab16e9e7813cd9210695f42739","729","949","single_portrait","RGB","existing_damage","train","real_damaged","Library of Congress","https://www.loc.gov/item/2004663997/","Public Domain","https://www.loc.gov/collections/daguerreotypes/about-this-collection/rights-and-access/","noise|uneven_exposure","2","texture_catalog_match_v1+source_attribute_v1","","{""crack"": 0.0068, ""dust"": 0.0202, ""fold"": 0.0604, ""missing_region"": 0.0295, ""mold"": 0.0729, ""scratch"": 0.019, ""stain"": 0.0512, ""tear"": 0.0389}","{}","0","0","0","0","0","0","0","0","0","0","0","1","0","1","60ba0e0e60eb79d07fc868041356b79c12be0106e3b475decb20f3a1efa84155","1031524","png"
"1199","damaged_obvious_000748","damaged_obvious","748","2004664003","1229.png","damaged_obvious_000748.png","dataset_images/damaged_obvious/damaged_obvious_000748.png","c2135f52f386da93aa8874359c3f49e61666b25763d30138771f43dd1c711781","736","943","single_portrait","RGB","existing_damage","train","real_damaged","Library of Congress","https://www.loc.gov/item/2004664003/","Public Domain","https://www.loc.gov/collections/daguerreotypes/about-this-collection/rights-and-access/","noise|uneven_exposure","2","texture_catalog_match_v1+source_attribute_v1","","{""crack"": 0.0094, ""dust"": 0.0131, ""fold"": 0.0656, ""missing_region"": 0.0477, ""mold"": 0.0665, ""scratch"": 0.023, ""stain"": 0.0535, ""tear"": 0.0558}","{}","0","0","0","0","0","0","0","0","0","0","0","1","0","1","1b1a36267e8473baca2441106245cf118563bdcf194918a19f2f714a821eb836","1042284","png"
"1200","damaged_obvious_000749","damaged_obvious","749","2004664005","1230.png","damaged_obvious_000749.png","dataset_images/damaged_obvious/damaged_obvious_000749.png","0364386b7bcdb49e97732d838b5f99cd59890fef0ae654ffd7f4c20fee9141e6","742","941","single_portrait","RGB","existing_damage","test","real_damaged","Library of Congress","https://www.loc.gov/item/2004664005/","Public Domain","https://www.loc.gov/collections/daguerreotypes/about-this-collection/rights-and-access/","noise|uneven_exposure","2","texture_catalog_match_v1+source_attribute_v1","","{""crack"": 0.0013, ""dust"": 0.0078, ""fold"": 0.0202, ""missing_region"": 0.0417, ""mold"": 0.0586, ""scratch"": 0.0191, ""stain"": 0.0534, ""tear"": 0.0541}","{}","0","0","0","0","0","0","0","0","0","0","0","1","0","1","b210c47fe4b66fe69aebe36cffcbd13d451b7c5d0be0aec87c07c4e0fe1d0195","1294542","png"
"1201","damaged_obvious_000750","damaged_obvious","750","2004664007","1231.png","damaged_obvious_000750.png","dataset_images/damaged_obvious/damaged_obvious_000750.png","c446588bca0449ba380af1f6a1b1ef442c0c8101c06ba8bf312a0ea925c0a4e2","750","950","single_portrait","RGB","existing_damage","test","real_damaged","Library of Congress","https://www.loc.gov/item/2004664007/","Public Domain","https://www.loc.gov/collections/daguerreotypes/about-this-collection/rights-and-access/","noise","1","texture_catalog_match_v1+source_attribute_v1","","{""crack"": 0.0019, ""dust"": 0.016, ""fold"": 0.0442, ""missing_region"": 0.0342, ""mold"": 0.0699, ""scratch"": 0.0146, ""stain"": 0.1393, ""tear"": 0.0945}","{}","0","0","0","0","0","0","0","0","0","0","0","1","0","0","ddcbbc35590c65c12b26cb7b783b704805de7b2d4cfe0b4eef5320bc2a4ad447","1174416","png"
"1202","damaged_obvious_000751","damaged_obvious","751","2004664008","1232.png","damaged_obvious_000751.png","dataset_images/damaged_obvious/damaged_obvious_000751.png","a0ec67a3ee2e5460dd1a1758f1e583ec4841f89116d3a835bea6bea2ec1b70d4","798","1024","single_portrait","RGB","existing_damage","test","real_damaged","Library of Congress","https://www.loc.gov/item/2004664008/","Public Domain","https://www.loc.gov/collections/daguerreotypes/about-this-collection/rights-and-access/","noise","1","texture_catalog_match_v1+source_attribute_v1","","{""crack"": 0.0015, ""dust"": 0.0058, ""fold"": 0.0096, ""missing_region"": 0.0151, ""mold"": 0.0098, ""scratch"": 0.0051, ""stain"": 0.0186, ""tear"": 0.0151}","{}","0","0","0","0","0","0","0","0","0","0","0","1","0","0","a0ec67a3ee2e5460dd1a1758f1e583ec4841f89116d3a835bea6bea2ec1b70d4","614508","png"
"1203","damaged_obvious_000752","damaged_obvious","752","2004664009","1233.png","damaged_obvious_000752.png","dataset_images/damaged_obvious/damaged_obvious_000752.png","36bc44c726d4e3ed583d1648a92360cc49b5dc95fc0f709dcfa02712b3839e56","743","964","single_portrait","RGB","existing_damage","train","real_damaged","Library of Congress","https://www.loc.gov/item/2004664009/","Public Domain","https://www.loc.gov/collections/daguerreotypes/about-this-collection/rights-and-access/","noise","1","texture_catalog_match_v1+source_attribute_v1","","{""crack"": 0.0107, ""dust"": 0.0187, ""fold"": 0.0336, ""missing_region"": 0.0193, ""mold"": 0.0292, ""scratch"": 0.018, ""stain"": 0.0283, ""tear"": 0.0429}","{}","0","0","0","0","0","0","0","0","0","0","0","1","0","0","80002b53267f66e29e1c2c28c162e7ff3aed607b7a23b77a73208f3ae5090a3d","1022880","png"
"1204","damaged_obvious_000753","damaged_obvious","753","2004664010","1234.png","damaged_obvious_000753.png","dataset_images/damaged_obvious/damaged_obvious_000753.png","176355dd16d2901cb20add68f66bef0b1ee9d030d1235edf309a33c967c26a0a","827","1024","single_portrait","RGB","existing_damage","train","real_damaged","Library of Congress","https://www.loc.gov/item/2004664010/","Public Domain","https://www.loc.gov/collections/daguerreotypes/about-this-collection/rights-and-access/","noise|uneven_exposure","2","texture_catalog_match_v1+source_attribute_v1","","{""crack"": 0.0049, ""dust"": 0.0182, ""fold"": 0.029, ""missing_region"": 0.0482, ""mold"": 0.0462, ""scratch"": 0.0144, ""stain"": 0.0578, ""tear"": 0.0611}","{}","0","0","0","0","0","0","0","0","0","0","0","1","0","1","176355dd16d2901cb20add68f66bef0b1ee9d030d1235edf309a33c967c26a0a","670097","png"
"1205","damaged_obvious_000754","damaged_obvious","754","2004664011","1235.png","damaged_obvious_000754.png","dataset_images/damaged_obvious/damaged_obvious_000754.png","281004a0320c1da086d95ee0bf2a79001ec90966ae2aedb6ee5e187c5242f2d0","758","971","single_portrait","RGB","existing_damage","train","real_damaged","Library of Congress","https://www.loc.gov/item/2004664011/","Public Domain","https://www.loc.gov/collections/daguerreotypes/about-this-collection/rights-and-access/","noise","1","texture_catalog_match_v1+source_attribute_v1","","{""crack"": 0.0118, ""dust"": 0.0173, ""fold"": 0.0249, ""missing_region"": 0.0349, ""mold"": 0.038, ""scratch"": 0.025, ""stain"": 0.0593, ""tear"": 0.0443}","{}","0","0","0","0","0","0","0","0","0","0","0","1","0","0","7bf1653bc65736160cdf880595d3d21c1426c2fdfa69afb9a0e3cef57eebd430","963158","png"
"1206","damaged_obvious_000755","damaged_obvious","755","2004664012","1236.png","damaged_obvious_000755.png","dataset_images/damaged_obvious/damaged_obvious_000755.png","8ffe0ede477923701d17e89e3217740eb40b7c3e6088f9409794f1c3fc9ff096","682","917","single_portrait","RGB","existing_damage","train","real_damaged","Library of Congress","https://www.loc.gov/item/2004664012/","Public Domain","https://www.loc.gov/collections/daguerreotypes/about-this-collection/rights-and-access/","noise","1","texture_catalog_match_v1+source_attribute_v1","","{""crack"": 0.0017, ""dust"": 0.0052, ""fold"": 0.0081, ""missing_region"": 0.0424, ""mold"": 0.0113, ""scratch"": 0.0113, ""stain"": 0.0312, ""tear"": 0.0424}","{}","0","0","0","0","0","0","0","0","0","0","0","1","0","0","fb9ac138736b16a882d874da1fce67f31f1d95f98164c5aa6f33d8f97bb96519","834717","png"
"1207","damaged_obvious_000756","damaged_obvious","756","2004664014","1237.png","damaged_obvious_000756.png","dataset_images/damaged_obvious/damaged_obvious_000756.png","955f855f53de679c5160a6fe2e4f79f1e4cd108a4a0b34624ad602e81a50d3e8","731","941","single_portrait","RGB","existing_damage","train","real_damaged","Library of Congress","https://www.loc.gov/item/2004664014/","Public Domain","https://www.loc.gov/collections/daguerreotypes/about-this-collection/rights-and-access/","noise","1","texture_catalog_match_v1+source_attribute_v1","","{""crack"": 0.007, ""dust"": 0.0193, ""fold"": 0.0671, ""missing_region"": 0.0537, ""mold"": 0.0919, ""scratch"": 0.0217, ""stain"": 0.0539, ""tear"": 0.0537}","{}","0","0","0","0","0","0","0","0","0","0","0","1","0","0","64038a8a72c9ba3bfd87c69a8866819e984af13cf74d7118b37a7ac07d475a76","1030845","png"
"1208","damaged_obvious_000757","damaged_obvious","757","2004664015","1238.png","damaged_obvious_000757.png","dataset_images/damaged_obvious/damaged_obvious_000757.png","875d10f3c267f0824819282abbbf14620a8933ef96e09765a035035b7f130ff0","727","939","single_portrait","RGB","existing_damage","train","real_damaged","Library of Congress","https://www.loc.gov/item/2004664015/","Public Domain","https://www.loc.gov/collections/daguerreotypes/about-this-collection/rights-and-access/","noise","1","texture_catalog_match_v1+source_attribute_v1","","{""crack"": 0.0, ""dust"": 0.0001, ""fold"": 0.0002, ""missing_region"": 0.004, ""mold"": 0.0003, ""scratch"": 0.0002, ""stain"": 0.0004, ""tear"": 0.004}","{}","0","0","0","0","0","0","0","0","0","0","0","1","0","0","9bedad01a36d4ea70625d6a9003d8e6225f281d419dfcc37f1207577dbaa7acf","960892","png"
"1209","damaged_obvious_000758","damaged_obvious","758","2004664024","1239.png","damaged_obvious_000758.png","dataset_images/damaged_obvious/damaged_obvious_000758.png","df540ad2d2de732efa19916707343a6eaa1e966f50d29cf9660d82a00cff1443","757","990","single_portrait","RGB","existing_damage","train","real_damaged","Library of Congress","https://www.loc.gov/item/2004664024/","Public Domain","https://www.loc.gov/collections/daguerreotypes/about-this-collection/rights-and-access/","noise","1","texture_catalog_match_v1+source_attribute_v1","","{""crack"": 0.0, ""dust"": 0.0, ""fold"": 0.0, ""missing_region"": 0.0, ""mold"": 0.0, ""scratch"": 0.0, ""stain"": 0.0, ""tear"": 0.0001}","{}","0","0","0","0","0","0","0","0","0","0","0","1","0","0","495154f39d2df8569acf3695513edf48b3098ace58dc47059c670281cf044641","1166175","png"
"1210","damaged_obvious_000759","damaged_obvious","759","2004664025","1240.png","damaged_obvious_000759.png","dataset_images/damaged_obvious/damaged_obvious_000759.png","742403c3d6632de4edc49a31e62434a7c0ed8bfc971f6dce9bc63619033aa66d","763","976","single_portrait","RGB","existing_damage","train","real_damaged","Library of Congress","https://www.loc.gov/item/2004664025/","Public Domain","https://www.loc.gov/collections/daguerreotypes/about-this-collection/rights-and-access/","mold|noise|uneven_exposure","3","texture_catalog_match_v1+source_attribute_v1","mold","{""crack"": 0.0077, ""dust"": 0.0308, ""fold"": 0.1302, ""missing_region"": 0.0562, ""mold"": 0.1842, ""scratch"": 0.0327, ""stain"": 0.1302, ""tear"": 0.087}","{""mold"": [""182.jpg"", ""008.jpg"", ""023.jpg""]}","0","0","0","0","0","1","0","0","0","0","0","1","0","1","aff1d58f8a03ca98b4f719fc041dba30aee67c4ef37750189a27a8feaefd76e2","1104744","png"
"1211","damaged_obvious_000760","damaged_obvious","760","2004664028","1241.png","damaged_obvious_000760.png","dataset_images/damaged_obvious/damaged_obvious_000760.png","13fc5d0e861cdd9db21f1632077571f4b58bb0775985a139c50cb498db1b1405","741","951","single_portrait","RGB","existing_damage","train","real_damaged","Library of Congress","https://www.loc.gov/item/2004664028/","Public Domain","https://www.loc.gov/collections/daguerreotypes/about-this-collection/rights-and-access/","noise|uneven_exposure","2","texture_catalog_match_v1+source_attribute_v1","","{""crack"": 0.0122, ""dust"": 0.03, ""fold"": 0.0855, ""missing_region"": 0.0342, ""mold"": 0.0951, ""scratch"": 0.0249, ""stain"": 0.1065, ""tear"": 0.0553}","{}","0","0","0","0","0","0","0","0","0","0","0","1","0","1","2e2471a9f84a9cc0c5cdb130942c2976b13d3a647f98636e3bcc6bfdeb3bb395","1015913","png"
"1212","damaged_obvious_000761","damaged_obvious","761","2004664032","1242.png","damaged_obvious_000761.png","dataset_images/damaged_obvious/damaged_obvious_000761.png","cca4e0fe6e14322c894f48037011327f2c8ec4f6b0e07fd3f9a5483aafc3e462","745","944","single_portrait","RGB","existing_damage","train","real_damaged","Library of Congress","https://www.loc.gov/item/2004664032/","Public Domain","https://www.loc.gov/collections/daguerreotypes/about-this-collection/rights-and-access/","noise|uneven_exposure","2","texture_catalog_match_v1+source_attribute_v1","","{""crack"": 0.0025, ""dust"": 0.0071, ""fold"": 0.0092, ""missing_region"": 0.0114, ""mold"": 0.0159, ""scratch"": 0.0094, ""stain"": 0.0143, ""tear"": 0.0171}","{}","0","0","0","0","0","0","0","0","0","0","0","1","0","1","3bf9c8d98badc012d391ed5b3abb5587e5f800b29fd927182652d5b106ba2a4d","989954","png"
"1213","damaged_obvious_000762","damaged_obvious","762","2004664033","1243.png","damaged_obvious_000762.png","dataset_images/damaged_obvious/damaged_obvious_000762.png","51ad3b2ea3119484591ebd342e40d4aa7a237a5070d43b2682492aaa2af659a7","746","943","single_portrait","RGB","existing_damage","train","real_damaged","Library of Congress","https://www.loc.gov/item/2004664033/","Public Domain","https://www.loc.gov/collections/daguerreotypes/about-this-collection/rights-and-access/","noise","1","texture_catalog_match_v1+source_attribute_v1","","{""crack"": 0.0002, ""dust"": 0.0027, ""fold"": 0.0023, ""missing_region"": 0.0159, ""mold"": 0.0175, ""scratch"": 0.0015, ""stain"": 0.0071, ""tear"": 0.0159}","{}","0","0","0","0","0","0","0","0","0","0","0","1","0","0","1c4daa414cf95f7679ebefb915a7721df6504a07a5953e6cccab0ce77fe708e8","1011274","png"
"1214","damaged_obvious_000763","damaged_obvious","763","2004664035","1244.png","damaged_obvious_000763.png","dataset_images/damaged_obvious/damaged_obvious_000763.png","d2c04210260924e85dc3b757cbf48edf33d350e564993258848deb4cb5d3367b","821","1024","single_portrait","RGB","existing_damage","validation","real_damaged","Library of Congress","https://www.loc.gov/item/2004664035/","Public Domain","https://www.loc.gov/collections/daguerreotypes/about-this-collection/rights-and-access/","noise","1","texture_catalog_match_v1+source_attribute_v1","","{""crack"": 0.0011, ""dust"": 0.0067, ""fold"": 0.0311, ""missing_region"": 0.027, ""mold"": 0.0623, ""scratch"": 0.0168, ""stain"": 0.0543, ""tear"": 0.0573}","{}","0","0","0","0","0","0","0","0","0","0","0","1","0","0","d2c04210260924e85dc3b757cbf48edf33d350e564993258848deb4cb5d3367b","684903","png"
"1215","damaged_obvious_000764","damaged_obvious","764","2004664036","1245.png","damaged_obvious_000764.png","dataset_images/damaged_obvious/damaged_obvious_000764.png","4216d123d9bcdbcc103af18e2d5a256de31cb128f66c48665f7fc892c7009ba6","758","963","single_portrait","RGB","existing_damage","train","real_damaged","Library of Congress","https://www.loc.gov/item/2004664036/","Public Domain","https://www.loc.gov/collections/daguerreotypes/about-this-collection/rights-and-access/","noise|uneven_exposure","2","texture_catalog_match_v1+source_attribute_v1","","{""crack"": 0.0094, ""dust"": 0.0181, ""fold"": 0.0288, ""missing_region"": 0.0184, ""mold"": 0.0303, ""scratch"": 0.0161, ""stain"": 0.0405, ""tear"": 0.0452}","{}","0","0","0","0","0","0","0","0","0","0","0","1","0","1","b18b71c8e8368c4edcfed629cb07506a23258c03385943dd6c72e0ab1ce4f068","1047875","png"
"1216","damaged_obvious_000765","damaged_obvious","765","2004664061","1246.png","damaged_obvious_000765.png","dataset_images/damaged_obvious/damaged_obvious_000765.png","9d417499bcd10dbafba73de3e159fd523ccb5e92d166d3adaab67e6197872e05","738","946","single_portrait","RGB","existing_damage","test","real_damaged","Library of Congress","https://www.loc.gov/item/2004664061/","Public Domain","https://www.loc.gov/collections/daguerreotypes/about-this-collection/rights-and-access/","noise|uneven_exposure","2","texture_catalog_match_v1+source_attribute_v1","","{""crack"": 0.0061, ""dust"": 0.0152, ""fold"": 0.0394, ""missing_region"": 0.0212, ""mold"": 0.0503, ""scratch"": 0.0184, ""stain"": 0.0597, ""tear"": 0.0397}","{}","0","0","0","0","0","0","0","0","0","0","0","1","0","1","c5eeb7b1cc3dba7737d4979c325034746669d89e82694ae38ffb535392ebd529","1016449","png"
"1217","damaged_obvious_000766","damaged_obvious","766","2004664069","1247.png","damaged_obvious_000766.png","dataset_images/damaged_obvious/damaged_obvious_000766.png","6c7aa291b047312c984d3d1690fa3d5624a838628e8b0ff509e4401aeda7c15c","747","952","single_portrait","RGB","existing_damage","train","real_damaged","Library of Congress","https://www.loc.gov/item/2004664069/","Public Domain","https://www.loc.gov/collections/daguerreotypes/about-this-collection/rights-and-access/","noise|uneven_exposure","2","texture_catalog_match_v1+source_attribute_v1","","{""crack"": 0.0057, ""dust"": 0.0128, ""fold"": 0.0222, ""missing_region"": 0.0211, ""mold"": 0.0321, ""scratch"": 0.0149, ""stain"": 0.0306, ""tear"": 0.0278}","{}","0","0","0","0","0","0","0","0","0","0","0","1","0","1","f0642f303e5a4c9d87364b94ec5f73cdf418b8928e84dcb320f619042a2fa14c","948017","png"
"1218","damaged_obvious_000767","damaged_obvious","767","2004664070","1248.png","damaged_obvious_000767.png","dataset_images/damaged_obvious/damaged_obvious_000767.png","2f2b0973c10fa383fd37e0ceebe92c970188f720f647acd29a737d4a8924e1db","747","958","single_portrait","RGB","existing_damage","train","real_damaged","Library of Congress","https://www.loc.gov/item/2004664070/","Public Domain","https://www.loc.gov/collections/daguerreotypes/about-this-collection/rights-and-access/","noise|uneven_exposure","2","texture_catalog_match_v1+source_attribute_v1","","{""crack"": 0.0157, ""dust"": 0.0347, ""fold"": 0.0783, ""missing_region"": 0.043, ""mold"": 0.0895, ""scratch"": 0.0301, ""stain"": 0.1282, ""tear"": 0.1015}","{}","0","0","0","0","0","0","0","0","0","0","0","1","0","1","3a01951eddd30104414c628225483aafa907879c9090042a8a75bb4f036d4dfd","1042272","png"
"1219","damaged_obvious_000768","damaged_obvious","768","2004664073","1249.png","damaged_obvious_000768.png","dataset_images/damaged_obvious/damaged_obvious_000768.png","7583a2cea2c7b708d310d6108429dc8a8c4fc099edbdfe5e82629f1996c52ece","729","922","single_portrait","RGB","existing_damage","train","real_damaged","Library of Congress","https://www.loc.gov/item/2004664073/","Public Domain","https://www.loc.gov/collections/daguerreotypes/about-this-collection/rights-and-access/","noise|uneven_exposure","2","texture_catalog_match_v1+source_attribute_v1","","{""crack"": 0.0526, ""dust"": 0.077, ""fold"": 0.0708, ""missing_region"": 0.087, ""mold"": 0.0847, ""scratch"": 0.0681, ""stain"": 0.1021, ""tear"": 0.1207}","{}","0","0","0","0","0","0","0","0","0","0","0","1","0","1","d18fd0985e623f37f64e6f3656cde537f2b7866e55489db16ad70eddb0f62ca8","713203","png"
"1220","damaged_obvious_000769","damaged_obvious","769","2004664076","1250.png","damaged_obvious_000769.png","dataset_images/damaged_obvious/damaged_obvious_000769.png","098c33dc3fac1956aaa13325c4daf099bd706926a8c93ad6f845e643b62a0134","716","903","single_portrait","RGB","existing_damage","train","real_damaged","Library of Congress","https://www.loc.gov/item/2004664076/","Public Domain","https://www.loc.gov/collections/daguerreotypes/about-this-collection/rights-and-access/","noise|uneven_exposure","2","texture_catalog_match_v1+source_attribute_v1","","{""crack"": 0.0237, ""dust"": 0.0418, ""fold"": 0.0869, ""missing_region"": 0.0559, ""mold"": 0.0966, ""scratch"": 0.0401, ""stain"": 0.1185, ""tear"": 0.1408}","{}","0","0","0","0","0","0","0","0","0","0","0","1","0","1","c35bedcacbfe594f1e6f595ce24983c4491b166c6346db4753eb40b17fc0fdf4","953205","png"
"1221","damaged_obvious_000770","damaged_obvious","770","2004664083","1251.png","damaged_obvious_000770.png","dataset_images/damaged_obvious/damaged_obvious_000770.png","513c969837de5d43b42936e3d7033abb1bc2c2d737d6122715f62f6c24a345f7","821","1024","single_portrait","RGB","existing_damage","train","real_damaged","Library of Congress","https://www.loc.gov/item/2004664083/","Public Domain","https://www.loc.gov/collections/daguerreotypes/about-this-collection/rights-and-access/","noise|uneven_exposure","2","texture_catalog_match_v1+source_attribute_v1","","{""crack"": 0.0092, ""dust"": 0.0209, ""fold"": 0.0362, ""missing_region"": 0.026, ""mold"": 0.0657, ""scratch"": 0.0168, ""stain"": 0.0637, ""tear"": 0.032}","{}","0","0","0","0","0","0","0","0","0","0","0","1","0","1","513c969837de5d43b42936e3d7033abb1bc2c2d737d6122715f62f6c24a345f7","646309","png"
"1222","damaged_obvious_000771","damaged_obvious","771","2004664180","1252.png","damaged_obvious_000771.png","dataset_images/damaged_obvious/damaged_obvious_000771.png","5a580fb38ca656896328d73076f150155145c309b3e4c65d69877cc05fa483c4","739","943","single_portrait","RGB","existing_damage","train","real_damaged","Library of Congress","https://www.loc.gov/item/2004664180/","Public Domain","https://www.loc.gov/collections/daguerreotypes/about-this-collection/rights-and-access/","noise","1","texture_catalog_match_v1+source_attribute_v1","","{""crack"": 0.0001, ""dust"": 0.0005, ""fold"": 0.0045, ""missing_region"": 0.0111, ""mold"": 0.0087, ""scratch"": 0.0032, ""stain"": 0.0192, ""tear"": 0.0163}","{}","0","0","0","0","0","0","0","0","0","0","0","1","0","0","1d9b656974eff0b0cb39877e56c553a3e0ca561ee113cf9908c6bb6bb2be5b12","1186210","png"
"1224","damaged_obvious_000772","damaged_obvious","772","2004664183","1254.png","damaged_obvious_000772.png","dataset_images/damaged_obvious/damaged_obvious_000772.png","19fb5146b557092bb218e5bd4a0ce41fc433897495175554f8170f1a78096780","824","1024","single_portrait","RGB","existing_damage","train","real_damaged","Library of Congress","https://www.loc.gov/item/2004664183/","Public Domain","https://www.loc.gov/collections/daguerreotypes/about-this-collection/rights-and-access/","noise","1","texture_catalog_match_v1+source_attribute_v1","","{""crack"": 0.0101, ""dust"": 0.026, ""fold"": 0.054, ""missing_region"": 0.0395, ""mold"": 0.0539, ""scratch"": 0.0207, ""stain"": 0.112, ""tear"": 0.0674}","{}","0","0","0","0","0","0","0","0","0","0","0","1","0","0","19fb5146b557092bb218e5bd4a0ce41fc433897495175554f8170f1a78096780","667394","png"
"1225","damaged_obvious_000773","damaged_obvious","773","2004664184","1255.png","damaged_obvious_000773.png","dataset_images/damaged_obvious/damaged_obvious_000773.png","56a0c3d10675431eb1fd6271cacbca58971a540dafdb1192b758d5fb82d0e04e","763","955","single_portrait","RGB","existing_damage","train","real_damaged","Library of Congress","https://www.loc.gov/item/2004664184/","Public Domain","https://www.loc.gov/collections/daguerreotypes/about-this-collection/rights-and-access/","noise","1","texture_catalog_match_v1+source_attribute_v1","","{""crack"": 0.0079, ""dust"": 0.029, ""fold"": 0.1028, ""missing_region"": 0.0422, ""mold"": 0.1282, ""scratch"": 0.0298, ""stain"": 0.096, ""tear"": 0.0704}","{}","0","0","0","0","0","0","0","0","0","0","0","1","0","0","a3fdebf0a48164354ec8d98a16364a8c3d8323d97e2e421b2f52dd1c336a1afb","1085385","png"
"1226","damaged_obvious_000774","damaged_obvious","774","2004664185","1256.png","damaged_obvious_000774.png","dataset_images/damaged_obvious/damaged_obvious_000774.png","4428bca14c751219c2d7c7b752661bb1ff4bb3c717c867573f66f09a2e8b1bc9","681","899","single_portrait","RGB","existing_damage","train","real_damaged","Library of Congress","https://www.loc.gov/item/2004664185/","Public Domain","https://www.loc.gov/collections/daguerreotypes/about-this-collection/rights-and-access/","scratch|crack|fold|dust|stain|mold|tear|missing_region|noise|uneven_exposure","10","texture_catalog_match_v1+source_attribute_v1","crack|dust|fold|missing_region|mold|scratch|stain|tear","{""crack"": 0.2032, ""dust"": 0.2239, ""fold"": 0.273, ""missing_region"": 0.1801, ""mold"": 0.251, ""scratch"": 0.2044, ""stain"": 0.2555, ""tear"": 0.3037}","{""crack"": [""135.jpg"", ""109.jpg"", ""240.jpg""], ""dust"": [""179.jpg"", ""144.jpg"", ""245.jpg""], ""fold"": [""131.jpg"", ""153.jpg"", ""105.jpg""], ""missing_region"": [""201.jpg"", ""170.jpg"", ""051.jpg""], ""mold"": [""006.jpg"", ""087.jpg"", ""041.jpg""], ""scratch"": [""127.jpg"", ""072.jpg"", ""053.jpg""], ""stain"": [""143.jpg"", ""157.jpg"", ""073.jpg""], ""tear"": [""158.jpg"", ""222.jpg"", ""120.jpg""]}","1","1","1","1","1","1","1","1","0","0","0","1","0","1","b04f3ab3557755b578160178838d411b84229b6c4e39a1f79b081a9c3a542849","599438","png"
"1227","damaged_obvious_000775","damaged_obvious","775","2004664186","1257.png","damaged_obvious_000775.png","dataset_images/damaged_obvious/damaged_obvious_000775.png","2f2c184399914cfe9dd113a68ef9637325b5634c375d2ea2ba5fc7023341840a","743","963","single_portrait","RGB","existing_damage","train","real_damaged","Library of Congress","https://www.loc.gov/item/2004664186/","Public Domain","https://www.loc.gov/collections/daguerreotypes/about-this-collection/rights-and-access/","noise","1","texture_catalog_match_v1+source_attribute_v1","","{""crack"": 0.0006, ""dust"": 0.002, ""fold"": 0.0054, ""missing_region"": 0.0164, ""mold"": 0.011, ""scratch"": 0.0041, ""stain"": 0.011, ""tear"": 0.0164}","{}","0","0","0","0","0","0","0","0","0","0","0","1","0","0","c90b1ef48d422b1b0b4054230d782098e97dad2effa34e37915f9f232527c039","1108916","png"
"1228","damaged_obvious_000776","damaged_obvious","776","2004664187","1258.png","damaged_obvious_000776.png","dataset_images/damaged_obvious/damaged_obvious_000776.png","fecc244f5b4c7bf4daec5238241b263997006ed537b6616dcf7a188b42858683","735","943","single_portrait","RGB","existing_damage","train","real_damaged","Library of Congress","https://www.loc.gov/item/2004664187/","Public Domain","https://www.loc.gov/collections/daguerreotypes/about-this-collection/rights-and-access/","noise","1","texture_catalog_match_v1+source_attribute_v1","","{""crack"": 0.0049, ""dust"": 0.0337, ""fold"": 0.1156, ""missing_region"": 0.0554, ""mold"": 0.1323, ""scratch"": 0.0351, ""stain"": 0.109, ""tear"": 0.1021}","{}","0","0","0","0","0","0","0","0","0","0","0","1","0","0","e6a5daa1dceaf3a56fe91a3d77915fbc2dda2d5469bb8b30941ab70d933bd7e7","1073164","png"
"1229","damaged_obvious_000777","damaged_obvious","777","2004664188","1259.png","damaged_obvious_000777.png","dataset_images/damaged_obvious/damaged_obvious_000777.png","26caa4bde0365625c49fb3645c376cba365b939853eb9c208b2e3a00ba2804e5","745","955","single_portrait","RGB","existing_damage","train","real_damaged","Library of Congress","https://www.loc.gov/item/2004664188/","Public Domain","https://www.loc.gov/collections/daguerreotypes/about-this-collection/rights-and-access/","noise","1","texture_catalog_match_v1+source_attribute_v1","","{""crack"": 0.0009, ""dust"": 0.0014, ""fold"": 0.0061, ""missing_region"": 0.007, ""mold"": 0.0117, ""scratch"": 0.003, ""stain"": 0.0092, ""tear"": 0.0092}","{}","0","0","0","0","0","0","0","0","0","0","0","1","0","0","e501355e6503fa43a8b304aee8d394f2438da1bdf4ff5ce21bf12333b1240392","885378","png"
"1230","damaged_obvious_000778","damaged_obvious","778","2004664189","1260.png","damaged_obvious_000778.png","dataset_images/damaged_obvious/damaged_obvious_000778.png","dd9f9fca2b9624291a743e8b7794028bec9f076314eafa7f9d1f8f0f17c9810f","743","949","single_portrait","RGB","existing_damage","train","real_damaged","Library of Congress","https://www.loc.gov/item/2004664189/","Public Domain","https://www.loc.gov/collections/daguerreotypes/about-this-collection/rights-and-access/","noise|uneven_exposure","2","texture_catalog_match_v1+source_attribute_v1","","{""crack"": 0.0036, ""dust"": 0.0084, ""fold"": 0.0191, ""missing_region"": 0.0088, ""mold"": 0.0205, ""scratch"": 0.0082, ""stain"": 0.0199, ""tear"": 0.0183}","{}","0","0","0","0","0","0","0","0","0","0","0","1","0","1","f56043d336ee3bc8a0e26252576085e94bf5f5f9a8c0565cd3198f8cb256698a","900390","png"
"1231","damaged_obvious_000779","damaged_obvious","779","2004664190","1261.png","damaged_obvious_000779.png","dataset_images/damaged_obvious/damaged_obvious_000779.png","4b6c551e3921e47246126c43f04a59378eabbc44fba6b13b0c1620f40727f1e6","768","982","single_portrait","RGB","existing_damage","train","real_damaged","Library of Congress","https://www.loc.gov/item/2004664190/","Public Domain","https://www.loc.gov/collections/daguerreotypes/about-this-collection/rights-and-access/","noise","1","texture_catalog_match_v1+source_attribute_v1","","{""crack"": 0.001, ""dust"": 0.0026, ""fold"": 0.0037, ""missing_region"": 0.0091, ""mold"": 0.0051, ""scratch"": 0.0027, ""stain"": 0.0101, ""tear"": 0.0091}","{}","0","0","0","0","0","0","0","0","0","0","0","1","0","0","2cf5613bcafa18f4458517521b7a07c2a3ecc53a497e917f95e12e7571c0386b","993104","png"
"1232","damaged_obvious_000780","damaged_obvious","780","2004664191","1262.png","damaged_obvious_000780.png","dataset_images/damaged_obvious/damaged_obvious_000780.png","599e836d81223a3cfd31f07095af51aec7497a6eea87d5fc555f57a6c45a31bf","768","972","single_portrait","RGB","existing_damage","test","real_damaged","Library of Congress","https://www.loc.gov/item/2004664191/","Public Domain","https://www.loc.gov/collections/daguerreotypes/about-this-collection/rights-and-access/","noise","1","texture_catalog_match_v1+source_attribute_v1","","{""crack"": 0.0091, ""dust"": 0.0203, ""fold"": 0.0632, ""missing_region"": 0.0299, ""mold"": 0.0538, ""scratch"": 0.0176, ""stain"": 0.0688, ""tear"": 0.0332}","{}","0","0","0","0","0","0","0","0","0","0","0","1","0","0","61c86db556eeaaedd59a5864c1335dee6d6d2cb1172775eca40aab795f7f1475","1154556","png"
"1233","damaged_obvious_000781","damaged_obvious","781","2004664192","1263.png","damaged_obvious_000781.png","dataset_images/damaged_obvious/damaged_obvious_000781.png","c3f483d665f397d41b9afd17c3881ac4afe4a8d8a65dbb8d31bf258de92126e9","739","936","single_portrait","RGB","existing_damage","train","real_damaged","Library of Congress","https://www.loc.gov/item/2004664192/","Public Domain","https://www.loc.gov/collections/daguerreotypes/about-this-collection/rights-and-access/","noise|uneven_exposure","2","texture_catalog_match_v1+source_attribute_v1","","{""crack"": 0.0036, ""dust"": 0.008, ""fold"": 0.0193, ""missing_region"": 0.031, ""mold"": 0.0198, ""scratch"": 0.0097, ""stain"": 0.0274, ""tear"": 0.031}","{}","0","0","0","0","0","0","0","0","0","0","0","1","0","1","5d61a62b45b07bdc427580e5de89f0f46021c0395a3d6e21d33c0e9fe12f45f6","946595","png"
"1234","damaged_obvious_000782","damaged_obvious","782","2004664193","1264.png","damaged_obvious_000782.png","dataset_images/damaged_obvious/damaged_obvious_000782.png","f902fd772e95a1d94d0d0380b526c994f10d684853c1876ecaaa1588d52a706b","737","930","single_portrait","RGB","existing_damage","train","real_damaged","Library of Congress","https://www.loc.gov/item/2004664193/","Public Domain","https://www.loc.gov/collections/daguerreotypes/about-this-collection/rights-and-access/","noise|uneven_exposure","2","texture_catalog_match_v1+source_attribute_v1","","{""crack"": 0.0161, ""dust"": 0.0323, ""fold"": 0.0755, ""missing_region"": 0.0367, ""mold"": 0.113, ""scratch"": 0.0269, ""stain"": 0.1244, ""tear"": 0.0641}","{}","0","0","0","0","0","0","0","0","0","0","0","1","0","1","c85901f8cd4b1a02df604033e524b4a7c2b253532039c30e845f57eaadcd8110","950990","png"
"1235","damaged_obvious_000783","damaged_obvious","783","2004664194","1265.png","damaged_obvious_000783.png","dataset_images/damaged_obvious/damaged_obvious_000783.png","76262ca59705d332f4b6f40470f256841be188cfd622439fc5ec7f48b8e0e9bc","731","946","single_portrait","RGB","existing_damage","train","real_damaged","Library of Congress","https://www.loc.gov/item/2004664194/","Public Domain","https://www.loc.gov/collections/daguerreotypes/about-this-collection/rights-and-access/","noise|uneven_exposure","2","texture_catalog_match_v1+source_attribute_v1","","{""crack"": 0.0024, ""dust"": 0.0063, ""fold"": 0.0103, ""missing_region"": 0.0177, ""mold"": 0.0161, ""scratch"": 0.0074, ""stain"": 0.0204, ""tear"": 0.0184}","{}","0","0","0","0","0","0","0","0","0","0","0","1","0","1","5ff4ddebca57e1c1fbbda07e0c480338c42ac3942c67966bd77fe6b094a39189","1063553","png"
"1236","damaged_obvious_000784","damaged_obvious","784","2004664195","1266.png","damaged_obvious_000784.png","dataset_images/damaged_obvious/damaged_obvious_000784.png","307705945c1b5a65f8a7d46e3fbdd7c41751810fb4abe65b07ac877a80c0053d","741","957","single_portrait","RGB","existing_damage","train","real_damaged","Library of Congress","https://www.loc.gov/item/2004664195/","Public Domain","https://www.loc.gov/collections/daguerreotypes/about-this-collection/rights-and-access/","fold|stain|noise","3","texture_catalog_match_v1+source_attribute_v1","fold|stain","{""crack"": 0.0127, ""dust"": 0.0463, ""fold"": 0.238, ""missing_region"": 0.073, ""mold"": 0.1703, ""scratch"": 0.0358, ""stain"": 0.2423, ""tear"": 0.1559}","{""fold"": [""123.jpg"", ""032.jpg"", ""126.jpg""], ""stain"": [""134.jpg"", ""063.jpg"", ""096.jpg""]}","0","0","1","0","1","0","0","0","0","0","0","1","0","0","518dfcd02aa6465af7d9f1ee47c34c3bed46c152c90a3fafa93d3c08a1d61d33","1001515","png"
"1237","damaged_obvious_000785","damaged_obvious","785","2004664196","1267.png","damaged_obvious_000785.png","dataset_images/damaged_obvious/damaged_obvious_000785.png","32c2ef1bd8aff99c54c1a443d128505546010026d294ebd713d41105e63cb5cc","763","942","single_portrait","RGB","existing_damage","train","real_damaged","Library of Congress","https://www.loc.gov/item/2004664196/","Public Domain","https://www.loc.gov/collections/daguerreotypes/about-this-collection/rights-and-access/","noise|uneven_exposure","2","texture_catalog_match_v1+source_attribute_v1","","{""crack"": 0.0056, ""dust"": 0.0097, ""fold"": 0.0145, ""missing_region"": 0.0275, ""mold"": 0.0178, ""scratch"": 0.0122, ""stain"": 0.021, ""tear"": 0.0275}","{}","0","0","0","0","0","0","0","0","0","0","0","1","0","1","907937a3e0b600694f9fd35071576588d74e6ffd5d931cc8391177a1645c3bf7","1039041","png"
"1238","damaged_obvious_000786","damaged_obvious","786","2004664197","1268.png","damaged_obvious_000786.png","dataset_images/damaged_obvious/damaged_obvious_000786.png","8677d7de5fc615b05231296a0159eb3e592c9e3719f0f32688e97feb55b33808","739","960","single_portrait","RGB","existing_damage","validation","real_damaged","Library of Congress","https://www.loc.gov/item/2004664197/","Public Domain","https://www.loc.gov/collections/daguerreotypes/about-this-collection/rights-and-access/","noise","1","texture_catalog_match_v1+source_attribute_v1","","{""crack"": 0.0012, ""dust"": 0.0078, ""fold"": 0.0327, ""missing_region"": 0.0345, ""mold"": 0.0801, ""scratch"": 0.022, ""stain"": 0.0479, ""tear"": 0.0578}","{}","0","0","0","0","0","0","0","0","0","0","0","1","0","0","64e7d216ac8881142ec7798fab93d37198769ca00fb248765106bdec7c7bc047","1064341","png"
"1239","damaged_obvious_000787","damaged_obvious","787","2004664198","1269.png","damaged_obvious_000787.png","dataset_images/damaged_obvious/damaged_obvious_000787.png","b75c0f4a7000ef5917eb01bc3e4dc01e5e29623352b462e70677cccccd13699b","743","938","single_portrait","RGB","existing_damage","train","real_damaged","Library of Congress","https://www.loc.gov/item/2004664198/","Public Domain","https://www.loc.gov/collections/daguerreotypes/about-this-collection/rights-and-access/","noise|uneven_exposure","2","texture_catalog_match_v1+source_attribute_v1","","{""crack"": 0.0006, ""dust"": 0.0023, ""fold"": 0.004, ""missing_region"": 0.0039, ""mold"": 0.0063, ""scratch"": 0.0027, ""stain"": 0.0086, ""tear"": 0.0046}","{}","0","0","0","0","0","0","0","0","0","0","0","1","0","1","fbbd1190f19a068c8851d2f65b14fbae7be2373fad25d7655492ef0cd41d32e6","993605","png"
"1240","damaged_obvious_000788","damaged_obvious","788","2004664199","1270.png","damaged_obvious_000788.png","dataset_images/damaged_obvious/damaged_obvious_000788.png","1c8e688616379ad091915f6dcbb4a5b2450291f6b00dbe7e9565dae14900bfc9","733","928","single_portrait","RGB","existing_damage","test","real_damaged","Library of Congress","https://www.loc.gov/item/2004664199/","Public Domain","https://www.loc.gov/collections/daguerreotypes/about-this-collection/rights-and-access/","noise","1","texture_catalog_match_v1+source_attribute_v1","","{""crack"": 0.004, ""dust"": 0.0106, ""fold"": 0.0171, ""missing_region"": 0.0339, ""mold"": 0.0219, ""scratch"": 0.0106, ""stain"": 0.0306, ""tear"": 0.0339}","{}","0","0","0","0","0","0","0","0","0","0","0","1","0","0","d4f51d0d3638b934bd321830c3d1d01dc613283bf80685fccd09b6dcb5818dd9","993558","png"
"1241","damaged_obvious_000789","damaged_obvious","789","2004664200","1271.png","damaged_obvious_000789.png","dataset_images/damaged_obvious/damaged_obvious_000789.png","89b864c395970c1abda904e8732378a735d56682a0de3cd29f182ef780ad9634","699","929","single_portrait","RGB","existing_damage","train","real_damaged","Library of Congress","https://www.loc.gov/item/2004664200/","Public Domain","https://www.loc.gov/collections/daguerreotypes/about-this-collection/rights-and-access/","noise|uneven_exposure","2","texture_catalog_match_v1+source_attribute_v1","","{""crack"": 0.0004, ""dust"": 0.0016, ""fold"": 0.0027, ""missing_region"": 0.0259, ""mold"": 0.0059, ""scratch"": 0.0021, ""stain"": 0.0156, ""tear"": 0.0259}","{}","0","0","0","0","0","0","0","0","0","0","0","1","0","1","d2e3d83eec210d8e226383cba0e4e0a07b5acd2a3e2c7ee61f456b3b82046de2","966618","png"
"1242","damaged_obvious_000790","damaged_obvious","790","2004664202","1272.png","damaged_obvious_000790.png","dataset_images/damaged_obvious/damaged_obvious_000790.png","e57778742120b9ed088469e3da48e19989421c8d3a21c00aabd423ad09453f0e","729","927","single_portrait","RGB","existing_damage","train","real_damaged","Library of Congress","https://www.loc.gov/item/2004664202/","Public Domain","https://www.loc.gov/collections/daguerreotypes/about-this-collection/rights-and-access/","noise|uneven_exposure","2","texture_catalog_match_v1+source_attribute_v1","","{""crack"": 0.0013, ""dust"": 0.003, ""fold"": 0.008, ""missing_region"": 0.0045, ""mold"": 0.0079, ""scratch"": 0.0045, ""stain"": 0.0077, ""tear"": 0.0071}","{}","0","0","0","0","0","0","0","0","0","0","0","1","0","1","435a7462d769573d4177b06b2b238543f3070696f279cdc616e9b7b298d71779","1001440","png"
"1243","damaged_obvious_000791","damaged_obvious","791","2004664203","1273.png","damaged_obvious_000791.png","dataset_images/damaged_obvious/damaged_obvious_000791.png","a3b7648ed723d23864f2d6e08796e7ebbf0ad970644bdc4d0f1838e574a74cb5","727","925","single_portrait","RGB","existing_damage","test","real_damaged","Library of Congress","https://www.loc.gov/item/2004664203/","Public Domain","https://www.loc.gov/collections/daguerreotypes/about-this-collection/rights-and-access/","noise|uneven_exposure","2","texture_catalog_match_v1+source_attribute_v1","","{""crack"": 0.0354, ""dust"": 0.0555, ""fold"": 0.0627, ""missing_region"": 0.0668, ""mold"": 0.0744, ""scratch"": 0.0612, ""stain"": 0.0977, ""tear"": 0.0949}","{}","0","0","0","0","0","0","0","0","0","0","0","1","0","1","049cb82f1f5dbc456d569940ecbe22199a1a42864bc5c449c63fbdbaa06a5195","998321","png"
"1244","damaged_obvious_000792","damaged_obvious","792","2004664204","1274.png","damaged_obvious_000792.png","dataset_images/damaged_obvious/damaged_obvious_000792.png","fc7122fef8ff7ba1894b42b741661fabe10187c397c76883e1c9d41903d43c73","732","938","single_portrait","RGB","existing_damage","train","real_damaged","Library of Congress","https://www.loc.gov/item/2004664204/","Public Domain","https://www.loc.gov/collections/daguerreotypes/about-this-collection/rights-and-access/","noise","1","texture_catalog_match_v1+source_attribute_v1","","{""crack"": 0.0074, ""dust"": 0.012, ""fold"": 0.0243, ""missing_region"": 0.0177, ""mold"": 0.0258, ""scratch"": 0.0169, ""stain"": 0.0291, ""tear"": 0.036}","{}","0","0","0","0","0","0","0","0","0","0","0","1","0","0","8698ad019b58dadc828fe3144a101e0ea171fdb89706c9cdcf25e38498ff6384","921863","png"
"1245","damaged_obvious_000793","damaged_obvious","793","2004664205","1275.png","damaged_obvious_000793.png","dataset_images/damaged_obvious/damaged_obvious_000793.png","36c2a7239c06dd6cb706b358052a6c508606898b2347003d6bc4661be6d31317","769","998","single_portrait","RGB","existing_damage","train","real_damaged","Library of Congress","https://www.loc.gov/item/2004664205/","Public Domain","https://www.loc.gov/collections/daguerreotypes/about-this-collection/rights-and-access/","noise","1","texture_catalog_match_v1+source_attribute_v1","","{""crack"": 0.0196, ""dust"": 0.0381, ""fold"": 0.1095, ""missing_region"": 0.049, ""mold"": 0.1229, ""scratch"": 0.0334, ""stain"": 0.1346, ""tear"": 0.0995}","{}","0","0","0","0","0","0","0","0","0","0","0","1","0","0","fe625cc35e51e08b582d28008dd9c3a63f0043908e04150ec101336e838e7824","1151390","png"
"1246","damaged_obvious_000794","damaged_obvious","794","2004664206","1276.png","damaged_obvious_000794.png","dataset_images/damaged_obvious/damaged_obvious_000794.png","d28d77d30b7426ade6c761bde68ddc537b67f52cd7768b4ff1d572fe01e5e626","823","1024","single_portrait","RGB","existing_damage","test","real_damaged","Library of Congress","https://www.loc.gov/item/2004664206/","Public Domain","https://www.loc.gov/collections/daguerreotypes/about-this-collection/rights-and-access/","noise","1","texture_catalog_match_v1+source_attribute_v1","","{""crack"": 0.0066, ""dust"": 0.0191, ""fold"": 0.0286, ""missing_region"": 0.0341, ""mold"": 0.0444, ""scratch"": 0.0182, ""stain"": 0.0454, ""tear"": 0.0341}","{}","0","0","0","0","0","0","0","0","0","0","0","1","0","0","d28d77d30b7426ade6c761bde68ddc537b67f52cd7768b4ff1d572fe01e5e626","688171","png"
"1247","damaged_obvious_000795","damaged_obvious","795","2004664207","1277.png","damaged_obvious_000795.png","dataset_images/damaged_obvious/damaged_obvious_000795.png","73d8dea9013045072ffb9423ba6c87804908c86f40fff67353ff1c4ecada9e59","818","1024","single_portrait","RGB","existing_damage","train","real_damaged","Library of Congress","https://www.loc.gov/item/2004664207/","Public Domain","https://www.loc.gov/collections/daguerreotypes/about-this-collection/rights-and-access/","noise","1","texture_catalog_match_v1+source_attribute_v1","","{""crack"": 0.0015, ""dust"": 0.0051, ""fold"": 0.0069, ""missing_region"": 0.0272, ""mold"": 0.0182, ""scratch"": 0.0063, ""stain"": 0.0261, ""tear"": 0.0272}","{}","0","0","0","0","0","0","0","0","0","0","0","1","0","0","73d8dea9013045072ffb9423ba6c87804908c86f40fff67353ff1c4ecada9e59","673922","png"
"1248","damaged_obvious_000796","damaged_obvious","796","2004664208","1278.png","damaged_obvious_000796.png","dataset_images/damaged_obvious/damaged_obvious_000796.png","2d009b8d3f71796ff1d1b725179c42cfeff49bc53beccab1c0b156c049aecd78","753","949","single_portrait","RGB","existing_damage","train","real_damaged","Library of Congress","https://www.loc.gov/item/2004664208/","Public Domain","https://www.loc.gov/collections/daguerreotypes/about-this-collection/rights-and-access/","noise|uneven_exposure","2","texture_catalog_match_v1+source_attribute_v1","","{""crack"": 0.0038, ""dust"": 0.0053, ""fold"": 0.0097, ""missing_region"": 0.017, ""mold"": 0.0108, ""scratch"": 0.0044, ""stain"": 0.0109, ""tear"": 0.017}","{}","0","0","0","0","0","0","0","0","0","0","0","1","0","1","a8b374a197af4f3e9b2548cc6731fdf378467e2ac5ccd22a6dd35aa29b5c7bb3","967741","png"
"1249","damaged_obvious_000797","damaged_obvious","797","2004664209","1279.png","damaged_obvious_000797.png","dataset_images/damaged_obvious/damaged_obvious_000797.png","4515f1ddd9e81dd6539572f2dd17df9a172a5b65d3f54c6f371353317839993b","754","977","single_portrait","RGB","existing_damage","train","real_damaged","Library of Congress","https://www.loc.gov/item/2004664209/","Public Domain","https://www.loc.gov/collections/daguerreotypes/about-this-collection/rights-and-access/","noise","1","texture_catalog_match_v1+source_attribute_v1","","{""crack"": 0.0159, ""dust"": 0.0207, ""fold"": 0.0357, ""missing_region"": 0.0375, ""mold"": 0.0353, ""scratch"": 0.0221, ""stain"": 0.0614, ""tear"": 0.044}","{}","0","0","0","0","0","0","0","0","0","0","0","1","0","0","9a0081a526b30611a1668e2dce59c13fd524b755841957a4c87eacbf8cf084fb","902264","png"
"1250","damaged_obvious_000798","damaged_obvious","798","2004664210","1280.png","damaged_obvious_000798.png","dataset_images/damaged_obvious/damaged_obvious_000798.png","fd13dcb98fc57e7f68a2178481168a67180a849e398bf31c4cb03daf8fde9cb9","753","946","single_portrait","RGB","existing_damage","train","real_damaged","Library of Congress","https://www.loc.gov/item/2004664210/","Public Domain","https://www.loc.gov/collections/daguerreotypes/about-this-collection/rights-and-access/","noise","1","texture_catalog_match_v1+source_attribute_v1","","{""crack"": 0.0078, ""dust"": 0.022, ""fold"": 0.07, ""missing_region"": 0.0414, ""mold"": 0.0624, ""scratch"": 0.0211, ""stain"": 0.0665, ""tear"": 0.0449}","{}","0","0","0","0","0","0","0","0","0","0","0","1","0","0","ec4ac21162239c812f95c80ff8264d0e070ba1250aebef534fdf94b163c68752","1032327","png"
"1252","damaged_obvious_000799","damaged_obvious","799","2004664212","1282.png","damaged_obvious_000799.png","dataset_images/damaged_obvious/damaged_obvious_000799.png","364ce8cf8230149b7dd6b2307abe395b5fd93be29cd1129b8b819a6db8410639","738","937","single_portrait","RGB","existing_damage","validation","real_damaged","Library of Congress","https://www.loc.gov/item/2004664212/","Public Domain","https://www.loc.gov/collections/daguerreotypes/about-this-collection/rights-and-access/","noise","1","texture_catalog_match_v1+source_attribute_v1","","{""crack"": 0.0031, ""dust"": 0.0124, ""fold"": 0.0394, ""missing_region"": 0.0572, ""mold"": 0.0493, ""scratch"": 0.0128, ""stain"": 0.0466, ""tear"": 0.0572}","{}","0","0","0","0","0","0","0","0","0","0","0","1","0","0","c6fbb91fec3f870a7f8a72f95f5451996533529cf8d13c740449252a9b5ad784","1116178","png"
"1253","damaged_obvious_000800","damaged_obvious","800","2004664213","1283.png","damaged_obvious_000800.png","dataset_images/damaged_obvious/damaged_obvious_000800.png","9991ea36191c798a40c1d0ddb6a59254535764954c43c48596a4220440c855c1","758","959","single_portrait","RGB","existing_damage","train","real_damaged","Library of Congress","https://www.loc.gov/item/2004664213/","Public Domain","https://www.loc.gov/collections/daguerreotypes/about-this-collection/rights-and-access/","noise","1","texture_catalog_match_v1+source_attribute_v1","","{""crack"": 0.003, ""dust"": 0.0131, ""fold"": 0.085, ""missing_region"": 0.0559, ""mold"": 0.0989, ""scratch"": 0.0202, ""stain"": 0.1168, ""tear"": 0.078}","{}","0","0","0","0","0","0","0","0","0","0","0","1","0","0","92967343168cc62efef8299f3351d1d4e129765a33a9349aff8cc54d44021497","1198960","png"
"1254","damaged_obvious_000801","damaged_obvious","801","2004664214","1284.png","damaged_obvious_000801.png","dataset_images/damaged_obvious/damaged_obvious_000801.png","cbb144dc0195d388b6036daf283fadfbd5cd9c448635afc3f1e3c88f3f9e02dc","741","957","single_portrait","RGB","existing_damage","train","real_damaged","Library of Congress","https://www.loc.gov/item/2004664214/","Public Domain","https://www.loc.gov/collections/daguerreotypes/about-this-collection/rights-and-access/","noise","1","texture_catalog_match_v1+source_attribute_v1","","{""crack"": 0.0057, ""dust"": 0.0121, ""fold"": 0.0315, ""missing_region"": 0.0266, ""mold"": 0.0419, ""scratch"": 0.014, ""stain"": 0.0433, ""tear"": 0.0483}","{}","0","0","0","0","0","0","0","0","0","0","0","1","0","0","a20e7ccd9ce5bacc9b637103d6dbb42424e87dd98e039a441731897d575991b4","1060340","png"
"1255","damaged_obvious_000802","damaged_obvious","802","2004664215","1285.png","damaged_obvious_000802.png","dataset_images/damaged_obvious/damaged_obvious_000802.png","5ecb41852781c852c757244c0eb828d09fd9dcd59932f86e677ad22164686019","729","958","single_portrait","RGB","existing_damage","train","real_damaged","Library of Congress","https://www.loc.gov/item/2004664215/","Public Domain","https://www.loc.gov/collections/daguerreotypes/about-this-collection/rights-and-access/","noise","1","texture_catalog_match_v1+source_attribute_v1","","{""crack"": 0.0001, ""dust"": 0.0015, ""fold"": 0.0044, ""missing_region"": 0.0114, ""mold"": 0.0112, ""scratch"": 0.0024, ""stain"": 0.0223, ""tear"": 0.0658}","{}","0","0","0","0","0","0","0","0","0","0","0","1","0","0","6ed1c96534d48529ffabeecb85f09ee3d4035acb23fccbadfc03340651ee2e83","1174798","png"
"1256","damaged_obvious_000803","damaged_obvious","803","2004664216","1286.png","damaged_obvious_000803.png","dataset_images/damaged_obvious/damaged_obvious_000803.png","3bc9d8673bdf2b7ad4e459f7724d392d601fc465059dad6a729016d83193af4a","816","1024","single_portrait","RGB","existing_damage","train","real_damaged","Library of Congress","https://www.loc.gov/item/2004664216/","Public Domain","https://www.loc.gov/collections/daguerreotypes/about-this-collection/rights-and-access/","fold|noise","2","texture_catalog_match_v1+source_attribute_v1","fold","{""crack"": 0.0071, ""dust"": 0.0289, ""fold"": 0.2135, ""missing_region"": 0.0663, ""mold"": 0.1278, ""scratch"": 0.0338, ""stain"": 0.114, ""tear"": 0.1109}","{""fold"": [""123.jpg"", ""032.jpg"", ""175.jpg""]}","0","0","1","0","0","0","0","0","0","0","0","1","0","0","3bc9d8673bdf2b7ad4e459f7724d392d601fc465059dad6a729016d83193af4a","688582","png"
"1257","damaged_obvious_000804","damaged_obvious","804","2004664217","1287.png","damaged_obvious_000804.png","dataset_images/damaged_obvious/damaged_obvious_000804.png","c88d0e8430b2bf53bfaec161a24049a721ac3ad03bdebf3880bb7c709039d545","745","949","single_portrait","RGB","existing_damage","train","real_damaged","Library of Congress","https://www.loc.gov/item/2004664217/","Public Domain","https://www.loc.gov/collections/daguerreotypes/about-this-collection/rights-and-access/","noise","1","texture_catalog_match_v1+source_attribute_v1","","{""crack"": 0.0008, ""dust"": 0.0024, ""fold"": 0.0088, ""missing_region"": 0.0147, ""mold"": 0.0163, ""scratch"": 0.0073, ""stain"": 0.0145, ""tear"": 0.0219}","{}","0","0","0","0","0","0","0","0","0","0","0","1","0","0","144965d53eda4f65e489d3f54f3df12d10ef8b07f4e2aa393940286bbafe83f4","1062904","png"
"1258","damaged_obvious_000805","damaged_obvious","805","2004664218","1288.png","damaged_obvious_000805.png","dataset_images/damaged_obvious/damaged_obvious_000805.png","d10a11ebbebe03fa3f73c297cbeb0684f870e564873e8ddcce2654c3ca5378c1","754","949","single_portrait","RGB","existing_damage","train","real_damaged","Library of Congress","https://www.loc.gov/item/2004664218/","Public Domain","https://www.loc.gov/collections/daguerreotypes/about-this-collection/rights-and-access/","noise|uneven_exposure","2","texture_catalog_match_v1+source_attribute_v1","","{""crack"": 0.0012, ""dust"": 0.0048, ""fold"": 0.0082, ""missing_region"": 0.0253, ""mold"": 0.0108, ""scratch"": 0.0036, ""stain"": 0.0202, ""tear"": 0.0253}","{}","0","0","0","0","0","0","0","0","0","0","0","1","0","1","38cffc61f62c72f5fd0568646a36a69fb844a266d01f1d67cfcbbef55b9e68cf","998115","png"
"1259","damaged_obvious_000806","damaged_obvious","806","2004664219","1289.png","damaged_obvious_000806.png","dataset_images/damaged_obvious/damaged_obvious_000806.png","a186450a066978cf164572dd8a24593d1673ef35af04c9bbb4c68b6c9ea4737c","763","958","single_portrait","RGB","existing_damage","train","real_damaged","Library of Congress","https://www.loc.gov/item/2004664219/","Public Domain","https://www.loc.gov/collections/daguerreotypes/about-this-collection/rights-and-access/","noise","1","texture_catalog_match_v1+source_attribute_v1","","{""crack"": 0.0021, ""dust"": 0.0143, ""fold"": 0.0636, ""missing_region"": 0.0486, ""mold"": 0.0773, ""scratch"": 0.0152, ""stain"": 0.1016, ""tear"": 0.0948}","{}","0","0","0","0","0","0","0","0","0","0","0","1","0","0","9462bf048aaaafb771a0f5808b18799415cc668548585c4d4a59e13f07944221","1108764","png"
"1260","damaged_obvious_000807","damaged_obvious","807","2004664243","1290.png","damaged_obvious_000807.png","dataset_images/damaged_obvious/damaged_obvious_000807.png","85bfb3d949fa0ef8eb5ee98f47a52a8bc3e4830b4eb529b0020f42a4fd3ed95d","601","740","single_portrait","RGB","existing_damage","test","real_damaged","Library of Congress","https://www.loc.gov/item/2004664243/","Public Domain","https://www.loc.gov/collections/daguerreotypes/about-this-collection/rights-and-access/","noise","1","texture_catalog_match_v1+source_attribute_v1","","{""crack"": 0.0023, ""dust"": 0.0097, ""fold"": 0.0185, ""missing_region"": 0.0262, ""mold"": 0.0219, ""scratch"": 0.0112, ""stain"": 0.0344, ""tear"": 0.0657}","{}","0","0","0","0","0","0","0","0","0","0","0","1","0","0","04f6b42eb32f61c29e88030f533b12dc37956ac4f9eb03b13129336cbffb37c0","989501","png"
"1261","damaged_obvious_000808","damaged_obvious","808","2004664244","1291.png","damaged_obvious_000808.png","dataset_images/damaged_obvious/damaged_obvious_000808.png","682a545bbb32f9893583b2456c338e66bb29eedb9b7ebb28da4d39822673107e","812","1024","single_portrait","RGB","existing_damage","train","real_damaged","Library of Congress","https://www.loc.gov/item/2004664244/","Public Domain","https://www.loc.gov/collections/daguerreotypes/about-this-collection/rights-and-access/","noise","1","texture_catalog_match_v1+source_attribute_v1","","{""crack"": 0.0026, ""dust"": 0.008, ""fold"": 0.0148, ""missing_region"": 0.0209, ""mold"": 0.0214, ""scratch"": 0.0094, ""stain"": 0.0214, ""tear"": 0.0409}","{}","0","0","0","0","0","0","0","0","0","0","0","1","0","0","682a545bbb32f9893583b2456c338e66bb29eedb9b7ebb28da4d39822673107e","660674","png"
"1262","damaged_obvious_000809","damaged_obvious","809","2004664245","1292.png","damaged_obvious_000809.png","dataset_images/damaged_obvious/damaged_obvious_000809.png","cc81ad3811b6b8a9a1a3b1ecb8d82b36189ccc823516437ba38f7dc9758b3099","830","1024","single_portrait","RGB","existing_damage","train","real_damaged","Library of Congress","https://www.loc.gov/item/2004664245/","Public Domain","https://www.loc.gov/collections/daguerreotypes/about-this-collection/rights-and-access/","noise","1","texture_catalog_match_v1+source_attribute_v1","","{""crack"": 0.0023, ""dust"": 0.0058, ""fold"": 0.0125, ""missing_region"": 0.0096, ""mold"": 0.0115, ""scratch"": 0.0073, ""stain"": 0.0146, ""tear"": 0.0129}","{}","0","0","0","0","0","0","0","0","0","0","0","1","0","0","cc81ad3811b6b8a9a1a3b1ecb8d82b36189ccc823516437ba38f7dc9758b3099","690107","png"
"1263","damaged_obvious_000810","damaged_obvious","810","2004664246","1293.png","damaged_obvious_000810.png","dataset_images/damaged_obvious/damaged_obvious_000810.png","831e35e374090a90afdecb671c946e58ce1541c5df3b1ce8fd601cea68ce4679","811","1024","single_portrait","RGB","existing_damage","train","real_damaged","Library of Congress","https://www.loc.gov/item/2004664246/","Public Domain","https://www.loc.gov/collections/daguerreotypes/about-this-collection/rights-and-access/","noise","1","texture_catalog_match_v1+source_attribute_v1","","{""crack"": 0.0052, ""dust"": 0.0229, ""fold"": 0.1198, ""missing_region"": 0.047, ""mold"": 0.0832, ""scratch"": 0.0309, ""stain"": 0.0679, ""tear"": 0.0662}","{}","0","0","0","0","0","0","0","0","0","0","0","1","0","0","831e35e374090a90afdecb671c946e58ce1541c5df3b1ce8fd601cea68ce4679","687046","png"
"1264","damaged_obvious_000811","damaged_obvious","811","2004664247","1294.png","damaged_obvious_000811.png","dataset_images/damaged_obvious/damaged_obvious_000811.png","1b2a09e72873c1f69fbb1f51038cda2605c9f09d5c8cce7aa6fdd72282d16274","576","654","single_portrait","RGB","existing_damage","test","real_damaged","Library of Congress","https://www.loc.gov/item/2004664247/","Public Domain","https://www.loc.gov/collections/daguerreotypes/about-this-collection/rights-and-access/","noise","1","texture_catalog_match_v1+source_attribute_v1","","{""crack"": 0.0173, ""dust"": 0.0236, ""fold"": 0.0436, ""missing_region"": 0.0243, ""mold"": 0.0487, ""scratch"": 0.0208, ""stain"": 0.0994, ""tear"": 0.0702}","{}","0","0","0","0","0","0","0","0","0","0","0","1","0","0","35c24a16af3d5204c8201d0a4e674fcce0da01fc5a461ff548f9697218b85827","504442","png"
"1265","damaged_obvious_000812","damaged_obvious","812","2004664248","1295.png","damaged_obvious_000812.png","dataset_images/damaged_obvious/damaged_obvious_000812.png","3541e59dee9c8c31a19ec4ef2f6a185d7f8742715893b9ceb39c02247457af0d","805","1024","single_portrait","RGB","existing_damage","test","real_damaged","Library of Congress","https://www.loc.gov/item/2004664248/","Public Domain","https://www.loc.gov/collections/daguerreotypes/about-this-collection/rights-and-access/","noise","1","texture_catalog_match_v1+source_attribute_v1","","{""crack"": 0.0041, ""dust"": 0.0104, ""fold"": 0.0289, ""missing_region"": 0.0204, ""mold"": 0.029, ""scratch"": 0.0196, ""stain"": 0.1123, ""tear"": 0.0386}","{}","0","0","0","0","0","0","0","0","0","0","0","1","0","0","3541e59dee9c8c31a19ec4ef2f6a185d7f8742715893b9ceb39c02247457af0d","693949","png"
"1266","damaged_obvious_000813","damaged_obvious","813","2004664249","1296.png","damaged_obvious_000813.png","dataset_images/damaged_obvious/damaged_obvious_000813.png","abf9f3099999c62c603b9b6f82a0633d64db37377c2dd625175497834d5a1c13","803","1024","single_portrait","RGB","existing_damage","train","real_damaged","Library of Congress","https://www.loc.gov/item/2004664249/","Public Domain","https://www.loc.gov/collections/daguerreotypes/about-this-collection/rights-and-access/","noise","1","texture_catalog_match_v1+source_attribute_v1","","{""crack"": 0.0172, ""dust"": 0.0355, ""fold"": 0.0605, ""missing_region"": 0.041, ""mold"": 0.0683, ""scratch"": 0.0284, ""stain"": 0.1078, ""tear"": 0.075}","{}","0","0","0","0","0","0","0","0","0","0","0","1","0","0","abf9f3099999c62c603b9b6f82a0633d64db37377c2dd625175497834d5a1c13","700091","png"
"1267","damaged_obvious_000814","damaged_obvious","814","2004664250","1297.png","damaged_obvious_000814.png","dataset_images/damaged_obvious/damaged_obvious_000814.png","fa32b9e0193ef661988479c69c082bf7264b76abc2c0b33840759495a660df80","822","1024","single_portrait","RGB","existing_damage","test","real_damaged","Library of Congress","https://www.loc.gov/item/2004664250/","Public Domain","https://www.loc.gov/collections/daguerreotypes/about-this-collection/rights-and-access/","noise","1","texture_catalog_match_v1+source_attribute_v1","","{""crack"": 0.0093, ""dust"": 0.0272, ""fold"": 0.046, ""missing_region"": 0.025, ""mold"": 0.0489, ""scratch"": 0.0179, ""stain"": 0.0528, ""tear"": 0.0341}","{}","0","0","0","0","0","0","0","0","0","0","0","1","0","0","fa32b9e0193ef661988479c69c082bf7264b76abc2c0b33840759495a660df80","699712","png"
"1268","damaged_obvious_000815","damaged_obvious","815","2004664251","1298.png","damaged_obvious_000815.png","dataset_images/damaged_obvious/damaged_obvious_000815.png","e4735e2a1458467ae10e1dc6cdc8791c996fd2cbb536712a4974891dedd2f401","814","1024","single_portrait","RGB","existing_damage","train","real_damaged","Library of Congress","https://www.loc.gov/item/2004664251/","Public Domain","https://www.loc.gov/collections/daguerreotypes/about-this-collection/rights-and-access/","noise","1","texture_catalog_match_v1+source_attribute_v1","","{""crack"": 0.0025, ""dust"": 0.0141, ""fold"": 0.0285, ""missing_region"": 0.0342, ""mold"": 0.0534, ""scratch"": 0.0192, ""stain"": 0.0453, ""tear"": 0.053}","{}","0","0","0","0","0","0","0","0","0","0","0","1","0","0","e4735e2a1458467ae10e1dc6cdc8791c996fd2cbb536712a4974891dedd2f401","724439","png"
"1269","damaged_obvious_000816","damaged_obvious","816","2004664252","1299.png","damaged_obvious_000816.png","dataset_images/damaged_obvious/damaged_obvious_000816.png","f6337e7f178a43a4542bdb801c86336db62b013b2f75332d2b7b42b77d1b7acc","816","1024","single_portrait","RGB","existing_damage","train","real_damaged","Library of Congress","https://www.loc.gov/item/2004664252/","Public Domain","https://www.loc.gov/collections/daguerreotypes/about-this-collection/rights-and-access/","noise","1","texture_catalog_match_v1+source_attribute_v1","","{""crack"": 0.0043, ""dust"": 0.0186, ""fold"": 0.0405, ""missing_region"": 0.049, ""mold"": 0.077, ""scratch"": 0.0201, ""stain"": 0.0629, ""tear"": 0.0574}","{}","0","0","0","0","0","0","0","0","0","0","0","1","0","0","f6337e7f178a43a4542bdb801c86336db62b013b2f75332d2b7b42b77d1b7acc","723052","png"
"1270","damaged_obvious_000817","damaged_obvious","817","2004664253","1300.png","damaged_obvious_000817.png","dataset_images/damaged_obvious/damaged_obvious_000817.png","36aa8636cca091a40d62122027fa3300a8a67c190ea702365ab1b0cd83407694","818","1024","single_portrait","RGB","existing_damage","train","real_damaged","Library of Congress","https://www.loc.gov/item/2004664253/","Public Domain","https://www.loc.gov/collections/daguerreotypes/about-this-collection/rights-and-access/","noise|uneven_exposure","2","texture_catalog_match_v1+source_attribute_v1","","{""crack"": 0.0008, ""dust"": 0.0037, ""fold"": 0.01, ""missing_region"": 0.0153, ""mold"": 0.0192, ""scratch"": 0.0086, ""stain"": 0.0163, ""tear"": 0.0204}","{}","0","0","0","0","0","0","0","0","0","0","0","1","0","1","36aa8636cca091a40d62122027fa3300a8a67c190ea702365ab1b0cd83407694","716114","png"
"1271","damaged_obvious_000818","damaged_obvious","818","2004664254","1301.png","damaged_obvious_000818.png","dataset_images/damaged_obvious/damaged_obvious_000818.png","2c052fba5c99b9e0ade180ffb38cc1bc6f2ec37e231436694f4265e6ff4d4902","805","1024","group_portrait","RGB","existing_damage","train","real_damaged","Library of Congress","https://www.loc.gov/item/2004664254/","Public Domain","https://www.loc.gov/collections/daguerreotypes/about-this-collection/rights-and-access/","noise","1","texture_catalog_match_v1+source_attribute_v1","","{""crack"": 0.0062, ""dust"": 0.013, ""fold"": 0.0232, ""missing_region"": 0.0369, ""mold"": 0.0539, ""scratch"": 0.0187, ""stain"": 0.0619, ""tear"": 0.0403}","{}","0","0","0","0","0","0","0","0","0","0","0","1","0","0","2c052fba5c99b9e0ade180ffb38cc1bc6f2ec37e231436694f4265e6ff4d4902","685512","png"
"1272","damaged_obvious_000819","damaged_obvious","819","2004664255","1302.png","damaged_obvious_000819.png","dataset_images/damaged_obvious/damaged_obvious_000819.png","cb7a6ba64fcde9c2637baf70cf6a83f959230daf887bf09cfa2ac55d7bd66edb","806","1024","single_portrait","RGB","existing_damage","validation","real_damaged","Library of Congress","https://www.loc.gov/item/2004664255/","Public Domain","https://www.loc.gov/collections/daguerreotypes/about-this-collection/rights-and-access/","noise","1","texture_catalog_match_v1+source_attribute_v1","","{""crack"": 0.0084, ""dust"": 0.0166, ""fold"": 0.0203, ""missing_region"": 0.0266, ""mold"": 0.0262, ""scratch"": 0.0136, ""stain"": 0.0587, ""tear"": 0.0309}","{}","0","0","0","0","0","0","0","0","0","0","0","1","0","0","cb7a6ba64fcde9c2637baf70cf6a83f959230daf887bf09cfa2ac55d7bd66edb","713578","png"
"1273","damaged_obvious_000820","damaged_obvious","820","2004664293","1303.png","damaged_obvious_000820.png","dataset_images/damaged_obvious/damaged_obvious_000820.png","1733f7aaa3938885bdb11f6dcad0ef672221b5a1b2907cc52bbdd09885f681d2","576","707","single_portrait","RGB","existing_damage","validation","real_damaged","Library of Congress","https://www.loc.gov/item/2004664293/","Public Domain","https://www.loc.gov/collections/daguerreotypes/about-this-collection/rights-and-access/","noise","1","texture_catalog_match_v1+source_attribute_v1","","{""crack"": 0.0183, ""dust"": 0.0302, ""fold"": 0.0773, ""missing_region"": 0.0314, ""mold"": 0.0724, ""scratch"": 0.026, ""stain"": 0.1231, ""tear"": 0.0904}","{}","0","0","0","0","0","0","0","0","0","0","0","1","0","0","53b386c44c926cb11819c79ee6ab11cd64f74341327a7fa7817e771411de233d","670770","png"
"1274","damaged_obvious_000821","damaged_obvious","821","2004664294","1304.png","damaged_obvious_000821.png","dataset_images/damaged_obvious/damaged_obvious_000821.png","ddecfd3451698ce0eb22015ed431b7ebea2b57b3d95b527f4b8241d62ea7b28e","817","1024","single_portrait","RGB","existing_damage","train","real_damaged","Library of Congress","https://www.loc.gov/item/2004664294/","Public Domain","https://www.loc.gov/collections/daguerreotypes/about-this-collection/rights-and-access/","noise","1","texture_catalog_match_v1+source_attribute_v1","","{""crack"": 0.0094, ""dust"": 0.0226, ""fold"": 0.0363, ""missing_region"": 0.0227, ""mold"": 0.0372, ""scratch"": 0.018, ""stain"": 0.0508, ""tear"": 0.0472}","{}","0","0","0","0","0","0","0","0","0","0","0","1","0","0","ddecfd3451698ce0eb22015ed431b7ebea2b57b3d95b527f4b8241d62ea7b28e","705613","png"
"1275","damaged_obvious_000822","damaged_obvious","822","2004664295","1305.png","damaged_obvious_000822.png","dataset_images/damaged_obvious/damaged_obvious_000822.png","cef2702e050eab7ab7f7dd698ddc144a8141141935a42a4e3c298bc1154f5c40","826","1024","single_portrait","RGB","existing_damage","train","real_damaged","Library of Congress","https://www.loc.gov/item/2004664295/","Public Domain","https://www.loc.gov/collections/daguerreotypes/about-this-collection/rights-and-access/","noise","1","texture_catalog_match_v1+source_attribute_v1","","{""crack"": 0.0027, ""dust"": 0.0134, ""fold"": 0.0176, ""missing_region"": 0.0256, ""mold"": 0.0327, ""scratch"": 0.0132, ""stain"": 0.0354, ""tear"": 0.0365}","{}","0","0","0","0","0","0","0","0","0","0","0","1","0","0","cef2702e050eab7ab7f7dd698ddc144a8141141935a42a4e3c298bc1154f5c40","711468","png"
"1276","damaged_obvious_000823","damaged_obvious","823","2004664297","1306.png","damaged_obvious_000823.png","dataset_images/damaged_obvious/damaged_obvious_000823.png","645ed769afa6ef93127f8a217e0833539e3e3cb25f68dad1ec002996cca61046","640","785","single_portrait","RGB","existing_damage","validation","real_damaged","Library of Congress","https://www.loc.gov/item/2004664297/","Public Domain","https://www.loc.gov/collections/daguerreotypes/about-this-collection/rights-and-access/","color_cast","1","texture_catalog_match_v1+source_attribute_v1","","{""crack"": 0.0106, ""dust"": 0.0181, ""fold"": 0.0605, ""missing_region"": 0.0391, ""mold"": 0.0395, ""scratch"": 0.0189, ""stain"": 0.0582, ""tear"": 0.0442}","{}","0","0","0","0","0","0","0","0","0","1","0","0","0","0","bbe5510cbcb3816c70f8418eee592c802c69d30fbec0e98df6d22554814d7b07","756413","png"
"1277","damaged_obvious_000824","damaged_obvious","824","2004664314","1307.png","damaged_obvious_000824.png","dataset_images/damaged_obvious/damaged_obvious_000824.png","09253058b4b6457f53aba288725bfbb37d4b8548e2f371cb6e8894737d7bfc8e","626","775","single_portrait","RGB","existing_damage","train","real_damaged","Library of Congress","https://www.loc.gov/item/2004664314/","Public Domain","https://www.loc.gov/collections/daguerreotypes/about-this-collection/rights-and-access/","color_cast","1","texture_catalog_match_v1+source_attribute_v1","","{""crack"": 0.0128, ""dust"": 0.0185, ""fold"": 0.0561, ""missing_region"": 0.0494, ""mold"": 0.0553, ""scratch"": 0.0223, ""stain"": 0.0588, ""tear"": 0.0683}","{}","0","0","0","0","0","0","0","0","0","1","0","0","0","0","4f5e3dbf9870e23b66bfcdec0ca9ae2efdcc9a6f9f087d1e9ee079b33bdbf349","794089","png"
"1278","damaged_obvious_000825","damaged_obvious","825","2004664315","1308.png","damaged_obvious_000825.png","dataset_images/damaged_obvious/damaged_obvious_000825.png","bc66c3ccba1ceaf6f31b0df80e0caef2f34b2cb251e91d3f7cf31dde23e3ccf4","488","576","single_portrait","RGB","existing_damage","train","real_damaged","Library of Congress","https://www.loc.gov/item/2004664315/","Public Domain","https://www.loc.gov/collections/daguerreotypes/about-this-collection/rights-and-access/","noise","1","texture_catalog_match_v1+source_attribute_v1","","{""crack"": 0.018, ""dust"": 0.0269, ""fold"": 0.0755, ""missing_region"": 0.0404, ""mold"": 0.0534, ""scratch"": 0.0262, ""stain"": 0.0694, ""tear"": 0.0601}","{}","0","0","0","0","0","0","0","0","0","0","0","1","0","0","95fc5319bafb4d802f07801dffa99edee19d395a73520447ddf2684dc2a94380","361550","png"
"1279","damaged_obvious_000826","damaged_obvious","826","2004664343","1309.png","damaged_obvious_000826.png","dataset_images/damaged_obvious/damaged_obvious_000826.png","b87811643cb184d5d1768c344ce963c4744a2a3f8628b836d9ec74734a376187","551","697","single_portrait","RGB","existing_damage","train","real_damaged","Library of Congress","https://www.loc.gov/item/2004664343/","Public Domain","https://www.loc.gov/collections/daguerreotypes/about-this-collection/rights-and-access/","noise","1","texture_catalog_match_v1+source_attribute_v1","","{""crack"": 0.0054, ""dust"": 0.0188, ""fold"": 0.0652, ""missing_region"": 0.041, ""mold"": 0.0388, ""scratch"": 0.0189, ""stain"": 0.0648, ""tear"": 0.0513}","{}","0","0","0","0","0","0","0","0","0","0","0","1","0","0","7474a221d1a95689cdab575ed1dff13599f6c1a80287668243db4be4291d4f9e","513539","png"
"1280","damaged_obvious_000827","damaged_obvious","827","2004664347","1310.png","damaged_obvious_000827.png","dataset_images/damaged_obvious/damaged_obvious_000827.png","b1fa9af752071221a2e22d73cafd8068151ed6f29aa4b1397679ded28b8bdb57","507","623","single_portrait","RGB","existing_damage","train","real_damaged","Library of Congress","https://www.loc.gov/item/2004664347/","Public Domain","https://www.loc.gov/collections/daguerreotypes/about-this-collection/rights-and-access/","noise","1","texture_catalog_match_v1+source_attribute_v1","","{""crack"": 0.0335, ""dust"": 0.0398, ""fold"": 0.074, ""missing_region"": 0.0545, ""mold"": 0.0959, ""scratch"": 0.0393, ""stain"": 0.1261, ""tear"": 0.1099}","{}","0","0","0","0","0","0","0","0","0","0","0","1","0","0","b6ecbd1b57ece6a24bfce26e862135c281fb97bbf24be60572d3daa6b3cd5e99","415250","png"
"1281","damaged_obvious_000828","damaged_obvious","828","2004664349","1311.png","damaged_obvious_000828.png","dataset_images/damaged_obvious/damaged_obvious_000828.png","33af5ac60bc2dc73203ad97fad8763c915cb2734b9be8e438947c2351ca59c47","659","790","single_portrait","RGB","existing_damage","train","real_damaged","Library of Congress","https://www.loc.gov/item/2004664349/","Public Domain","https://www.loc.gov/collections/daguerreotypes/about-this-collection/rights-and-access/","color_cast","1","texture_catalog_match_v1+source_attribute_v1","","{""crack"": 0.0035, ""dust"": 0.0152, ""fold"": 0.0401, ""missing_region"": 0.0494, ""mold"": 0.0565, ""scratch"": 0.0238, ""stain"": 0.0657, ""tear"": 0.0494}","{}","0","0","0","0","0","0","0","0","0","1","0","0","0","0","e9acf59f5f9e78eb62d5bdb2ff8a5c64661096c973967cd914aef25b673c4a75","784633","png"
"1282","damaged_obvious_000829","damaged_obvious","829","2004664350","1312.png","damaged_obvious_000829.png","dataset_images/damaged_obvious/damaged_obvious_000829.png","d70e5d9559b9fe0378965088ff5959e0ed5a12ecf83dce2ad4838d71f1c5be11","491","609","single_portrait","RGB","existing_damage","train","real_damaged","Library of Congress","https://www.loc.gov/item/2004664350/","Public Domain","https://www.loc.gov/collections/daguerreotypes/about-this-collection/rights-and-access/","noise","1","texture_catalog_match_v1+source_attribute_v1","","{""crack"": 0.0138, ""dust"": 0.0284, ""fold"": 0.0637, ""missing_region"": 0.0276, ""mold"": 0.0501, ""scratch"": 0.0237, ""stain"": 0.0996, ""tear"": 0.0802}","{}","0","0","0","0","0","0","0","0","0","0","0","1","0","0","2e65b7831c3307b13150a13d99de05f55861c595c41c1cad58bdcc5244fd3d1d","443166","png"
"1283","damaged_obvious_000830","damaged_obvious","830","2004664352","1313.png","damaged_obvious_000830.png","dataset_images/damaged_obvious/damaged_obvious_000830.png","bde58d0560ecba6faeb3ddd917af9cfae5aedc76cf280eb78d7f6919a3756b33","1854","2152","single_portrait","RGB","existing_damage","train","real_damaged","Library of Congress","https://www.loc.gov/item/2004664352/","Public Domain","https://www.loc.gov/collections/daguerreotypes/about-this-collection/rights-and-access/","noise","1","texture_catalog_match_v1+source_attribute_v1","","{""crack"": 0.0067, ""dust"": 0.0288, ""fold"": 0.0736, ""missing_region"": 0.0625, ""mold"": 0.0905, ""scratch"": 0.0353, ""stain"": 0.0807, ""tear"": 0.0864}","{}","0","0","0","0","0","0","0","0","0","0","0","1","0","0","bde58d0560ecba6faeb3ddd917af9cfae5aedc76cf280eb78d7f6919a3756b33","1734677","png"
"1284","damaged_obvious_000831","damaged_obvious","831","2004664353","1314.png","damaged_obvious_000831.png","dataset_images/damaged_obvious/damaged_obvious_000831.png","167bc19886ab212363eead7a5b4f42780fac08c90858f6f6ba902a67db96a76c","627","758","single_portrait","RGB","existing_damage","train","real_damaged","Library of Congress","https://www.loc.gov/item/2004664353/","Public Domain","https://www.loc.gov/collections/daguerreotypes/about-this-collection/rights-and-access/","color_cast","1","texture_catalog_match_v1+source_attribute_v1","","{""crack"": 0.009, ""dust"": 0.0171, ""fold"": 0.0678, ""missing_region"": 0.0324, ""mold"": 0.0351, ""scratch"": 0.0191, ""stain"": 0.0476, ""tear"": 0.0368}","{}","0","0","0","0","0","0","0","0","0","1","0","0","0","0","69c21949e8df3f977b42b70d7954682ee536eaffd019fd6fb18d0da961585941","691631","png"
"1285","damaged_obvious_000832","damaged_obvious","832","2004664354","1315.png","damaged_obvious_000832.png","dataset_images/damaged_obvious/damaged_obvious_000832.png","da818047942a2f1bc2b83fe9fd1604325d6bd397aadc4455e902d2cc6358cf83","652","793","single_portrait","RGB","existing_damage","test","real_damaged","Library of Congress","https://www.loc.gov/item/2004664354/","Public Domain","https://www.loc.gov/collections/daguerreotypes/about-this-collection/rights-and-access/","color_cast","1","texture_catalog_match_v1+source_attribute_v1","","{""crack"": 0.0099, ""dust"": 0.0125, ""fold"": 0.0358, ""missing_region"": 0.0288, ""mold"": 0.0467, ""scratch"": 0.0172, ""stain"": 0.0471, ""tear"": 0.0574}","{}","0","0","0","0","0","0","0","0","0","1","0","0","0","0","2b6691aac84507431e59f6d5fec487c2eadb046524cd7ea09fffd1e65ecf9223","812269","png"
"1286","damaged_obvious_000833","damaged_obvious","833","2004664356","1316.png","damaged_obvious_000833.png","dataset_images/damaged_obvious/damaged_obvious_000833.png","4e559fae5f3ca4d48c954f297bb91aea7e4c5363c5627544f91d39b905f6e337","654","804","single_portrait","RGB","existing_damage","train","real_damaged","Library of Congress","https://www.loc.gov/item/2004664356/","Public Domain","https://www.loc.gov/collections/daguerreotypes/about-this-collection/rights-and-access/","color_cast","1","texture_catalog_match_v1+source_attribute_v1","","{""crack"": 0.0135, ""dust"": 0.0321, ""fold"": 0.0869, ""missing_region"": 0.0364, ""mold"": 0.0896, ""scratch"": 0.0249, ""stain"": 0.1177, ""tear"": 0.0602}","{}","0","0","0","0","0","0","0","0","0","1","0","0","0","0","9715c34d8b9d4fc861745ef20d41bba054e957183c263fb0ab03f5c6fe25c3cb","847836","png"
"1287","damaged_obvious_000834","damaged_obvious","834","2004664360","1317.png","damaged_obvious_000834.png","dataset_images/damaged_obvious/damaged_obvious_000834.png","f5414f4360af2f89cb6f552a4ed91ae163ed87a1a906862a5718f4fed2ba8e78","646","803","single_portrait","RGB","existing_damage","train","real_damaged","Library of Congress","https://www.loc.gov/item/2004664360/","Public Domain","https://www.loc.gov/collections/daguerreotypes/about-this-collection/rights-and-access/","color_cast","1","texture_catalog_match_v1+source_attribute_v1","","{""crack"": 0.0109, ""dust"": 0.0267, ""fold"": 0.0464, ""missing_region"": 0.0451, ""mold"": 0.0644, ""scratch"": 0.0213, ""stain"": 0.074, ""tear"": 0.0766}","{}","0","0","0","0","0","0","0","0","0","1","0","0","0","0","a67dc33a52b3f7b5604bd934b00acefe4d2a319a3d14aa21f741e714b97183a4","883600","png"
"1288","damaged_obvious_000835","damaged_obvious","835","2004664361","1318.png","damaged_obvious_000835.png","dataset_images/damaged_obvious/damaged_obvious_000835.png","b876eb2a356939ef60dbd3171b376c723d83cfc8e6609eff6decb6673fe24f6d","506","628","single_portrait","RGB","existing_damage","test","real_damaged","Library of Congress","https://www.loc.gov/item/2004664361/","Public Domain","https://www.loc.gov/collections/daguerreotypes/about-this-collection/rights-and-access/","noise","1","texture_catalog_match_v1+source_attribute_v1","","{""crack"": 0.0191, ""dust"": 0.028, ""fold"": 0.0601, ""missing_region"": 0.0349, ""mold"": 0.0566, ""scratch"": 0.0309, ""stain"": 0.093, ""tear"": 0.0973}","{}","0","0","0","0","0","0","0","0","0","0","0","1","0","0","fbdf39f8d8ef39abdc65b56267c235033e915cb2878d1651f02a74444dc9d703","410429","png"
"1289","damaged_obvious_000836","damaged_obvious","836","2004664425","1319.png","damaged_obvious_000836.png","dataset_images/damaged_obvious/damaged_obvious_000836.png","1d704f0d8cdaed2c5d7597b264bfcbe69d8baf0d65469de15f36a0a08844d97f","436","537","single_portrait","RGB","existing_damage","train","real_damaged","Library of Congress","https://www.loc.gov/item/2004664425/","Public Domain","https://www.loc.gov/collections/daguerreotypes/about-this-collection/rights-and-access/","noise","1","texture_catalog_match_v1+source_attribute_v1","","{""crack"": 0.0143, ""dust"": 0.0333, ""fold"": 0.0681, ""missing_region"": 0.033, ""mold"": 0.0762, ""scratch"": 0.0255, ""stain"": 0.1089, ""tear"": 0.0933}","{}","0","0","0","0","0","0","0","0","0","0","0","1","0","0","eac89636841ba77bb55b0bfb14f20df8c1543409d0bedd1c40e2069385b72df2","375524","png"
"1290","damaged_obvious_000837","damaged_obvious","837","2004664181","1320.png","damaged_obvious_000837.png","dataset_images/damaged_obvious/damaged_obvious_000837.png","bbd352dc743b56460ee22e2bdb3c410e58aa52f81bd7a093eff6f53ea56a0d6d","931","728","image/jpeg","RGB","existing_damage","train","real_damaged","Library of Congress","https://www.loc.gov/item/2004664181/","Public Domain","https://www.loc.gov/collections/daguerreotypes/about-this-collection/rights-and-access/","noise|uneven_exposure","2","texture_catalog_match_v1+source_attribute_v1","","{""crack"": 0.0245, ""dust"": 0.0355, ""fold"": 0.113, ""missing_region"": 0.044, ""mold"": 0.102, ""scratch"": 0.0359, ""stain"": 0.1377, ""tear"": 0.1076}","{}","0","0","0","0","0","0","0","0","0","0","0","1","0","1","cd59701a3e4284128214b8b10c4815cf2798cb6745a5f9193f6d38d08d8cca18","1190893","png"
"1291","damaged_obvious_000838","damaged_obvious","838","2004664511","1321.png","damaged_obvious_000838.png","dataset_images/damaged_obvious/damaged_obvious_000838.png","11cd37f2a98b76969e8f9508fe6d2cf2651e52b4b89646e84dc5508c8b1c85f3","698","565","image/jpeg","RGB","existing_damage","train","real_damaged","Library of Congress","https://www.loc.gov/item/2004664511/","Public Domain","https://www.loc.gov/collections/daguerreotypes/about-this-collection/rights-and-access/","fold|color_cast|noise","3","texture_catalog_match_v1+source_attribute_v1","fold","{""crack"": 0.0089, ""dust"": 0.0351, ""fold"": 0.1415, ""missing_region"": 0.0709, ""mold"": 0.0894, ""scratch"": 0.0343, ""stain"": 0.1016, ""tear"": 0.0773}","{""fold"": [""123.jpg"", ""175.jpg"", ""248.jpg""]}","0","0","1","0","0","0","0","0","0","1","0","1","0","0","24bcc90f86e9a1ddf3f8ed7437e33511338dd2e2c80507d20392102f1ced3daf","801554","png"
"1292","damaged_obvious_000839","damaged_obvious","839","2004664525","1322.png","damaged_obvious_000839.png","dataset_images/damaged_obvious/damaged_obvious_000839.png","cb5abf349c68f0475faa0728c2d5ae1cdd82054ba1d56758fddca9cd50a8472d","495","613","architecture","RGB","existing_damage","train","real_damaged","Library of Congress","https://www.loc.gov/item/2004664525/","Public Domain","https://www.loc.gov/collections/daguerreotypes/about-this-collection/rights-and-access/","fold|noise","2","texture_catalog_match_v1+source_attribute_v1","fold","{""crack"": 0.0173, ""dust"": 0.037, ""fold"": 0.2221, ""missing_region"": 0.0713, ""mold"": 0.1283, ""scratch"": 0.0351, ""stain"": 0.1705, ""tear"": 0.0992}","{""fold"": [""032.jpg"", ""175.jpg"", ""123.jpg""]}","0","0","1","0","0","0","0","0","0","0","0","1","0","0","8b80bf3f62865680894636d7ae957714b9793e0702805821fc79c365634ddbf8","588272","png"
"1293","damaged_obvious_000840","damaged_obvious","840","2004664526","1323.png","damaged_obvious_000840.png","dataset_images/damaged_obvious/damaged_obvious_000840.png","7baea7f2ab9fef53e38668b2915bc448f1e64a5627fe7287531d01790e37f05c","761","602","architecture","RGB","existing_damage","train","real_damaged","Library of Congress","https://www.loc.gov/item/2004664526/","Public Domain","https://www.loc.gov/collections/daguerreotypes/about-this-collection/rights-and-access/","noise","1","texture_catalog_match_v1+source_attribute_v1","","{""crack"": 0.0055, ""dust"": 0.0136, ""fold"": 0.0207, ""missing_region"": 0.0421, ""mold"": 0.0792, ""scratch"": 0.0259, ""stain"": 0.0768, ""tear"": 0.0429}","{}","0","0","0","0","0","0","0","0","0","0","0","1","0","0","5460f0f30bd5dde5c6dbdbfc02d04bbd56addafd329de3f6ee32d353b77892a8","984362","png"
"1294","damaged_obvious_000841","damaged_obvious","841","088481pu","1324.png","damaged_obvious_000841.png","dataset_images/damaged_obvious/damaged_obvious_000841.png","f8c0274060647bb15d0897da1c54c0b91c1564f5e17dde122d887b409ecb0a50","3200","2559","architecture","RGB","existing_damage","train","real_damaged","Library of Congress","","","","noise","1","texture_catalog_match_v1+source_attribute_v1","","{""crack"": 0.001, ""dust"": 0.0079, ""fold"": 0.0314, ""missing_region"": 0.0371, ""mold"": 0.0386, ""scratch"": 0.0159, ""stain"": 0.0603, ""tear"": 0.0781}","{}","0","0","0","0","0","0","0","0","0","0","0","1","0","0","f8c0274060647bb15d0897da1c54c0b91c1564f5e17dde122d887b409ecb0a50","3916531","png"
"1295","damaged_obvious_000842","damaged_obvious","842","088482pu","1325.png","damaged_obvious_000842.png","dataset_images/damaged_obvious/damaged_obvious_000842.png","bf70c97de6a1d46aafff6d904fc2aba26c6be4fd5483fbf954b0077d2c1bb68b","3200","2568","architecture","RGB","existing_damage","train","real_damaged","Library of Congress","","","","noise","1","texture_catalog_match_v1+source_attribute_v1","","{""crack"": 0.0014, ""dust"": 0.004, ""fold"": 0.0253, ""missing_region"": 0.0111, ""mold"": 0.0152, ""scratch"": 0.0085, ""stain"": 0.0379, ""tear"": 0.0581}","{}","0","0","0","0","0","0","0","0","0","0","0","1","0","0","bf70c97de6a1d46aafff6d904fc2aba26c6be4fd5483fbf954b0077d2c1bb68b","3862721","png"
"1296","damaged_obvious_000843","damaged_obvious","843","088483pu","1326.png","damaged_obvious_000843.png","dataset_images/damaged_obvious/damaged_obvious_000843.png","64b9758feed933e65492182679df91645a759f8939fd2b2b0b6d31c22f1934b8","3200","2548","architecture","RGB","existing_damage","train","real_damaged","Library of Congress","","","","noise","1","texture_catalog_match_v1+source_attribute_v1","","{""crack"": 0.0, ""dust"": 0.0002, ""fold"": 0.0016, ""missing_region"": 0.0205, ""mold"": 0.0048, ""scratch"": 0.0009, ""stain"": 0.0234, ""tear"": 0.0205}","{}","0","0","0","0","0","0","0","0","0","0","0","1","0","0","64b9758feed933e65492182679df91645a759f8939fd2b2b0b6d31c22f1934b8","3885632","png"
"1297","damaged_obvious_000844","damaged_obvious","844","088484pu","1327.png","damaged_obvious_000844.png","dataset_images/damaged_obvious/damaged_obvious_000844.png","47bf835a36e11030ee4e1b1fcbd10ff0bb88419d5a037e3e1845a8636d66747d","3200","2581","architecture","RGB","existing_damage","train","real_damaged","Library of Congress","","","","noise|uneven_exposure","2","texture_catalog_match_v1+source_attribute_v1","","{""crack"": 0.0012, ""dust"": 0.0074, ""fold"": 0.0128, ""missing_region"": 0.0251, ""mold"": 0.0256, ""scratch"": 0.0118, ""stain"": 0.0273, ""tear"": 0.0448}","{}","0","0","0","0","0","0","0","0","0","0","0","1","0","1","47bf835a36e11030ee4e1b1fcbd10ff0bb88419d5a037e3e1845a8636d66747d","3804026","png"
"1298","damaged_obvious_000845","damaged_obvious","845","088485pu","1328.png","damaged_obvious_000845.png","dataset_images/damaged_obvious/damaged_obvious_000845.png","78037c7ba83de8617e9e819f081ec49716f815a3e04e152c8dbbcd86b4ab104e","3200","2566","architecture","RGB","existing_damage","train","real_damaged","Library of Congress","","","","noise|uneven_exposure","2","texture_catalog_match_v1+source_attribute_v1","","{""crack"": 0.0087, ""dust"": 0.0228, ""fold"": 0.0514, ""missing_region"": 0.0376, ""mold"": 0.0394, ""scratch"": 0.0237, ""stain"": 0.0385, ""tear"": 0.0376}","{}","0","0","0","0","0","0","0","0","0","0","0","1","0","1","78037c7ba83de8617e9e819f081ec49716f815a3e04e152c8dbbcd86b4ab104e","3670117","png"
"1299","damaged_obvious_000846","damaged_obvious","846","088486pu","1329.png","damaged_obvious_000846.png","dataset_images/damaged_obvious/damaged_obvious_000846.png","b2579d1ee1ef6436a5cdd8ef20f54503ed8edee40b554415db4fb0f3870b25c1","3200","2576","architecture","RGB","existing_damage","train","real_damaged","Library of Congress","","","","noise|uneven_exposure","2","texture_catalog_match_v1+source_attribute_v1","","{""crack"": 0.0017, ""dust"": 0.0022, ""fold"": 0.0026, ""missing_region"": 0.0109, ""mold"": 0.0117, ""scratch"": 0.002, ""stain"": 0.0187, ""tear"": 0.0193}","{}","0","0","0","0","0","0","0","0","0","0","0","1","0","1","b2579d1ee1ef6436a5cdd8ef20f54503ed8edee40b554415db4fb0f3870b25c1","3771844","png"
"1300","damaged_obvious_000847","damaged_obvious","847","088487pu","1330.png","damaged_obvious_000847.png","dataset_images/damaged_obvious/damaged_obvious_000847.png","f05555a8cea22b08328a931d901e538b95b8cc15746901dfe20b01fc35956440","3200","2546","architecture","RGB","existing_damage","train","real_damaged","Library of Congress","","","","noise","1","texture_catalog_match_v1+source_attribute_v1","","{""crack"": 0.0019, ""dust"": 0.0093, ""fold"": 0.0253, ""missing_region"": 0.0255, ""mold"": 0.0318, ""scratch"": 0.0156, ""stain"": 0.0243, ""tear"": 0.0332}","{}","0","0","0","0","0","0","0","0","0","0","0","1","0","0","f05555a8cea22b08328a931d901e538b95b8cc15746901dfe20b01fc35956440","3866920","png"
"1301","damaged_obvious_000848","damaged_obvious","848","088488pu","1331.png","damaged_obvious_000848.png","dataset_images/damaged_obvious/damaged_obvious_000848.png","47678936d3541db58283a85c17f5e0b09950d7663526eed147c5eae152fd01fd","3200","2559","architecture","RGB","existing_damage","train","real_damaged","Library of Congress","","","","noise|uneven_exposure","2","texture_catalog_match_v1+source_attribute_v1","","{""crack"": 0.0011, ""dust"": 0.0067, ""fold"": 0.0165, ""missing_region"": 0.0254, ""mold"": 0.039, ""scratch"": 0.0203, ""stain"": 0.0325, ""tear"": 0.0514}","{}","0","0","0","0","0","0","0","0","0","0","0","1","0","1","47678936d3541db58283a85c17f5e0b09950d7663526eed147c5eae152fd01fd","3571602","png"
"1302","damaged_obvious_000849","damaged_obvious","849","09866u","1332.png","damaged_obvious_000849.png","dataset_images/damaged_obvious/damaged_obvious_000849.png","93ead55dc948652abc848d83a91712eb53902df36c15dc83a661f94091ebb32d","2560","2027","single_portrait","RGB","existing_damage","train","real_damaged","Library of Congress","","","","noise","1","texture_catalog_match_v1+source_attribute_v1","","{""crack"": 0.0023, ""dust"": 0.0103, ""fold"": 0.0267, ""missing_region"": 0.0449, ""mold"": 0.0463, ""scratch"": 0.0123, ""stain"": 0.0816, ""tear"": 0.053}","{}","0","0","0","0","0","0","0","0","0","0","0","1","0","0","93ead55dc948652abc848d83a91712eb53902df36c15dc83a661f94091ebb32d","3212621","png"
"1303","damaged_obvious_000850","damaged_obvious","850","104677pu","1333.png","damaged_obvious_000850.png","dataset_images/damaged_obvious/damaged_obvious_000850.png","e1aa31e5d5630a735f24387b7a11bde1dc7573c25229546a5cc4125de3036e3d","2560","2058","architecture","RGB","existing_damage","train","real_damaged","Library of Congress","","","","noise","1","texture_catalog_match_v1+source_attribute_v1","","{""crack"": 0.0009, ""dust"": 0.0055, ""fold"": 0.0226, ""missing_region"": 0.0364, ""mold"": 0.0612, ""scratch"": 0.0153, ""stain"": 0.0902, ""tear"": 0.0807}","{}","0","0","0","0","0","0","0","0","0","0","0","1","0","0","e1aa31e5d5630a735f24387b7a11bde1dc7573c25229546a5cc4125de3036e3d","3461203","png"
"1304","damaged_obvious_000851","damaged_obvious","851","104678pu","1334.png","damaged_obvious_000851.png","dataset_images/damaged_obvious/damaged_obvious_000851.png","981077d4198e5b7718ee8bb3c857b7802deae0d6f6ec0c4531234cc8fc5af580","2560","2054","architecture","RGB","existing_damage","train","real_damaged","Library of Congress","","","","noise","1","texture_catalog_match_v1+source_attribute_v1","","{""crack"": 0.0004, ""dust"": 0.0022, ""fold"": 0.0077, ""missing_region"": 0.0101, ""mold"": 0.0178, ""scratch"": 0.0069, ""stain"": 0.0182, ""tear"": 0.0273}","{}","0","0","0","0","0","0","0","0","0","0","0","1","0","0","981077d4198e5b7718ee8bb3c857b7802deae0d6f6ec0c4531234cc8fc5af580","3348834","png"
"1305","damaged_obvious_000852","damaged_obvious","852","110855pu","1335.png","damaged_obvious_000852.png","dataset_images/damaged_obvious/damaged_obvious_000852.png","5a4b9b755597863536ba9cd69be550dd198419d1460da7eeedcc9e04e86277d8","2560","2018","outdoor_scene","RGB","existing_damage","train","real_damaged","Library of Congress","","","","noise|uneven_exposure","2","texture_catalog_match_v1+source_attribute_v1","","{""crack"": 0.0021, ""dust"": 0.0075, ""fold"": 0.0183, ""missing_region"": 0.0263, ""mold"": 0.0551, ""scratch"": 0.0237, ""stain"": 0.0367, ""tear"": 0.0278}","{}","0","0","0","0","0","0","0","0","0","0","0","1","0","1","5a4b9b755597863536ba9cd69be550dd198419d1460da7eeedcc9e04e86277d8","3417709","png"
"1306","damaged_obvious_000853","damaged_obvious","853","115088pu","1336.png","damaged_obvious_000853.png","dataset_images/damaged_obvious/damaged_obvious_000853.png","f2254a7e8b779465779885071569d373dd1f250d8d8f8c515148f8cab5d189d3","1752","2178","indoor_scene","RGB","existing_damage","train","real_damaged","Library of Congress","","","","noise|uneven_exposure","2","texture_catalog_match_v1+source_attribute_v1","","{""crack"": 0.0002, ""dust"": 0.0008, ""fold"": 0.0148, ""missing_region"": 0.0054, ""mold"": 0.0099, ""scratch"": 0.005, ""stain"": 0.0137, ""tear"": 0.0089}","{}","0","0","0","0","0","0","0","0","0","0","0","1","0","1","6823550be85ea313ecfa1ffb4bf882a16ea7f9667ad4ec92c26114634f29497f","3665409","png"
"1307","damaged_obvious_000854","damaged_obvious","854","115089pu","1337.png","damaged_obvious_000854.png","dataset_images/damaged_obvious/damaged_obvious_000854.png","c9c897686c4ec6df424d6d61ea6b450981d94c0c9030759690d87b9ed481c4e5","2560","2042","indoor_scene","RGB","existing_damage","test","real_damaged","Library of Congress","","","","noise|uneven_exposure","2","texture_catalog_match_v1+source_attribute_v1","","{""crack"": 0.0004, ""dust"": 0.001, ""fold"": 0.0046, ""missing_region"": 0.003, ""mold"": 0.0053, ""scratch"": 0.0028, ""stain"": 0.0029, ""tear"": 0.0068}","{}","0","0","0","0","0","0","0","0","0","0","0","1","0","1","c9c897686c4ec6df424d6d61ea6b450981d94c0c9030759690d87b9ed481c4e5","3841151","png"
"1308","damaged_obvious_000855","damaged_obvious","855","115090pu","1338.png","damaged_obvious_000855.png","dataset_images/damaged_obvious/damaged_obvious_000855.png","d8efa9552a9437b9394fba86057e4d265d09540018f7e4cd0105d074bd2e4493","2203","1717","indoor_scene","RGB","existing_damage","train","real_damaged","Library of Congress","","","","noise","1","texture_catalog_match_v1+source_attribute_v1","","{""crack"": 0.0, ""dust"": 0.0, ""fold"": 0.0003, ""missing_region"": 0.001, ""mold"": 0.0023, ""scratch"": 0.0001, ""stain"": 0.0009, ""tear"": 0.0015}","{}","0","0","0","0","0","0","0","0","0","0","0","1","0","0","17829a7a5e73557f7c9ae6158a5951d5e5ee7d03d1c96e7035bf536606c30095","3803092","png"
"1309","damaged_obvious_000856","damaged_obvious","856","154038pu","1339.png","damaged_obvious_000856.png","dataset_images/damaged_obvious/damaged_obvious_000856.png","7cbf23e6d8b0f2fbf78ff2c6f937139c5c7c2f372ca17b915b6ab97f7e37f06c","1683","2381","outdoor_scene","RGB","existing_damage","train","real_damaged","Library of Congress","","","","noise","1","texture_catalog_match_v1+source_attribute_v1","","{""crack"": 0.0004, ""dust"": 0.002, ""fold"": 0.033, ""missing_region"": 0.0151, ""mold"": 0.0233, ""scratch"": 0.0145, ""stain"": 0.0478, ""tear"": 0.0267}","{}","0","0","0","0","0","0","0","0","0","0","0","1","0","0","37210f2eb798096ec11ddfdb611f895021e9e4e2063ee73f985f65a6f27e5f4b","3914417","png"
"1310","damaged_obvious_000857","damaged_obvious","857","154039pu","1340.png","damaged_obvious_000857.png","dataset_images/damaged_obvious/damaged_obvious_000857.png","e0723d13bfc38e32a1584425fa9ac878386fd8916f62342e292d4dee1f7287ad","2385","1705","group_portrait","RGB","existing_damage","train","real_damaged","Library of Congress","","","","noise|uneven_exposure","2","texture_catalog_match_v1+source_attribute_v1","","{""crack"": 0.0005, ""dust"": 0.0032, ""fold"": 0.0108, ""missing_region"": 0.0158, ""mold"": 0.0174, ""scratch"": 0.007, ""stain"": 0.0367, ""tear"": 0.0307}","{}","0","0","0","0","0","0","0","0","0","0","0","1","0","1","3283e3eb74241d8e7a0bde951e867830dc68d378615d0f038bac8ceb66c6e91b","3564409","png"
"1311","damaged_obvious_000858","damaged_obvious","858","154043pu","1341.png","damaged_obvious_000858.png","dataset_images/damaged_obvious/damaged_obvious_000858.png","c70f97522ec116e830db6d968943872624e7b4035c195519025927251a44cf4c","2560","1868","architecture","RGB","existing_damage","test","real_damaged","Library of Congress","","","","noise|uneven_exposure","2","texture_catalog_match_v1+source_attribute_v1","","{""crack"": 0.0001, ""dust"": 0.0005, ""fold"": 0.0076, ""missing_region"": 0.0074, ""mold"": 0.0123, ""scratch"": 0.0035, ""stain"": 0.0376, ""tear"": 0.0124}","{}","0","0","0","0","0","0","0","0","0","0","0","1","0","1","c70f97522ec116e830db6d968943872624e7b4035c195519025927251a44cf4c","3392897","png"
"1312","damaged_obvious_000859","damaged_obvious","859","154044pu","1342.png","damaged_obvious_000859.png","dataset_images/damaged_obvious/damaged_obvious_000859.png","9e8abb29639f7fda482e7190fa0a61596a3548374d4d8039ede19bff60003801","2383","1682","indoor_scene","RGB","existing_damage","train","real_damaged","Library of Congress","","","","noise","1","texture_catalog_match_v1+source_attribute_v1","","{""crack"": 0.0003, ""dust"": 0.0026, ""fold"": 0.0125, ""missing_region"": 0.0144, ""mold"": 0.0206, ""scratch"": 0.0075, ""stain"": 0.0924, ""tear"": 0.0425}","{}","0","0","0","0","0","0","0","0","0","0","0","1","0","0","9d757341f28f369bb59375b402027a41c2eabaad410021f2b136cbff23b7af21","3354276","png"
"1313","damaged_obvious_000860","damaged_obvious","860","154051pu","1343.png","damaged_obvious_000860.png","dataset_images/damaged_obvious/damaged_obvious_000860.png","c514b64b40caad798bcc597a4aef7ebf306be2c56dff5a95bffef804a13621e5","2560","1875","outdoor_scene","RGB","existing_damage","train","real_damaged","Library of Congress","","","","noise|uneven_exposure","2","texture_catalog_match_v1+source_attribute_v1","","{""crack"": 0.0001, ""dust"": 0.0012, ""fold"": 0.0065, ""missing_region"": 0.0052, ""mold"": 0.0065, ""scratch"": 0.0015, ""stain"": 0.0104, ""tear"": 0.0106}","{}","0","0","0","0","0","0","0","0","0","0","0","1","0","1","c514b64b40caad798bcc597a4aef7ebf306be2c56dff5a95bffef804a13621e5","3294712","png"
"1314","damaged_obvious_000861","damaged_obvious","861","166591pu","1344.png","damaged_obvious_000861.png","dataset_images/damaged_obvious/damaged_obvious_000861.png","c73202871ec9bb649914ea93ef3e6bdc70a08c4f4f73dd94f250d91bf2aec04e","2795","2091","document","RGB","existing_damage","validation","real_damaged","Library of Congress","","","","noise|uneven_exposure","2","texture_catalog_match_v1+source_attribute_v1","","{""crack"": 0.0, ""dust"": 0.0, ""fold"": 0.0, ""missing_region"": 0.0, ""mold"": 0.0, ""scratch"": 0.0, ""stain"": 0.0, ""tear"": 0.0}","{}","0","0","0","0","0","0","0","0","0","0","0","1","0","1","87a092f8b1040ba8af6a032c29c2cdeebbc8fc52ff11c11ae6d89bb96edf8772","4406443","png"
"1315","damaged_obvious_000862","damaged_obvious","862","173185pu","1345.png","damaged_obvious_000862.png","dataset_images/damaged_obvious/damaged_obvious_000862.png","5557e01e3982b1305b96605ccb2be59b2297c6fc242028a1abc6b9d22dda9ce6","2560","2050","architecture","RGB","existing_damage","train","real_damaged","Library of Congress","","","","noise","1","texture_catalog_match_v1+source_attribute_v1","","{""crack"": 0.0001, ""dust"": 0.0009, ""fold"": 0.0048, ""missing_region"": 0.0118, ""mold"": 0.0073, ""scratch"": 0.0027, ""stain"": 0.0382, ""tear"": 0.0148}","{}","0","0","0","0","0","0","0","0","0","0","0","1","0","0","5557e01e3982b1305b96605ccb2be59b2297c6fc242028a1abc6b9d22dda9ce6","3172158","png"
"1316","damaged_obvious_000863","damaged_obvious","863","189060pu","1346.png","damaged_obvious_000863.png","dataset_images/damaged_obvious/damaged_obvious_000863.png","d461db1bd4d9a8344250a40a8185dfc0a8ff776237c40cd23fd5e79763039cc2","2723","2104","architecture","RGB","existing_damage","train","real_damaged","Library of Congress","","","","noise|uneven_exposure","2","texture_catalog_match_v1+source_attribute_v1","","{""crack"": 0.002, ""dust"": 0.0083, ""fold"": 0.0357, ""missing_region"": 0.0206, ""mold"": 0.0478, ""scratch"": 0.0248, ""stain"": 0.0469, ""tear"": 0.0428}","{}","0","0","0","0","0","0","0","0","0","0","0","1","0","1","7a0bede752cc45b3a2a10b28ec96714da7d4713ec22cdaaab0f104237a1379db","3823155","png"
"1317","damaged_obvious_000864","damaged_obvious","864","189061pu","1347.png","damaged_obvious_000864.png","dataset_images/damaged_obvious/damaged_obvious_000864.png","f0bc4ab703b82b560ac52dc6bc613c73c25e83843cf8d502da18ddab404d8fa5","3200","2560","architecture","RGB","existing_damage","test","real_damaged","Library of Congress","","","","noise|uneven_exposure","2","texture_catalog_match_v1+source_attribute_v1","","{""crack"": 0.002, ""dust"": 0.0113, ""fold"": 0.0173, ""missing_region"": 0.0214, ""mold"": 0.0238, ""scratch"": 0.01, ""stain"": 0.0396, ""tear"": 0.0247}","{}","0","0","0","0","0","0","0","0","0","0","0","1","0","1","f0bc4ab703b82b560ac52dc6bc613c73c25e83843cf8d502da18ddab404d8fa5","3296049","png"
"1318","damaged_obvious_000865","damaged_obvious","865","191987pu","1348.png","damaged_obvious_000865.png","dataset_images/damaged_obvious/damaged_obvious_000865.png","97686a730a08c604164e6a47218b5abc38d31d1846568a901e37c88dfe51187b","2851","1925","architecture","RGB","existing_damage","train","real_damaged","Library of Congress","","","","noise|uneven_exposure","2","texture_catalog_match_v1+source_attribute_v1","","{""crack"": 0.0234, ""dust"": 0.0281, ""fold"": 0.0326, ""missing_region"": 0.0249, ""mold"": 0.0289, ""scratch"": 0.0264, ""stain"": 0.0531, ""tear"": 0.0421}","{}","0","0","0","0","0","0","0","0","0","0","0","1","0","1","67945f12fdaef14bc05a15cc2b1f1f42ff9691d854b9f10595b502507068bf57","4610931","png"
"1319","damaged_obvious_000866","damaged_obvious","866","192133pu","1349.png","damaged_obvious_000866.png","dataset_images/damaged_obvious/damaged_obvious_000866.png","bc63b2398431f9d80d37d7ed7e68e78467985ff39a9380f9575de68697a18451","2830","1899","architecture","RGB","existing_damage","train","real_damaged","Library of Congress","","","","noise|uneven_exposure","2","texture_catalog_match_v1+source_attribute_v1","","{""crack"": 0.0006, ""dust"": 0.0017, ""fold"": 0.0096, ""missing_region"": 0.0206, ""mold"": 0.0129, ""scratch"": 0.0073, ""stain"": 0.0108, ""tear"": 0.0206}","{}","0","0","0","0","0","0","0","0","0","0","0","1","0","1","22c7076723ca94c750adcabf4c6604db2c8bd65735869cb5d3235fd7b206475e","4453417","png"
"1320","damaged_obvious_000867","damaged_obvious","867","192141pu","1350.png","damaged_obvious_000867.png","dataset_images/damaged_obvious/damaged_obvious_000867.png","5b361f2eb34d117a5bc345622f9aca29f0d462407febe0d8da2f9f40a4e85cc7","2819","1949","architecture","RGB","existing_damage","train","real_damaged","Library of Congress","","","","noise|uneven_exposure","2","texture_catalog_match_v1+source_attribute_v1","","{""crack"": 0.0115, ""dust"": 0.0209, ""fold"": 0.0358, ""missing_region"": 0.0164, ""mold"": 0.0354, ""scratch"": 0.0186, ""stain"": 0.0413, ""tear"": 0.043}","{}","0","0","0","0","0","0","0","0","0","0","0","1","0","1","979e1eb7e5c071ee15602b0e6cacc1ca7c53dca145b6a059c23b233b60769d97","4716708","png"
"1321","damaged_obvious_000868","damaged_obvious","868","1s42592u","1351.png","damaged_obvious_000868.png","dataset_images/damaged_obvious/damaged_obvious_000868.png","c567e160598b7541858e67214e904f66c88184165595e3bf47104d3bd0a942ed","3128","1595","group_portrait","RGB","existing_damage","train","real_damaged","Library of Congress","","","","noise","1","texture_catalog_match_v1+source_attribute_v1","","{""crack"": 0.0035, ""dust"": 0.0186, ""fold"": 0.0522, ""missing_region"": 0.0457, ""mold"": 0.0373, ""scratch"": 0.0203, ""stain"": 0.0719, ""tear"": 0.0457}","{}","0","0","0","0","0","0","0","0","0","0","0","1","0","0","8b7c37af11f7b613c53908807db50c668dee4a478fada65fcfaf7b18adc77907","6860694","png"
"1322","damaged_obvious_000869","damaged_obvious","869","1s42593u","1352.png","damaged_obvious_000869.png","dataset_images/damaged_obvious/damaged_obvious_000869.png","7ea71223aeac74c5e877b68f5fc10af0b2e7a22f01fa7aa097d65971dc3cb34c","3157","1600","group_portrait","RGB","existing_damage","train","real_damaged","Library of Congress","","","","color_cast","1","texture_catalog_match_v1+source_attribute_v1","","{""crack"": 0.0048, ""dust"": 0.0192, ""fold"": 0.0549, ""missing_region"": 0.0611, ""mold"": 0.0695, ""scratch"": 0.0183, ""stain"": 0.1245, ""tear"": 0.1169}","{}","0","0","0","0","0","0","0","0","0","1","0","0","0","0","560fc8bf57f5206eeaf88bd372f4e8e63007ff2388c8d70a5c8e0bd87dacf177","6767788","png"
"1323","damaged_obvious_000870","damaged_obvious","870","1s42594u","1353.png","damaged_obvious_000870.png","dataset_images/damaged_obvious/damaged_obvious_000870.png","1fe9a93caf8da9b46c2c50bbdcd7f8165f7aed1b447393eed8e9648ba6e019ba","3160","1602","group_portrait","RGB","existing_damage","validation","real_damaged","Library of Congress","","","","noise","1","texture_catalog_match_v1+source_attribute_v1","","{""crack"": 0.001, ""dust"": 0.0039, ""fold"": 0.0154, ""missing_region"": 0.0164, ""mold"": 0.0223, ""scratch"": 0.0128, ""stain"": 0.0213, ""tear"": 0.0475}","{}","0","0","0","0","0","0","0","0","0","0","0","1","0","0","d5935a39718876458ba1ac3753214df664e68e23268e8a595c9a2f0f232b2811","6723144","png"
"1324","damaged_obvious_000871","damaged_obvious","871","1s42595u","1354.png","damaged_obvious_000871.png","dataset_images/damaged_obvious/damaged_obvious_000871.png","b7dbd15fd6d23b1752747d7c3f8a8aa017c7245e23ea2e358fc8025de17a14c3","3173","1605","group_portrait","RGB","existing_damage","train","real_damaged","Library of Congress","","","","noise","1","texture_catalog_match_v1+source_attribute_v1","","{""crack"": 0.0013, ""dust"": 0.0046, ""fold"": 0.0147, ""missing_region"": 0.0155, ""mold"": 0.0278, ""scratch"": 0.0148, ""stain"": 0.0267, ""tear"": 0.0456}","{}","0","0","0","0","0","0","0","0","0","0","0","1","0","0","d1fac4dc7929598349172d7acc291788b148d0824f24ec266de2a0a420733f5e","6941713","png"
"1325","damaged_obvious_000872","damaged_obvious","872","1s42596u","1355.png","damaged_obvious_000872.png","dataset_images/damaged_obvious/damaged_obvious_000872.png","8cc651f567f99e483e6553d69e87f2d97a2ef6b6520164fe10d6b494307eab9f","3158","1613","group_portrait","RGB","existing_damage","train","real_damaged","Library of Congress","","","","color_cast|noise","2","texture_catalog_match_v1+source_attribute_v1","","{""crack"": 0.0035, ""dust"": 0.0125, ""fold"": 0.0214, ""missing_region"": 0.0257, ""mold"": 0.0285, ""scratch"": 0.0249, ""stain"": 0.0592, ""tear"": 0.0642}","{}","0","0","0","0","0","0","0","0","0","1","0","1","0","0","fab66ca10915bb23f20e4a843bb299cd60654233cfd148be13bf75c8601ba0d3","6984029","png"
"1326","damaged_obvious_000873","damaged_obvious","873","1s42597u","1356.png","damaged_obvious_000873.png","dataset_images/damaged_obvious/damaged_obvious_000873.png","5dc8b1a25d8379de3edddd752d963a97751cdfe59ae6428f9816cc47d7d76b9e","3128","1603","group_portrait","RGB","existing_damage","validation","real_damaged","Library of Congress","","","","noise","1","texture_catalog_match_v1+source_attribute_v1","","{""crack"": 0.0016, ""dust"": 0.0093, ""fold"": 0.0185, ""missing_region"": 0.0225, ""mold"": 0.0231, ""scratch"": 0.0136, ""stain"": 0.0484, ""tear"": 0.0521}","{}","0","0","0","0","0","0","0","0","0","0","0","1","0","0","b4d2113d6222404f1b150f5c566ea845b135d37b7e3e0ec03455bc5d33452599","7129297","png"
"1327","damaged_obvious_000874","damaged_obvious","874","1s42598u","1357.png","damaged_obvious_000874.png","dataset_images/damaged_obvious/damaged_obvious_000874.png","13cb314fe1940cdddd555c2b2e8709922bca5bdfcc2d858c5d089ff24d8994c2","3155","1605","group_portrait","RGB","existing_damage","train","real_damaged","Library of Congress","","","","noise","1","texture_catalog_match_v1+source_attribute_v1","","{""crack"": 0.003, ""dust"": 0.0124, ""fold"": 0.0252, ""missing_region"": 0.0308, ""mold"": 0.0363, ""scratch"": 0.0173, ""stain"": 0.0527, ""tear"": 0.0716}","{}","0","0","0","0","0","0","0","0","0","0","0","1","0","0","b5f17e06517425969d3292216036abafea3555373662ab5c872d8a51a8ffc9cf","7189460","png"
"1328","damaged_obvious_000875","damaged_obvious","875","1s42599u","1358.png","damaged_obvious_000875.png","dataset_images/damaged_obvious/damaged_obvious_000875.png","9c8cb8aa734c735f8cb5982ddf9eedcd93171b75ee03b8b4e9d73bf4a9c9a5f3","3157","1613","group_portrait","RGB","existing_damage","train","real_damaged","Library of Congress","","","","noise","1","texture_catalog_match_v1+source_attribute_v1","","{""crack"": 0.0029, ""dust"": 0.0131, ""fold"": 0.0226, ""missing_region"": 0.024, ""mold"": 0.0243, ""scratch"": 0.0149, ""stain"": 0.0425, ""tear"": 0.0485}","{}","0","0","0","0","0","0","0","0","0","0","0","1","0","0","667d79a499f6cdc1faccd73a98215e0c518c82ada087f6fa84a0b26465bca57a","6594678","png"
"1329","damaged_obvious_000876","damaged_obvious","876","1s42600u","1359.png","damaged_obvious_000876.png","dataset_images/damaged_obvious/damaged_obvious_000876.png","4934dbc5f0b33886fc4470a63236afb9127a8e2c68551882c0d8c7c6191e73b7","3160","1594","group_portrait","RGB","existing_damage","train","real_damaged","Library of Congress","","","","noise","1","texture_catalog_match_v1+source_attribute_v1","","{""crack"": 0.0098, ""dust"": 0.0217, ""fold"": 0.0365, ""missing_region"": 0.0329, ""mold"": 0.0442, ""scratch"": 0.018, ""stain"": 0.0493, ""tear"": 0.0557}","{}","0","0","0","0","0","0","0","0","0","0","0","1","0","0","f319aaabbe258c916d3a1f9273983057e57d32d6936468bb3ca2c1992f32be0b","6313029","png"
"1330","damaged_obvious_000877","damaged_obvious","877","218735pu","1360.png","damaged_obvious_000877.png","dataset_images/damaged_obvious/damaged_obvious_000877.png","d5aa9081b4147a80aec980e1f5869396e8c3cb68b6bf8ea1c6fdaeb4840c9130","2901","2419","architecture","RGB","existing_damage","train","real_damaged","Library of Congress","","","","noise|uneven_exposure","2","texture_catalog_match_v1+source_attribute_v1","","{""crack"": 0.0011, ""dust"": 0.0055, ""fold"": 0.0155, ""missing_region"": 0.0154, ""mold"": 0.0272, ""scratch"": 0.0163, ""stain"": 0.0203, ""tear"": 0.0253}","{}","0","0","0","0","0","0","0","0","0","0","0","1","0","1","032543858fd16c71443b45e210dc48e363ff2b9d69c01a099f3471995ea0e8f5","3973814","png"
"1331","damaged_obvious_000878","damaged_obvious","878","218736pu","1361.png","damaged_obvious_000878.png","dataset_images/damaged_obvious/damaged_obvious_000878.png","1330acc5d7444107e20fe21d80b74be046ebcff5753e450f50313e0e76314a35","2416","2920","outdoor_scene","RGB","existing_damage","train","real_damaged","Library of Congress","","","","noise","1","texture_catalog_match_v1+source_attribute_v1","","{""crack"": 0.0009, ""dust"": 0.0014, ""fold"": 0.0102, ""missing_region"": 0.0069, ""mold"": 0.0072, ""scratch"": 0.0032, ""stain"": 0.0061, ""tear"": 0.0077}","{}","0","0","0","0","0","0","0","0","0","0","0","1","0","0","8fc17a4ade29a083a2e6fea1efb000a19a743915a6ab744383402023607a1e9e","4275351","png"
"1332","damaged_obvious_000879","damaged_obvious","879","218791pu","1362.png","damaged_obvious_000879.png","dataset_images/damaged_obvious/damaged_obvious_000879.png","11f2fe7e37263e0b6516ac288b7c753ca488e840a471d8b7d7dbc2bce1ba4f82","2789","2045","architecture","RGB","existing_damage","train","real_damaged","Library of Congress","","","","noise","1","texture_catalog_match_v1+source_attribute_v1","","{""crack"": 0.0007, ""dust"": 0.0051, ""fold"": 0.0223, ""missing_region"": 0.0307, ""mold"": 0.037, ""scratch"": 0.0126, ""stain"": 0.0771, ""tear"": 0.0529}","{}","0","0","0","0","0","0","0","0","0","0","0","1","0","0","59b9dbea312276d9ddbcefd5c7b18a72982114816fdef1563d664337abb70f97","3524474","png"
"1333","damaged_obvious_000880","damaged_obvious","880","218792pu","1363.png","damaged_obvious_000880.png","dataset_images/damaged_obvious/damaged_obvious_000880.png","9672cb4bc5596384dd3d55d2fe8f48927dfb95ae5ce9fb0ca7d774b3a46163d1","2933","2440","architecture","RGB","existing_damage","train","real_damaged","Library of Congress","","","","noise","1","texture_catalog_match_v1+source_attribute_v1","","{""crack"": 0.0227, ""dust"": 0.0343, ""fold"": 0.0403, ""missing_region"": 0.0323, ""mold"": 0.0443, ""scratch"": 0.04, ""stain"": 0.0497, ""tear"": 0.0622}","{}","0","0","0","0","0","0","0","0","0","0","0","1","0","0","f4ee1bf01fcb0a534fa848332347255ecbd418caa3b324cb93a15456abcfdad4","3993792","png"
"1334","damaged_obvious_000881","damaged_obvious","881","219561pu","1364.png","damaged_obvious_000881.png","dataset_images/damaged_obvious/damaged_obvious_000881.png","4b1517a374710d4b84225dbc08b27690e8fe5259628f47a8b426aab5ddf8fe91","2973","2373","architecture","RGB","existing_damage","train","real_damaged","Library of Congress","","","","noise","1","texture_catalog_match_v1+source_attribute_v1","","{""crack"": 0.0003, ""dust"": 0.0009, ""fold"": 0.0124, ""missing_region"": 0.0084, ""mold"": 0.0166, ""scratch"": 0.0044, ""stain"": 0.0192, ""tear"": 0.0112}","{}","0","0","0","0","0","0","0","0","0","0","0","1","0","0","e66c8108591c0a56b47d76ed50e23ed9566602df5ce25b0d214d53e7d5b013e1","4614687","png"
"1335","damaged_obvious_000882","damaged_obvious","882","219563pu","1365.png","damaged_obvious_000882.png","dataset_images/damaged_obvious/damaged_obvious_000882.png","d1ae1cad27b78fae659063ee215950eb692a6cc2e2792799e29d8cd1d073c624","2891","2350","outdoor_scene","RGB","existing_damage","train","real_damaged","Library of Congress","","","","noise","1","texture_catalog_match_v1+source_attribute_v1","","{""crack"": 0.0002, ""dust"": 0.001, ""fold"": 0.0048, ""missing_region"": 0.0034, ""mold"": 0.0043, ""scratch"": 0.0024, ""stain"": 0.0056, ""tear"": 0.0051}","{}","0","0","0","0","0","0","0","0","0","0","0","1","0","0","64c83262d68b400c686d86eddb6d71141945c7eddca1651017188c176bd32ded","4060187","png"
"1336","damaged_obvious_000883","damaged_obvious","883","219564pu","1366.png","damaged_obvious_000883.png","dataset_images/damaged_obvious/damaged_obvious_000883.png","8b5e7169b73315d7b8f6eaeb3c0b82ff85936c6a2c0c9867b91676fefe9428fd","2923","2371","outdoor_scene","RGB","existing_damage","train","real_damaged","Library of Congress","","","","noise","1","texture_catalog_match_v1+source_attribute_v1","","{""crack"": 0.0, ""dust"": 0.0001, ""fold"": 0.0004, ""missing_region"": 0.001, ""mold"": 0.0014, ""scratch"": 0.0002, ""stain"": 0.0013, ""tear"": 0.0011}","{}","0","0","0","0","0","0","0","0","0","0","0","1","0","0","5d00e0177844ae67d45df1906870378af094b9eba82c3d821b7af5268751c00a","4204841","png"
"1337","damaged_obvious_000884","damaged_obvious","884","219565pu","1367.png","damaged_obvious_000884.png","dataset_images/damaged_obvious/damaged_obvious_000884.png","ecad9b01f4301f6aca664e21d167db0de1376de2547bb2757e83f340618d5152","2934","2442","outdoor_scene","RGB","existing_damage","train","real_damaged","Library of Congress","","","","noise","1","texture_catalog_match_v1+source_attribute_v1","","{""crack"": 0.0211, ""dust"": 0.0176, ""fold"": 0.0374, ""missing_region"": 0.0295, ""mold"": 0.0353, ""scratch"": 0.0211, ""stain"": 0.036, ""tear"": 0.03}","{}","0","0","0","0","0","0","0","0","0","0","0","1","0","0","976ec0a243a85f713db518f2f865c98db5d960b9f5e6e16c097d606df1feb279","4226751","png"
"1338","damaged_obvious_000885","damaged_obvious","885","219566pu","1368.png","damaged_obvious_000885.png","dataset_images/damaged_obvious/damaged_obvious_000885.png","8075f28551561311b0884e76bdee92e75bbfcfe2570d3b4c1dbca0e73bdef5a4","2958","2448","outdoor_scene","RGB","existing_damage","train","real_damaged","Library of Congress","","","","noise","1","texture_catalog_match_v1+source_attribute_v1","","{""crack"": 0.001, ""dust"": 0.0023, ""fold"": 0.0172, ""missing_region"": 0.0061, ""mold"": 0.0077, ""scratch"": 0.0085, ""stain"": 0.0169, ""tear"": 0.0097}","{}","0","0","0","0","0","0","0","0","0","0","0","1","0","0","7c7f0a0ac3d62bcb921e3b7385d3c8359f95e9f7a7962069122b3034ab313807","4020745","png"
"1339","damaged_obvious_000886","damaged_obvious","886","219568pu","1369.png","damaged_obvious_000886.png","dataset_images/damaged_obvious/damaged_obvious_000886.png","5cfb56b3bce11a6de75210370491e5f3ba1da5b448fa1aae6b1544656693658e","2931","2424","outdoor_scene","RGB","existing_damage","test","real_damaged","Library of Congress","","","","noise","1","texture_catalog_match_v1+source_attribute_v1","","{""crack"": 0.0001, ""dust"": 0.0005, ""fold"": 0.002, ""missing_region"": 0.0039, ""mold"": 0.0052, ""scratch"": 0.0014, ""stain"": 0.0051, ""tear"": 0.0061}","{}","0","0","0","0","0","0","0","0","0","0","0","1","0","0","0cdcb094d7bd9ae54abefc4c5264ff648831689f204405136cdcafe538db9c25","3834113","png"
"1340","damaged_obvious_000887","damaged_obvious","887","27691u","1370.png","damaged_obvious_000887.png","dataset_images/damaged_obvious/damaged_obvious_000887.png","055effae39e0ae1e9c4e0460fb3fc319d0223492d7b69bdf2b5a7d8fa852b092","2560","2037","indoor_scene","RGB","existing_damage","train","real_damaged","Library of Congress","","","","noise|uneven_exposure","2","texture_catalog_match_v1+source_attribute_v1","","{""crack"": 0.0092, ""dust"": 0.0096, ""fold"": 0.0133, ""missing_region"": 0.0085, ""mold"": 0.0115, ""scratch"": 0.0101, ""stain"": 0.0141, ""tear"": 0.0131}","{}","0","0","0","0","0","0","0","0","0","0","0","1","0","1","055effae39e0ae1e9c4e0460fb3fc319d0223492d7b69bdf2b5a7d8fa852b092","3676642","png"
"1341","damaged_obvious_000888","damaged_obvious","888","318066pu","1371.png","damaged_obvious_000888.png","dataset_images/damaged_obvious/damaged_obvious_000888.png","674a0bccafd6c69a7e544877369517588c96efacbd76af23d227ef4869f3ed16","2560","2042","indoor_scene","RGB","existing_damage","train","real_damaged","Library of Congress","","","","noise","1","texture_catalog_match_v1+source_attribute_v1","","{""crack"": 0.0055, ""dust"": 0.0248, ""fold"": 0.0904, ""missing_region"": 0.0461, ""mold"": 0.0781, ""scratch"": 0.0229, ""stain"": 0.1458, ""tear"": 0.0747}","{}","0","0","0","0","0","0","0","0","0","0","0","1","0","0","674a0bccafd6c69a7e544877369517588c96efacbd76af23d227ef4869f3ed16","3299914","png"
"1342","damaged_obvious_000889","damaged_obvious","889","318070pu","1372.png","damaged_obvious_000889.png","dataset_images/damaged_obvious/damaged_obvious_000889.png","4e2c4154301a934ee8cb19158d1a3a94767b02c282eba4ccda2de1b8d8c09f68","2560","2074","indoor_scene","RGB","existing_damage","train","real_damaged","Library of Congress","","","","noise","1","texture_catalog_match_v1+source_attribute_v1","","{""crack"": 0.0055, ""dust"": 0.0133, ""fold"": 0.0155, ""missing_region"": 0.0203, ""mold"": 0.0296, ""scratch"": 0.0189, ""stain"": 0.0416, ""tear"": 0.0297}","{}","0","0","0","0","0","0","0","0","0","0","0","1","0","0","4e2c4154301a934ee8cb19158d1a3a94767b02c282eba4ccda2de1b8d8c09f68","3369839","png"
"1343","damaged_obvious_000890","damaged_obvious","890","325480pu","1373.png","damaged_obvious_000890.png","dataset_images/damaged_obvious/damaged_obvious_000890.png","1348480829b75a4970019633c52fcfa4af68c99be816c0eb03c694b924b4f227","2560","2047","architecture","RGB","existing_damage","train","real_damaged","Library of Congress","","","","noise|uneven_exposure","2","texture_catalog_match_v1+source_attribute_v1","","{""crack"": 0.0009, ""dust"": 0.0029, ""fold"": 0.0134, ""missing_region"": 0.0091, ""mold"": 0.0101, ""scratch"": 0.0062, ""stain"": 0.0228, ""tear"": 0.0091}","{}","0","0","0","0","0","0","0","0","0","0","0","1","0","1","1348480829b75a4970019633c52fcfa4af68c99be816c0eb03c694b924b4f227","2971909","png"
"1344","damaged_obvious_000891","damaged_obvious","891","325488pu","1374.png","damaged_obvious_000891.png","dataset_images/damaged_obvious/damaged_obvious_000891.png","06a4208fed662430946058499d68bfb095700b8169364695d65c477355cbf5bb","2291","940","architecture","RGB","existing_damage","train","real_damaged","Library of Congress","","","","noise|uneven_exposure","2","texture_catalog_match_v1+source_attribute_v1","","{""crack"": 0.0012, ""dust"": 0.0013, ""fold"": 0.0024, ""missing_region"": 0.0012, ""mold"": 0.0016, ""scratch"": 0.0014, ""stain"": 0.0016, ""tear"": 0.0023}","{}","0","0","0","0","0","0","0","0","0","0","0","1","0","1","26f03aa071d51729081906c73f67e6720f2ef3de85e6fabe65483ab1d466842b","1459967","png"
"1345","damaged_obvious_000892","damaged_obvious","892","325493pu","1375.png","damaged_obvious_000892.png","dataset_images/damaged_obvious/damaged_obvious_000892.png","7b20addef5fb4d6f8c5dcc8eb8ef0b49c84a48f68c8143ef61348051a7c83792","2560","2078","outdoor_scene","RGB","existing_damage","validation","real_damaged","Library of Congress","","","","noise","1","texture_catalog_match_v1+source_attribute_v1","","{""crack"": 0.0029, ""dust"": 0.0078, ""fold"": 0.0083, ""missing_region"": 0.0151, ""mold"": 0.0081, ""scratch"": 0.0093, ""stain"": 0.0093, ""tear"": 0.0173}","{}","0","0","0","0","0","0","0","0","0","0","0","1","0","0","7b20addef5fb4d6f8c5dcc8eb8ef0b49c84a48f68c8143ef61348051a7c83792","3288719","png"
"1346","damaged_obvious_000893","damaged_obvious","893","327576pu","1376.png","damaged_obvious_000893.png","dataset_images/damaged_obvious/damaged_obvious_000893.png","b7c62c65329de212d1930ccb928ede35b44dfb013a9df8e36ba356e423be9988","2560","1999","outdoor_scene","RGB","existing_damage","train","real_damaged","Library of Congress","","","","noise","1","texture_catalog_match_v1+source_attribute_v1","","{""crack"": 0.0015, ""dust"": 0.0064, ""fold"": 0.0418, ""missing_region"": 0.0343, ""mold"": 0.0454, ""scratch"": 0.0206, ""stain"": 0.0395, ""tear"": 0.0446}","{}","0","0","0","0","0","0","0","0","0","0","0","1","0","0","b7c62c65329de212d1930ccb928ede35b44dfb013a9df8e36ba356e423be9988","3418030","png"
"1347","damaged_obvious_000894","damaged_obvious","894","327577pu","1377.png","damaged_obvious_000894.png","dataset_images/damaged_obvious/damaged_obvious_000894.png","2cbe9755354d8899bf0f2fedaea461ede96f5d1c4ea1191494d542570dc9f698","3200","2541","outdoor_scene","RGB","existing_damage","train","real_damaged","Library of Congress","","","","noise","1","texture_catalog_match_v1+source_attribute_v1","","{""crack"": 0.0063, ""dust"": 0.0127, ""fold"": 0.0344, ""missing_region"": 0.0173, ""mold"": 0.0333, ""scratch"": 0.0157, ""stain"": 0.0352, ""tear"": 0.0254}","{}","0","0","0","0","0","0","0","0","0","0","0","1","0","0","2cbe9755354d8899bf0f2fedaea461ede96f5d1c4ea1191494d542570dc9f698","3885651","png"
"1348","damaged_obvious_000895","damaged_obvious","895","328038pu","1378.png","damaged_obvious_000895.png","dataset_images/damaged_obvious/damaged_obvious_000895.png","a475b3f606fccd923ae77a84ce363bae921be6ce279d83613a098bd3c4762eac","2049","2560","document","RGB","existing_damage","test","real_damaged","Library of Congress","","","","noise|uneven_exposure","2","texture_catalog_match_v1+source_attribute_v1","","{""crack"": 0.0156, ""dust"": 0.0173, ""fold"": 0.0585, ""missing_region"": 0.0203, ""mold"": 0.0396, ""scratch"": 0.0221, ""stain"": 0.0518, ""tear"": 0.0288}","{}","0","0","0","0","0","0","0","0","0","0","0","1","0","1","a475b3f606fccd923ae77a84ce363bae921be6ce279d83613a098bd3c4762eac","2801394","png"
"1349","damaged_obvious_000896","damaged_obvious","896","337628pu","1379.png","damaged_obvious_000896.png","dataset_images/damaged_obvious/damaged_obvious_000896.png","a17ba84db3ef2e66e3eab004ba2ce8e16188d36e781cf708d955d2d3ac901edc","2131","1765","outdoor_scene","RGB","existing_damage","test","real_damaged","Library of Congress","","","","noise","1","texture_catalog_match_v1+source_attribute_v1","","{""crack"": 0.0014, ""dust"": 0.0048, ""fold"": 0.0064, ""missing_region"": 0.0085, ""mold"": 0.0073, ""scratch"": 0.0062, ""stain"": 0.0076, ""tear"": 0.0142}","{}","0","0","0","0","0","0","0","0","0","0","0","1","0","0","879bd9479c858518ce69d6ef5d309a4e0c33aba703f732e36f1b26c6993ae1b1","3210222","png"
"1350","damaged_obvious_000897","damaged_obvious","897","337629pu","1380.png","damaged_obvious_000897.png","dataset_images/damaged_obvious/damaged_obvious_000897.png","5ce5d114641643e12dcb93e9e86fee5b6e0f64e99dd925b1a0e55e27248f503b","3200","2560","document","RGB","existing_damage","train","real_damaged","Library of Congress","","","","noise","1","texture_catalog_match_v1+source_attribute_v1","","{""crack"": 0.0116, ""dust"": 0.0164, ""fold"": 0.0363, ""missing_region"": 0.0191, ""mold"": 0.0415, ""scratch"": 0.0163, ""stain"": 0.0353, ""tear"": 0.0481}","{}","0","0","0","0","0","0","0","0","0","0","0","1","0","0","5ce5d114641643e12dcb93e9e86fee5b6e0f64e99dd925b1a0e55e27248f503b","3604984","png"
"1351","damaged_obvious_000898","damaged_obvious","898","341664pu","1381.png","damaged_obvious_000898.png","dataset_images/damaged_obvious/damaged_obvious_000898.png","e47ed5064a747bf463077dba09ee203ecb1427d03388991ac54099193c07efeb","2560","2044","outdoor_scene","RGB","existing_damage","validation","real_damaged","Library of Congress","","","","noise","1","texture_catalog_match_v1+source_attribute_v1","","{""crack"": 0.0, ""dust"": 0.0001, ""fold"": 0.0006, ""missing_region"": 0.0013, ""mold"": 0.0024, ""scratch"": 0.0002, ""stain"": 0.0023, ""tear"": 0.0017}","{}","0","0","0","0","0","0","0","0","0","0","0","1","0","0","e47ed5064a747bf463077dba09ee203ecb1427d03388991ac54099193c07efeb","3493098","png"
"1352","damaged_obvious_000899","damaged_obvious","899","345538pu","1382.png","damaged_obvious_000899.png","dataset_images/damaged_obvious/damaged_obvious_000899.png","8fb1c1564e3e796ad4638e89ab57de82545127a8ec2c4556d710de9fcfaeabc5","3200","2615","indoor_scene","RGB","existing_damage","test","real_damaged","Library of Congress","","","","noise","1","texture_catalog_match_v1+source_attribute_v1","","{""crack"": 0.0001, ""dust"": 0.0003, ""fold"": 0.0022, ""missing_region"": 0.0021, ""mold"": 0.0029, ""scratch"": 0.0007, ""stain"": 0.0061, ""tear"": 0.0038}","{}","0","0","0","0","0","0","0","0","0","0","0","1","0","0","8fb1c1564e3e796ad4638e89ab57de82545127a8ec2c4556d710de9fcfaeabc5","3916749","png"
"1353","damaged_obvious_000900","damaged_obvious","900","345552pu","1383.png","damaged_obvious_000900.png","dataset_images/damaged_obvious/damaged_obvious_000900.png","c02b9f217fc8c28058b727c2e38428a4732158668b4349575ed8169521f29602","2560","2080","indoor_scene","RGB","existing_damage","test","real_damaged","Library of Congress","","","","noise","1","texture_catalog_match_v1+source_attribute_v1","","{""crack"": 0.0084, ""dust"": 0.0172, ""fold"": 0.0441, ""missing_region"": 0.0377, ""mold"": 0.0699, ""scratch"": 0.0224, ""stain"": 0.0388, ""tear"": 0.04}","{}","0","0","0","0","0","0","0","0","0","0","0","1","0","0","c02b9f217fc8c28058b727c2e38428a4732158668b4349575ed8169521f29602","3121287","png"
"1354","damaged_obvious_000901","damaged_obvious","901","351594pu","1384.png","damaged_obvious_000901.png","dataset_images/damaged_obvious/damaged_obvious_000901.png","ca865410d5d6ffb3200190e0bfd6e31ccddb060db07af1132f35e42123d6a1ad","2063","2560","outdoor_scene","RGB","existing_damage","train","real_damaged","Library of Congress","","","","noise","1","texture_catalog_match_v1+source_attribute_v1","","{""crack"": 0.0022, ""dust"": 0.0085, ""fold"": 0.0532, ""missing_region"": 0.0224, ""mold"": 0.0417, ""scratch"": 0.0149, ""stain"": 0.0306, ""tear"": 0.0305}","{}","0","0","0","0","0","0","0","0","0","0","0","1","0","0","ca865410d5d6ffb3200190e0bfd6e31ccddb060db07af1132f35e42123d6a1ad","3335454","png"
"1355","damaged_obvious_000902","damaged_obvious","902","366432pu","1385.png","damaged_obvious_000902.png","dataset_images/damaged_obvious/damaged_obvious_000902.png","87f065f6e39a93240b641efaffb9861637262e58530b2cb1451d90733609dc2e","3200","2295","outdoor_scene","RGB","existing_damage","train","real_damaged","Library of Congress","","","","noise","1","texture_catalog_match_v1+source_attribute_v1","","{""crack"": 0.0009, ""dust"": 0.0059, ""fold"": 0.01, ""missing_region"": 0.0217, ""mold"": 0.0273, ""scratch"": 0.0077, ""stain"": 0.048, ""tear"": 0.0219}","{}","0","0","0","0","0","0","0","0","0","0","0","1","0","0","87f065f6e39a93240b641efaffb9861637262e58530b2cb1451d90733609dc2e","3944243","png"
"1356","damaged_obvious_000903","damaged_obvious","903","3c02803u","1386.png","damaged_obvious_000903.png","dataset_images/damaged_obvious/damaged_obvious_000903.png","98da351cf89dd09319c1610315291e6ec340f78a4fb13bd48388b372c8350a58","2560","2044","single_portrait","RGB","existing_damage","train","real_damaged","Library of Congress","","","","noise|uneven_exposure","2","texture_catalog_match_v1+source_attribute_v1","","{""crack"": 0.0029, ""dust"": 0.0071, ""fold"": 0.0198, ""missing_region"": 0.0133, ""mold"": 0.0147, ""scratch"": 0.0108, ""stain"": 0.016, ""tear"": 0.0133}","{}","0","0","0","0","0","0","0","0","0","0","0","1","0","1","98da351cf89dd09319c1610315291e6ec340f78a4fb13bd48388b372c8350a58","3100356","png"
"1357","damaged_obvious_000904","damaged_obvious","904","3c27003u","1387.png","damaged_obvious_000904.png","dataset_images/damaged_obvious/damaged_obvious_000904.png","ec690448df57da4c546697c509ddbab135854c0bf30ddcfeac1305fccbbc6f28","933","702","document","RGB","existing_damage","train","real_damaged","Library of Congress","","","","noise","1","texture_catalog_match_v1+source_attribute_v1","","{""crack"": 0.0001, ""dust"": 0.0008, ""fold"": 0.0048, ""missing_region"": 0.006, ""mold"": 0.0086, ""scratch"": 0.0024, ""stain"": 0.009, ""tear"": 0.0076}","{}","0","0","0","0","0","0","0","0","0","0","0","1","0","0","36bd7d9c8b2b89b88c15acf02bc5716d89e43341a067898985434536886bb3e1","565944","png"
"1358","damaged_obvious_000905","damaged_obvious","905","3c27004u","1388.png","damaged_obvious_000905.png","dataset_images/damaged_obvious/damaged_obvious_000905.png","3db09342b55cf922b4eae801b7a26fc4bd81af9ec911c296ef4047f0c037d4b3","962","1218","document","RGB","existing_damage","train","real_damaged","Library of Congress","","","","noise","1","texture_catalog_match_v1+source_attribute_v1","","{""crack"": 0.0001, ""dust"": 0.0005, ""fold"": 0.0023, ""missing_region"": 0.0021, ""mold"": 0.0031, ""scratch"": 0.0017, ""stain"": 0.0064, ""tear"": 0.0121}","{}","0","0","0","0","0","0","0","0","0","0","0","1","0","0","ede95adc242c9dbf35b2a1be37301467b659f480c428644efceb56fe9b5bb2ba","843028","png"
"1359","damaged_obvious_000906","damaged_obvious","906","580959pu","1389.png","damaged_obvious_000906.png","dataset_images/damaged_obvious/damaged_obvious_000906.png","14afb8f31fb94d04b787d5927b6c0d43940b8672ec1980a33c5804ea11aa11ae","2914","4096","other","RGB","existing_damage","train","real_damaged","Library of Congress","","","","noise","1","texture_catalog_match_v1+source_attribute_v1","","{""crack"": 0.0, ""dust"": 0.0, ""fold"": 0.0, ""missing_region"": 0.0, ""mold"": 0.0, ""scratch"": 0.0, ""stain"": 0.0, ""tear"": 0.0}","{}","0","0","0","0","0","0","0","0","0","0","0","1","0","0","14afb8f31fb94d04b787d5927b6c0d43940b8672ec1980a33c5804ea11aa11ae","754832","png"
"1360","damaged_obvious_000907","damaged_obvious","907","8e01171u","1390.png","damaged_obvious_000907.png","dataset_images/damaged_obvious/damaged_obvious_000907.png","f2ff1b66b6ce0c903b5b8e8546fc3dd77d9ab8a22607689ea8b5f0e557ef2ac5","2144","1749","outdoor_scene","RGB","existing_damage","validation","real_damaged","Library of Congress","","","","noise|uneven_exposure","2","texture_catalog_match_v1+source_attribute_v1","","{""crack"": 0.0, ""dust"": 0.0002, ""fold"": 0.0023, ""missing_region"": 0.0158, ""mold"": 0.0049, ""scratch"": 0.0015, ""stain"": 0.0238, ""tear"": 0.0479}","{}","0","0","0","0","0","0","0","0","0","0","0","1","0","1","889d0e57e0e67f6f56955db299615d5d66c14184c5a4fbb1873433cb3c577b55","3584141","png"
"1361","damaged_obvious_000908","damaged_obvious","908","met_261941","1391.png","damaged_obvious_000908.png","dataset_images/damaged_obvious/damaged_obvious_000908.png","fe28d49dcd5e2e45383260a2a8c2d3f621f4994a11238d36427dc98a772a464c","2000","1623","outdoor_scene","RGB","existing_damage","train","real_damaged","The Metropolitan Museum of Art","https://www.metmuseum.org/art/collection/search/261941","Public Domain","https://www.metmuseum.org/about-the-met/policies-and-documents/open-access","noise","1","texture_catalog_match_v1+source_attribute_v1","","{""crack"": 0.0079, ""dust"": 0.0135, ""fold"": 0.0414, ""missing_region"": 0.015, ""mold"": 0.0366, ""scratch"": 0.0196, ""stain"": 0.0444, ""tear"": 0.0259}","{}","0","0","0","0","0","0","0","0","0","0","0","1","0","0","fe28d49dcd5e2e45383260a2a8c2d3f621f4994a11238d36427dc98a772a464c","2178083","png"
"1362","damaged_obvious_000909","damaged_obvious","909","met_262612","1392.png","damaged_obvious_000909.png","dataset_images/damaged_obvious/damaged_obvious_000909.png","c54255abf9d43f10078e99cb489592f85792e35102a19a62d6eadb8b3b9f4e6d","2560","2019","single_portrait","RGB","existing_damage","validation","real_damaged","The Metropolitan Museum of Art","https://www.metmuseum.org/art/collection/search/262612","Public Domain","https://www.metmuseum.org/about-the-met/policies-and-documents/open-access","noise|uneven_exposure","2","texture_catalog_match_v1+source_attribute_v1","","{""crack"": 0.0036, ""dust"": 0.0034, ""fold"": 0.0056, ""missing_region"": 0.0126, ""mold"": 0.0153, ""scratch"": 0.0052, ""stain"": 0.0182, ""tear"": 0.0135}","{}","0","0","0","0","0","0","0","0","0","0","0","1","0","1","c54255abf9d43f10078e99cb489592f85792e35102a19a62d6eadb8b3b9f4e6d","3554764","png"
"1364","damaged_obvious_000910","damaged_obvious","910","met_264711","1394.png","damaged_obvious_000910.png","dataset_images/damaged_obvious/damaged_obvious_000910.png","9ca10f6ce587a12d2f0c5c44885684f8306e1d3545f365db99d4eb910e06bce0","2194","1749","single_portrait","RGB","existing_damage","train","real_damaged","The Metropolitan Museum of Art","https://www.metmuseum.org/art/collection/search/264711","Public Domain","https://www.metmuseum.org/about-the-met/policies-and-documents/open-access","noise","1","texture_catalog_match_v1+source_attribute_v1","","{""crack"": 0.0128, ""dust"": 0.0156, ""fold"": 0.0252, ""missing_region"": 0.0136, ""mold"": 0.0202, ""scratch"": 0.0187, ""stain"": 0.0279, ""tear"": 0.0245}","{}","0","0","0","0","0","0","0","0","0","0","0","1","0","0","fe6c46502e42d67179be76f1695184b1f66945dc15882dd9646f7e651fafc102","3641042","png"
"1365","damaged_obvious_000911","damaged_obvious","911","met_265076","1395.png","damaged_obvious_000911.png","dataset_images/damaged_obvious/damaged_obvious_000911.png","62b3c087dd797799350067680f41e161e2121a2c97708c47f992e3d5c8efa074","2042","2560","architecture","RGB","existing_damage","test","real_damaged","The Metropolitan Museum of Art","https://www.metmuseum.org/art/collection/search/265076","Public Domain","https://www.metmuseum.org/about-the-met/policies-and-documents/open-access","noise|uneven_exposure","2","texture_catalog_match_v1+source_attribute_v1","","{""crack"": 0.0, ""dust"": 0.0, ""fold"": 0.0, ""missing_region"": 0.0019, ""mold"": 0.0003, ""scratch"": 0.0, ""stain"": 0.0021, ""tear"": 0.0029}","{}","0","0","0","0","0","0","0","0","0","0","0","1","0","1","62b3c087dd797799350067680f41e161e2121a2c97708c47f992e3d5c8efa074","3776388","png"
"1366","damaged_obvious_000912","damaged_obvious","912","met_265556","1396.png","damaged_obvious_000912.png","dataset_images/damaged_obvious/damaged_obvious_000912.png","aafe40b0ad2dfef84abf5332e5bc2557f6da30dd2a59692c1aa98d0fbb6e35bf","2034","2560","single_portrait","RGB","existing_damage","train","real_damaged","The Metropolitan Museum of Art","https://www.metmuseum.org/art/collection/search/265556","Public Domain","https://www.metmuseum.org/about-the-met/policies-and-documents/open-access","noise","1","texture_catalog_match_v1+source_attribute_v1","","{""crack"": 0.0, ""dust"": 0.0, ""fold"": 0.0001, ""missing_region"": 0.0036, ""mold"": 0.0015, ""scratch"": 0.0001, ""stain"": 0.0025, ""tear"": 0.0036}","{}","0","0","0","0","0","0","0","0","0","0","0","1","0","0","aafe40b0ad2dfef84abf5332e5bc2557f6da30dd2a59692c1aa98d0fbb6e35bf","3206284","png"
"1367","damaged_obvious_000913","damaged_obvious","913","met_265726","1397.png","damaged_obvious_000913.png","dataset_images/damaged_obvious/damaged_obvious_000913.png","5adb5949ea489796a71f944e826fdda646271ffefebd5b74a7113027e1f359a9","2560","2298","other","RGB","existing_damage","train","real_damaged","The Metropolitan Museum of Art","https://www.metmuseum.org/art/collection/search/265726","Public Domain","https://www.metmuseum.org/about-the-met/policies-and-documents/open-access","color_cast|noise","2","texture_catalog_match_v1+source_attribute_v1","","{""crack"": 0.0055, ""dust"": 0.0142, ""fold"": 0.0182, ""missing_region"": 0.0376, ""mold"": 0.0316, ""scratch"": 0.0141, ""stain"": 0.0532, ""tear"": 0.053}","{}","0","0","0","0","0","0","0","0","0","1","0","1","0","0","5adb5949ea489796a71f944e826fdda646271ffefebd5b74a7113027e1f359a9","3220957","png"
"1368","damaged_obvious_000914","damaged_obvious","914","met_265904","1398.png","damaged_obvious_000914.png","dataset_images/damaged_obvious/damaged_obvious_000914.png","187d34efa7ecb6a1d8d92081b89ccadd8a5521aaf6e43aac46c2a302da734c00","2560","1979","outdoor_scene","RGB","existing_damage","validation","real_damaged","The Metropolitan Museum of Art","https://www.metmuseum.org/art/collection/search/265904","Public Domain","https://www.metmuseum.org/about-the-met/policies-and-documents/open-access","noise|uneven_exposure","2","texture_catalog_match_v1+source_attribute_v1","","{""crack"": 0.0087, ""dust"": 0.0298, ""fold"": 0.0765, ""missing_region"": 0.0766, ""mold"": 0.1043, ""scratch"": 0.0379, ""stain"": 0.0696, ""tear"": 0.0766}","{}","0","0","0","0","0","0","0","0","0","0","0","1","0","1","187d34efa7ecb6a1d8d92081b89ccadd8a5521aaf6e43aac46c2a302da734c00","3851892","png"
"1370","damaged_obvious_000915","damaged_obvious","915","met_265917","1400.png","damaged_obvious_000915.png","dataset_images/damaged_obvious/damaged_obvious_000915.png","3c73223f8404b219fe6bd6e0b891c6d670eb34fa1c73e1e4f5875bd917be9d57","2560","1847","single_portrait","RGB","existing_damage","test","real_damaged","The Metropolitan Museum of Art","https://www.metmuseum.org/art/collection/search/265917","Public Domain","https://www.metmuseum.org/about-the-met/policies-and-documents/open-access","noise","1","texture_catalog_match_v1+source_attribute_v1","","{""crack"": 0.0005, ""dust"": 0.0034, ""fold"": 0.0116, ""missing_region"": 0.0171, ""mold"": 0.0171, ""scratch"": 0.0074, ""stain"": 0.0976, ""tear"": 0.0464}","{}","0","0","0","0","0","0","0","0","0","0","0","1","0","0","3c73223f8404b219fe6bd6e0b891c6d670eb34fa1c73e1e4f5875bd917be9d57","3481956","png"
"1371","damaged_obvious_000916","damaged_obvious","916","met_265972","1401.png","damaged_obvious_000916.png","dataset_images/damaged_obvious/damaged_obvious_000916.png","255bf0a1ea86f79230f94dc1c49edaf79ac176854d22bb70c9dfbfc7f0fc9ae1","2560","2035","other","RGB","existing_damage","train","real_damaged","The Metropolitan Museum of Art","https://www.metmuseum.org/art/collection/search/265972","Public Domain","https://www.metmuseum.org/about-the-met/policies-and-documents/open-access","noise","1","texture_catalog_match_v1+source_attribute_v1","","{""crack"": 0.0069, ""dust"": 0.0261, ""fold"": 0.0746, ""missing_region"": 0.049, ""mold"": 0.0504, ""scratch"": 0.0255, ""stain"": 0.07, ""tear"": 0.049}","{}","0","0","0","0","0","0","0","0","0","0","0","1","0","0","7b07c71a29a15695fff6cca0316f1f4c912e3057b85924490e286e012e06320f","6165053","png"
"1372","damaged_obvious_000917","damaged_obvious","917","met_266121","1402.png","damaged_obvious_000917.png","dataset_images/damaged_obvious/damaged_obvious_000917.png","5429f969a500fe457df4ed0853fb5d45f95ec3dd49e52355656ca6e0c5391ec0","2560","2002","single_portrait","RGB","existing_damage","train","real_damaged","The Metropolitan Museum of Art","https://www.metmuseum.org/art/collection/search/266121","Public Domain","https://www.metmuseum.org/about-the-met/policies-and-documents/open-access","scratch|crack|fold|dust|stain|mold|tear|missing_region|noise","9","texture_catalog_match_v1+source_attribute_v1","crack|dust|fold|missing_region|mold|scratch|stain|tear","{""crack"": 0.1266, ""dust"": 0.1442, ""fold"": 0.2262, ""missing_region"": 0.1532, ""mold"": 0.2032, ""scratch"": 0.1878, ""stain"": 0.2628, ""tear"": 0.2356}","{""crack"": [""135.jpg"", ""109.jpg"", ""116.jpg""], ""dust"": [""060.jpg"", ""214.jpg"", ""211.jpg""], ""fold"": [""248.jpg"", ""242.jpg"", ""032.jpg""], ""missing_region"": [""201.jpg"", ""170.jpg"", ""051.jpg""], ""mold"": [""075.jpg"", ""016.jpg"", ""234.jpg""], ""scratch"": [""122.jpg"", ""035.jpg"", ""017.jpg""], ""stain"": [""226.jpg"", ""147.jpg"", ""159.jpg""], ""tear"": [""201.jpg"", ""024.jpg"", ""233.jpg""]}","1","1","1","1","1","1","1","1","0","0","0","1","0","0","5429f969a500fe457df4ed0853fb5d45f95ec3dd49e52355656ca6e0c5391ec0","3824175","png"
"1373","damaged_obvious_000918","damaged_obvious","918","met_266133","1403.png","damaged_obvious_000918.png","dataset_images/damaged_obvious/damaged_obvious_000918.png","072fd43d42e800d301ed68874d7acf122f07e0d5a46fc0b7a3da7afa7e8c545b","3200","2485","outdoor_scene","RGB","existing_damage","train","real_damaged","The Metropolitan Museum of Art","https://www.metmuseum.org/art/collection/search/266133","Public Domain","https://www.metmuseum.org/about-the-met/policies-and-documents/open-access","noise|uneven_exposure","2","texture_catalog_match_v1+source_attribute_v1","","{""crack"": 0.0013, ""dust"": 0.0049, ""fold"": 0.008, ""missing_region"": 0.0081, ""mold"": 0.0115, ""scratch"": 0.0067, ""stain"": 0.0122, ""tear"": 0.0123}","{}","0","0","0","0","0","0","0","0","0","0","0","1","0","1","072fd43d42e800d301ed68874d7acf122f07e0d5a46fc0b7a3da7afa7e8c545b","3922221","png"
"1374","damaged_obvious_000919","damaged_obvious","919","met_266257","1404.png","damaged_obvious_000919.png","dataset_images/damaged_obvious/damaged_obvious_000919.png","0e1b3c199d2fa1bd3703f4b7efacdea990958f96990a21ae2f93e4aaa51a8d0e","1950","2405","single_portrait","RGB","existing_damage","test","real_damaged","The Metropolitan Museum of Art","https://www.metmuseum.org/art/collection/search/266257","Public Domain","https://www.metmuseum.org/about-the-met/policies-and-documents/open-access","uneven_exposure","1","texture_catalog_match_v1+source_attribute_v1","","{""crack"": 0.0234, ""dust"": 0.0263, ""fold"": 0.0669, ""missing_region"": 0.0265, ""mold"": 0.0481, ""scratch"": 0.0214, ""stain"": 0.0466, ""tear"": 0.0763}","{}","0","0","0","0","0","0","0","0","0","0","0","0","0","1","11371cc722540e42caecb0f9ee38e18a09dd59e84f3cf5ba1229fa9e5ece66b8","6713896","png"
"1375","damaged_obvious_000920","damaged_obvious","920","met_266284","1405.png","damaged_obvious_000920.png","dataset_images/damaged_obvious/damaged_obvious_000920.png","e3162a67489fd3869f1baea479a88c1dfe49319bbd62e596c87b2b39f06befba","1729","2560","architecture","RGB","existing_damage","train","real_damaged","The Metropolitan Museum of Art","https://www.metmuseum.org/art/collection/search/266284","Public Domain","https://www.metmuseum.org/about-the-met/policies-and-documents/open-access","color_cast|noise|uneven_exposure","3","texture_catalog_match_v1+source_attribute_v1","","{""crack"": 0.0068, ""dust"": 0.0164, ""fold"": 0.041, ""missing_region"": 0.0282, ""mold"": 0.0528, ""scratch"": 0.0255, ""stain"": 0.0541, ""tear"": 0.0393}","{}","0","0","0","0","0","0","0","0","0","1","0","1","0","1","e3162a67489fd3869f1baea479a88c1dfe49319bbd62e596c87b2b39f06befba","3322352","png"
"1378","damaged_obvious_000921","damaged_obvious","921","met_266644","1408.png","damaged_obvious_000921.png","dataset_images/damaged_obvious/damaged_obvious_000921.png","ee0a35724df0577e0836dce2c567af3958b24dbdae00c7123da9a08f109b9649","3200","2005","outdoor_scene","RGB","existing_damage","train","real_damaged","The Metropolitan Museum of Art","https://www.metmuseum.org/art/collection/search/266644","Public Domain","https://www.metmuseum.org/about-the-met/policies-and-documents/open-access","uneven_exposure","1","texture_catalog_match_v1+source_attribute_v1","","{""crack"": 0.0236, ""dust"": 0.039, ""fold"": 0.1376, ""missing_region"": 0.059, ""mold"": 0.1273, ""scratch"": 0.0391, ""stain"": 0.1578, ""tear"": 0.1569}","{}","0","0","0","0","0","0","0","0","0","0","0","0","0","1","ee0a35724df0577e0836dce2c567af3958b24dbdae00c7123da9a08f109b9649","3564163","png"
"1379","damaged_obvious_000922","damaged_obvious","922","met_266895","1409.png","damaged_obvious_000922.png","dataset_images/damaged_obvious/damaged_obvious_000922.png","01149d612c929900c24372057a45c8d74a8080dc1303e6db736f49c35a574128","1867","2560","single_portrait","RGB","existing_damage","test","real_damaged","The Metropolitan Museum of Art","https://www.metmuseum.org/art/collection/search/266895","Public Domain","https://www.metmuseum.org/about-the-met/policies-and-documents/open-access","scratch|crack|fold|dust|stain|tear|missing_region","7","texture_catalog_match_v1+source_attribute_v1","crack|dust|fold|missing_region|scratch|stain|tear","{""crack"": 0.128, ""dust"": 0.1364, ""fold"": 0.1812, ""missing_region"": 0.1896, ""mold"": 0.1369, ""scratch"": 0.1796, ""stain"": 0.1944, ""tear"": 0.2144}","{""crack"": [""240.jpg"", ""135.jpg"", ""116.jpg""], ""dust"": [""162.jpg"", ""202.jpg"", ""169.jpg""], ""fold"": [""248.jpg"", ""242.jpg"", ""089.jpg""], ""missing_region"": [""201.jpg"", ""170.jpg"", ""051.jpg""], ""scratch"": [""035.jpg"", ""122.jpg"", ""017.jpg""], ""stain"": [""226.jpg"", ""159.jpg"", ""178.jpg""], ""tear"": [""233.jpg"", ""120.jpg"", ""201.jpg""]}","1","1","1","1","1","0","1","1","0","0","0","0","0","0","01149d612c929900c24372057a45c8d74a8080dc1303e6db736f49c35a574128","3158984","png"
"1381","damaged_obvious_000923","damaged_obvious","923","met_266983","1411.png","damaged_obvious_000923.png","dataset_images/damaged_obvious/damaged_obvious_000923.png","57af0562e1d6765c618d65f9018b217ea0357e6982a9688161ac1c85d72c7666","2560","2318","outdoor_scene","RGB","existing_damage","train","real_damaged","The Metropolitan Museum of Art","https://www.metmuseum.org/art/collection/search/266983","Public Domain","https://www.metmuseum.org/about-the-met/policies-and-documents/open-access","noise","1","texture_catalog_match_v1+source_attribute_v1","","{""crack"": 0.0109, ""dust"": 0.0189, ""fold"": 0.0257, ""missing_region"": 0.0231, ""mold"": 0.0302, ""scratch"": 0.0255, ""stain"": 0.0398, ""tear"": 0.0277}","{}","0","0","0","0","0","0","0","0","0","0","0","1","0","0","57af0562e1d6765c618d65f9018b217ea0357e6982a9688161ac1c85d72c7666","3971561","png"
"1382","damaged_obvious_000924","damaged_obvious","924","met_267019","1412.png","damaged_obvious_000924.png","dataset_images/damaged_obvious/damaged_obvious_000924.png","b3e91ce511226dd26c5d3ff4b5477f021b5b965ea00c957920cacee7b35d2b93","2560","2123","outdoor_scene","RGB","existing_damage","train","real_damaged","The Metropolitan Museum of Art","https://www.metmuseum.org/art/collection/search/267019","Public Domain","https://www.metmuseum.org/about-the-met/policies-and-documents/open-access","noise|uneven_exposure","2","texture_catalog_match_v1+source_attribute_v1","","{""crack"": 0.0009, ""dust"": 0.002, ""fold"": 0.0078, ""missing_region"": 0.0079, ""mold"": 0.0071, ""scratch"": 0.0051, ""stain"": 0.0209, ""tear"": 0.016}","{}","0","0","0","0","0","0","0","0","0","0","0","1","0","1","b3e91ce511226dd26c5d3ff4b5477f021b5b965ea00c957920cacee7b35d2b93","3495240","png"
"1383","damaged_obvious_000925","damaged_obvious","925","met_267087","1413.png","damaged_obvious_000925.png","dataset_images/damaged_obvious/damaged_obvious_000925.png","6a73fea304fa30226c26da7982625f728f14024b726b0c062486536146112bc9","840","522","outdoor_scene","RGB","existing_damage","validation","real_damaged","The Metropolitan Museum of Art","https://www.metmuseum.org/art/collection/search/267087","Public Domain","https://www.metmuseum.org/about-the-met/policies-and-documents/open-access","noise","1","texture_catalog_match_v1+source_attribute_v1","","{""crack"": 0.0073, ""dust"": 0.0194, ""fold"": 0.0253, ""missing_region"": 0.0276, ""mold"": 0.0286, ""scratch"": 0.0138, ""stain"": 0.062, ""tear"": 0.0678}","{}","0","0","0","0","0","0","0","0","0","0","0","1","0","0","f72646d3ff9f8ce1db04851e277ab807f76adee0ac6a3ab600303306b13eff42","492594","png"
"1384","damaged_obvious_000926","damaged_obvious","926","met_267097","1414.png","damaged_obvious_000926.png","dataset_images/damaged_obvious/damaged_obvious_000926.png","33ed2d7274f8f4fb88ce0a4fb067e6f80069e3a1420db449428ec4a2c9c0789f","2016","2560","outdoor_scene","RGB","existing_damage","train","real_damaged","The Metropolitan Museum of Art","https://www.metmuseum.org/art/collection/search/267097","Public Domain","https://www.metmuseum.org/about-the-met/policies-and-documents/open-access","noise","1","texture_catalog_match_v1+source_attribute_v1","","{""crack"": 0.0001, ""dust"": 0.0005, ""fold"": 0.0041, ""missing_region"": 0.0067, ""mold"": 0.0204, ""scratch"": 0.0035, ""stain"": 0.0294, ""tear"": 0.0231}","{}","0","0","0","0","0","0","0","0","0","0","0","1","0","0","33ed2d7274f8f4fb88ce0a4fb067e6f80069e3a1420db449428ec4a2c9c0789f","3868778","png"
"1385","damaged_obvious_000927","damaged_obvious","927","met_267124","1415.png","damaged_obvious_000927.png","dataset_images/damaged_obvious/damaged_obvious_000927.png","7437052776d7a241ec845a7ea355844a9f901bd3255ca4287da46a839b5e6727","3018","3568","single_portrait","RGB","existing_damage","train","real_damaged","The Metropolitan Museum of Art","https://www.metmuseum.org/art/collection/search/267124","Public Domain","https://www.metmuseum.org/about-the-met/policies-and-documents/open-access","noise","1","texture_catalog_match_v1+source_attribute_v1","","{""crack"": 0.006, ""dust"": 0.013, ""fold"": 0.0131, ""missing_region"": 0.0187, ""mold"": 0.0255, ""scratch"": 0.0156, ""stain"": 0.0227, ""tear"": 0.0248}","{}","0","0","0","0","0","0","0","0","0","0","0","1","0","0","ef4c968d7e5f7a4dd8db48c596a2212cb31d06e70d760b7961d9389ad4305892","7558817","png"
"1387","damaged_obvious_000928","damaged_obvious","928","met_267426","1417.png","damaged_obvious_000928.png","dataset_images/damaged_obvious/damaged_obvious_000928.png","946108c6bfc6b3195e15867bdeec5290a58f06e5a60e6005f376d846c7251bc3","1944","2560","single_portrait","RGB","existing_damage","train","real_damaged","The Metropolitan Museum of Art","https://www.metmuseum.org/art/collection/search/267426","Public Domain","https://www.metmuseum.org/about-the-met/policies-and-documents/open-access","blur","1","texture_catalog_match_v1+source_attribute_v1","","{""crack"": 0.0221, ""dust"": 0.0236, ""fold"": 0.0534, ""missing_region"": 0.0234, ""mold"": 0.0363, ""scratch"": 0.024, ""stain"": 0.0459, ""tear"": 0.0615}","{}","0","0","0","0","0","0","0","0","0","0","1","0","0","0","946108c6bfc6b3195e15867bdeec5290a58f06e5a60e6005f376d846c7251bc3","3431958","png"
"1388","damaged_obvious_000929","damaged_obvious","929","met_267891","1418.png","damaged_obvious_000929.png","dataset_images/damaged_obvious/damaged_obvious_000929.png","af8d0a734160ba1ea6af74ae950d4d0c1d82f8c1105409d4102914ace08a1532","1905","861","architecture","RGB","existing_damage","train","real_damaged","The Metropolitan Museum of Art","https://www.metmuseum.org/art/collection/search/267891","Public Domain","https://www.metmuseum.org/about-the-met/policies-and-documents/open-access","noise|uneven_exposure","2","texture_catalog_match_v1+source_attribute_v1","","{""crack"": 0.0251, ""dust"": 0.0279, ""fold"": 0.0288, ""missing_region"": 0.0357, ""mold"": 0.0447, ""scratch"": 0.0269, ""stain"": 0.0397, ""tear"": 0.0513}","{}","0","0","0","0","0","0","0","0","0","0","0","1","0","1","af8d0a734160ba1ea6af74ae950d4d0c1d82f8c1105409d4102914ace08a1532","1006257","png"
"1389","damaged_obvious_000930","damaged_obvious","930","met_267989","1419.png","damaged_obvious_000930.png","dataset_images/damaged_obvious/damaged_obvious_000930.png","6ccda71c78fbbf657cb4c9810c2bb6c87edeb2a2b16a83ce6827808df7eb0a75","2424","1635","indoor_scene","RGB","existing_damage","train","real_damaged","The Metropolitan Museum of Art","https://www.metmuseum.org/art/collection/search/267989","Public Domain","https://www.metmuseum.org/about-the-met/policies-and-documents/open-access","noise|uneven_exposure","2","texture_catalog_match_v1+source_attribute_v1","","{""crack"": 0.0025, ""dust"": 0.0088, ""fold"": 0.0082, ""missing_region"": 0.0055, ""mold"": 0.0064, ""scratch"": 0.005, ""stain"": 0.0101, ""tear"": 0.014}","{}","0","0","0","0","0","0","0","0","0","0","0","1","0","1","6ccda71c78fbbf657cb4c9810c2bb6c87edeb2a2b16a83ce6827808df7eb0a75","3184138","png"
"1391","damaged_obvious_000931","damaged_obvious","931","met_268336","1421.png","damaged_obvious_000931.png","dataset_images/damaged_obvious/damaged_obvious_000931.png","e6a6c0a6bfa3a64320bafea5807ddba26188b7e6f9e15a6bb318cee1322e5cba","1992","2560","single_portrait","RGB","existing_damage","train","real_damaged","The Metropolitan Museum of Art","https://www.metmuseum.org/art/collection/search/268336","Public Domain","https://www.metmuseum.org/about-the-met/policies-and-documents/open-access","noise","1","texture_catalog_match_v1+source_attribute_v1","","{""crack"": 0.0124, ""dust"": 0.0263, ""fold"": 0.054, ""missing_region"": 0.025, ""mold"": 0.0386, ""scratch"": 0.0265, ""stain"": 0.0396, ""tear"": 0.0392}","{}","0","0","0","0","0","0","0","0","0","0","0","1","0","0","e6a6c0a6bfa3a64320bafea5807ddba26188b7e6f9e15a6bb318cee1322e5cba","3303850","png"
"1393","damaged_obvious_000932","damaged_obvious","932","met_268621","1423.png","damaged_obvious_000932.png","dataset_images/damaged_obvious/damaged_obvious_000932.png","62e47c2dadcb77f810ce36d8c1dd846669833113a52f96562e296056e9813e4f","1966","2560","single_portrait","RGB","existing_damage","train","real_damaged","The Metropolitan Museum of Art","https://www.metmuseum.org/art/collection/search/268621","Public Domain","https://www.metmuseum.org/about-the-met/policies-and-documents/open-access","noise","1","texture_catalog_match_v1+source_attribute_v1","","{""crack"": 0.0052, ""dust"": 0.0113, ""fold"": 0.0227, ""missing_region"": 0.0434, ""mold"": 0.0298, ""scratch"": 0.0243, ""stain"": 0.0335, ""tear"": 0.0434}","{}","0","0","0","0","0","0","0","0","0","0","0","1","0","0","325486e3d5cbadd854910396d35b402cce36b0ddc63f262a62ad5c5f37184cb7","7301043","png"
"1396","damaged_obvious_000933","damaged_obvious","933","met_269009","1426.png","damaged_obvious_000933.png","dataset_images/damaged_obvious/damaged_obvious_000933.png","263cfe88061b27914909dea60e7dad2bdb4243b407110278084734576ae877b4","2560","2168","group_portrait","RGB","existing_damage","train","real_damaged","The Metropolitan Museum of Art","https://www.metmuseum.org/art/collection/search/269009","Public Domain","https://www.metmuseum.org/about-the-met/policies-and-documents/open-access","noise|uneven_exposure","2","texture_catalog_match_v1+source_attribute_v1","","{""crack"": 0.0096, ""dust"": 0.0148, ""fold"": 0.0357, ""missing_region"": 0.0171, ""mold"": 0.0355, ""scratch"": 0.0141, ""stain"": 0.0431, ""tear"": 0.0476}","{}","0","0","0","0","0","0","0","0","0","0","0","1","0","1","263cfe88061b27914909dea60e7dad2bdb4243b407110278084734576ae877b4","3593723","png"
"1397","damaged_obvious_000934","damaged_obvious","934","met_269621","1427.png","damaged_obvious_000934.png","dataset_images/damaged_obvious/damaged_obvious_000934.png","cc244578065762168c5a90592faec03865602544a67e2682a8ea6f1789ceeba4","2144","2560","indoor_scene","RGB","existing_damage","train","real_damaged","The Metropolitan Museum of Art","https://www.metmuseum.org/art/collection/search/269621","Public Domain","https://www.metmuseum.org/about-the-met/policies-and-documents/open-access","color_cast|noise","2","texture_catalog_match_v1+source_attribute_v1","","{""crack"": 0.0051, ""dust"": 0.0178, ""fold"": 0.0397, ""missing_region"": 0.0572, ""mold"": 0.0521, ""scratch"": 0.0207, ""stain"": 0.0631, ""tear"": 0.0673}","{}","0","0","0","0","0","0","0","0","0","1","0","1","0","0","cc244578065762168c5a90592faec03865602544a67e2682a8ea6f1789ceeba4","3434127","png"
"1398","damaged_obvious_000935","damaged_obvious","935","met_270202","1428.png","damaged_obvious_000935.png","dataset_images/damaged_obvious/damaged_obvious_000935.png","ee11bebd64446bb4583a63e168ba3c9672f0d4a15bfad8def7bb0785536e70c6","3200","2348","other","RGB","existing_damage","train","real_damaged","The Metropolitan Museum of Art","https://www.metmuseum.org/art/collection/search/270202","Public Domain","https://www.metmuseum.org/about-the-met/policies-and-documents/open-access","noise","1","texture_catalog_match_v1+source_attribute_v1","","{""crack"": 0.0172, ""dust"": 0.0158, ""fold"": 0.0282, ""missing_region"": 0.0194, ""mold"": 0.0302, ""scratch"": 0.0198, ""stain"": 0.0286, ""tear"": 0.0905}","{}","0","0","0","0","0","0","0","0","0","0","0","1","0","0","ee11bebd64446bb4583a63e168ba3c9672f0d4a15bfad8def7bb0785536e70c6","3770899","png"
"1399","damaged_obvious_000936","damaged_obvious","936","met_271522","1429.png","damaged_obvious_000936.png","dataset_images/damaged_obvious/damaged_obvious_000936.png","6900555317c82dc853fbe167ea5f43c1e12550dc850a5c0a45d201c521423d64","2025","2534","single_portrait","RGB","existing_damage","train","real_damaged","The Metropolitan Museum of Art","https://www.metmuseum.org/art/collection/search/271522","Public Domain","https://www.metmuseum.org/about-the-met/policies-and-documents/open-access","uneven_exposure","1","texture_catalog_match_v1+source_attribute_v1","","{""crack"": 0.0184, ""dust"": 0.0319, ""fold"": 0.0452, ""missing_region"": 0.0394, ""mold"": 0.0625, ""scratch"": 0.0289, ""stain"": 0.0978, ""tear"": 0.059}","{}","0","0","0","0","0","0","0","0","0","0","0","0","0","1","8ec4dc3f9e3e1cdf77b1c24b01fcf2b0844a7e55744f47a838e1d80dce551c72","4212298","png"
"1402","damaged_obvious_000937","damaged_obvious","937","met_271963","1432.png","damaged_obvious_000937.png","dataset_images/damaged_obvious/damaged_obvious_000937.png","059e8039dc0cc1ddf5a37ba407d5c555644c84384b83f8ac777595681a4abb23","2560","1972","single_portrait","RGB","existing_damage","train","real_damaged","The Metropolitan Museum of Art","https://www.metmuseum.org/art/collection/search/271963","Public Domain","https://www.metmuseum.org/about-the-met/policies-and-documents/open-access","color_cast|noise","2","texture_catalog_match_v1+source_attribute_v1","","{""crack"": 0.0109, ""dust"": 0.0341, ""fold"": 0.0853, ""missing_region"": 0.0354, ""mold"": 0.1346, ""scratch"": 0.0334, ""stain"": 0.1746, ""tear"": 0.0734}","{}","0","0","0","0","0","0","0","0","0","1","0","1","0","0","059e8039dc0cc1ddf5a37ba407d5c555644c84384b83f8ac777595681a4abb23","3388768","png"
"1403","damaged_obvious_000938","damaged_obvious","938","met_282004","1433.png","damaged_obvious_000938.png","dataset_images/damaged_obvious/damaged_obvious_000938.png","bd51c915f8e278e368d60ce663a51595a599b4813261ff5eacfdbbeb2bf97fbd","2579","1966","architecture","RGB","existing_damage","validation","real_damaged","The Metropolitan Museum of Art","https://www.metmuseum.org/art/collection/search/282004","Public Domain","https://www.metmuseum.org/about-the-met/policies-and-documents/open-access","blur","1","texture_catalog_match_v1+source_attribute_v1","","{""crack"": 0.0283, ""dust"": 0.0303, ""fold"": 0.0315, ""missing_region"": 0.0293, ""mold"": 0.0343, ""scratch"": 0.0288, ""stain"": 0.0534, ""tear"": 0.0608}","{}","0","0","0","0","0","0","0","0","0","0","1","0","0","0","6f7289373fb1c6ee37614cfdcb3775830764f18b9f57aa76b8de18581f2860c9","4567839","png"
"1404","damaged_obvious_000939","damaged_obvious","939","met_282005","1434.png","damaged_obvious_000939.png","dataset_images/damaged_obvious/damaged_obvious_000939.png","5cf96a51392a69ed50a6f2b67fc897eadf2bcd93365a4501a294872662370c57","2914","2445","architecture","RGB","existing_damage","train","real_damaged","The Metropolitan Museum of Art","https://www.metmuseum.org/art/collection/search/282005","Public Domain","https://www.metmuseum.org/about-the-met/policies-and-documents/open-access","blur","1","texture_catalog_match_v1+source_attribute_v1","","{""crack"": 0.0285, ""dust"": 0.0336, ""fold"": 0.0679, ""missing_region"": 0.0327, ""mold"": 0.0528, ""scratch"": 0.0296, ""stain"": 0.0825, ""tear"": 0.0834}","{}","0","0","0","0","0","0","0","0","0","0","1","0","0","0","3b851800807946e3fbd4dfd888db226cef75021152f2dd3a5180a4c606e86025","6159889","png"
"1408","damaged_obvious_000940","damaged_obvious","940","met_282021","1438.png","damaged_obvious_000940.png","dataset_images/damaged_obvious/damaged_obvious_000940.png","2b78af3d483fd93b7650673969a45bd7b0a276f47761e997bb13ff4873189964","1950","2560","single_portrait","RGB","existing_damage","train","real_damaged","The Metropolitan Museum of Art","https://www.metmuseum.org/art/collection/search/282021","Public Domain","https://www.metmuseum.org/about-the-met/policies-and-documents/open-access","noise","1","texture_catalog_match_v1+source_attribute_v1","","{""crack"": 0.0153, ""dust"": 0.0239, ""fold"": 0.0622, ""missing_region"": 0.0427, ""mold"": 0.0505, ""scratch"": 0.0266, ""stain"": 0.0648, ""tear"": 0.0556}","{}","0","0","0","0","0","0","0","0","0","0","0","1","0","0","2b78af3d483fd93b7650673969a45bd7b0a276f47761e997bb13ff4873189964","3358579","png"
"1410","damaged_obvious_000941","damaged_obvious","941","met_282028","1440.png","damaged_obvious_000941.png","dataset_images/damaged_obvious/damaged_obvious_000941.png","04da4fa651614a9311cd5f206551190344342843e9fc9e8d285e15b0986d9b6d","2560","1941","architecture","RGB","existing_damage","train","real_damaged","The Metropolitan Museum of Art","https://www.metmuseum.org/art/collection/search/282028","Public Domain","https://www.metmuseum.org/about-the-met/policies-and-documents/open-access","noise","1","texture_catalog_match_v1+source_attribute_v1","","{""crack"": 0.0103, ""dust"": 0.0214, ""fold"": 0.0242, ""missing_region"": 0.0377, ""mold"": 0.0392, ""scratch"": 0.0239, ""stain"": 0.049, ""tear"": 0.0429}","{}","0","0","0","0","0","0","0","0","0","0","0","1","0","0","04da4fa651614a9311cd5f206551190344342843e9fc9e8d285e15b0986d9b6d","3459236","png"
"1411","damaged_obvious_000942","damaged_obvious","942","met_282032","1441.png","damaged_obvious_000942.png","dataset_images/damaged_obvious/damaged_obvious_000942.png","8cd6894dcc8557e5daff3a8aebbde7e95e945bbfa3faf03f11c97733b3b1ce85","1872","2560","outdoor_scene","RGB","existing_damage","train","real_damaged","The Metropolitan Museum of Art","https://www.metmuseum.org/art/collection/search/282032","Public Domain","https://www.metmuseum.org/about-the-met/policies-and-documents/open-access","noise","1","texture_catalog_match_v1+source_attribute_v1","","{""crack"": 0.0035, ""dust"": 0.0192, ""fold"": 0.0791, ""missing_region"": 0.0543, ""mold"": 0.0895, ""scratch"": 0.0398, ""stain"": 0.0658, ""tear"": 0.1178}","{}","0","0","0","0","0","0","0","0","0","0","0","1","0","0","8cd6894dcc8557e5daff3a8aebbde7e95e945bbfa3faf03f11c97733b3b1ce85","3288756","png"
"1412","damaged_obvious_000943","damaged_obvious","943","met_282038","1442.png","damaged_obvious_000943.png","dataset_images/damaged_obvious/damaged_obvious_000943.png","0ad910d19aaefca8886d4405643afdb0ab430c7f5119acd06315112becdec422","3122","2566","outdoor_scene","RGB","existing_damage","train","real_damaged","The Metropolitan Museum of Art","https://www.metmuseum.org/art/collection/search/282038","Public Domain","https://www.metmuseum.org/about-the-met/policies-and-documents/open-access","uneven_exposure","1","texture_catalog_match_v1+source_attribute_v1","","{""crack"": 0.0119, ""dust"": 0.0111, ""fold"": 0.0365, ""missing_region"": 0.0204, ""mold"": 0.0321, ""scratch"": 0.0123, ""stain"": 0.0441, ""tear"": 0.0459}","{}","0","0","0","0","0","0","0","0","0","0","0","0","0","1","0ad910d19aaefca8886d4405643afdb0ab430c7f5119acd06315112becdec422","3635517","png"
"1414","damaged_obvious_000944","damaged_obvious","944","met_282040","1444.png","damaged_obvious_000944.png","dataset_images/damaged_obvious/damaged_obvious_000944.png","6bdb2d733f27387bf8d27003595bf5d753ecc8307fd9fea5e97c3b4dd3a038d0","3903","2785","outdoor_scene","RGB","existing_damage","train","real_damaged","The Metropolitan Museum of Art","https://www.metmuseum.org/art/collection/search/282040","Public Domain","https://www.metmuseum.org/about-the-met/policies-and-documents/open-access","blur|uneven_exposure","2","texture_catalog_match_v1+source_attribute_v1","","{""crack"": 0.0209, ""dust"": 0.029, ""fold"": 0.0478, ""missing_region"": 0.0328, ""mold"": 0.0546, ""scratch"": 0.0264, ""stain"": 0.071, ""tear"": 0.0583}","{}","0","0","0","0","0","0","0","0","0","0","1","0","0","1","6bdb2d733f27387bf8d27003595bf5d753ecc8307fd9fea5e97c3b4dd3a038d0","3556658","png"
"1415","damaged_obvious_000945","damaged_obvious","945","met_282042","1445.png","damaged_obvious_000945.png","dataset_images/damaged_obvious/damaged_obvious_000945.png","c2151794759119e72856f5a9d6a016bfd2ecda56abeff37645d24bf6d3b05ecd","1425","1805","single_portrait","RGB","existing_damage","train","real_damaged","The Metropolitan Museum of Art","https://www.metmuseum.org/art/collection/search/282042","Public Domain","https://www.metmuseum.org/about-the-met/policies-and-documents/open-access","uneven_exposure","1","texture_catalog_match_v1+source_attribute_v1","","{""crack"": 0.0203, ""dust"": 0.032, ""fold"": 0.1027, ""missing_region"": 0.0436, ""mold"": 0.0677, ""scratch"": 0.0286, ""stain"": 0.0813, ""tear"": 0.1027}","{}","0","0","0","0","0","0","0","0","0","0","0","0","0","1","8b04643bdf0ac192cc32a04bc8caabfefd1f557a1c417749bb88eb8982bdbb73","3193401","png"
"1416","damaged_obvious_000946","damaged_obvious","946","met_282043","1446.png","damaged_obvious_000946.png","dataset_images/damaged_obvious/damaged_obvious_000946.png","923eaa0e54d9d7debb7aabf467316bdf1cf55438ffd5c21b96ab6e736c7d2d8d","1826","2208","single_portrait","RGB","existing_damage","train","real_damaged","The Metropolitan Museum of Art","https://www.metmuseum.org/art/collection/search/282043","Public Domain","https://www.metmuseum.org/about-the-met/policies-and-documents/open-access","uneven_exposure","1","texture_catalog_match_v1+source_attribute_v1","","{""crack"": 0.0265, ""dust"": 0.03, ""fold"": 0.0328, ""missing_region"": 0.0278, ""mold"": 0.0286, ""scratch"": 0.0267, ""stain"": 0.0425, ""tear"": 0.0342}","{}","0","0","0","0","0","0","0","0","0","0","0","0","0","1","caa4667e45935be444ddf2d10a28101757e8e1424ff59b1cd2f4687fb193ea2b","5096287","png"
"1417","damaged_obvious_000947","damaged_obvious","947","met_282044","1447.png","damaged_obvious_000947.png","dataset_images/damaged_obvious/damaged_obvious_000947.png","dde7e3247f29d76db9304ed1d2db3de7d78cb2fec09ee524284bbc577f963512","1848","2560","single_portrait","RGB","existing_damage","train","real_damaged","The Metropolitan Museum of Art","https://www.metmuseum.org/art/collection/search/282044","Public Domain","https://www.metmuseum.org/about-the-met/policies-and-documents/open-access","noise|uneven_exposure","2","texture_catalog_match_v1+source_attribute_v1","","{""crack"": 0.0168, ""dust"": 0.0183, ""fold"": 0.0355, ""missing_region"": 0.0175, ""mold"": 0.0294, ""scratch"": 0.0173, ""stain"": 0.0398, ""tear"": 0.0777}","{}","0","0","0","0","0","0","0","0","0","0","0","1","0","1","dde7e3247f29d76db9304ed1d2db3de7d78cb2fec09ee524284bbc577f963512","3399413","png"
"1418","damaged_obvious_000948","damaged_obvious","948","met_282045","1448.png","damaged_obvious_000948.png","dataset_images/damaged_obvious/damaged_obvious_000948.png","69b2bb87fe2817693a1b720d8ac66933dee517038dc1412fd15c22827e278e39","1550","2070","single_portrait","RGB","existing_damage","train","real_damaged","The Metropolitan Museum of Art","https://www.metmuseum.org/art/collection/search/282045","Public Domain","https://www.metmuseum.org/about-the-met/policies-and-documents/open-access","noise","1","texture_catalog_match_v1+source_attribute_v1","","{""crack"": 0.0067, ""dust"": 0.0231, ""fold"": 0.0479, ""missing_region"": 0.0466, ""mold"": 0.0685, ""scratch"": 0.0241, ""stain"": 0.0719, ""tear"": 0.0534}","{}","0","0","0","0","0","0","0","0","0","0","0","1","0","0","27aedaab026f114b9d2b62a25fe795423cd7f89df5512e25e3b3d696b6c8078d","5041104","png"
"1419","damaged_obvious_000949","damaged_obvious","949","met_282046","1449.png","damaged_obvious_000949.png","dataset_images/damaged_obvious/damaged_obvious_000949.png","f396ceda1c676f5af47566022783b8cb87cb6cd5eea8e0589e117ae7a59fc08e","1206","1555","group_portrait","RGB","existing_damage","train","real_damaged","The Metropolitan Museum of Art","https://www.metmuseum.org/art/collection/search/282046","Public Domain","https://www.metmuseum.org/about-the-met/policies-and-documents/open-access","color_cast|noise","2","texture_catalog_match_v1+source_attribute_v1","","{""crack"": 0.0015, ""dust"": 0.0071, ""fold"": 0.0211, ""missing_region"": 0.0172, ""mold"": 0.0212, ""scratch"": 0.0133, ""stain"": 0.0327, ""tear"": 0.0545}","{}","0","0","0","0","0","0","0","0","0","1","0","1","0","0","d32548945f33dd43801fb0b717d1caeb290786bacf2c9c3a352bf1920b927ce0","2763959","png"
"1420","damaged_obvious_000950","damaged_obvious","950","met_282049","1450.png","damaged_obvious_000950.png","dataset_images/damaged_obvious/damaged_obvious_000950.png","3d7fca698c7d51057dbe9e319bb8f0c35b6796193cbf19696c4d269159b30e5b","1077","1406","single_portrait","RGB","existing_damage","train","real_damaged","The Metropolitan Museum of Art","https://www.metmuseum.org/art/collection/search/282049","Public Domain","https://www.metmuseum.org/about-the-met/policies-and-documents/open-access","noise","1","texture_catalog_match_v1+source_attribute_v1","","{""crack"": 0.0307, ""dust"": 0.0751, ""fold"": 0.098, ""missing_region"": 0.1054, ""mold"": 0.1473, ""scratch"": 0.0738, ""stain"": 0.1588, ""tear"": 0.1293}","{}","0","0","0","0","0","0","0","0","0","0","0","1","0","0","4606f0564094c34f1d80a144f122e03bcc32f1a5faba56b2676134e590e08c41","2218433","png"
"1422","damaged_obvious_000951","damaged_obvious","951","met_282051","1452.png","damaged_obvious_000951.png","dataset_images/damaged_obvious/damaged_obvious_000951.png","6eef52d4ecde2a7d90f92bd7db4eb9720a09db0d385756f8a68b995c8effe230","1599","2098","other","RGB","existing_damage","validation","real_damaged","The Metropolitan Museum of Art","https://www.metmuseum.org/art/collection/search/282051","Public Domain","https://www.metmuseum.org/about-the-met/policies-and-documents/open-access","noise","1","texture_catalog_match_v1+source_attribute_v1","","{""crack"": 0.002, ""dust"": 0.0069, ""fold"": 0.0148, ""missing_region"": 0.0315, ""mold"": 0.0243, ""scratch"": 0.0101, ""stain"": 0.0392, ""tear"": 0.0315}","{}","0","0","0","0","0","0","0","0","0","0","0","1","0","0","ae3134930cbd18f3cdebea58a0808ac8db49159f4e55cda0d1ef4f3a0637fe12","5879496","png"
"1423","damaged_obvious_000952","damaged_obvious","952","met_282052","1453.png","damaged_obvious_000952.png","dataset_images/damaged_obvious/damaged_obvious_000952.png","d877c833e9dd4a36c31039b20fc3764ac8e66fe3bae617b80d64649f106e682a","1554","1153","group_portrait","RGB","existing_damage","train","real_damaged","The Metropolitan Museum of Art","https://www.metmuseum.org/art/collection/search/282052","Public Domain","https://www.metmuseum.org/about-the-met/policies-and-documents/open-access","fold","1","texture_catalog_match_v1+source_attribute_v1","fold","{""crack"": 0.0165, ""dust"": 0.0356, ""fold"": 0.227, ""missing_region"": 0.0781, ""mold"": 0.1054, ""scratch"": 0.0312, ""stain"": 0.151, ""tear"": 0.0973}","{""fold"": [""032.jpg"", ""089.jpg"", ""175.jpg""]}","0","0","1","0","0","0","0","0","0","0","0","0","0","0","a81e3b7c2dedbed965726cd20336ca5ee9edef2375eb0f36fc8eeb40fdb0fd14","3304201","png"
"1424","damaged_obvious_000953","damaged_obvious","953","met_282053","1454.png","damaged_obvious_000953.png","dataset_images/damaged_obvious/damaged_obvious_000953.png","ebfc28a8eae0f9729054280f822333d7689bfcda5e6efebca03beffd59113fc9","714","934","single_portrait","RGB","existing_damage","train","real_damaged","The Metropolitan Museum of Art","https://www.metmuseum.org/art/collection/search/282053","Public Domain","https://www.metmuseum.org/about-the-met/policies-and-documents/open-access","noise","1","texture_catalog_match_v1+source_attribute_v1","","{""crack"": 0.0152, ""dust"": 0.025, ""fold"": 0.044, ""missing_region"": 0.0268, ""mold"": 0.0568, ""scratch"": 0.025, ""stain"": 0.0491, ""tear"": 0.0576}","{}","0","0","0","0","0","0","0","0","0","0","0","1","0","0","be9572c75a6ea17f9d5d84b761b697e837421657e3f8a317e983f54550f1c091","857926","png"
"1425","damaged_obvious_000954","damaged_obvious","954","met_282055","1455.png","damaged_obvious_000954.png","dataset_images/damaged_obvious/damaged_obvious_000954.png","be029fd87dfd135d03a0e97bddb6f88953e0056dfb8285c011b3f3ff374da9d1","1937","1540","single_portrait","RGB","existing_damage","test","real_damaged","The Metropolitan Museum of Art","https://www.metmuseum.org/art/collection/search/282055","Public Domain","https://www.metmuseum.org/about-the-met/policies-and-documents/open-access","noise","1","texture_catalog_match_v1+source_attribute_v1","","{""crack"": 0.0035, ""dust"": 0.0153, ""fold"": 0.054, ""missing_region"": 0.0685, ""mold"": 0.0537, ""scratch"": 0.0159, ""stain"": 0.0512, ""tear"": 0.0685}","{}","0","0","0","0","0","0","0","0","0","0","0","1","0","0","eadea6ae0028c3a7873be3d41712e927a9f5e8967d3493a2f251ecd921bd8fe4","4869780","png"
"1426","damaged_obvious_000955","damaged_obvious","955","met_282066","1456.png","damaged_obvious_000955.png","dataset_images/damaged_obvious/damaged_obvious_000955.png","538734a6c2f53eee1c5eff5bc9fa32d94149fa5e9d7563426758236f8b879733","1492","1913","single_portrait","RGB","existing_damage","train","real_damaged","The Metropolitan Museum of Art","https://www.metmuseum.org/art/collection/search/282066","Public Domain","https://www.metmuseum.org/about-the-met/policies-and-documents/open-access","color_cast|noise","2","texture_catalog_match_v1+source_attribute_v1","","{""crack"": 0.0102, ""dust"": 0.0237, ""fold"": 0.0591, ""missing_region"": 0.0283, ""mold"": 0.0651, ""scratch"": 0.0202, ""stain"": 0.0705, ""tear"": 0.0421}","{}","0","0","0","0","0","0","0","0","0","1","0","1","0","0","d64e9e1d31ed95351eff23a42ea70790635696389a0750f39725e406ea00c76d","5280790","png"
"1427","damaged_obvious_000956","damaged_obvious","956","met_282068","1457.png","damaged_obvious_000956.png","dataset_images/damaged_obvious/damaged_obvious_000956.png","a9d6720055712bbe5a90efcf19421f9fd7f4ad6f78df82568e11853023b1689d","3200","2603","outdoor_scene","RGB","existing_damage","train","real_damaged","The Metropolitan Museum of Art","https://www.metmuseum.org/art/collection/search/282068","Public Domain","https://www.metmuseum.org/about-the-met/policies-and-documents/open-access","color_cast|noise|uneven_exposure","3","texture_catalog_match_v1+source_attribute_v1","","{""crack"": 0.0102, ""dust"": 0.0166, ""fold"": 0.0498, ""missing_region"": 0.0416, ""mold"": 0.0358, ""scratch"": 0.0168, ""stain"": 0.0472, ""tear"": 0.0511}","{}","0","0","0","0","0","0","0","0","0","1","0","1","0","1","a9d6720055712bbe5a90efcf19421f9fd7f4ad6f78df82568e11853023b1689d","3831454","png"
"1428","damaged_obvious_000957","damaged_obvious","957","met_282071","1458.png","damaged_obvious_000957.png","dataset_images/damaged_obvious/damaged_obvious_000957.png","734bbcdac3104391314d8c16d19e1d3d3d68cfb1cf7ffbd62149037783f8da5b","2560","1822","single_portrait","RGB","existing_damage","test","real_damaged","The Metropolitan Museum of Art","https://www.metmuseum.org/art/collection/search/282071","Public Domain","https://www.metmuseum.org/about-the-met/policies-and-documents/open-access","noise|uneven_exposure","2","texture_catalog_match_v1+source_attribute_v1","","{""crack"": 0.0134, ""dust"": 0.0149, ""fold"": 0.0491, ""missing_region"": 0.0495, ""mold"": 0.0877, ""scratch"": 0.0194, ""stain"": 0.0769, ""tear"": 0.1077}","{}","0","0","0","0","0","0","0","0","0","0","0","1","0","1","734bbcdac3104391314d8c16d19e1d3d3d68cfb1cf7ffbd62149037783f8da5b","3775047","png"
"1429","damaged_obvious_000958","damaged_obvious","958","met_282074","1459.png","damaged_obvious_000958.png","dataset_images/damaged_obvious/damaged_obvious_000958.png","60357bdf0f387c624fc6a2143c7d5d5aa5862163e28d119fcf6948f585b08024","2560","1848","outdoor_scene","RGB","existing_damage","train","real_damaged","The Metropolitan Museum of Art","https://www.metmuseum.org/art/collection/search/282074","Public Domain","https://www.metmuseum.org/about-the-met/policies-and-documents/open-access","noise","1","texture_catalog_match_v1+source_attribute_v1","","{""crack"": 0.0015, ""dust"": 0.0065, ""fold"": 0.0265, ""missing_region"": 0.0303, ""mold"": 0.0336, ""scratch"": 0.0127, ""stain"": 0.0445, ""tear"": 0.0304}","{}","0","0","0","0","0","0","0","0","0","0","0","1","0","0","60357bdf0f387c624fc6a2143c7d5d5aa5862163e28d119fcf6948f585b08024","3926497","png"
"1430","damaged_obvious_000959","damaged_obvious","959","met_282163","1460.png","damaged_obvious_000959.png","dataset_images/damaged_obvious/damaged_obvious_000959.png","950b87ee64c2fc8161317077df5108c744c121700d71c0cbb950a6dfd5509d5c","1889","2560","single_portrait","RGB","existing_damage","train","real_damaged","The Metropolitan Museum of Art","https://www.metmuseum.org/art/collection/search/282163","Public Domain","https://www.metmuseum.org/about-the-met/policies-and-documents/open-access","noise","1","texture_catalog_match_v1+source_attribute_v1","","{""crack"": 0.0001, ""dust"": 0.0003, ""fold"": 0.0007, ""missing_region"": 0.0008, ""mold"": 0.0006, ""scratch"": 0.0004, ""stain"": 0.0013, ""tear"": 0.0013}","{}","0","0","0","0","0","0","0","0","0","0","0","1","0","0","950b87ee64c2fc8161317077df5108c744c121700d71c0cbb950a6dfd5509d5c","3889093","png"
"1432","damaged_obvious_000960","damaged_obvious","960","met_282234","1462.png","damaged_obvious_000960.png","dataset_images/damaged_obvious/damaged_obvious_000960.png","721bb071094d3fa1e7924d6efd0ad467214535354182add8e75be4eb52d1b7d3","2560","2070","indoor_scene","RGB","existing_damage","train","real_damaged","The Metropolitan Museum of Art","https://www.metmuseum.org/art/collection/search/282234","Public Domain","https://www.metmuseum.org/about-the-met/policies-and-documents/open-access","noise","1","texture_catalog_match_v1+source_attribute_v1","","{""crack"": 0.0174, ""dust"": 0.0245, ""fold"": 0.0347, ""missing_region"": 0.0288, ""mold"": 0.032, ""scratch"": 0.0275, ""stain"": 0.0494, ""tear"": 0.0365}","{}","0","0","0","0","0","0","0","0","0","0","0","1","0","0","721bb071094d3fa1e7924d6efd0ad467214535354182add8e75be4eb52d1b7d3","3712331","png"
"1434","damaged_obvious_000961","damaged_obvious","961","met_282756","1464.png","damaged_obvious_000961.png","dataset_images/damaged_obvious/damaged_obvious_000961.png","66b7e9d8a0a29594c3f50ccce74a59183dc57c991c90cf025f29185b4dbc65ba","2532","3200","single_portrait","RGB","existing_damage","train","real_damaged","The Metropolitan Museum of Art","https://www.metmuseum.org/art/collection/search/282756","Public Domain","https://www.metmuseum.org/about-the-met/policies-and-documents/open-access","noise","1","texture_catalog_match_v1+source_attribute_v1","","{""crack"": 0.0054, ""dust"": 0.0313, ""fold"": 0.0852, ""missing_region"": 0.058, ""mold"": 0.0997, ""scratch"": 0.0275, ""stain"": 0.0851, ""tear"": 0.0888}","{}","0","0","0","0","0","0","0","0","0","0","0","1","0","0","66b7e9d8a0a29594c3f50ccce74a59183dc57c991c90cf025f29185b4dbc65ba","3925417","png"
"1435","damaged_obvious_000962","damaged_obvious","962","met_283068","1465.png","damaged_obvious_000962.png","dataset_images/damaged_obvious/damaged_obvious_000962.png","f2a290fb932562bdf60a745b9d6d71092ec596cd11d6000caee53fc60dd9e851","2560","1915","single_portrait","RGB","existing_damage","train","real_damaged","The Metropolitan Museum of Art","https://www.metmuseum.org/art/collection/search/283068","Public Domain","https://www.metmuseum.org/about-the-met/policies-and-documents/open-access","noise","1","texture_catalog_match_v1+source_attribute_v1","","{""crack"": 0.0055, ""dust"": 0.0125, ""fold"": 0.0235, ""missing_region"": 0.0745, ""mold"": 0.0408, ""scratch"": 0.0241, ""stain"": 0.0536, ""tear"": 0.0745}","{}","0","0","0","0","0","0","0","0","0","0","0","1","0","0","f2a290fb932562bdf60a745b9d6d71092ec596cd11d6000caee53fc60dd9e851","3931906","png"
"1436","damaged_obvious_000963","damaged_obvious","963","met_283071","1466.png","damaged_obvious_000963.png","dataset_images/damaged_obvious/damaged_obvious_000963.png","4b7693f3850bcb00689b4e73778be583a4c6f2566b16d97f7a664a1d5b3941c4","2560","2198","outdoor_scene","RGB","existing_damage","train","real_damaged","The Metropolitan Museum of Art","https://www.metmuseum.org/art/collection/search/283071","Public Domain","https://www.metmuseum.org/about-the-met/policies-and-documents/open-access","color_cast|noise","2","texture_catalog_match_v1+source_attribute_v1","","{""crack"": 0.0304, ""dust"": 0.0366, ""fold"": 0.1249, ""missing_region"": 0.0575, ""mold"": 0.0928, ""scratch"": 0.0323, ""stain"": 0.107, ""tear"": 0.0968}","{}","0","0","0","0","0","0","0","0","0","1","0","1","0","0","4b7693f3850bcb00689b4e73778be583a4c6f2566b16d97f7a664a1d5b3941c4","3689225","png"
"1437","damaged_obvious_000964","damaged_obvious","964","met_283078","1467.png","damaged_obvious_000964.png","dataset_images/damaged_obvious/damaged_obvious_000964.png","fa2cdaad886c53ed855c04adac89189a5971c5ca1191429fa8c2851ff6431b9a","2560","2147","indoor_scene","RGB","existing_damage","train","real_damaged","The Metropolitan Museum of Art","https://www.metmuseum.org/art/collection/search/283078","Public Domain","https://www.metmuseum.org/about-the-met/policies-and-documents/open-access","noise","1","texture_catalog_match_v1+source_attribute_v1","","{""crack"": 0.003, ""dust"": 0.0123, ""fold"": 0.035, ""missing_region"": 0.0294, ""mold"": 0.0491, ""scratch"": 0.0168, ""stain"": 0.0532, ""tear"": 0.0776}","{}","0","0","0","0","0","0","0","0","0","0","0","1","0","0","fa2cdaad886c53ed855c04adac89189a5971c5ca1191429fa8c2851ff6431b9a","3294122","png"
"1438","damaged_obvious_000965","damaged_obvious","965","met_283099","1468.png","damaged_obvious_000965.png","dataset_images/damaged_obvious/damaged_obvious_000965.png","b5b2d4a3c15c149ee7163796f6d1a5bccd2b5c5b8aeadf969c5e2aee1ac2972d","1191","1446","single_portrait","RGB","existing_damage","validation","real_damaged","The Metropolitan Museum of Art","https://www.metmuseum.org/art/collection/search/283099","Public Domain","https://www.metmuseum.org/about-the-met/policies-and-documents/open-access","uneven_exposure","1","texture_catalog_match_v1+source_attribute_v1","","{""crack"": 0.0262, ""dust"": 0.0265, ""fold"": 0.0533, ""missing_region"": 0.0288, ""mold"": 0.0311, ""scratch"": 0.0275, ""stain"": 0.0419, ""tear"": 0.0498}","{}","0","0","0","0","0","0","0","0","0","0","0","0","0","1","b5c0a5ea3f8f092f8a61908d8eb8932838d6d277fb3bbbfe10f06cf99860525f","2477158","png"
"1440","damaged_obvious_000966","damaged_obvious","966","met_283107","1470.png","damaged_obvious_000966.png","dataset_images/damaged_obvious/damaged_obvious_000966.png","10bdedbf5cbf2f102a71eae7ffd3bfdcabafd02f05396c740dd0324c62a4c3a5","2560","1821","single_portrait","RGB","existing_damage","train","real_damaged","The Metropolitan Museum of Art","https://www.metmuseum.org/art/collection/search/283107","Public Domain","https://www.metmuseum.org/about-the-met/policies-and-documents/open-access","noise|uneven_exposure","2","texture_catalog_match_v1+source_attribute_v1","","{""crack"": 0.0114, ""dust"": 0.0263, ""fold"": 0.0522, ""missing_region"": 0.0282, ""mold"": 0.0691, ""scratch"": 0.0348, ""stain"": 0.0929, ""tear"": 0.0601}","{}","0","0","0","0","0","0","0","0","0","0","0","1","0","1","10bdedbf5cbf2f102a71eae7ffd3bfdcabafd02f05396c740dd0324c62a4c3a5","3202057","png"
"1442","damaged_obvious_000967","damaged_obvious","967","met_283117","1472.png","damaged_obvious_000967.png","dataset_images/damaged_obvious/damaged_obvious_000967.png","6214fc85fc8fb3cc675bbe1b0985a7481fed85ffff2f3d60efcf98e8bbc64442","1159","1474","document","RGB","existing_damage","train","real_damaged","The Metropolitan Museum of Art","https://www.metmuseum.org/art/collection/search/283117","Public Domain","https://www.metmuseum.org/about-the-met/policies-and-documents/open-access","blur|uneven_exposure","2","texture_catalog_match_v1+source_attribute_v1","","{""crack"": 0.0265, ""dust"": 0.032, ""fold"": 0.0659, ""missing_region"": 0.0312, ""mold"": 0.069, ""scratch"": 0.033, ""stain"": 0.0749, ""tear"": 0.0568}","{}","0","0","0","0","0","0","0","0","0","0","1","0","0","1","3cd769583f251a8401b3ef0b2f98a0afc152f9098accc9b9067f23df0d701952","2610678","png"
"1446","damaged_obvious_000968","damaged_obvious","968","met_283156","1476.png","damaged_obvious_000968.png","dataset_images/damaged_obvious/damaged_obvious_000968.png","1ee10f66ba1e14ac2877b3c6a9fcca65ef01330472e341a93db59323030b2b57","1864","2560","outdoor_scene","RGB","existing_damage","train","real_damaged","The Metropolitan Museum of Art","https://www.metmuseum.org/art/collection/search/283156","Public Domain","https://www.metmuseum.org/about-the-met/policies-and-documents/open-access","color_cast","1","texture_catalog_match_v1+source_attribute_v1","","{""crack"": 0.0077, ""dust"": 0.0208, ""fold"": 0.0978, ""missing_region"": 0.0567, ""mold"": 0.1545, ""scratch"": 0.0388, ""stain"": 0.1062, ""tear"": 0.0965}","{}","0","0","0","0","0","0","0","0","0","1","0","0","0","0","1ee10f66ba1e14ac2877b3c6a9fcca65ef01330472e341a93db59323030b2b57","3992474","png"
"1447","damaged_obvious_000969","damaged_obvious","969","met_283173","1477.png","damaged_obvious_000969.png","dataset_images/damaged_obvious/damaged_obvious_000969.png","abda8560b187d5e3f60287ddd1b1e80401f97bc04165742e031af44dd6e9c326","1879","2349","group_portrait","RGB","existing_damage","train","real_damaged","The Metropolitan Museum of Art","https://www.metmuseum.org/art/collection/search/283173","Public Domain","https://www.metmuseum.org/about-the-met/policies-and-documents/open-access","noise","1","texture_catalog_match_v1+source_attribute_v1","","{""crack"": 0.0014, ""dust"": 0.0038, ""fold"": 0.0146, ""missing_region"": 0.0134, ""mold"": 0.0156, ""scratch"": 0.0079, ""stain"": 0.0321, ""tear"": 0.0225}","{}","0","0","0","0","0","0","0","0","0","0","0","1","0","0","8e35e0ae045437f40ea24de43faf7510f9a1b3e2872c6abd8918525ebc84d607","7023267","png"
"1448","damaged_obvious_000970","damaged_obvious","970","met_283193","1478.png","damaged_obvious_000970.png","dataset_images/damaged_obvious/damaged_obvious_000970.png","248a5f62b6275e50fbce7da13a6f9cc8bf40eacb85ad4e5b0aba87c1a1cf62ca","2355","1673","group_portrait","RGB","existing_damage","train","real_damaged","The Metropolitan Museum of Art","https://www.metmuseum.org/art/collection/search/283193","Public Domain","https://www.metmuseum.org/about-the-met/policies-and-documents/open-access","noise|uneven_exposure","2","texture_catalog_match_v1+source_attribute_v1","","{""crack"": 0.0016, ""dust"": 0.0048, ""fold"": 0.0097, ""missing_region"": 0.0158, ""mold"": 0.0207, ""scratch"": 0.0082, ""stain"": 0.0321, ""tear"": 0.0432}","{}","0","0","0","0","0","0","0","0","0","0","0","1","0","1","59dd73fdc04b40580d07885de08593ff7bdc6b17145c7e8c7811c52eeccc6837","6731737","png"
"1450","damaged_obvious_000971","damaged_obvious","971","met_283222","1480.png","damaged_obvious_000971.png","dataset_images/damaged_obvious/damaged_obvious_000971.png","53fb2b1cb20175eae46b40a73d8e3e96ed6db8d0de47c4b2ff0a61922add9da0","3200","2458","single_portrait","RGB","existing_damage","train","real_damaged","The Metropolitan Museum of Art","https://www.metmuseum.org/art/collection/search/283222","Public Domain","https://www.metmuseum.org/about-the-met/policies-and-documents/open-access","noise|uneven_exposure","2","texture_catalog_match_v1+source_attribute_v1","","{""crack"": 0.0131, ""dust"": 0.0166, ""fold"": 0.0288, ""missing_region"": 0.0209, ""mold"": 0.0245, ""scratch"": 0.0135, ""stain"": 0.0205, ""tear"": 0.026}","{}","0","0","0","0","0","0","0","0","0","0","0","1","0","1","53fb2b1cb20175eae46b40a73d8e3e96ed6db8d0de47c4b2ff0a61922add9da0","3492650","png"
"1451","damaged_obvious_000972","damaged_obvious","972","met_283626","1481.png","damaged_obvious_000972.png","dataset_images/damaged_obvious/damaged_obvious_000972.png","51cc6b2a2f5b6983f74cb82306dcc660529da64a7b9be8018428f1b3fb7507a7","2560","1849","outdoor_scene","RGB","existing_damage","train","real_damaged","The Metropolitan Museum of Art","https://www.metmuseum.org/art/collection/search/283626","Public Domain","https://www.metmuseum.org/about-the-met/policies-and-documents/open-access","noise","1","texture_catalog_match_v1+source_attribute_v1","","{""crack"": 0.0058, ""dust"": 0.0243, ""fold"": 0.0679, ""missing_region"": 0.0673, ""mold"": 0.0783, ""scratch"": 0.0217, ""stain"": 0.1062, ""tear"": 0.0973}","{}","0","0","0","0","0","0","0","0","0","0","0","1","0","0","51cc6b2a2f5b6983f74cb82306dcc660529da64a7b9be8018428f1b3fb7507a7","3559117","png"
"1452","damaged_obvious_000973","damaged_obvious","973","met_283672","1482.png","damaged_obvious_000973.png","dataset_images/damaged_obvious/damaged_obvious_000973.png","4016e916439d4cd9ebad0daa745b4b4a31f102ebf8e7fa69db18c4e76e413db2","1554","1275","other","RGB","existing_damage","train","real_damaged","The Metropolitan Museum of Art","https://www.metmuseum.org/art/collection/search/283672","Public Domain","https://www.metmuseum.org/about-the-met/policies-and-documents/open-access","stain","1","texture_catalog_match_v1+source_attribute_v1","stain","{""crack"": 0.0241, ""dust"": 0.0382, ""fold"": 0.1133, ""missing_region"": 0.0773, ""mold"": 0.1205, ""scratch"": 0.0335, ""stain"": 0.193, ""tear"": 0.128}","{""stain"": [""134.jpg"", ""229.jpg"", ""098.jpg""]}","0","0","0","0","1","0","0","0","0","0","0","0","0","0","4016e916439d4cd9ebad0daa745b4b4a31f102ebf8e7fa69db18c4e76e413db2","1808131","png"
"1454","damaged_obvious_000974","damaged_obvious","974","met_283736","1484.png","damaged_obvious_000974.png","dataset_images/damaged_obvious/damaged_obvious_000974.png","b1d4087e70090c9129bf9ac3d489c2e402e2574de4ce507c749564bb80837a31","1859","2560","architecture","RGB","existing_damage","validation","real_damaged","The Metropolitan Museum of Art","https://www.metmuseum.org/art/collection/search/283736","Public Domain","https://www.metmuseum.org/about-the-met/policies-and-documents/open-access","noise","1","texture_catalog_match_v1+source_attribute_v1","","{""crack"": 0.0117, ""dust"": 0.0203, ""fold"": 0.0566, ""missing_region"": 0.0402, ""mold"": 0.061, ""scratch"": 0.0221, ""stain"": 0.0788, ""tear"": 0.0501}","{}","0","0","0","0","0","0","0","0","0","0","0","1","0","0","b1d4087e70090c9129bf9ac3d489c2e402e2574de4ce507c749564bb80837a31","3522122","png"
"1458","damaged_obvious_000975","damaged_obvious","975","met_285342","1488.png","damaged_obvious_000975.png","dataset_images/damaged_obvious/damaged_obvious_000975.png","be8c9b9c9b26b53c1a4f8c433aa80eafc3a4cb022713809610864206e90a5806","1961","2558","group_portrait","RGB","existing_damage","train","real_damaged","The Metropolitan Museum of Art","https://www.metmuseum.org/art/collection/search/285342","Public Domain","https://www.metmuseum.org/about-the-met/policies-and-documents/open-access","noise","1","texture_catalog_match_v1+source_attribute_v1","","{""crack"": 0.0002, ""dust"": 0.0006, ""fold"": 0.0051, ""missing_region"": 0.0099, ""mold"": 0.0141, ""scratch"": 0.002, ""stain"": 0.0201, ""tear"": 0.0099}","{}","0","0","0","0","0","0","0","0","0","0","0","1","0","0","f2a52cfc9fb4097cb9c1901122d3f1fd59e934b29f1ad649ce13811598ddc4d9","7811705","png"
"1459","damaged_obvious_000976","damaged_obvious","976","met_285438","1489.png","damaged_obvious_000976.png","dataset_images/damaged_obvious/damaged_obvious_000976.png","b147f995f868ebbdc9e63cb8c7ab893ce08641660f09e85e943617f7d2877b2d","2560","1966","outdoor_scene","RGB","existing_damage","train","real_damaged","The Metropolitan Museum of Art","https://www.metmuseum.org/art/collection/search/285438","Public Domain","https://www.metmuseum.org/about-the-met/policies-and-documents/open-access","fold|stain","2","texture_catalog_match_v1+source_attribute_v1","fold|stain","{""crack"": 0.0142, ""dust"": 0.0443, ""fold"": 0.1813, ""missing_region"": 0.067, ""mold"": 0.1467, ""scratch"": 0.0398, ""stain"": 0.2073, ""tear"": 0.1138}","{""fold"": [""089.jpg"", ""032.jpg"", ""176.jpg""], ""stain"": [""134.jpg"", ""063.jpg"", ""098.jpg""]}","0","0","1","0","1","0","0","0","0","0","0","0","0","0","b147f995f868ebbdc9e63cb8c7ab893ce08641660f09e85e943617f7d2877b2d","3587738","png"
"1460","damaged_obvious_000977","damaged_obvious","977","met_285444","1490.png","damaged_obvious_000977.png","dataset_images/damaged_obvious/damaged_obvious_000977.png","bf618a311ed2dae3a2a001ebb872476ea7512559d042108b5682441203db480b","2125","2656","outdoor_scene","RGB","existing_damage","train","real_damaged","The Metropolitan Museum of Art","https://www.metmuseum.org/art/collection/search/285444","Public Domain","https://www.metmuseum.org/about-the-met/policies-and-documents/open-access","noise","1","texture_catalog_match_v1+source_attribute_v1","","{""crack"": 0.0044, ""dust"": 0.0078, ""fold"": 0.0138, ""missing_region"": 0.0264, ""mold"": 0.0254, ""scratch"": 0.0082, ""stain"": 0.0295, ""tear"": 0.0368}","{}","0","0","0","0","0","0","0","0","0","0","0","1","0","0","98756bce5dd921acf3380ec0170d854cb365b210120e744e5d80c14e1393469e","5908072","png"
"1461","damaged_obvious_000978","damaged_obvious","978","met_285657","1491.png","damaged_obvious_000978.png","dataset_images/damaged_obvious/damaged_obvious_000978.png","6b6e646c74ac97c635cba31f1980d4fb10ea8a48a12693a9e22a34c59e007cb8","2126","2560","single_portrait","RGB","existing_damage","train","real_damaged","The Metropolitan Museum of Art","https://www.metmuseum.org/art/collection/search/285657","Public Domain","https://www.metmuseum.org/about-the-met/policies-and-documents/open-access","color_cast","1","texture_catalog_match_v1+source_attribute_v1","","{""crack"": 0.0137, ""dust"": 0.0312, ""fold"": 0.0732, ""missing_region"": 0.0625, ""mold"": 0.0667, ""scratch"": 0.0289, ""stain"": 0.0746, ""tear"": 0.087}","{}","0","0","0","0","0","0","0","0","0","1","0","0","0","0","6b6e646c74ac97c635cba31f1980d4fb10ea8a48a12693a9e22a34c59e007cb8","3826366","png"
"1462","damaged_obvious_000979","damaged_obvious","979","met_285757","1492.png","damaged_obvious_000979.png","dataset_images/damaged_obvious/damaged_obvious_000979.png","888c04e5ea659365021b222cef7acda54291d87d65d6e80fd97814ce1efb92ff","1956","1645","single_portrait","RGB","existing_damage","train","real_damaged","The Metropolitan Museum of Art","https://www.metmuseum.org/art/collection/search/285757","Public Domain","https://www.metmuseum.org/about-the-met/policies-and-documents/open-access","noise|uneven_exposure","2","texture_catalog_match_v1+source_attribute_v1","","{""crack"": 0.0016, ""dust"": 0.0056, ""fold"": 0.008, ""missing_region"": 0.0186, ""mold"": 0.0109, ""scratch"": 0.0064, ""stain"": 0.0113, ""tear"": 0.0186}","{}","0","0","0","0","0","0","0","0","0","0","0","1","0","1","888c04e5ea659365021b222cef7acda54291d87d65d6e80fd97814ce1efb92ff","1835465","png"
"1464","damaged_obvious_000980","damaged_obvious","980","met_285964","1494.png","damaged_obvious_000980.png","dataset_images/damaged_obvious/damaged_obvious_000980.png","bdccf792eaf4fc71c150a95cd9d4844602b180d7585713c6b769bd99f2fa56af","1818","2560","indoor_scene","RGB","existing_damage","train","real_damaged","The Metropolitan Museum of Art","https://www.metmuseum.org/art/collection/search/285964","Public Domain","https://www.metmuseum.org/about-the-met/policies-and-documents/open-access","noise","1","texture_catalog_match_v1+source_attribute_v1","","{""crack"": 0.0001, ""dust"": 0.0005, ""fold"": 0.0025, ""missing_region"": 0.0055, ""mold"": 0.0039, ""scratch"": 0.0018, ""stain"": 0.0107, ""tear"": 0.0065}","{}","0","0","0","0","0","0","0","0","0","0","0","1","0","0","bdccf792eaf4fc71c150a95cd9d4844602b180d7585713c6b769bd99f2fa56af","3493223","png"
"1465","damaged_obvious_000981","damaged_obvious","981","met_286079","1495.png","damaged_obvious_000981.png","dataset_images/damaged_obvious/damaged_obvious_000981.png","64ce213eba03a68c4d002ca2de9256d34d8ab41bed8473e4c790d49f579a01d5","3200","1908","single_portrait","RGB","existing_damage","train","real_damaged","The Metropolitan Museum of Art","https://www.metmuseum.org/art/collection/search/286079","Public Domain","https://www.metmuseum.org/about-the-met/policies-and-documents/open-access","blur","1","texture_catalog_match_v1+source_attribute_v1","","{""crack"": 0.0232, ""dust"": 0.0293, ""fold"": 0.0428, ""missing_region"": 0.0334, ""mold"": 0.0587, ""scratch"": 0.0291, ""stain"": 0.0751, ""tear"": 0.0827}","{}","0","0","0","0","0","0","0","0","0","0","1","0","0","0","64ce213eba03a68c4d002ca2de9256d34d8ab41bed8473e4c790d49f579a01d5","3951856","png"
"1468","damaged_obvious_000982","damaged_obvious","982","met_286214","1498.png","damaged_obvious_000982.png","dataset_images/damaged_obvious/damaged_obvious_000982.png","e880d1a04b434a09d47454c78876006f74b6ee5c47f8e1848b6d1c31dfa51f41","1934","2560","architecture","RGB","existing_damage","train","real_damaged","The Metropolitan Museum of Art","https://www.metmuseum.org/art/collection/search/286214","Public Domain","https://www.metmuseum.org/about-the-met/policies-and-documents/open-access","color_cast","1","texture_catalog_match_v1+source_attribute_v1","","{""crack"": 0.0012, ""dust"": 0.0093, ""fold"": 0.0543, ""missing_region"": 0.0318, ""mold"": 0.0565, ""scratch"": 0.0243, ""stain"": 0.0886, ""tear"": 0.126}","{}","0","0","0","0","0","0","0","0","0","1","0","0","0","0","e880d1a04b434a09d47454c78876006f74b6ee5c47f8e1848b6d1c31dfa51f41","3560075","png"
"1470","damaged_obvious_000983","damaged_obvious","983","met_286323","1500.png","damaged_obvious_000983.png","dataset_images/damaged_obvious/damaged_obvious_000983.png","553a9ddc0dd117fd8fa2366b20e358b63da77d4ca52a84ce64d3995f65496c70","2118","1779","architecture","RGB","existing_damage","validation","real_damaged","The Metropolitan Museum of Art","https://www.metmuseum.org/art/collection/search/286323","Public Domain","https://www.metmuseum.org/about-the-met/policies-and-documents/open-access","uneven_exposure","1","texture_catalog_match_v1+source_attribute_v1","","{""crack"": 0.0028, ""dust"": 0.0087, ""fold"": 0.0398, ""missing_region"": 0.0284, ""mold"": 0.0314, ""scratch"": 0.0183, ""stain"": 0.0522, ""tear"": 0.0434}","{}","0","0","0","0","0","0","0","0","0","0","0","0","0","1","2b5bebaeb91cecbba680408e72733fcdc6ced89cd0f9527fa43466e74f787e9c","5906616","png"
"1472","damaged_obvious_000984","damaged_obvious","984","met_286338","1502.png","damaged_obvious_000984.png","dataset_images/damaged_obvious/damaged_obvious_000984.png","e2e629e63625d618f96ed8f8ec6af07aacc432a02bd86f586528d3a749e4bbe2","3200","2206","architecture","RGB","existing_damage","train","real_damaged","The Metropolitan Museum of Art","https://www.metmuseum.org/art/collection/search/286338","Public Domain","https://www.metmuseum.org/about-the-met/policies-and-documents/open-access","uneven_exposure","1","texture_catalog_match_v1+source_attribute_v1","","{""crack"": 0.0036, ""dust"": 0.0091, ""fold"": 0.0226, ""missing_region"": 0.0232, ""mold"": 0.0314, ""scratch"": 0.0112, ""stain"": 0.0302, ""tear"": 0.0536}","{}","0","0","0","0","0","0","0","0","0","0","0","0","0","1","e2e629e63625d618f96ed8f8ec6af07aacc432a02bd86f586528d3a749e4bbe2","3361430","png"
"1474","damaged_obvious_000985","damaged_obvious","985","met_286454","1504.png","damaged_obvious_000985.png","dataset_images/damaged_obvious/damaged_obvious_000985.png","1f1712734b4ca6465723d5e7b60621dcd7bf5604456a17b0dcfca6992817ffc4","2560","1845","other","RGB","existing_damage","train","real_damaged","The Metropolitan Museum of Art","https://www.metmuseum.org/art/collection/search/286454","Public Domain","https://www.metmuseum.org/about-the-met/policies-and-documents/open-access","noise","1","texture_catalog_match_v1+source_attribute_v1","","{""crack"": 0.0069, ""dust"": 0.0259, ""fold"": 0.1001, ""missing_region"": 0.0544, ""mold"": 0.0756, ""scratch"": 0.0269, ""stain"": 0.1014, ""tear"": 0.0712}","{}","0","0","0","0","0","0","0","0","0","0","0","1","0","0","1f1712734b4ca6465723d5e7b60621dcd7bf5604456a17b0dcfca6992817ffc4","3557736","png"
"1475","damaged_obvious_000986","damaged_obvious","986","met_286569","1505.png","damaged_obvious_000986.png","dataset_images/damaged_obvious/damaged_obvious_000986.png","4876c85d7d3f9eea3daaa2552bcd984fa9545c91438603c04e7c9b61bb08a9e7","1941","2560","single_portrait","RGB","existing_damage","train","real_damaged","The Metropolitan Museum of Art","https://www.metmuseum.org/art/collection/search/286569","Public Domain","https://www.metmuseum.org/about-the-met/policies-and-documents/open-access","noise","1","texture_catalog_match_v1+source_attribute_v1","","{""crack"": 0.0088, ""dust"": 0.0139, ""fold"": 0.0173, ""missing_region"": 0.013, ""mold"": 0.0132, ""scratch"": 0.0151, ""stain"": 0.021, ""tear"": 0.037}","{}","0","0","0","0","0","0","0","0","0","0","0","1","0","0","36444c9f0ad4e4e72493b3b40bf1b681bf0ee5b169936f6c3e661077579c3f2c","7242939","png"
"1476","damaged_obvious_000987","damaged_obvious","987","met_286582","1506.png","damaged_obvious_000987.png","dataset_images/damaged_obvious/damaged_obvious_000987.png","9b554eed75e56859bd2f5662e3d56fee7a19456d4e44c7b68a23d06751a3bea9","1335","2000","single_portrait","RGB","existing_damage","train","real_damaged","The Metropolitan Museum of Art","https://www.metmuseum.org/art/collection/search/286582","Public Domain","https://www.metmuseum.org/about-the-met/policies-and-documents/open-access","noise","1","texture_catalog_match_v1+source_attribute_v1","","{""crack"": 0.0219, ""dust"": 0.031, ""fold"": 0.0505, ""missing_region"": 0.0477, ""mold"": 0.054, ""scratch"": 0.0298, ""stain"": 0.0847, ""tear"": 0.0692}","{}","0","0","0","0","0","0","0","0","0","0","0","1","0","0","9b554eed75e56859bd2f5662e3d56fee7a19456d4e44c7b68a23d06751a3bea9","1962800","png"
"1478","damaged_obvious_000988","damaged_obvious","988","met_286883","1508.png","damaged_obvious_000988.png","dataset_images/damaged_obvious/damaged_obvious_000988.png","790f2a21f0f46c0c001ded79ba91e3773b273d6718d315f0812ecc73e6695966","2172","2560","group_portrait","RGB","existing_damage","train","real_damaged","The Metropolitan Museum of Art","https://www.metmuseum.org/art/collection/search/286883","Public Domain","https://www.metmuseum.org/about-the-met/policies-and-documents/open-access","noise","1","texture_catalog_match_v1+source_attribute_v1","","{""crack"": 0.0003, ""dust"": 0.002, ""fold"": 0.0048, ""missing_region"": 0.0129, ""mold"": 0.0067, ""scratch"": 0.0025, ""stain"": 0.0154, ""tear"": 0.0395}","{}","0","0","0","0","0","0","0","0","0","0","0","1","0","0","790f2a21f0f46c0c001ded79ba91e3773b273d6718d315f0812ecc73e6695966","3707370","png"
"1479","damaged_obvious_000989","damaged_obvious","989","met_286896","1509.png","damaged_obvious_000989.png","dataset_images/damaged_obvious/damaged_obvious_000989.png","801349147f224a91df46d277f4e973c7b3ae9562d6e798898278b9ca83a523cd","2090","2560","single_portrait","RGB","existing_damage","validation","real_damaged","The Metropolitan Museum of Art","https://www.metmuseum.org/art/collection/search/286896","Public Domain","https://www.metmuseum.org/about-the-met/policies-and-documents/open-access","color_cast|noise","2","texture_catalog_match_v1+source_attribute_v1","","{""crack"": 0.013, ""dust"": 0.0217, ""fold"": 0.0263, ""missing_region"": 0.0239, ""mold"": 0.0362, ""scratch"": 0.0247, ""stain"": 0.0462, ""tear"": 0.052}","{}","0","0","0","0","0","0","0","0","0","1","0","1","0","0","801349147f224a91df46d277f4e973c7b3ae9562d6e798898278b9ca83a523cd","3967394","png"
"1481","damaged_obvious_000990","damaged_obvious","990","met_286963","1511.png","damaged_obvious_000990.png","dataset_images/damaged_obvious/damaged_obvious_000990.png","b57250e0161d8175a93e5b00fca62d2dd58e2dda12c3a38096094dc1e617447a","3200","2591","single_portrait","RGB","existing_damage","train","real_damaged","The Metropolitan Museum of Art","https://www.metmuseum.org/art/collection/search/286963","Public Domain","https://www.metmuseum.org/about-the-met/policies-and-documents/open-access","noise|uneven_exposure","2","texture_catalog_match_v1+source_attribute_v1","","{""crack"": 0.0002, ""dust"": 0.0009, ""fold"": 0.0184, ""missing_region"": 0.0118, ""mold"": 0.0164, ""scratch"": 0.0075, ""stain"": 0.016, ""tear"": 0.0118}","{}","0","0","0","0","0","0","0","0","0","0","0","1","0","1","b57250e0161d8175a93e5b00fca62d2dd58e2dda12c3a38096094dc1e617447a","3859406","png"
"1482","damaged_obvious_000991","damaged_obvious","991","met_287283","1512.png","damaged_obvious_000991.png","dataset_images/damaged_obvious/damaged_obvious_000991.png","1363b528d7069070e60d200246aaf2b7a395dd39a980a279e61c7e1ffd983256","2560","2031","single_portrait","RGB","existing_damage","train","real_damaged","The Metropolitan Museum of Art","https://www.metmuseum.org/art/collection/search/287283","Public Domain","https://www.metmuseum.org/about-the-met/policies-and-documents/open-access","noise|uneven_exposure","2","texture_catalog_match_v1+source_attribute_v1","","{""crack"": 0.0012, ""dust"": 0.0049, ""fold"": 0.0136, ""missing_region"": 0.0318, ""mold"": 0.0373, ""scratch"": 0.0115, ""stain"": 0.029, ""tear"": 0.0346}","{}","0","0","0","0","0","0","0","0","0","0","0","1","0","1","1363b528d7069070e60d200246aaf2b7a395dd39a980a279e61c7e1ffd983256","3516264","png"
"1483","damaged_obvious_000992","damaged_obvious","992","met_287322","1513.png","damaged_obvious_000992.png","dataset_images/damaged_obvious/damaged_obvious_000992.png","9f6d6cf2816060813ecb95667e410f7f102263952d15701b4e9d019b49f8c546","2560","1999","single_portrait","RGB","existing_damage","train","real_damaged","The Metropolitan Museum of Art","https://www.metmuseum.org/art/collection/search/287322","Public Domain","https://www.metmuseum.org/about-the-met/policies-and-documents/open-access","noise|uneven_exposure","2","texture_catalog_match_v1+source_attribute_v1","","{""crack"": 0.0005, ""dust"": 0.0031, ""fold"": 0.0056, ""missing_region"": 0.0108, ""mold"": 0.015, ""scratch"": 0.0068, ""stain"": 0.0149, ""tear"": 0.0226}","{}","0","0","0","0","0","0","0","0","0","0","0","1","0","1","9f6d6cf2816060813ecb95667e410f7f102263952d15701b4e9d019b49f8c546","3358462","png"
"1484","damaged_obvious_000993","damaged_obvious","993","met_287368","1514.png","damaged_obvious_000993.png","dataset_images/damaged_obvious/damaged_obvious_000993.png","6937d1ef603294a650ec1e8917875d1f0bb386f7e53408560d49037f9e0e365e","2560","1965","single_portrait","RGB","existing_damage","train","real_damaged","The Metropolitan Museum of Art","https://www.metmuseum.org/art/collection/search/287368","Public Domain","https://www.metmuseum.org/about-the-met/policies-and-documents/open-access","noise|uneven_exposure","2","texture_catalog_match_v1+source_attribute_v1","","{""crack"": 0.0031, ""dust"": 0.0061, ""fold"": 0.0386, ""missing_region"": 0.0229, ""mold"": 0.0281, ""scratch"": 0.0174, ""stain"": 0.0365, ""tear"": 0.0295}","{}","0","0","0","0","0","0","0","0","0","0","0","1","0","1","6937d1ef603294a650ec1e8917875d1f0bb386f7e53408560d49037f9e0e365e","3398834","png"
"1485","damaged_obvious_000994","damaged_obvious","994","met_287727","1515.png","damaged_obvious_000994.png","dataset_images/damaged_obvious/damaged_obvious_000994.png","c4b80d61067b3557ca1693b81e9a44992c27a0349d98e257b64823883db12b46","2560","2013","architecture","RGB","existing_damage","train","real_damaged","The Metropolitan Museum of Art","https://www.metmuseum.org/art/collection/search/287727","Public Domain","https://www.metmuseum.org/about-the-met/policies-and-documents/open-access","noise","1","texture_catalog_match_v1+source_attribute_v1","","{""crack"": 0.0, ""dust"": 0.0002, ""fold"": 0.0009, ""missing_region"": 0.0146, ""mold"": 0.0067, ""scratch"": 0.0004, ""stain"": 0.007, ""tear"": 0.0224}","{}","0","0","0","0","0","0","0","0","0","0","0","1","0","0","c4b80d61067b3557ca1693b81e9a44992c27a0349d98e257b64823883db12b46","3357380","png"
"1490","damaged_obvious_000995","damaged_obvious","995","met_287895","1520.png","damaged_obvious_000995.png","dataset_images/damaged_obvious/damaged_obvious_000995.png","066f76323e3a7cdb8e97bce09699c0bef6a08758d337142f5a990ad377090733","2560","2089","group_portrait","RGB","existing_damage","train","real_damaged","The Metropolitan Museum of Art","https://www.metmuseum.org/art/collection/search/287895","Public Domain","https://www.metmuseum.org/about-the-met/policies-and-documents/open-access","fading","1","texture_catalog_match_v1+source_attribute_v1","","{""crack"": 0.0, ""dust"": 0.0, ""fold"": 0.0, ""missing_region"": 0.0, ""mold"": 0.0, ""scratch"": 0.0, ""stain"": 0.0, ""tear"": 0.0}","{}","0","0","0","0","0","0","0","0","1","0","0","0","0","0","066f76323e3a7cdb8e97bce09699c0bef6a08758d337142f5a990ad377090733","3453544","png"
"1492","damaged_obvious_000996","damaged_obvious","996","met_287898","1522.png","damaged_obvious_000996.png","dataset_images/damaged_obvious/damaged_obvious_000996.png","ed8183bd17677ba8353ec2c0b285a4d794e0cb8d4ec22a67412e12de8a13e6c7","1923","3489","document","RGB","existing_damage","train","real_damaged","The Metropolitan Museum of Art","https://www.metmuseum.org/art/collection/search/287898","Public Domain","https://www.metmuseum.org/about-the-met/policies-and-documents/open-access","noise","1","texture_catalog_match_v1+source_attribute_v1","","{""crack"": 0.0002, ""dust"": 0.0012, ""fold"": 0.0058, ""missing_region"": 0.0047, ""mold"": 0.0047, ""scratch"": 0.0024, ""stain"": 0.0096, ""tear"": 0.0067}","{}","0","0","0","0","0","0","0","0","0","0","0","1","0","0","ed8183bd17677ba8353ec2c0b285a4d794e0cb8d4ec22a67412e12de8a13e6c7","3396553","png"
"1494","damaged_obvious_000997","damaged_obvious","997","met_287901","1524.png","damaged_obvious_000997.png","dataset_images/damaged_obvious/damaged_obvious_000997.png","7fe875a88c64c58aea0fc1b15ecd07e9cb044a06c81259212ba8635695bc3ce2","2078","2653","group_portrait","RGB","existing_damage","train","real_damaged","The Metropolitan Museum of Art","https://www.metmuseum.org/art/collection/search/287901","Public Domain","https://www.metmuseum.org/about-the-met/policies-and-documents/open-access","noise","1","texture_catalog_match_v1+source_attribute_v1","","{""crack"": 0.0292, ""dust"": 0.0327, ""fold"": 0.0522, ""missing_region"": 0.0308, ""mold"": 0.043, ""scratch"": 0.0298, ""stain"": 0.0675, ""tear"": 0.0635}","{}","0","0","0","0","0","0","0","0","0","0","0","1","0","0","7fe875a88c64c58aea0fc1b15ecd07e9cb044a06c81259212ba8635695bc3ce2","3925722","png"
"1497","damaged_obvious_000998","damaged_obvious","998","met_287906","1527.png","damaged_obvious_000998.png","dataset_images/damaged_obvious/damaged_obvious_000998.png","8093fe19a0542db88e815e0be01feaedf7cf2330d0863ab89b4b3de4d2580aee","1530","2967","single_portrait","RGB","existing_damage","test","real_damaged","The Metropolitan Museum of Art","https://www.metmuseum.org/art/collection/search/287906","Public Domain","https://www.metmuseum.org/about-the-met/policies-and-documents/open-access","noise","1","texture_catalog_match_v1+source_attribute_v1","","{""crack"": 0.0024, ""dust"": 0.0087, ""fold"": 0.0528, ""missing_region"": 0.0362, ""mold"": 0.0342, ""scratch"": 0.0129, ""stain"": 0.0352, ""tear"": 0.0536}","{}","0","0","0","0","0","0","0","0","0","0","0","1","0","0","8093fe19a0542db88e815e0be01feaedf7cf2330d0863ab89b4b3de4d2580aee","2452430","png"
"1501","damaged_obvious_000999","damaged_obvious","999","met_287910","1531.png","damaged_obvious_000999.png","dataset_images/damaged_obvious/damaged_obvious_000999.png","07f75ba6f0cad762d2a5a4442e861774f9f51bfb0082af73941e649f9c0bd296","2560","2210","single_portrait","RGB","existing_damage","train","real_damaged","The Metropolitan Museum of Art","https://www.metmuseum.org/art/collection/search/287910","Public Domain","https://www.metmuseum.org/about-the-met/policies-and-documents/open-access","noise","1","texture_catalog_match_v1+source_attribute_v1","","{""crack"": 0.0005, ""dust"": 0.0035, ""fold"": 0.0065, ""missing_region"": 0.0188, ""mold"": 0.0219, ""scratch"": 0.0043, ""stain"": 0.0527, ""tear"": 0.0856}","{}","0","0","0","0","0","0","0","0","0","0","0","1","0","0","07f75ba6f0cad762d2a5a4442e861774f9f51bfb0082af73941e649f9c0bd296","3880623","png"
"1502","damaged_obvious_001000","damaged_obvious","1000","met_287911","1532.png","damaged_obvious_001000.png","dataset_images/damaged_obvious/damaged_obvious_001000.png","8563d8ca55dcc0b70652b6e2410b8ffa3a300605520d98d72b21f24e7d79805d","1246","1538","single_portrait","RGB","existing_damage","train","real_damaged","The Metropolitan Museum of Art","https://www.metmuseum.org/art/collection/search/287911","Public Domain","https://www.metmuseum.org/about-the-met/policies-and-documents/open-access","noise|uneven_exposure","2","texture_catalog_match_v1+source_attribute_v1","","{""crack"": 0.0034, ""dust"": 0.0024, ""fold"": 0.0047, ""missing_region"": 0.0094, ""mold"": 0.0184, ""scratch"": 0.0033, ""stain"": 0.0109, ""tear"": 0.0136}","{}","0","0","0","0","0","0","0","0","0","0","0","1","0","1","8563d8ca55dcc0b70652b6e2410b8ffa3a300605520d98d72b21f24e7d79805d","1153766","png"
"1506","damaged_obvious_001001","damaged_obvious","1001","met_287915","1536.png","damaged_obvious_001001.png","dataset_images/damaged_obvious/damaged_obvious_001001.png","43c440ed2852f84c99195cf76e2ff260d36c470eb31fd8c69b2c659f89ce2882","2781","2255","single_portrait","RGB","existing_damage","train","real_damaged","The Metropolitan Museum of Art","https://www.metmuseum.org/art/collection/search/287915","Public Domain","https://www.metmuseum.org/about-the-met/policies-and-documents/open-access","uneven_exposure","1","texture_catalog_match_v1+source_attribute_v1","","{""crack"": 0.0, ""dust"": 0.0, ""fold"": 0.0, ""missing_region"": 0.0, ""mold"": 0.0, ""scratch"": 0.0, ""stain"": 0.0, ""tear"": 0.0}","{}","0","0","0","0","0","0","0","0","0","0","0","0","0","1","43c440ed2852f84c99195cf76e2ff260d36c470eb31fd8c69b2c659f89ce2882","3303715","png"
"1511","damaged_obvious_001002","damaged_obvious","1002","met_287922","1541.png","damaged_obvious_001002.png","dataset_images/damaged_obvious/damaged_obvious_001002.png","8c1a92a7fe5b7277aae705d33f7a7a0517c6a22342d45bc1e8eaf83008e81de8","2027","2560","single_portrait","RGB","existing_damage","train","real_damaged","The Metropolitan Museum of Art","https://www.metmuseum.org/art/collection/search/287922","Public Domain","https://www.metmuseum.org/about-the-met/policies-and-documents/open-access","noise","1","texture_catalog_match_v1+source_attribute_v1","","{""crack"": 0.0, ""dust"": 0.0, ""fold"": 0.0, ""missing_region"": 0.0, ""mold"": 0.0, ""scratch"": 0.0, ""stain"": 0.0, ""tear"": 0.0}","{}","0","0","0","0","0","0","0","0","0","0","0","1","0","0","8c1a92a7fe5b7277aae705d33f7a7a0517c6a22342d45bc1e8eaf83008e81de8","3653555","png"
"1512","damaged_obvious_001003","damaged_obvious","1003","met_287923","1542.png","damaged_obvious_001003.png","dataset_images/damaged_obvious/damaged_obvious_001003.png","6996861ba6e9c039aca98f086f83c984c7bc88df9170f467e815268abf033904","1624","2026","single_portrait","RGB","existing_damage","train","real_damaged","The Metropolitan Museum of Art","https://www.metmuseum.org/art/collection/search/287923","Public Domain","https://www.metmuseum.org/about-the-met/policies-and-documents/open-access","noise","1","texture_catalog_match_v1+source_attribute_v1","","{""crack"": 0.0015, ""dust"": 0.0042, ""fold"": 0.0138, ""missing_region"": 0.0076, ""mold"": 0.0114, ""scratch"": 0.0097, ""stain"": 0.013, ""tear"": 0.012}","{}","0","0","0","0","0","0","0","0","0","0","0","1","0","0","366e639ce4a1ec5e063f6f6101306d774f9489136202e0ac3184b3bb66680710","4632965","png"
"1514","damaged_obvious_001004","damaged_obvious","1004","met_287926","1544.png","damaged_obvious_001004.png","dataset_images/damaged_obvious/damaged_obvious_001004.png","117a384719bfbc5a8f00e9902ee249c88d22183a1dfb998e6e9494d91f41334f","1881","2343","outdoor_scene","RGB","existing_damage","validation","real_damaged","The Metropolitan Museum of Art","https://www.metmuseum.org/art/collection/search/287926","Public Domain","https://www.metmuseum.org/about-the-met/policies-and-documents/open-access","color_cast|blur","2","texture_catalog_match_v1+source_attribute_v1","","{""crack"": 0.0301, ""dust"": 0.0372, ""fold"": 0.0631, ""missing_region"": 0.0323, ""mold"": 0.06, ""scratch"": 0.033, ""stain"": 0.0659, ""tear"": 0.0728}","{}","0","0","0","0","0","0","0","0","0","1","1","0","0","0","117a384719bfbc5a8f00e9902ee249c88d22183a1dfb998e6e9494d91f41334f","3222665","png"
"1516","damaged_obvious_001005","damaged_obvious","1005","met_287934","1547.png","damaged_obvious_001005.png","dataset_images/damaged_obvious/damaged_obvious_001005.png","70c3d00796f841c239bcd4ce64fd96b944c8fbbd8c2234b60a3d51c63f31f420","1536","2174","single_portrait","RGB","existing_damage","train","real_damaged","The Metropolitan Museum of Art","https://www.metmuseum.org/art/collection/search/287934","Public Domain","https://www.metmuseum.org/about-the-met/policies-and-documents/open-access","noise","1","texture_catalog_match_v1+source_attribute_v1","","{""crack"": 0.0, ""dust"": 0.0003, ""fold"": 0.0013, ""missing_region"": 0.006, ""mold"": 0.0034, ""scratch"": 0.0007, ""stain"": 0.0043, ""tear"": 0.0072}","{}","0","0","0","0","0","0","0","0","0","0","0","1","0","0","52d5d280f324ada2abf34d728d64f8564bc05395fc19e8247db4e5f91199d9f5","4165138","png"
"1519","damaged_obvious_001006","damaged_obvious","1006","met_287940","1550.png","damaged_obvious_001006.png","dataset_images/damaged_obvious/damaged_obvious_001006.png","e088c78045915b8f7b439d41b058592806c9b34c8a051c2d1a32bb0cf64a11ae","2560","2135","group_portrait","RGB","existing_damage","validation","real_damaged","The Metropolitan Museum of Art","https://www.metmuseum.org/art/collection/search/287940","Public Domain","https://www.metmuseum.org/about-the-met/policies-and-documents/open-access","fold|stain","2","texture_catalog_match_v1+source_attribute_v1","fold|stain","{""crack"": 0.01, ""dust"": 0.0385, ""fold"": 0.2183, ""missing_region"": 0.0663, ""mold"": 0.1512, ""scratch"": 0.0399, ""stain"": 0.1864, ""tear"": 0.1115}","{""fold"": [""123.jpg"", ""032.jpg"", ""175.jpg""], ""stain"": [""134.jpg"", ""063.jpg"", ""096.jpg""]}","0","0","1","0","1","0","0","0","0","0","0","0","0","0","e088c78045915b8f7b439d41b058592806c9b34c8a051c2d1a32bb0cf64a11ae","3462170","png"
"1521","damaged_obvious_001007","damaged_obvious","1007","met_287942","1552.png","damaged_obvious_001007.png","dataset_images/damaged_obvious/damaged_obvious_001007.png","e4d8bed31670b30967be08d3d18c17bbe4e95a72221b4fa1f9246dc8649ec0a4","2804","2320","group_portrait","RGB","existing_damage","test","real_damaged","The Metropolitan Museum of Art","https://www.metmuseum.org/art/collection/search/287942","Public Domain","https://www.metmuseum.org/about-the-met/policies-and-documents/open-access","noise","1","texture_catalog_match_v1+source_attribute_v1","","{""crack"": 0.0003, ""dust"": 0.0019, ""fold"": 0.0107, ""missing_region"": 0.023, ""mold"": 0.0205, ""scratch"": 0.0083, ""stain"": 0.0778, ""tear"": 0.0429}","{}","0","0","0","0","0","0","0","0","0","0","0","1","0","0","e4d8bed31670b30967be08d3d18c17bbe4e95a72221b4fa1f9246dc8649ec0a4","3706078","png"
"1523","damaged_obvious_001008","damaged_obvious","1008","met_287945","1554.png","damaged_obvious_001008.png","dataset_images/damaged_obvious/damaged_obvious_001008.png","bae371c1c13e0b0c537894d750fd847a25656347b7a1268c38c48a1e3e7b8a10","2560","2061","outdoor_scene","RGB","existing_damage","test","real_damaged","The Metropolitan Museum of Art","https://www.metmuseum.org/art/collection/search/287945","Public Domain","https://www.metmuseum.org/about-the-met/policies-and-documents/open-access","noise","1","texture_catalog_match_v1+source_attribute_v1","","{""crack"": 0.0, ""dust"": 0.0, ""fold"": 0.0, ""missing_region"": 0.0001, ""mold"": 0.0, ""scratch"": 0.0, ""stain"": 0.0009, ""tear"": 0.0003}","{}","0","0","0","0","0","0","0","0","0","0","0","1","0","0","bae371c1c13e0b0c537894d750fd847a25656347b7a1268c38c48a1e3e7b8a10","3562529","png"
"1525","damaged_obvious_001009","damaged_obvious","1009","met_287949","1556.png","damaged_obvious_001009.png","dataset_images/damaged_obvious/damaged_obvious_001009.png","6b791286e01681f8ee5660fe4a72f463a1a18ece6e37a865ce7c42aef4ecfebe","2741","2233","outdoor_scene","RGB","existing_damage","validation","real_damaged","The Metropolitan Museum of Art","https://www.metmuseum.org/art/collection/search/287949","Public Domain","https://www.metmuseum.org/about-the-met/policies-and-documents/open-access","stain","1","texture_catalog_match_v1+source_attribute_v1","stain","{""crack"": 0.0254, ""dust"": 0.0454, ""fold"": 0.1083, ""missing_region"": 0.0571, ""mold"": 0.1608, ""scratch"": 0.0437, ""stain"": 0.2137, ""tear"": 0.1631}","{""stain"": [""134.jpg"", ""074.jpg"", ""137.jpg""]}","0","0","0","0","1","0","0","0","0","0","0","0","0","0","6b791286e01681f8ee5660fe4a72f463a1a18ece6e37a865ce7c42aef4ecfebe","3790695","png"
"1528","damaged_obvious_001010","damaged_obvious","1010","met_287955","1559.png","damaged_obvious_001010.png","dataset_images/damaged_obvious/damaged_obvious_001010.png","865903c53da4182d6284247d51553b4d08c397c766dbf325c88e37f52fcc8cd9","2957","2397","single_portrait","RGB","existing_damage","train","real_damaged","The Metropolitan Museum of Art","https://www.metmuseum.org/art/collection/search/287955","Public Domain","https://www.metmuseum.org/about-the-met/policies-and-documents/open-access","noise|uneven_exposure","2","texture_catalog_match_v1+source_attribute_v1","","{""crack"": 0.0085, ""dust"": 0.0125, ""fold"": 0.037, ""missing_region"": 0.0249, ""mold"": 0.0214, ""scratch"": 0.022, ""stain"": 0.0789, ""tear"": 0.0249}","{}","0","0","0","0","0","0","0","0","0","0","0","1","0","1","865903c53da4182d6284247d51553b4d08c397c766dbf325c88e37f52fcc8cd9","3804444","png"
"1529","damaged_obvious_001011","damaged_obvious","1011","met_287956","1560.png","damaged_obvious_001011.png","dataset_images/damaged_obvious/damaged_obvious_001011.png","1435a3a1f3094cbe6e8ae9e57e6b1b6cfcf8a0abc0ed89651c31188507b6a46c","2560","2126","outdoor_scene","RGB","existing_damage","train","real_damaged","The Metropolitan Museum of Art","https://www.metmuseum.org/art/collection/search/287956","Public Domain","https://www.metmuseum.org/about-the-met/policies-and-documents/open-access","noise|uneven_exposure","2","texture_catalog_match_v1+source_attribute_v1","","{""crack"": 0.0002, ""dust"": 0.0011, ""fold"": 0.0041, ""missing_region"": 0.0077, ""mold"": 0.0067, ""scratch"": 0.0019, ""stain"": 0.0078, ""tear"": 0.0086}","{}","0","0","0","0","0","0","0","0","0","0","0","1","0","1","1435a3a1f3094cbe6e8ae9e57e6b1b6cfcf8a0abc0ed89651c31188507b6a46c","3325803","png"
"1531","damaged_obvious_001012","damaged_obvious","1012","met_287970","1562.png","damaged_obvious_001012.png","dataset_images/damaged_obvious/damaged_obvious_001012.png","af71f15548ad1f50e1fedaef84010d34c03414fdd782781753928080d2116b63","2560","2029","other","RGB","existing_damage","validation","real_damaged","The Metropolitan Museum of Art","https://www.metmuseum.org/art/collection/search/287970","Public Domain","https://www.metmuseum.org/about-the-met/policies-and-documents/open-access","noise","1","texture_catalog_match_v1+source_attribute_v1","","{""crack"": 0.0, ""dust"": 0.0002, ""fold"": 0.001, ""missing_region"": 0.0086, ""mold"": 0.0049, ""scratch"": 0.0007, ""stain"": 0.0091, ""tear"": 0.0086}","{}","0","0","0","0","0","0","0","0","0","0","0","1","0","0","af71f15548ad1f50e1fedaef84010d34c03414fdd782781753928080d2116b63","3716046","png"
"1533","damaged_obvious_001013","damaged_obvious","1013","met_287974","1564.png","damaged_obvious_001013.png","dataset_images/damaged_obvious/damaged_obvious_001013.png","dfdd9568d9aa05c42f596b0bcf0a6007b40fea1e5b3579f8f392db04c8be514f","2678","2029","single_portrait","RGB","existing_damage","train","real_damaged","The Metropolitan Museum of Art","https://www.metmuseum.org/art/collection/search/287974","Public Domain","https://www.metmuseum.org/about-the-met/policies-and-documents/open-access","fading|blur","2","texture_catalog_match_v1+source_attribute_v1","","{""crack"": 0.0, ""dust"": 0.0, ""fold"": 0.0, ""missing_region"": 0.0, ""mold"": 0.0, ""scratch"": 0.0, ""stain"": 0.0, ""tear"": 0.0}","{}","0","0","0","0","0","0","0","0","1","0","1","0","0","0","dfdd9568d9aa05c42f596b0bcf0a6007b40fea1e5b3579f8f392db04c8be514f","3612119","png"
"1534","damaged_obvious_001014","damaged_obvious","1014","met_288026","1565.png","damaged_obvious_001014.png","dataset_images/damaged_obvious/damaged_obvious_001014.png","35255329977e09d93edb2cfd19c8f65fd7db62a2fd8c425172db0a58c13b5e9b","2309","3838","single_portrait","RGB","existing_damage","train","real_damaged","The Metropolitan Museum of Art","https://www.metmuseum.org/art/collection/search/288026","Public Domain","https://www.metmuseum.org/about-the-met/policies-and-documents/open-access","noise|uneven_exposure","2","texture_catalog_match_v1+source_attribute_v1","","{""crack"": 0.0, ""dust"": 0.0, ""fold"": 0.0, ""missing_region"": 0.0, ""mold"": 0.0, ""scratch"": 0.0, ""stain"": 0.0, ""tear"": 0.0}","{}","0","0","0","0","0","0","0","0","0","0","0","1","0","1","35255329977e09d93edb2cfd19c8f65fd7db62a2fd8c425172db0a58c13b5e9b","3800374","png"
"1537","damaged_obvious_001015","damaged_obvious","1015","met_288055","1568.png","damaged_obvious_001015.png","dataset_images/damaged_obvious/damaged_obvious_001015.png","e5400ce2d3ddde34f3a87f0b40656f557687d29ee50d15761b02626607d0d72b","1979","2585","indoor_scene","RGB","existing_damage","train","real_damaged","The Metropolitan Museum of Art","https://www.metmuseum.org/art/collection/search/288055","Public Domain","https://www.metmuseum.org/about-the-met/policies-and-documents/open-access","noise","1","texture_catalog_match_v1+source_attribute_v1","","{""crack"": 0.0155, ""dust"": 0.0178, ""fold"": 0.0502, ""missing_region"": 0.0245, ""mold"": 0.032, ""scratch"": 0.0154, ""stain"": 0.0403, ""tear"": 0.0606}","{}","0","0","0","0","0","0","0","0","0","0","0","1","0","0","e5400ce2d3ddde34f3a87f0b40656f557687d29ee50d15761b02626607d0d72b","3329003","png"
"1538","damaged_obvious_001016","damaged_obvious","1016","met_288056","1569.png","damaged_obvious_001016.png","dataset_images/damaged_obvious/damaged_obvious_001016.png","24d3bbcb65e8ccf4e562fd301b1778d7aac37a834d75efc7c79588ef824c881b","2251","1732","group_portrait","RGB","existing_damage","train","real_damaged","The Metropolitan Museum of Art","https://www.metmuseum.org/art/collection/search/288056","Public Domain","https://www.metmuseum.org/about-the-met/policies-and-documents/open-access","uneven_exposure","1","texture_catalog_match_v1+source_attribute_v1","","{""crack"": 0.001, ""dust"": 0.0066, ""fold"": 0.0171, ""missing_region"": 0.0382, ""mold"": 0.0267, ""scratch"": 0.0107, ""stain"": 0.0285, ""tear"": 0.0467}","{}","0","0","0","0","0","0","0","0","0","0","0","0","0","1","24d3bbcb65e8ccf4e562fd301b1778d7aac37a834d75efc7c79588ef824c881b","2211098","png"
"1540","damaged_obvious_001017","damaged_obvious","1017","met_288058","1571.png","damaged_obvious_001017.png","dataset_images/damaged_obvious/damaged_obvious_001017.png","0d6033ef3215ba220e02d7895ed960a4077a2b91542473c79329d4bb7dca99c6","2076","1707","group_portrait","RGB","existing_damage","test","real_damaged","The Metropolitan Museum of Art","https://www.metmuseum.org/art/collection/search/288058","Public Domain","https://www.metmuseum.org/about-the-met/policies-and-documents/open-access","noise","1","texture_catalog_match_v1+source_attribute_v1","","{""crack"": 0.0014, ""dust"": 0.0045, ""fold"": 0.0085, ""missing_region"": 0.0282, ""mold"": 0.0154, ""scratch"": 0.0059, ""stain"": 0.0299, ""tear"": 0.0282}","{}","0","0","0","0","0","0","0","0","0","0","0","1","0","0","0d6033ef3215ba220e02d7895ed960a4077a2b91542473c79329d4bb7dca99c6","2717372","png"
"1542","damaged_obvious_001018","damaged_obvious","1018","met_288060","1573.png","damaged_obvious_001018.png","dataset_images/damaged_obvious/damaged_obvious_001018.png","bb0ecccea59aab79f7fa5416b0a125a3c226fc6e543ba74c4b673a2af7005546","1617","1949","single_portrait","RGB","existing_damage","validation","real_damaged","The Metropolitan Museum of Art","https://www.metmuseum.org/art/collection/search/288060","Public Domain","https://www.metmuseum.org/about-the-met/policies-and-documents/open-access","fading|color_cast|blur","3","texture_catalog_match_v1+source_attribute_v1","","{""crack"": 0.0249, ""dust"": 0.0279, ""fold"": 0.0421, ""missing_region"": 0.0282, ""mold"": 0.036, ""scratch"": 0.0287, ""stain"": 0.0433, ""tear"": 0.0422}","{}","0","0","0","0","0","0","0","0","1","1","1","0","0","0","bb0ecccea59aab79f7fa5416b0a125a3c226fc6e543ba74c4b673a2af7005546","2073511","png"
"1544","damaged_obvious_001019","damaged_obvious","1019","met_288062","1575.png","damaged_obvious_001019.png","dataset_images/damaged_obvious/damaged_obvious_001019.png","998fb8d5ed524ddf3ba0052368d4452f8134c98149e5a08e057c54e8965ae5af","2093","1655","other","RGB","existing_damage","train","real_damaged","The Metropolitan Museum of Art","https://www.metmuseum.org/art/collection/search/288062","Public Domain","https://www.metmuseum.org/about-the-met/policies-and-documents/open-access","fold|color_cast","2","texture_catalog_match_v1+source_attribute_v1","fold","{""crack"": 0.0175, ""dust"": 0.0468, ""fold"": 0.1735, ""missing_region"": 0.0472, ""mold"": 0.1157, ""scratch"": 0.0343, ""stain"": 0.1721, ""tear"": 0.0976}","{""fold"": [""126.jpg"", ""032.jpg"", ""089.jpg""]}","0","0","1","0","0","0","0","0","0","1","0","0","0","0","998fb8d5ed524ddf3ba0052368d4452f8134c98149e5a08e057c54e8965ae5af","2323519","png"
"1546","damaged_obvious_001020","damaged_obvious","1020","met_288064","1577.png","damaged_obvious_001020.png","dataset_images/damaged_obvious/damaged_obvious_001020.png","cd5ca22f16ac4b8c18c624cd7d64f643502b8c1c709a2b0bda43619b92139253","2576","2237","single_portrait","RGB","existing_damage","train","real_damaged","The Metropolitan Museum of Art","https://www.metmuseum.org/art/collection/search/288064","Public Domain","https://www.metmuseum.org/about-the-met/policies-and-documents/open-access","fold|uneven_exposure","2","texture_catalog_match_v1+source_attribute_v1","fold","{""crack"": 0.0104, ""dust"": 0.0424, ""fold"": 0.1809, ""missing_region"": 0.0771, ""mold"": 0.1053, ""scratch"": 0.0342, ""stain"": 0.1224, ""tear"": 0.0773}","{""fold"": [""123.jpg"", ""175.jpg"", ""032.jpg""]}","0","0","1","0","0","0","0","0","0","0","0","0","0","1","cd5ca22f16ac4b8c18c624cd7d64f643502b8c1c709a2b0bda43619b92139253","3572817","png"
"1548","damaged_obvious_001021","damaged_obvious","1021","met_288066","1579.png","damaged_obvious_001021.png","dataset_images/damaged_obvious/damaged_obvious_001021.png","c3ae539e7fc384dc2ba5134e2edfe5f0c23bdd46278cae8d7dff254e5b4458a9","2727","2050","group_portrait","RGB","existing_damage","train","real_damaged","The Metropolitan Museum of Art","https://www.metmuseum.org/art/collection/search/288066","Public Domain","https://www.metmuseum.org/about-the-met/policies-and-documents/open-access","uneven_exposure","1","texture_catalog_match_v1+source_attribute_v1","","{""crack"": 0.0071, ""dust"": 0.0293, ""fold"": 0.0736, ""missing_region"": 0.0296, ""mold"": 0.0581, ""scratch"": 0.0308, ""stain"": 0.0768, ""tear"": 0.0832}","{}","0","0","0","0","0","0","0","0","0","0","0","0","0","1","c3ae539e7fc384dc2ba5134e2edfe5f0c23bdd46278cae8d7dff254e5b4458a9","3611324","png"
"1549","damaged_obvious_001022","damaged_obvious","1022","met_288067","1580.png","damaged_obvious_001022.png","dataset_images/damaged_obvious/damaged_obvious_001022.png","aab10cb707425a01aadb6a15a41fbcc221c73c5c7e0d49e5da52db0a1c8a40f5","1714","2170","single_portrait","RGB","existing_damage","train","real_damaged","The Metropolitan Museum of Art","https://www.metmuseum.org/art/collection/search/288067","Public Domain","https://www.metmuseum.org/about-the-met/policies-and-documents/open-access","color_cast","1","texture_catalog_match_v1+source_attribute_v1","","{""crack"": 0.0242, ""dust"": 0.0394, ""fold"": 0.0738, ""missing_region"": 0.0316, ""mold"": 0.0759, ""scratch"": 0.0339, ""stain"": 0.0861, ""tear"": 0.0819}","{}","0","0","0","0","0","0","0","0","0","1","0","0","0","0","aab10cb707425a01aadb6a15a41fbcc221c73c5c7e0d49e5da52db0a1c8a40f5","2799518","png"
"1550","damaged_obvious_001023","damaged_obvious","1023","met_288068","1581.png","damaged_obvious_001023.png","dataset_images/damaged_obvious/damaged_obvious_001023.png","1ea563b6a64404d426ba61e2c88682376e603785f5a2765e5fbe9478d17c03ad","2203","1729","single_portrait","RGB","existing_damage","test","real_damaged","The Metropolitan Museum of Art","https://www.metmuseum.org/art/collection/search/288068","Public Domain","https://www.metmuseum.org/about-the-met/policies-and-documents/open-access","noise","1","texture_catalog_match_v1+source_attribute_v1","","{""crack"": 0.0004, ""dust"": 0.005, ""fold"": 0.0062, ""missing_region"": 0.0102, ""mold"": 0.0157, ""scratch"": 0.0048, ""stain"": 0.0613, ""tear"": 0.027}","{}","0","0","0","0","0","0","0","0","0","0","0","1","0","0","1ea563b6a64404d426ba61e2c88682376e603785f5a2765e5fbe9478d17c03ad","2912960","png"
"1551","damaged_obvious_001024","damaged_obvious","1024","met_288069","1582.png","damaged_obvious_001024.png","dataset_images/damaged_obvious/damaged_obvious_001024.png","e42243b830ae4fcaad769c6d979f9f847a3fc280c8b5eff420e93f883606eb78","1542","1950","outdoor_scene","RGB","existing_damage","train","real_damaged","The Metropolitan Museum of Art","https://www.metmuseum.org/art/collection/search/288069","Public Domain","https://www.metmuseum.org/about-the-met/policies-and-documents/open-access","noise","1","texture_catalog_match_v1+source_attribute_v1","","{""crack"": 0.0125, ""dust"": 0.0205, ""fold"": 0.0345, ""missing_region"": 0.0304, ""mold"": 0.0345, ""scratch"": 0.0208, ""stain"": 0.0534, ""tear"": 0.0613}","{}","0","0","0","0","0","0","0","0","0","0","0","1","0","0","e42243b830ae4fcaad769c6d979f9f847a3fc280c8b5eff420e93f883606eb78","2426996","png"
"1553","damaged_obvious_001025","damaged_obvious","1025","met_288071","1584.png","damaged_obvious_001025.png","dataset_images/damaged_obvious/damaged_obvious_001025.png","a20577d2b54d15145e95edc9d084a0b658a78f18543f5daa084df0c9717cccf6","1563","2126","outdoor_scene","RGB","existing_damage","train","real_damaged","The Metropolitan Museum of Art","https://www.metmuseum.org/art/collection/search/288071","Public Domain","https://www.metmuseum.org/about-the-met/policies-and-documents/open-access","noise|uneven_exposure","2","texture_catalog_match_v1+source_attribute_v1","","{""crack"": 0.0008, ""dust"": 0.0031, ""fold"": 0.0155, ""missing_region"": 0.023, ""mold"": 0.0171, ""scratch"": 0.0112, ""stain"": 0.0302, ""tear"": 0.0237}","{}","0","0","0","0","0","0","0","0","0","0","0","1","0","1","a20577d2b54d15145e95edc9d084a0b658a78f18543f5daa084df0c9717cccf6","2327224","png"
"1555","damaged_obvious_001026","damaged_obvious","1026","met_288073","1586.png","damaged_obvious_001026.png","dataset_images/damaged_obvious/damaged_obvious_001026.png","2acfc6a6c263cecaaf065acb7b486eec7eb92d003f2a02f9c9443d048c85d7e8","2178","1650","group_portrait","RGB","existing_damage","train","real_damaged","The Metropolitan Museum of Art","https://www.metmuseum.org/art/collection/search/288073","Public Domain","https://www.metmuseum.org/about-the-met/policies-and-documents/open-access","noise","1","texture_catalog_match_v1+source_attribute_v1","","{""crack"": 0.0, ""dust"": 0.0, ""fold"": 0.0002, ""missing_region"": 0.0057, ""mold"": 0.001, ""scratch"": 0.0002, ""stain"": 0.0062, ""tear"": 0.009}","{}","0","0","0","0","0","0","0","0","0","0","0","1","0","0","2acfc6a6c263cecaaf065acb7b486eec7eb92d003f2a02f9c9443d048c85d7e8","2106214","png"
"1556","damaged_obvious_001027","damaged_obvious","1027","met_288074","1587.png","damaged_obvious_001027.png","dataset_images/damaged_obvious/damaged_obvious_001027.png","fa5492b1b126e6a762684a737b38c3d7a8921bcf058670cde13eb50ae8e47322","2290","1870","other","RGB","existing_damage","test","real_damaged","The Metropolitan Museum of Art","https://www.metmuseum.org/art/collection/search/288074","Public Domain","https://www.metmuseum.org/about-the-met/policies-and-documents/open-access","noise|uneven_exposure","2","texture_catalog_match_v1+source_attribute_v1","","{""crack"": 0.0016, ""dust"": 0.0096, ""fold"": 0.0408, ""missing_region"": 0.0334, ""mold"": 0.0688, ""scratch"": 0.023, ""stain"": 0.0609, ""tear"": 0.0457}","{}","0","0","0","0","0","0","0","0","0","0","0","1","0","1","fa5492b1b126e6a762684a737b38c3d7a8921bcf058670cde13eb50ae8e47322","2597334","png"
"1557","damaged_obvious_001028","damaged_obvious","1028","met_288075","1588.png","damaged_obvious_001028.png","dataset_images/damaged_obvious/damaged_obvious_001028.png","02fc90d1ed0692e5c12f9d252c363b9f45286efb4912faa19bab9a1236a46821","2365","2021","group_portrait","RGB","existing_damage","train","real_damaged","The Metropolitan Museum of Art","https://www.metmuseum.org/art/collection/search/288075","Public Domain","https://www.metmuseum.org/about-the-met/policies-and-documents/open-access","color_cast|noise|uneven_exposure","3","texture_catalog_match_v1+source_attribute_v1","","{""crack"": 0.0025, ""dust"": 0.0126, ""fold"": 0.045, ""missing_region"": 0.0628, ""mold"": 0.0589, ""scratch"": 0.0214, ""stain"": 0.058, ""tear"": 0.0628}","{}","0","0","0","0","0","0","0","0","0","1","0","1","0","1","02fc90d1ed0692e5c12f9d252c363b9f45286efb4912faa19bab9a1236a46821","2946582","png"
"1558","damaged_obvious_001029","damaged_obvious","1029","met_288076","1589.png","damaged_obvious_001029.png","dataset_images/damaged_obvious/damaged_obvious_001029.png","878b582adeac5909f26c0bbc307d2822c16bdd4c9e451e7f4d10ccc573f53418","2274","1876","group_portrait","RGB","existing_damage","train","real_damaged","The Metropolitan Museum of Art","https://www.metmuseum.org/art/collection/search/288076","Public Domain","https://www.metmuseum.org/about-the-met/policies-and-documents/open-access","noise|uneven_exposure","2","texture_catalog_match_v1+source_attribute_v1","","{""crack"": 0.0179, ""dust"": 0.0288, ""fold"": 0.0703, ""missing_region"": 0.0597, ""mold"": 0.1403, ""scratch"": 0.0266, ""stain"": 0.0796, ""tear"": 0.0808}","{}","0","0","0","0","0","0","0","0","0","0","0","1","0","1","878b582adeac5909f26c0bbc307d2822c16bdd4c9e451e7f4d10ccc573f53418","2778050","png"
"1559","damaged_obvious_001030","damaged_obvious","1030","met_288077","1590.png","damaged_obvious_001030.png","dataset_images/damaged_obvious/damaged_obvious_001030.png","190da88d3238e8ff704620af245dcafb7a8fe9b0d14527c6f4650fa4d30e98de","1476","1735","group_portrait","RGB","existing_damage","train","real_damaged","The Metropolitan Museum of Art","https://www.metmuseum.org/art/collection/search/288077","Public Domain","https://www.metmuseum.org/about-the-met/policies-and-documents/open-access","noise|uneven_exposure","2","texture_catalog_match_v1+source_attribute_v1","","{""crack"": 0.0018, ""dust"": 0.0054, ""fold"": 0.0123, ""missing_region"": 0.0182, ""mold"": 0.0103, ""scratch"": 0.0052, ""stain"": 0.0266, ""tear"": 0.0322}","{}","0","0","0","0","0","0","0","0","0","0","0","1","0","1","190da88d3238e8ff704620af245dcafb7a8fe9b0d14527c6f4650fa4d30e98de","1873057","png"
"1562","damaged_obvious_001031","damaged_obvious","1031","met_288080","1593.png","damaged_obvious_001031.png","dataset_images/damaged_obvious/damaged_obvious_001031.png","bf02fdf835a2fe0786ff11cdc408fb8e8e265ef77a5f53d2803267bd60b43807","2600","2078","outdoor_scene","RGB","existing_damage","train","real_damaged","The Metropolitan Museum of Art","https://www.metmuseum.org/art/collection/search/288080","Public Domain","https://www.metmuseum.org/about-the-met/policies-and-documents/open-access","noise","1","texture_catalog_match_v1+source_attribute_v1","","{""crack"": 0.009, ""dust"": 0.0131, ""fold"": 0.028, ""missing_region"": 0.0302, ""mold"": 0.0386, ""scratch"": 0.011, ""stain"": 0.0758, ""tear"": 0.06}","{}","0","0","0","0","0","0","0","0","0","0","0","1","0","0","bf02fdf835a2fe0786ff11cdc408fb8e8e265ef77a5f53d2803267bd60b43807","3555226","png"
"1564","damaged_obvious_001032","damaged_obvious","1032","met_288082","1595.png","damaged_obvious_001032.png","dataset_images/damaged_obvious/damaged_obvious_001032.png","2799cd20fc639c78454c34fedc15ad20d5b976f9014d043fbaba9eeafce48c9d","2511","2026","other","RGB","existing_damage","test","real_damaged","The Metropolitan Museum of Art","https://www.metmuseum.org/art/collection/search/288082","Public Domain","https://www.metmuseum.org/about-the-met/policies-and-documents/open-access","noise|uneven_exposure","2","texture_catalog_match_v1+source_attribute_v1","","{""crack"": 0.0155, ""dust"": 0.0223, ""fold"": 0.054, ""missing_region"": 0.0395, ""mold"": 0.037, ""scratch"": 0.0211, ""stain"": 0.055, ""tear"": 0.0429}","{}","0","0","0","0","0","0","0","0","0","0","0","1","0","1","2799cd20fc639c78454c34fedc15ad20d5b976f9014d043fbaba9eeafce48c9d","3669133","png"
"1565","damaged_obvious_001033","damaged_obvious","1033","met_288083","1596.png","damaged_obvious_001033.png","dataset_images/damaged_obvious/damaged_obvious_001033.png","411218b1a778a6d4396143d2a41f41e87376c45b1ed2d74ab2f826f583a35e16","1996","1464","single_portrait","RGB","existing_damage","train","real_damaged","The Metropolitan Museum of Art","https://www.metmuseum.org/art/collection/search/288083","Public Domain","https://www.metmuseum.org/about-the-met/policies-and-documents/open-access","uneven_exposure","1","texture_catalog_match_v1+source_attribute_v1","","{""crack"": 0.0122, ""dust"": 0.0407, ""fold"": 0.0922, ""missing_region"": 0.0644, ""mold"": 0.0768, ""scratch"": 0.0323, ""stain"": 0.0923, ""tear"": 0.0925}","{}","0","0","0","0","0","0","0","0","0","0","0","0","0","1","411218b1a778a6d4396143d2a41f41e87376c45b1ed2d74ab2f826f583a35e16","1861987","png"
"1568","damaged_obvious_001034","damaged_obvious","1034","met_288840","1599.png","damaged_obvious_001034.png","dataset_images/damaged_obvious/damaged_obvious_001034.png","3c0c9cb3b18c053fd2177b76547c6b7c7582d679cefc7cdcfa8cefc0150f4907","2560","2112","outdoor_scene","RGB","existing_damage","train","real_damaged","The Metropolitan Museum of Art","https://www.metmuseum.org/art/collection/search/288840","Public Domain","https://www.metmuseum.org/about-the-met/policies-and-documents/open-access","noise","1","texture_catalog_match_v1+source_attribute_v1","","{""crack"": 0.0017, ""dust"": 0.0092, ""fold"": 0.0189, ""missing_region"": 0.0469, ""mold"": 0.0625, ""scratch"": 0.0168, ""stain"": 0.0854, ""tear"": 0.0607}","{}","0","0","0","0","0","0","0","0","0","0","0","1","0","0","3c0c9cb3b18c053fd2177b76547c6b7c7582d679cefc7cdcfa8cefc0150f4907","3713344","png"
"1569","damaged_obvious_001035","damaged_obvious","1035","met_289043","1600.png","damaged_obvious_001035.png","dataset_images/damaged_obvious/damaged_obvious_001035.png","a41ddbc7dbb007026b103a74c0d5993e5062eaa56935bf4525648c022aafe6e7","2560","1971","outdoor_scene","RGB","existing_damage","train","real_damaged","The Metropolitan Museum of Art","https://www.metmuseum.org/art/collection/search/289043","Public Domain","https://www.metmuseum.org/about-the-met/policies-and-documents/open-access","noise|uneven_exposure","2","texture_catalog_match_v1+source_attribute_v1","","{""crack"": 0.0035, ""dust"": 0.0109, ""fold"": 0.0275, ""missing_region"": 0.019, ""mold"": 0.0342, ""scratch"": 0.0128, ""stain"": 0.0307, ""tear"": 0.0268}","{}","0","0","0","0","0","0","0","0","0","0","0","1","0","1","a41ddbc7dbb007026b103a74c0d5993e5062eaa56935bf4525648c022aafe6e7","3694791","png"
"1571","damaged_obvious_001036","damaged_obvious","1036","met_291060","1602.png","damaged_obvious_001036.png","dataset_images/damaged_obvious/damaged_obvious_001036.png","7b53969d6293275d73ccce764b08d2204275e940b3f838d7de772ead74eb84b0","2142","2560","single_portrait","RGB","existing_damage","train","real_damaged","The Metropolitan Museum of Art","https://www.metmuseum.org/art/collection/search/291060","Public Domain","https://www.metmuseum.org/about-the-met/policies-and-documents/open-access","uneven_exposure","1","texture_catalog_match_v1+source_attribute_v1","","{""crack"": 0.0154, ""dust"": 0.0301, ""fold"": 0.0956, ""missing_region"": 0.0448, ""mold"": 0.0831, ""scratch"": 0.0297, ""stain"": 0.1265, ""tear"": 0.0912}","{}","0","0","0","0","0","0","0","0","0","0","0","0","0","1","7b53969d6293275d73ccce764b08d2204275e940b3f838d7de772ead74eb84b0","3759892","png"
"1573","damaged_obvious_001037","damaged_obvious","1037","met_291419","1604.png","damaged_obvious_001037.png","dataset_images/damaged_obvious/damaged_obvious_001037.png","3129109e2eb992367d4d603f7b2491b118bd72508640b07c7c16607b28e4fceb","2560","2011","single_portrait","RGB","existing_damage","train","real_damaged","The Metropolitan Museum of Art","https://www.metmuseum.org/art/collection/search/291419","Public Domain","https://www.metmuseum.org/about-the-met/policies-and-documents/open-access","blur","1","texture_catalog_match_v1+source_attribute_v1","","{""crack"": 0.028, ""dust"": 0.0301, ""fold"": 0.1027, ""missing_region"": 0.0336, ""mold"": 0.0911, ""scratch"": 0.0297, ""stain"": 0.1095, ""tear"": 0.0833}","{}","0","0","0","0","0","0","0","0","0","0","1","0","0","0","3129109e2eb992367d4d603f7b2491b118bd72508640b07c7c16607b28e4fceb","3638275","png"
"1580","damaged_obvious_001038","damaged_obvious","1038","met_291654","1707.png","damaged_obvious_001038.png","dataset_images/damaged_obvious/damaged_obvious_001038.png","9026e3b6f3aab26c5083e63ece5efb697f0df55f476439b88d7db36ee3683863","1244","1640","single_portrait","RGB","existing_damage","train","real_damaged","The Metropolitan Museum of Art","https://www.metmuseum.org/art/collection/search/291654","Public Domain","https://www.metmuseum.org/about-the-met/policies-and-documents/open-access","noise","1","texture_catalog_match_v1+source_attribute_v1","","{""crack"": 0.0095, ""dust"": 0.0094, ""fold"": 0.0312, ""missing_region"": 0.0119, ""mold"": 0.0139, ""scratch"": 0.0147, ""stain"": 0.0184, ""tear"": 0.0255}","{}","0","0","0","0","0","0","0","0","0","0","0","1","0","0","f430427d4857d2e2d3548d16e1a3067a3887b303eeb1972974a43f1300c92cbe","2559150","png"
"1584","damaged_obvious_001039","damaged_obvious","1039","met_292071","1711.png","damaged_obvious_001039.png","dataset_images/damaged_obvious/damaged_obvious_001039.png","739fd3a2f4d4b5f51cbb2f18e83a4f8c452cf41b1bc4b45bae18473d73615458","1946","2549","single_portrait","RGB","existing_damage","train","real_damaged","The Metropolitan Museum of Art","https://www.metmuseum.org/art/collection/search/292071","Public Domain","https://www.metmuseum.org/about-the-met/policies-and-documents/open-access","noise","1","texture_catalog_match_v1+source_attribute_v1","","{""crack"": 0.0019, ""dust"": 0.006, ""fold"": 0.0103, ""missing_region"": 0.0429, ""mold"": 0.0392, ""scratch"": 0.0082, ""stain"": 0.0301, ""tear"": 0.0429}","{}","0","0","0","0","0","0","0","0","0","0","0","1","0","0","b460b1befb49288cdfdbf55f5c071c4616f4814ded64ace0ece40122af84bc5f","7540668","png"
"1585","damaged_obvious_001040","damaged_obvious","1040","met_296359","1712.png","damaged_obvious_001040.png","dataset_images/damaged_obvious/damaged_obvious_001040.png","0fe361aa6f9bcf304430559bcfcd2f25b564140373b65515de1387472a60e420","1939","2560","architecture","RGB","existing_damage","train","real_damaged","The Metropolitan Museum of Art","https://www.metmuseum.org/art/collection/search/296359","Public Domain","https://www.metmuseum.org/about-the-met/policies-and-documents/open-access","noise","1","texture_catalog_match_v1+source_attribute_v1","","{""crack"": 0.0264, ""dust"": 0.0295, ""fold"": 0.0461, ""missing_region"": 0.0333, ""mold"": 0.0769, ""scratch"": 0.0286, ""stain"": 0.0573, ""tear"": 0.0753}","{}","0","0","0","0","0","0","0","0","0","0","0","1","0","0","0fe361aa6f9bcf304430559bcfcd2f25b564140373b65515de1387472a60e420","3754984","png"
"1588","damaged_obvious_001041","damaged_obvious","1041","met_299469","1715.png","damaged_obvious_001041.png","dataset_images/damaged_obvious/damaged_obvious_001041.png","c498f57a4ab4d09d41bac1a8f0cac8a4d9a5d6f2005b7f5d0a3162eccb0ba1ae","2560","1898","single_portrait","RGB","existing_damage","train","real_damaged","The Metropolitan Museum of Art","https://www.metmuseum.org/art/collection/search/299469","Public Domain","https://www.metmuseum.org/about-the-met/policies-and-documents/open-access","noise","1","texture_catalog_match_v1+source_attribute_v1","","{""crack"": 0.0204, ""dust"": 0.0219, ""fold"": 0.0377, ""missing_region"": 0.0236, ""mold"": 0.0266, ""scratch"": 0.0225, ""stain"": 0.0459, ""tear"": 0.0428}","{}","0","0","0","0","0","0","0","0","0","0","0","1","0","0","c498f57a4ab4d09d41bac1a8f0cac8a4d9a5d6f2005b7f5d0a3162eccb0ba1ae","3614568","png"
"1589","damaged_obvious_001042","damaged_obvious","1042","met_299472","1716.png","damaged_obvious_001042.png","dataset_images/damaged_obvious/damaged_obvious_001042.png","d512bd31fa1d8f538f7e0175f630c960cf506024d3e7c4ac5c94b2756e7ed10b","2560","1869","other","RGB","existing_damage","train","real_damaged","The Metropolitan Museum of Art","https://www.metmuseum.org/art/collection/search/299472","Public Domain","https://www.metmuseum.org/about-the-met/policies-and-documents/open-access","noise","1","texture_catalog_match_v1+source_attribute_v1","","{""crack"": 0.0015, ""dust"": 0.0044, ""fold"": 0.0155, ""missing_region"": 0.0194, ""mold"": 0.0185, ""scratch"": 0.0097, ""stain"": 0.0182, ""tear"": 0.0335}","{}","0","0","0","0","0","0","0","0","0","0","0","1","0","0","d512bd31fa1d8f538f7e0175f630c960cf506024d3e7c4ac5c94b2756e7ed10b","3661590","png"
"1591","damaged_obvious_001043","damaged_obvious","1043","met_301892","1718.png","damaged_obvious_001043.png","dataset_images/damaged_obvious/damaged_obvious_001043.png","5dc08d6d3ad1bee9742928913f9cdba1774a4d3bc1f7e0286a7d42e5e915ff4a","2560","2115","outdoor_scene","RGB","existing_damage","train","real_damaged","The Metropolitan Museum of Art","https://www.metmuseum.org/art/collection/search/301892","Public Domain","https://www.metmuseum.org/about-the-met/policies-and-documents/open-access","noise|uneven_exposure","2","texture_catalog_match_v1+source_attribute_v1","","{""crack"": 0.008, ""dust"": 0.0119, ""fold"": 0.0711, ""missing_region"": 0.0275, ""mold"": 0.0725, ""scratch"": 0.017, ""stain"": 0.0916, ""tear"": 0.0532}","{}","0","0","0","0","0","0","0","0","0","0","0","1","0","1","5dc08d6d3ad1bee9742928913f9cdba1774a4d3bc1f7e0286a7d42e5e915ff4a","3392514","png"
"1592","damaged_obvious_001044","damaged_obvious","1044","met_301976","1719.png","damaged_obvious_001044.png","dataset_images/damaged_obvious/damaged_obvious_001044.png","b41362c6b86bfcca4185682de3734d0fee8ef0f8aef780d5c21ca0e0f565ae05","1031","1626","single_portrait","RGB","existing_damage","train","real_damaged","The Metropolitan Museum of Art","https://www.metmuseum.org/art/collection/search/301976","Public Domain","https://www.metmuseum.org/about-the-met/policies-and-documents/open-access","noise","1","texture_catalog_match_v1+source_attribute_v1","","{""crack"": 0.004, ""dust"": 0.0084, ""fold"": 0.0429, ""missing_region"": 0.0561, ""mold"": 0.0329, ""scratch"": 0.0123, ""stain"": 0.0285, ""tear"": 0.0561}","{}","0","0","0","0","0","0","0","0","0","0","0","1","0","0","b41362c6b86bfcca4185682de3734d0fee8ef0f8aef780d5c21ca0e0f565ae05","1234107","png"
"1593","damaged_obvious_001045","damaged_obvious","1045","met_302000","1720.png","damaged_obvious_001045.png","dataset_images/damaged_obvious/damaged_obvious_001045.png","ce8c688acacb55470d76bef78761f0303f83b24605c19b0d4dd7cf571801dead","996","1619","group_portrait","RGB","existing_damage","train","real_damaged","The Metropolitan Museum of Art","https://www.metmuseum.org/art/collection/search/302000","Public Domain","https://www.metmuseum.org/about-the-met/policies-and-documents/open-access","noise","1","texture_catalog_match_v1+source_attribute_v1","","{""crack"": 0.0019, ""dust"": 0.0056, ""fold"": 0.0107, ""missing_region"": 0.0114, ""mold"": 0.0122, ""scratch"": 0.0058, ""stain"": 0.0165, ""tear"": 0.0276}","{}","0","0","0","0","0","0","0","0","0","0","0","1","0","0","ce8c688acacb55470d76bef78761f0303f83b24605c19b0d4dd7cf571801dead","1231176","png"
"1594","damaged_obvious_001046","damaged_obvious","1046","met_302241","1721.png","damaged_obvious_001046.png","dataset_images/damaged_obvious/damaged_obvious_001046.png","9a266c5714111b296133b51e74b4f607ed2e2cfa6311912b70f8a27e8ccfc2cb","1840","2406","single_portrait","RGB","existing_damage","train","real_damaged","The Metropolitan Museum of Art","https://www.metmuseum.org/art/collection/search/302241","Public Domain","https://www.metmuseum.org/about-the-met/policies-and-documents/open-access","noise|uneven_exposure","2","texture_catalog_match_v1+source_attribute_v1","","{""crack"": 0.002, ""dust"": 0.0068, ""fold"": 0.0284, ""missing_region"": 0.0274, ""mold"": 0.0291, ""scratch"": 0.0129, ""stain"": 0.0254, ""tear"": 0.0274}","{}","0","0","0","0","0","0","0","0","0","0","0","1","0","1","718bca397adc0cebc648f094159321c877b6e6cec9bc7c59975b7d9ec25cb22b","4093503","png"
"1595","damaged_obvious_001047","damaged_obvious","1047","met_302332","1722.png","damaged_obvious_001047.png","dataset_images/damaged_obvious/damaged_obvious_001047.png","45e2db4fd119fd79694d45105025841addb3572a6a65bf7bc331c2bb1ab7548d","739","1000","single_portrait","RGB","existing_damage","train","real_damaged","The Metropolitan Museum of Art","https://www.metmuseum.org/art/collection/search/302332","Public Domain","https://www.metmuseum.org/about-the-met/policies-and-documents/open-access","color_cast|noise","2","texture_catalog_match_v1+source_attribute_v1","","{""crack"": 0.0008, ""dust"": 0.0025, ""fold"": 0.0414, ""missing_region"": 0.012, ""mold"": 0.0166, ""scratch"": 0.0127, ""stain"": 0.0149, ""tear"": 0.023}","{}","0","0","0","0","0","0","0","0","0","1","0","1","0","0","82381dab17cf5cc8ad170f5e5c5698f424f4b3d03f488a43e5129e5fc829ed3c","944289","png"
"1601","damaged_obvious_001048","damaged_obvious","1048","met_306204","1728.png","damaged_obvious_001048.png","dataset_images/damaged_obvious/damaged_obvious_001048.png","0f759b57ec6e29c005339a703937b7953799315d154c52e03ff6d537e171726d","2071","2560","single_portrait","RGB","existing_damage","test","real_damaged","The Metropolitan Museum of Art","https://www.metmuseum.org/art/collection/search/306204","Public Domain","https://www.metmuseum.org/about-the-met/policies-and-documents/open-access","color_cast","1","texture_catalog_match_v1+source_attribute_v1","","{""crack"": 0.0308, ""dust"": 0.0361, ""fold"": 0.0682, ""missing_region"": 0.0571, ""mold"": 0.0669, ""scratch"": 0.0322, ""stain"": 0.0788, ""tear"": 0.0818}","{}","0","0","0","0","0","0","0","0","0","1","0","0","0","0","0f759b57ec6e29c005339a703937b7953799315d154c52e03ff6d537e171726d","3415589","png"
"1602","damaged_obvious_001049","damaged_obvious","1049","met_306205","1729.png","damaged_obvious_001049.png","dataset_images/damaged_obvious/damaged_obvious_001049.png","fdf8d64b54928e1390d5c4eab1288a8624c391e33abc5ad5bd0df915764e9b9a","2244","2560","single_portrait","RGB","existing_damage","train","real_damaged","The Metropolitan Museum of Art","https://www.metmuseum.org/art/collection/search/306205","Public Domain","https://www.metmuseum.org/about-the-met/policies-and-documents/open-access","noise","1","texture_catalog_match_v1+source_attribute_v1","","{""crack"": 0.028, ""dust"": 0.0308, ""fold"": 0.0762, ""missing_region"": 0.0269, ""mold"": 0.0441, ""scratch"": 0.0269, ""stain"": 0.0502, ""tear"": 0.0969}","{}","0","0","0","0","0","0","0","0","0","0","0","1","0","0","169c25f20102e7ee77dd22de35a0622373a6dbfbf303f60fb63643ce5107bb31","7716946","png"
"1603","damaged_obvious_001050","damaged_obvious","1050","met_306206","1730.png","damaged_obvious_001050.png","dataset_images/damaged_obvious/damaged_obvious_001050.png","4be8610bcb5d2100c6da90d2b0d0e9db0c131ba208c5d3ba19362e05aceae7b3","2560","1695","group_portrait","RGB","existing_damage","train","real_damaged","The Metropolitan Museum of Art","https://www.metmuseum.org/art/collection/search/306206","Public Domain","https://www.metmuseum.org/about-the-met/policies-and-documents/open-access","color_cast|noise","2","texture_catalog_match_v1+source_attribute_v1","","{""crack"": 0.0044, ""dust"": 0.0185, ""fold"": 0.0197, ""missing_region"": 0.028, ""mold"": 0.044, ""scratch"": 0.0144, ""stain"": 0.0339, ""tear"": 0.0812}","{}","0","0","0","0","0","0","0","0","0","1","0","1","0","0","4be8610bcb5d2100c6da90d2b0d0e9db0c131ba208c5d3ba19362e05aceae7b3","3586390","png"
"1604","damaged_obvious_001051","damaged_obvious","1051","met_306207","1731.png","damaged_obvious_001051.png","dataset_images/damaged_obvious/damaged_obvious_001051.png","a8221ddbfa577bd7fb95fc9ac26d82fb9f41d94e7c65a73594fbb40cb035e6c5","1818","2029","single_portrait","RGB","existing_damage","train","real_damaged","The Metropolitan Museum of Art","https://www.metmuseum.org/art/collection/search/306207","Public Domain","https://www.metmuseum.org/about-the-met/policies-and-documents/open-access","color_cast|blur","2","texture_catalog_match_v1+source_attribute_v1","","{""crack"": 0.031, ""dust"": 0.032, ""fold"": 0.0561, ""missing_region"": 0.0302, ""mold"": 0.04, ""scratch"": 0.0321, ""stain"": 0.067, ""tear"": 0.068}","{}","0","0","0","0","0","0","0","0","0","1","1","0","0","0","e179f3cf7baef869931114a36e23885c0168fce7cb858e0c24b04c2cb76af704","5871953","png"
"1605","damaged_obvious_001052","damaged_obvious","1052","met_306208","1732.png","damaged_obvious_001052.png","dataset_images/damaged_obvious/damaged_obvious_001052.png","7891be57aa34ec6c3606137681dc571a69a5055e413862bd931115643f1224ac","1395","1781","single_portrait","RGB","existing_damage","validation","real_damaged","The Metropolitan Museum of Art","https://www.metmuseum.org/art/collection/search/306208","Public Domain","https://www.metmuseum.org/about-the-met/policies-and-documents/open-access","noise","1","texture_catalog_match_v1+source_attribute_v1","","{""crack"": 0.0003, ""dust"": 0.0014, ""fold"": 0.0136, ""missing_region"": 0.0165, ""mold"": 0.032, ""scratch"": 0.0073, ""stain"": 0.038, ""tear"": 0.0266}","{}","0","0","0","0","0","0","0","0","0","0","0","1","0","0","507362f85bc91f910e52e8212533445b79f6444c8977be150192046e1f947ba1","3501371","png"
"1606","damaged_obvious_001053","damaged_obvious","1053","met_306226","1733.png","damaged_obvious_001053.png","dataset_images/damaged_obvious/damaged_obvious_001053.png","72dde00e334274e0af854dd21218ad24ed2142abe0364f96e9c3024db19356cb","1348","1838","group_portrait","RGB","existing_damage","train","real_damaged","The Metropolitan Museum of Art","https://www.metmuseum.org/art/collection/search/306226","Public Domain","https://www.metmuseum.org/about-the-met/policies-and-documents/open-access","uneven_exposure","1","texture_catalog_match_v1+source_attribute_v1","","{""crack"": 0.0264, ""dust"": 0.0283, ""fold"": 0.0492, ""missing_region"": 0.0287, ""mold"": 0.0459, ""scratch"": 0.0261, ""stain"": 0.0626, ""tear"": 0.0585}","{}","0","0","0","0","0","0","0","0","0","0","0","0","0","1","72dde00e334274e0af854dd21218ad24ed2142abe0364f96e9c3024db19356cb","1910681","png"
"1608","damaged_obvious_001054","damaged_obvious","1054","met_306248","1735.png","damaged_obvious_001054.png","dataset_images/damaged_obvious/damaged_obvious_001054.png","7e82f7d91730d585ece7dbcbdfa65a02927f7c287fa1bbe9d8f126c632b118c5","2089","2560","outdoor_scene","RGB","existing_damage","validation","real_damaged","The Metropolitan Museum of Art","https://www.metmuseum.org/art/collection/search/306248","Public Domain","https://www.metmuseum.org/about-the-met/policies-and-documents/open-access","fold","1","texture_catalog_match_v1+source_attribute_v1","fold","{""crack"": 0.0233, ""dust"": 0.048, ""fold"": 0.1421, ""missing_region"": 0.0462, ""mold"": 0.1027, ""scratch"": 0.0326, ""stain"": 0.1652, ""tear"": 0.0751}","{""fold"": [""123.jpg"", ""126.jpg"", ""032.jpg""]}","0","0","1","0","0","0","0","0","0","0","0","0","0","0","7e82f7d91730d585ece7dbcbdfa65a02927f7c287fa1bbe9d8f126c632b118c5","3550323","png"
"1609","damaged_obvious_001055","damaged_obvious","1055","met_306249","1736.png","damaged_obvious_001055.png","dataset_images/damaged_obvious/damaged_obvious_001055.png","8ab42f4a5d2e7c681d8d43b54362920deeffd8376c402622aff559b2f0e74572","2560","2052","outdoor_scene","RGB","existing_damage","train","real_damaged","The Metropolitan Museum of Art","https://www.metmuseum.org/art/collection/search/306249","Public Domain","https://www.metmuseum.org/about-the-met/policies-and-documents/open-access","fold","1","texture_catalog_match_v1+source_attribute_v1","fold","{""crack"": 0.0098, ""dust"": 0.0376, ""fold"": 0.1464, ""missing_region"": 0.0849, ""mold"": 0.0975, ""scratch"": 0.0296, ""stain"": 0.1281, ""tear"": 0.099}","{""fold"": [""123.jpg"", ""032.jpg"", ""175.jpg""]}","0","0","1","0","0","0","0","0","0","0","0","0","0","0","8ab42f4a5d2e7c681d8d43b54362920deeffd8376c402622aff559b2f0e74572","3543341","png"
"1610","damaged_obvious_001056","damaged_obvious","1056","met_306250","1737.png","damaged_obvious_001056.png","dataset_images/damaged_obvious/damaged_obvious_001056.png","e66d4111254de64d0d86a2525f8ac4ef970e1bc2fe4c5e270ead9333cea27757","2560","2071","outdoor_scene","RGB","existing_damage","train","real_damaged","The Metropolitan Museum of Art","https://www.metmuseum.org/art/collection/search/306250","Public Domain","https://www.metmuseum.org/about-the-met/policies-and-documents/open-access","stain","1","texture_catalog_match_v1+source_attribute_v1","stain","{""crack"": 0.0237, ""dust"": 0.0409, ""fold"": 0.0945, ""missing_region"": 0.0528, ""mold"": 0.1465, ""scratch"": 0.038, ""stain"": 0.2009, ""tear"": 0.1082}","{""stain"": [""074.jpg"", ""229.jpg"", ""134.jpg""]}","0","0","0","0","1","0","0","0","0","0","0","0","0","0","e66d4111254de64d0d86a2525f8ac4ef970e1bc2fe4c5e270ead9333cea27757","3777697","png"
"1611","damaged_obvious_001057","damaged_obvious","1057","met_306251","1738.png","damaged_obvious_001057.png","dataset_images/damaged_obvious/damaged_obvious_001057.png","53f6df4f1da541787478f1fb8d0e6752330f416a61d83bfd9959527c82eb095b","2560","2084","outdoor_scene","RGB","existing_damage","train","real_damaged","The Metropolitan Museum of Art","https://www.metmuseum.org/art/collection/search/306251","Public Domain","https://www.metmuseum.org/about-the-met/policies-and-documents/open-access","fold|stain","2","texture_catalog_match_v1+source_attribute_v1","fold|stain","{""crack"": 0.026, ""dust"": 0.0383, ""fold"": 0.1814, ""missing_region"": 0.0723, ""mold"": 0.1104, ""scratch"": 0.0329, ""stain"": 0.2256, ""tear"": 0.1103}","{""fold"": [""032.jpg"", ""126.jpg"", ""175.jpg""], ""stain"": [""229.jpg"", ""096.jpg"", ""074.jpg""]}","0","0","1","0","1","0","0","0","0","0","0","0","0","0","53f6df4f1da541787478f1fb8d0e6752330f416a61d83bfd9959527c82eb095b","3840766","png"
"1614","damaged_obvious_001058","damaged_obvious","1058","met_306254","1741.png","damaged_obvious_001058.png","dataset_images/damaged_obvious/damaged_obvious_001058.png","14c50dc5737fe404375165cd2e0c9fa925ab37e007bef7d2a77fc04096ce99d0","2560","2127","architecture","RGB","existing_damage","train","real_damaged","The Metropolitan Museum of Art","https://www.metmuseum.org/art/collection/search/306254","Public Domain","https://www.metmuseum.org/about-the-met/policies-and-documents/open-access","noise","1","texture_catalog_match_v1+source_attribute_v1","","{""crack"": 0.011, ""dust"": 0.0129, ""fold"": 0.0425, ""missing_region"": 0.0367, ""mold"": 0.0598, ""scratch"": 0.0233, ""stain"": 0.05, ""tear"": 0.0796}","{}","0","0","0","0","0","0","0","0","0","0","0","1","0","0","14c50dc5737fe404375165cd2e0c9fa925ab37e007bef7d2a77fc04096ce99d0","3739689","png"
"1616","damaged_obvious_001059","damaged_obvious","1059","met_306319","1743.png","damaged_obvious_001059.png","dataset_images/damaged_obvious/damaged_obvious_001059.png","802a2abb6f54f78199b19d7f18105184ff84e42d0b3acbdc7125847a8959894a","2312","1775","outdoor_scene","RGB","existing_damage","test","real_damaged","The Metropolitan Museum of Art","https://www.metmuseum.org/art/collection/search/306319","Public Domain","https://www.metmuseum.org/about-the-met/policies-and-documents/open-access","noise","1","texture_catalog_match_v1+source_attribute_v1","","{""crack"": 0.0088, ""dust"": 0.0124, ""fold"": 0.0369, ""missing_region"": 0.0105, ""mold"": 0.0244, ""scratch"": 0.0173, ""stain"": 0.0387, ""tear"": 0.0165}","{}","0","0","0","0","0","0","0","0","0","0","0","1","0","0","365674edfec50b3ff3097fe0ef9943b71d6c537228b42ae42130a1bed05960c3","6029183","png"
"1617","damaged_obvious_001060","damaged_obvious","1060","met_306320","1744.png","damaged_obvious_001060.png","dataset_images/damaged_obvious/damaged_obvious_001060.png","fb0969bd3c50b9b73de2af8abb693a4d625d344af81c83451bcd1dea3637d726","2882","2165","group_portrait","RGB","existing_damage","train","real_damaged","The Metropolitan Museum of Art","https://www.metmuseum.org/art/collection/search/306320","Public Domain","https://www.metmuseum.org/about-the-met/policies-and-documents/open-access","blur|uneven_exposure","2","texture_catalog_match_v1+source_attribute_v1","","{""crack"": 0.0277, ""dust"": 0.0289, ""fold"": 0.0413, ""missing_region"": 0.0266, ""mold"": 0.0386, ""scratch"": 0.0275, ""stain"": 0.0394, ""tear"": 0.0574}","{}","0","0","0","0","0","0","0","0","0","0","1","0","0","1","035dd83f8f875034cb482d06c22047b6149e601b6e8fc92c73c23d13fd08ef40","6858646","png"
"1619","damaged_obvious_001061","damaged_obvious","1061","met_306330","1746.png","damaged_obvious_001061.png","dataset_images/damaged_obvious/damaged_obvious_001061.png","2e57dbf22414b457b8d0d16c1a597d9eab70a997df970ff6b744e8fc7c189c75","2560","1857","single_portrait","RGB","existing_damage","train","real_damaged","The Metropolitan Museum of Art","https://www.metmuseum.org/art/collection/search/306330","Public Domain","https://www.metmuseum.org/about-the-met/policies-and-documents/open-access","noise|uneven_exposure","2","texture_catalog_match_v1+source_attribute_v1","","{""crack"": 0.001, ""dust"": 0.0052, ""fold"": 0.0096, ""missing_region"": 0.0176, ""mold"": 0.018, ""scratch"": 0.0103, ""stain"": 0.0246, ""tear"": 0.0256}","{}","0","0","0","0","0","0","0","0","0","0","0","1","0","1","2e57dbf22414b457b8d0d16c1a597d9eab70a997df970ff6b744e8fc7c189c75","3521213","png"
"1620","damaged_obvious_001062","damaged_obvious","1062","met_306333","1747.png","damaged_obvious_001062.png","dataset_images/damaged_obvious/damaged_obvious_001062.png","61a9290e57693d4d5ef2cea7bf3dd275434d6b74370868cf70ba3c8220c17e8e","2560","2119","architecture","RGB","existing_damage","test","real_damaged","The Metropolitan Museum of Art","https://www.metmuseum.org/art/collection/search/306333","Public Domain","https://www.metmuseum.org/about-the-met/policies-and-documents/open-access","noise","1","texture_catalog_match_v1+source_attribute_v1","","{""crack"": 0.0078, ""dust"": 0.0325, ""fold"": 0.0568, ""missing_region"": 0.0387, ""mold"": 0.04, ""scratch"": 0.0265, ""stain"": 0.068, ""tear"": 0.0518}","{}","0","0","0","0","0","0","0","0","0","0","0","1","0","0","61a9290e57693d4d5ef2cea7bf3dd275434d6b74370868cf70ba3c8220c17e8e","3641587","png"
"1621","damaged_obvious_001063","damaged_obvious","1063","met_306337","1748.png","damaged_obvious_001063.png","dataset_images/damaged_obvious/damaged_obvious_001063.png","e6774b3c1997b2f4d573de52283cd4e3fdb889ea0553fddd2103d53b5469dc77","1681","1197","group_portrait","RGB","existing_damage","train","real_damaged","The Metropolitan Museum of Art","https://www.metmuseum.org/art/collection/search/306337","Public Domain","https://www.metmuseum.org/about-the-met/policies-and-documents/open-access","noise","1","texture_catalog_match_v1+source_attribute_v1","","{""crack"": 0.0101, ""dust"": 0.0214, ""fold"": 0.061, ""missing_region"": 0.0563, ""mold"": 0.1183, ""scratch"": 0.0261, ""stain"": 0.0853, ""tear"": 0.1057}","{}","0","0","0","0","0","0","0","0","0","0","0","1","0","0","d33e5c2e676ffef6cde11b5010a70b1b5dbcd19032085d22241d53cc244e3d34","3517516","png"
"1622","damaged_obvious_001064","damaged_obvious","1064","met_306343","1749.png","damaged_obvious_001064.png","dataset_images/damaged_obvious/damaged_obvious_001064.png","6c53f64cf5ca21b5dcce8fa48cbcbf62a41cd640f0eacf2b28794bde76c4ed8b","2533","1935","outdoor_scene","RGB","existing_damage","train","real_damaged","The Metropolitan Museum of Art","https://www.metmuseum.org/art/collection/search/306343","Public Domain","https://www.metmuseum.org/about-the-met/policies-and-documents/open-access","noise","1","texture_catalog_match_v1+source_attribute_v1","","{""crack"": 0.0, ""dust"": 0.0001, ""fold"": 0.0002, ""missing_region"": 0.0004, ""mold"": 0.0004, ""scratch"": 0.0002, ""stain"": 0.001, ""tear"": 0.0007}","{}","0","0","0","0","0","0","0","0","0","0","0","1","0","0","336c58626f6e3da2c76b5d60f1b7ec3cfeeb0fd541f07f1d24107fca82e1f702","7659678","png"
"1625","damaged_obvious_001065","damaged_obvious","1065","met_416912","1752.png","damaged_obvious_001065.png","dataset_images/damaged_obvious/damaged_obvious_001065.png","9bdbb4f591dedc37eb19e303349c3c59f6b6f3d622dc7d8d50523ae4ed511538","1265","1905","group_portrait","RGB","existing_damage","test","real_damaged","The Metropolitan Museum of Art","https://www.metmuseum.org/art/collection/search/416912","Public Domain","https://www.metmuseum.org/about-the-met/policies-and-documents/open-access","color_cast","1","texture_catalog_match_v1+source_attribute_v1","","{""crack"": 0.0264, ""dust"": 0.031, ""fold"": 0.0631, ""missing_region"": 0.0373, ""mold"": 0.0535, ""scratch"": 0.0274, ""stain"": 0.0763, ""tear"": 0.0929}","{}","0","0","0","0","0","0","0","0","0","1","0","0","0","0","9bdbb4f591dedc37eb19e303349c3c59f6b6f3d622dc7d8d50523ae4ed511538","1976094","png"
"1626","damaged_obvious_001066","damaged_obvious","1066","met_513805","1753.png","damaged_obvious_001066.png","dataset_images/damaged_obvious/damaged_obvious_001066.png","c5e53c61216193dbb41a7190b179c9f8b24e851b2f768f75f8362c0f953c9b42","2252","2560","outdoor_scene","RGB","existing_damage","train","real_damaged","The Metropolitan Museum of Art","https://www.metmuseum.org/art/collection/search/513805","Public Domain","https://www.metmuseum.org/about-the-met/policies-and-documents/open-access","fold|mold","2","texture_catalog_match_v1+source_attribute_v1","fold|mold","{""crack"": 0.0064, ""dust"": 0.0297, ""fold"": 0.1602, ""missing_region"": 0.0902, ""mold"": 0.1806, ""scratch"": 0.0377, ""stain"": 0.0965, ""tear"": 0.1454}","{""fold"": [""123.jpg"", ""032.jpg"", ""175.jpg""], ""mold"": [""182.jpg"", ""008.jpg"", ""062.jpg""]}","0","0","1","0","0","1","0","0","0","0","0","0","0","0","c5e53c61216193dbb41a7190b179c9f8b24e851b2f768f75f8362c0f953c9b42","3373105","png"
"1628","damaged_obvious_001067","damaged_obvious","1067","met_629831","1755.png","damaged_obvious_001067.png","dataset_images/damaged_obvious/damaged_obvious_001067.png","2a0461896571f3fb074015eecf0a1d07457d56df100287b15de058d328df7b5d","1779","2485","architecture","RGB","existing_damage","train","real_damaged","The Metropolitan Museum of Art","https://www.metmuseum.org/art/collection/search/629831","Public Domain","https://www.metmuseum.org/about-the-met/policies-and-documents/open-access","noise","1","texture_catalog_match_v1+source_attribute_v1","","{""crack"": 0.0016, ""dust"": 0.0047, ""fold"": 0.0125, ""missing_region"": 0.0221, ""mold"": 0.0251, ""scratch"": 0.0108, ""stain"": 0.0543, ""tear"": 0.0391}","{}","0","0","0","0","0","0","0","0","0","0","0","1","0","0","93d567e72492b7e3877d09b6e99ae3d78d08d70f7393bb3aa670a2e9ff4b0c0f","7236742","png"
"1629","damaged_obvious_001068","damaged_obvious","1068","met_631032","1756.png","damaged_obvious_001068.png","dataset_images/damaged_obvious/damaged_obvious_001068.png","cb2a968d06b851dc2e56cc86979a0c9a28b2deb9273152eb8613d9198197b003","2560","2033","architecture","RGB","existing_damage","validation","real_damaged","The Metropolitan Museum of Art","https://www.metmuseum.org/art/collection/search/631032","Public Domain","https://www.metmuseum.org/about-the-met/policies-and-documents/open-access","noise|uneven_exposure","2","texture_catalog_match_v1+source_attribute_v1","","{""crack"": 0.0141, ""dust"": 0.0223, ""fold"": 0.0809, ""missing_region"": 0.0397, ""mold"": 0.0683, ""scratch"": 0.0285, ""stain"": 0.0632, ""tear"": 0.0629}","{}","0","0","0","0","0","0","0","0","0","0","0","1","0","1","cb2a968d06b851dc2e56cc86979a0c9a28b2deb9273152eb8613d9198197b003","3482596","png"
"1630","damaged_obvious_001069","damaged_obvious","1069","met_646973","1757.png","damaged_obvious_001069.png","dataset_images/damaged_obvious/damaged_obvious_001069.png","eeb4a7426acd1eb18787cc7ac43f03573799f7ab9b1cac4f27a8de895412aeac","1576","2771","single_portrait","RGB","existing_damage","validation","real_damaged","The Metropolitan Museum of Art","https://www.metmuseum.org/art/collection/search/646973","Public Domain","https://www.metmuseum.org/about-the-met/policies-and-documents/open-access","noise","1","texture_catalog_match_v1+source_attribute_v1","","{""crack"": 0.0068, ""dust"": 0.0173, ""fold"": 0.0335, ""missing_region"": 0.028, ""mold"": 0.0476, ""scratch"": 0.0211, ""stain"": 0.0478, ""tear"": 0.0401}","{}","0","0","0","0","0","0","0","0","0","0","0","1","0","0","eeb4a7426acd1eb18787cc7ac43f03573799f7ab9b1cac4f27a8de895412aeac","3348922","png"
"1632","damaged_obvious_001070","damaged_obvious","1070","met_682875","1759.png","damaged_obvious_001070.png","dataset_images/damaged_obvious/damaged_obvious_001070.png","751880f8cff456a3373943c0f880895e1b460456b61c97644ea6111247250cd7","2041","2560","single_portrait","RGB","existing_damage","train","real_damaged","The Metropolitan Museum of Art","https://www.metmuseum.org/art/collection/search/682875","Public Domain","https://www.metmuseum.org/about-the-met/policies-and-documents/open-access","noise","1","texture_catalog_match_v1+source_attribute_v1","","{""crack"": 0.0137, ""dust"": 0.0277, ""fold"": 0.0461, ""missing_region"": 0.0333, ""mold"": 0.0523, ""scratch"": 0.0251, ""stain"": 0.0609, ""tear"": 0.0981}","{}","0","0","0","0","0","0","0","0","0","0","0","1","0","0","751880f8cff456a3373943c0f880895e1b460456b61c97644ea6111247250cd7","3462544","png"
"1633","damaged_obvious_001071","damaged_obvious","1071","met_704683","1760.png","damaged_obvious_001071.png","dataset_images/damaged_obvious/damaged_obvious_001071.png","9440adb95d2e4e2d50c37417870f9babd8265cfc747caef3f5ffe5de9483f916","1952","2558","outdoor_scene","RGB","existing_damage","train","real_damaged","The Metropolitan Museum of Art","https://www.metmuseum.org/art/collection/search/704683","Public Domain","https://www.metmuseum.org/about-the-met/policies-and-documents/open-access","noise","1","texture_catalog_match_v1+source_attribute_v1","","{""crack"": 0.0064, ""dust"": 0.0078, ""fold"": 0.0147, ""missing_region"": 0.0087, ""mold"": 0.013, ""scratch"": 0.0077, ""stain"": 0.0134, ""tear"": 0.0171}","{}","0","0","0","0","0","0","0","0","0","0","0","1","0","0","1df91f0fd92b9cc379dc107c93c4293de32b00f035765f8f7f276051084662c6","7647784","png"
"1636","damaged_obvious_001072","damaged_obvious","1072","met_917927","1763.png","damaged_obvious_001072.png","dataset_images/damaged_obvious/damaged_obvious_001072.png","9643a737380e40a64aef7bc3bd248395a814532d02f14e8f4195b941fc829bd3","1979","2972","outdoor_scene","RGB","existing_damage","train","real_damaged","The Metropolitan Museum of Art","https://www.metmuseum.org/art/collection/search/917927","Public Domain","https://www.metmuseum.org/about-the-met/policies-and-documents/open-access","noise","1","texture_catalog_match_v1+source_attribute_v1","","{""crack"": 0.0106, ""dust"": 0.0345, ""fold"": 0.0866, ""missing_region"": 0.055, ""mold"": 0.0747, ""scratch"": 0.0346, ""stain"": 0.1182, ""tear"": 0.0757}","{}","0","0","0","0","0","0","0","0","0","0","0","1","0","0","adccd0f4e5d5c773c7c290bd06b9c4bcabe63bedd5e5e9d6c40ebbb916bf773f","6236690","png"
"1640","damaged_obvious_001073","damaged_obvious","1073","smithsonian_ld1-1643398738600-1643398746435-0","1767.png","damaged_obvious_001073.png","dataset_images/damaged_obvious/damaged_obvious_001073.png","053a800666b1a121fd293a06ce856485f72b95028b26fcec66ec5daf1b251e1c","2018","2560","single_portrait","RGB","existing_damage","train","real_damaged","Smithsonian Open Access","https://nmaahc.si.edu/object/nmaahc_2012.42.16.1","CC0","https://www.si.edu/openaccess","blur","1","texture_catalog_match_v1+source_attribute_v1","","{""crack"": 0.0254, ""dust"": 0.0311, ""fold"": 0.0584, ""missing_region"": 0.0351, ""mold"": 0.0537, ""scratch"": 0.0269, ""stain"": 0.077, ""tear"": 0.0637}","{}","0","0","0","0","0","0","0","0","0","0","1","0","0","0","053a800666b1a121fd293a06ce856485f72b95028b26fcec66ec5daf1b251e1c","3450371","png"
"1641","damaged_obvious_001074","damaged_obvious","1074","smithsonian_ld1-1643398738600-1643398746436-0","1768.png","damaged_obvious_001074.png","dataset_images/damaged_obvious/damaged_obvious_001074.png","f632c997f7719c6b8a185a7bf248b460b77d8b684f34d289cdc898267e45ea7b","2086","2560","single_portrait","RGB","existing_damage","train","real_damaged","Smithsonian Open Access","https://nmaahc.si.edu/object/nmaahc_2012.42.16.2","CC0","https://www.si.edu/openaccess","blur","1","texture_catalog_match_v1+source_attribute_v1","","{""crack"": 0.0235, ""dust"": 0.0314, ""fold"": 0.0573, ""missing_region"": 0.0249, ""mold"": 0.0686, ""scratch"": 0.0339, ""stain"": 0.078, ""tear"": 0.0637}","{}","0","0","0","0","0","0","0","0","0","0","1","0","0","0","f632c997f7719c6b8a185a7bf248b460b77d8b684f34d289cdc898267e45ea7b","3507870","png"
"1642","damaged_obvious_001075","damaged_obvious","1075","smithsonian_ld1-1643398738600-1643398749656-1","1770.png","damaged_obvious_001075.png","dataset_images/damaged_obvious/damaged_obvious_001075.png","9b5e01156fbdfe1a18500912f5b4f1f9893047a3085d15955d8c016b069eb3dc","2859","1838","document","RGB","existing_damage","train","real_damaged","Smithsonian Open Access","https://nmaahc.si.edu/object/nmaahc_2014.75.3","CC0","https://www.si.edu/openaccess","noise","1","texture_catalog_match_v1+source_attribute_v1","","{""crack"": 0.001, ""dust"": 0.0019, ""fold"": 0.0096, ""missing_region"": 0.0074, ""mold"": 0.0121, ""scratch"": 0.0044, ""stain"": 0.0253, ""tear"": 0.0192}","{}","0","0","0","0","0","0","0","0","0","0","0","1","0","0","9fdd9ab5df7a5b381ec697ea421a02558dae527328f84ffe2598778c955f6038","5163038","png"
"1643","damaged_obvious_001076","damaged_obvious","1076","smithsonian_ld1-1643398912743-1643398960905-1","1771.png","damaged_obvious_001076.png","dataset_images/damaged_obvious/damaged_obvious_001076.png","e542c2e8be04c054fc6f4d34990748e7169d74fe49b9aba8103e14185b98724c","1882","2548","other","RGB","existing_damage","train","real_damaged","Smithsonian Open Access","","CC0","https://www.si.edu/openaccess","uneven_exposure","1","texture_catalog_match_v1+source_attribute_v1","","{""crack"": 0.0136, ""dust"": 0.0207, ""fold"": 0.0258, ""missing_region"": 0.0316, ""mold"": 0.0246, ""scratch"": 0.0212, ""stain"": 0.0501, ""tear"": 0.0348}","{}","0","0","0","0","0","0","0","0","0","0","0","0","0","1","a46e5e215d9a60ed9f366f65d33f5b1e20a83d02f24dff336f8dbaf829c2477b","6983784","png"
"1644","damaged_obvious_001077","damaged_obvious","1077","smithsonian_ld1-1643398912743-1643398960914-0","1772.png","damaged_obvious_001077.png","dataset_images/damaged_obvious/damaged_obvious_001077.png","81c80a4959c9fdbd27ed9cf958100260252b1837de2fa70f7e9972e51fc04c70","1675","2490","other","RGB","existing_damage","train","real_damaged","Smithsonian Open Access","","CC0","https://www.si.edu/openaccess","color_cast","1","texture_catalog_match_v1+source_attribute_v1","","{""crack"": 0.015, ""dust"": 0.0226, ""fold"": 0.0501, ""missing_region"": 0.0291, ""mold"": 0.0366, ""scratch"": 0.0166, ""stain"": 0.0523, ""tear"": 0.0395}","{}","0","0","0","0","0","0","0","0","0","1","0","0","0","0","d1be5459ca1a6db6ff3b46a9a9849874596325fcdcda3819c7df79b4935c4402","6335371","png"
"1645","damaged_obvious_001078","damaged_obvious","1078","smithsonian_ld1-1643398912743-1643398960918-0","1773.png","damaged_obvious_001078.png","dataset_images/damaged_obvious/damaged_obvious_001078.png","12f9cb0f056836943049972171d976f9afa75433fba4e6db26424b0aa397ef8d","1653","2462","group_portrait","RGB","existing_damage","train","real_damaged","Smithsonian Open Access","","CC0","https://www.si.edu/openaccess","noise|uneven_exposure","2","texture_catalog_match_v1+source_attribute_v1","","{""crack"": 0.0053, ""dust"": 0.0121, ""fold"": 0.0194, ""missing_region"": 0.042, ""mold"": 0.0231, ""scratch"": 0.0193, ""stain"": 0.0453, ""tear"": 0.042}","{}","0","0","0","0","0","0","0","0","0","0","0","1","0","1","2ad777fad3a73842e60a0788939f536214dfc6c041fc2fa3f275b47602bd5b51","6950909","png"
"1646","damaged_obvious_001079","damaged_obvious","1079","smithsonian_ld1-1643399842277-1643399852365-1","1775.png","damaged_obvious_001079.png","dataset_images/damaged_obvious/damaged_obvious_001079.png","cf454c8b392ac3ebe531e4a041ee60387a787352ccc834436eb775e5def30eec","1935","2560","other","RGB","existing_damage","test","real_damaged","Smithsonian Open Access","https://postalmuseum.si.edu/object/npm_A.2009-8","CC0","https://www.si.edu/openaccess","uneven_exposure","1","texture_catalog_match_v1+source_attribute_v1","","{""crack"": 0.0173, ""dust"": 0.0279, ""fold"": 0.0784, ""missing_region"": 0.03, ""mold"": 0.0758, ""scratch"": 0.0283, ""stain"": 0.0759, ""tear"": 0.0793}","{}","0","0","0","0","0","0","0","0","0","0","0","0","0","1","cf454c8b392ac3ebe531e4a041ee60387a787352ccc834436eb775e5def30eec","3509616","png"
"1647","damaged_obvious_001080","damaged_obvious","1080","smithsonian_ld1-1643399842277-1643399852385-0","1776.png","damaged_obvious_001080.png","dataset_images/damaged_obvious/damaged_obvious_001080.png","ae4aad3d5727c8206dba76a708d5c95211b5794a9267f1318383b8efaaa8bb9c","2560","1817","other","RGB","existing_damage","train","real_damaged","Smithsonian Open Access","https://postalmuseum.si.edu/object/npm_A.2009-41","CC0","https://www.si.edu/openaccess","noise|uneven_exposure","2","texture_catalog_match_v1+source_attribute_v1","","{""crack"": 0.0026, ""dust"": 0.0052, ""fold"": 0.0127, ""missing_region"": 0.0078, ""mold"": 0.0143, ""scratch"": 0.0075, ""stain"": 0.0131, ""tear"": 0.0155}","{}","0","0","0","0","0","0","0","0","0","0","0","1","0","1","ae4aad3d5727c8206dba76a708d5c95211b5794a9267f1318383b8efaaa8bb9c","3550582","png"
"1648","damaged_obvious_001081","damaged_obvious","1081","smithsonian_ld1-1643399887910-1643399972976-0","1777.png","damaged_obvious_001081.png","dataset_images/damaged_obvious/damaged_obvious_001081.png","69058da35c5020dbe872a36efef00a3b0fe2c9df111e8e0f889b84c93e454401","2560","2212","other","RGB","existing_damage","train","real_damaged","Smithsonian Open Access","https://collection.cooperhewitt.org/view/objects/asitem/id/215799","CC0","https://www.si.edu/openaccess","uneven_exposure","1","texture_catalog_match_v1+source_attribute_v1","","{""crack"": 0.0142, ""dust"": 0.0176, ""fold"": 0.0613, ""missing_region"": 0.0214, ""mold"": 0.025, ""scratch"": 0.0151, ""stain"": 0.0325, ""tear"": 0.0803}","{}","0","0","0","0","0","0","0","0","0","0","0","0","0","1","69058da35c5020dbe872a36efef00a3b0fe2c9df111e8e0f889b84c93e454401","3965705","png"
"1649","damaged_obvious_001082","damaged_obvious","1082","smithsonian_ld1-1643399887910-1643399973091-1","1778.png","damaged_obvious_001082.png","dataset_images/damaged_obvious/damaged_obvious_001082.png","aa7bcdbdd02db5e1c17e1d353f57ab68bed13a52d899d0da2cd2111b582b09cd","2067","2560","group_portrait","RGB","existing_damage","train","real_damaged","Smithsonian Open Access","https://collection.cooperhewitt.org/view/objects/asitem/id/216088","CC0","https://www.si.edu/openaccess","uneven_exposure","1","texture_catalog_match_v1+source_attribute_v1","","{""crack"": 0.0122, ""dust"": 0.0197, ""fold"": 0.0393, ""missing_region"": 0.022, ""mold"": 0.0401, ""scratch"": 0.019, ""stain"": 0.0497, ""tear"": 0.0478}","{}","0","0","0","0","0","0","0","0","0","0","0","0","0","1","aa7bcdbdd02db5e1c17e1d353f57ab68bed13a52d899d0da2cd2111b582b09cd","3229218","png"
"1650","damaged_obvious_001083","damaged_obvious","1083","smithsonian_ld1-1643400021979-1643400033073-0","1779.png","damaged_obvious_001083.png","dataset_images/damaged_obvious/damaged_obvious_001083.png","b6838f111424fc4de0c23438478c3cff464a9cbde99c4bde27db8a4b9bcb9424","4096","2713","document","RGB","existing_damage","train","real_damaged","Smithsonian Open Access","http://n2t.net/ark:/65665/nv94c74d475-d505-49a2-a40f-79bdf25ce26e","CC0","https://www.si.edu/openaccess","noise","1","texture_catalog_match_v1+source_attribute_v1","","{""crack"": 0.0084, ""dust"": 0.0201, ""fold"": 0.0267, ""missing_region"": 0.0162, ""mold"": 0.0282, ""scratch"": 0.0164, ""stain"": 0.0313, ""tear"": 0.0329}","{}","0","0","0","0","0","0","0","0","0","0","0","1","0","0","b6838f111424fc4de0c23438478c3cff464a9cbde99c4bde27db8a4b9bcb9424","3329284","png"
"1651","damaged_obvious_001084","damaged_obvious","1084","smithsonian_ld1-1643414028222-1643414083863-1","1780.png","damaged_obvious_001084.png","dataset_images/damaged_obvious/damaged_obvious_001084.png","377313ffad653dbaa0e6bf2cef1e823122cd921740184bfac4bcc76a6b9c8dc6","3200","2164","outdoor_scene","RGB","existing_damage","train","real_damaged","Smithsonian Open Access","http://n2t.net/ark:/65665/34e1835b1-7f9c-4bae-b383-d84ffeeef81d","CC0","https://www.si.edu/openaccess","scratch|crack|fold|dust|stain|mold|tear|missing_region|noise|uneven_exposure","10","texture_catalog_match_v1+source_attribute_v1","crack|dust|fold|missing_region|mold|scratch|stain|tear","{""crack"": 0.2183, ""dust"": 0.3492, ""fold"": 0.399, ""missing_region"": 0.2307, ""mold"": 0.2202, ""scratch"": 0.252, ""stain"": 0.3379, ""tear"": 0.3889}","{""crack"": [""240.jpg"", ""185.jpg"", ""135.jpg""], ""dust"": [""163.jpg"", ""152.jpg"", ""015.jpg""], ""fold"": [""089.jpg"", ""105.jpg"", ""059.jpg""], ""missing_region"": [""201.jpg"", ""170.jpg"", ""051.jpg""], ""mold"": [""041.jpg"", ""006.jpg"", ""087.jpg""], ""scratch"": [""009.jpg"", ""053.jpg"", ""072.jpg""], ""stain"": [""111.jpg"", ""013.jpg"", ""005.jpg""], ""tear"": [""014.jpg"", ""120.jpg"", ""222.jpg""]}","1","1","1","1","1","1","1","1","0","0","0","1","0","1","377313ffad653dbaa0e6bf2cef1e823122cd921740184bfac4bcc76a6b9c8dc6","3799940","png"
"1652","damaged_obvious_001085","damaged_obvious","1085","smithsonian_ld1-1643414028222-1643414083867-1","1781.png","damaged_obvious_001085.png","dataset_images/damaged_obvious/damaged_obvious_001085.png","74d025476d4eea7c60e95671d34208e84e3f1ab5f6660b85b8c3e6560dbbae32","3071","960","outdoor_scene","RGB","existing_damage","validation","real_damaged","Smithsonian Open Access","http://n2t.net/ark:/65665/393b720b7-dbfb-413e-823b-4db01bae76a6","CC0","https://www.si.edu/openaccess","uneven_exposure","1","texture_catalog_match_v1+source_attribute_v1","","{""crack"": 0.025, ""dust"": 0.029, ""fold"": 0.1046, ""missing_region"": 0.0333, ""mold"": 0.0755, ""scratch"": 0.0326, ""stain"": 0.0891, ""tear"": 0.0742}","{}","0","0","0","0","0","0","0","0","0","0","0","0","0","1","74d025476d4eea7c60e95671d34208e84e3f1ab5f6660b85b8c3e6560dbbae32","1643716","png"
"1653","damaged_obvious_001086","damaged_obvious","1086","smithsonian_ld1-1646149545906-1646150518990-1","1783.png","damaged_obvious_001086.png","dataset_images/damaged_obvious/damaged_obvious_001086.png","95c5e5a4e994216466f1fd03e25dcba81450b57fff7c138b7762fd6ee9dd64a7","2087","2560","architecture","RGB","existing_damage","test","real_damaged","Smithsonian Open Access","https://siarchives.si.edu/collections/siris_arc_401657","CC0","https://www.si.edu/openaccess","noise","1","texture_catalog_match_v1+source_attribute_v1","","{""crack"": 0.0, ""dust"": 0.0001, ""fold"": 0.0033, ""missing_region"": 0.0051, ""mold"": 0.0024, ""scratch"": 0.0009, ""stain"": 0.006, ""tear"": 0.01}","{}","0","0","0","0","0","0","0","0","0","0","0","1","0","0","95c5e5a4e994216466f1fd03e25dcba81450b57fff7c138b7762fd6ee9dd64a7","3288216","png"
"1654","damaged_obvious_001087","damaged_obvious","1087","smithsonian_ld1-1646149545906-1646150751446-2","1784.png","damaged_obvious_001087.png","dataset_images/damaged_obvious/damaged_obvious_001087.png","89bd52e5c5cd59b97c6bde290d00ed95d84e0721dd9ce4675f938945b563b75e","1916","2560","other","RGB","existing_damage","train","real_damaged","Smithsonian Open Access","https://siarchives.si.edu/collections/siris_arc_387765","CC0","https://www.si.edu/openaccess","noise|uneven_exposure","2","texture_catalog_match_v1+source_attribute_v1","","{""crack"": 0.0023, ""dust"": 0.0064, ""fold"": 0.011, ""missing_region"": 0.0126, ""mold"": 0.0118, ""scratch"": 0.0052, ""stain"": 0.0141, ""tear"": 0.0126}","{}","0","0","0","0","0","0","0","0","0","0","0","1","0","1","89bd52e5c5cd59b97c6bde290d00ed95d84e0721dd9ce4675f938945b563b75e","3440427","png"
"1656","damaged_obvious_001088","damaged_obvious","1088","smithsonian_ld1-1722680953733-1722680966524-0","1786.png","damaged_obvious_001088.png","dataset_images/damaged_obvious/damaged_obvious_001088.png","b4be585e63193335c483a6880c9af9fc23d71606250ade75349607c4818153a2","2560","1741","group_portrait","RGB","existing_damage","train","real_damaged","Smithsonian Open Access","https://nmaahc.si.edu/object/nmaahc_2021.13.13a-f","CC0","https://www.si.edu/openaccess","noise","1","texture_catalog_match_v1+source_attribute_v1","","{""crack"": 0.0106, ""dust"": 0.0308, ""fold"": 0.0656, ""missing_region"": 0.0398, ""mold"": 0.0549, ""scratch"": 0.0246, ""stain"": 0.0743, ""tear"": 0.0463}","{}","0","0","0","0","0","0","0","0","0","0","0","1","0","0","b4be585e63193335c483a6880c9af9fc23d71606250ade75349607c4818153a2","3340054","png"
"1657","damaged_obvious_001089","damaged_obvious","1089","smithsonian_ld1-1722680953733-1722680966531-0","1787.png","damaged_obvious_001089.png","dataset_images/damaged_obvious/damaged_obvious_001089.png","32898242e50604df15459c85152982694cc215d4f0caa0495c2dee7f16366456","2483","1969","group_portrait","RGB","existing_damage","train","real_damaged","Smithsonian Open Access","https://nmaahc.si.edu/object/nmaahc_2021.13.20a-e","CC0","https://www.si.edu/openaccess","noise","1","texture_catalog_match_v1+source_attribute_v1","","{""crack"": 0.002, ""dust"": 0.0083, ""fold"": 0.0157, ""missing_region"": 0.0112, ""mold"": 0.0147, ""scratch"": 0.012, ""stain"": 0.022, ""tear"": 0.0328}","{}","0","0","0","0","0","0","0","0","0","0","0","1","0","0","8b8e5696751f21dbd98daff4be00be07c79d714957710009c5e7bc0772f690c4","7150106","png"
"1660","damaged_obvious_001090","damaged_obvious","1090","smithsonian_ld1-1727784523374-1727784527892-0","1790.png","damaged_obvious_001090.png","dataset_images/damaged_obvious/damaged_obvious_001090.png","40e14a8be9076a603dcec2eaf17624e3ecac388ee047c8cbf26b7ed5bf799e0f","1893","3184","single_portrait","RGB","existing_damage","train","real_damaged","Smithsonian Open Access","https://nmaahc.si.edu/object/nmaahc_2011.36.68.9","CC0","https://www.si.edu/openaccess","noise","1","texture_catalog_match_v1+source_attribute_v1","","{""crack"": 0.0115, ""dust"": 0.0149, ""fold"": 0.0316, ""missing_region"": 0.014, ""mold"": 0.0244, ""scratch"": 0.015, ""stain"": 0.0393, ""tear"": 0.0254}","{}","0","0","0","0","0","0","0","0","0","0","0","1","0","0","09408c142cf0f06841a223d635b0726ef7835c65cb72176b0ae31e8b6ea2daff","5821830","png"
"1663","damaged_obvious_001091","damaged_obvious","1091","image-002","1793.png","damaged_obvious_001091.png","dataset_images/damaged_obvious/damaged_obvious_001091.png","0b777816464b3fceff7a187edfca70d79b06f9a1792115dba0022d5f7c112cf9","1524","1185","outdoor_scene","RGB","existing_damage","train","real_damaged","托马斯·查尔德中国摄影集（Lothar Lehmann 藏）","","","","uneven_exposure","1","texture_catalog_match_v1+source_attribute_v1","","{""crack"": 0.0286, ""dust"": 0.0374, ""fold"": 0.0635, ""missing_region"": 0.0518, ""mold"": 0.1458, ""scratch"": 0.0358, ""stain"": 0.1035, ""tear"": 0.0902}","{}","0","0","0","0","0","0","0","0","0","0","0","0","0","1","0b777816464b3fceff7a187edfca70d79b06f9a1792115dba0022d5f7c112cf9","2396446","png"
"1665","damaged_obvious_001092","damaged_obvious","1092","image-004","1795.png","damaged_obvious_001092.png","dataset_images/damaged_obvious/damaged_obvious_001092.png","f0acc3d249319c300fcdbe7f621b7d505c17d3a3562188e223099d205a18cdaa","1197","971","outdoor_scene","RGB","existing_damage","train","real_damaged","托马斯·查尔德中国摄影集（Lothar Lehmann 藏）","","","","noise","1","texture_catalog_match_v1+source_attribute_v1","","{""crack"": 0.023, ""dust"": 0.0377, ""fold"": 0.0754, ""missing_region"": 0.0628, ""mold"": 0.099, ""scratch"": 0.0348, ""stain"": 0.0986, ""tear"": 0.1121}","{}","0","0","0","0","0","0","0","0","0","0","0","1","0","0","f0acc3d249319c300fcdbe7f621b7d505c17d3a3562188e223099d205a18cdaa","2088700","png"
"1667","damaged_obvious_001093","damaged_obvious","1093","image-006","1797.png","damaged_obvious_001093.png","dataset_images/damaged_obvious/damaged_obvious_001093.png","f3be156138ed7db12747140df82df4d8fc055a5ec20371bc3921a942eb1d777f","1365","963","group_portrait","RGB","existing_damage","train","real_damaged","托马斯·查尔德中国摄影集（Lothar Lehmann 藏）","","","","noise","1","texture_catalog_match_v1+source_attribute_v1","","{""crack"": 0.0198, ""dust"": 0.0206, ""fold"": 0.0443, ""missing_region"": 0.0317, ""mold"": 0.0439, ""scratch"": 0.0211, ""stain"": 0.0656, ""tear"": 0.0642}","{}","0","0","0","0","0","0","0","0","0","0","0","1","0","0","f3be156138ed7db12747140df82df4d8fc055a5ec20371bc3921a942eb1d777f","1928118","png"
"1670","damaged_obvious_001094","damaged_obvious","1094","image-009","1800.png","damaged_obvious_001094.png","dataset_images/damaged_obvious/damaged_obvious_001094.png","fb9603c32b4cc94017be136d26423b4ed18d153835f78302a2a46624d18f25ee","1682","1302","outdoor_scene","RGB","existing_damage","train","real_damaged","托马斯·查尔德中国摄影集（Lothar Lehmann 藏）","","","","noise|uneven_exposure","2","texture_catalog_match_v1+source_attribute_v1","","{""crack"": 0.025, ""dust"": 0.0268, ""fold"": 0.0581, ""missing_region"": 0.0353, ""mold"": 0.0374, ""scratch"": 0.0271, ""stain"": 0.0552, ""tear"": 0.0818}","{}","0","0","0","0","0","0","0","0","0","0","0","1","0","1","fb9603c32b4cc94017be136d26423b4ed18d153835f78302a2a46624d18f25ee","2966533","png"
"1672","damaged_obvious_001095","damaged_obvious","1095","image-011","1802.png","damaged_obvious_001095.png","dataset_images/damaged_obvious/damaged_obvious_001095.png","9d40d1dcd6b75dc291e95c7f8b72c971e628242f13bb792a3277707288cd99d8","1685","1314","indoor_scene","RGB","existing_damage","train","real_damaged","托马斯·查尔德中国摄影集（Lothar Lehmann 藏）","","","","noise","1","texture_catalog_match_v1+source_attribute_v1","","{""crack"": 0.0038, ""dust"": 0.0067, ""fold"": 0.0163, ""missing_region"": 0.0157, ""mold"": 0.0188, ""scratch"": 0.0092, ""stain"": 0.0203, ""tear"": 0.0272}","{}","0","0","0","0","0","0","0","0","0","0","0","1","0","0","9d40d1dcd6b75dc291e95c7f8b72c971e628242f13bb792a3277707288cd99d8","3082638","png"
"1678","damaged_obvious_001096","damaged_obvious","1096","image-017","1808.png","damaged_obvious_001096.png","dataset_images/damaged_obvious/damaged_obvious_001096.png","0b5a72a514830f2aa411b4aa7c02a37b0e9f427c2a98eff8203d74bdb4e6e974","1697","1326","architecture","RGB","existing_damage","test","real_damaged","托马斯·查尔德中国摄影集（Lothar Lehmann 藏）","","","","uneven_exposure","1","texture_catalog_match_v1+source_attribute_v1","","{""crack"": 0.0275, ""dust"": 0.03, ""fold"": 0.056, ""missing_region"": 0.0294, ""mold"": 0.0595, ""scratch"": 0.0293, ""stain"": 0.0653, ""tear"": 0.1083}","{}","0","0","0","0","0","0","0","0","0","0","0","0","0","1","0b5a72a514830f2aa411b4aa7c02a37b0e9f427c2a98eff8203d74bdb4e6e974","2820776","png"
"1679","damaged_obvious_001097","damaged_obvious","1097","image-018","1809.png","damaged_obvious_001097.png","dataset_images/damaged_obvious/damaged_obvious_001097.png","538cda7edc918f65cd90f12b942441b7c6850f723dd0e09a0c6fb7d111697b78","1645","1320","group_portrait","RGB","existing_damage","validation","real_damaged","托马斯·查尔德中国摄影集（Lothar Lehmann 藏）","","","","noise","1","texture_catalog_match_v1+source_attribute_v1","","{""crack"": 0.0038, ""dust"": 0.0078, ""fold"": 0.0124, ""missing_region"": 0.0219, ""mold"": 0.0315, ""scratch"": 0.0168, ""stain"": 0.0512, ""tear"": 0.0912}","{}","0","0","0","0","0","0","0","0","0","0","0","1","0","0","538cda7edc918f65cd90f12b942441b7c6850f723dd0e09a0c6fb7d111697b78","2695654","png"
"1685","damaged_obvious_001098","damaged_obvious","1098","image-024","1815.png","damaged_obvious_001098.png","dataset_images/damaged_obvious/damaged_obvious_001098.png","19601079447e3be5661524d927f906c9564172d6536af4969a2f735ad9d4953a","1404","1051","indoor_scene","RGB","existing_damage","train","real_damaged","托马斯·查尔德中国摄影集（Lothar Lehmann 藏）","","","","noise","1","texture_catalog_match_v1+source_attribute_v1","","{""crack"": 0.0039, ""dust"": 0.0099, ""fold"": 0.0185, ""missing_region"": 0.0232, ""mold"": 0.0358, ""scratch"": 0.0134, ""stain"": 0.0949, ""tear"": 0.128}","{}","0","0","0","0","0","0","0","0","0","0","0","1","0","0","19601079447e3be5661524d927f906c9564172d6536af4969a2f735ad9d4953a","2254635","png"
"1687","damaged_obvious_001099","damaged_obvious","1099","image-026","1817.png","damaged_obvious_001099.png","dataset_images/damaged_obvious/damaged_obvious_001099.png","dde10071b37875475d6441f8271358d165a71410d9ccf3546c38f52c1238316a","1217","1001","outdoor_scene","RGB","existing_damage","train","real_damaged","托马斯·查尔德中国摄影集（Lothar Lehmann 藏）","","","","fold","1","texture_catalog_match_v1+source_attribute_v1","fold","{""crack"": 0.0127, ""dust"": 0.0386, ""fold"": 0.2254, ""missing_region"": 0.0665, ""mold"": 0.1139, ""scratch"": 0.0371, ""stain"": 0.1632, ""tear"": 0.1149}","{""fold"": [""123.jpg"", ""032.jpg"", ""175.jpg""]}","0","0","1","0","0","0","0","0","0","0","0","0","0","0","dde10071b37875475d6441f8271358d165a71410d9ccf3546c38f52c1238316a","2022118","png"
"1692","damaged_obvious_001100","damaged_obvious","1100","image-031","1822.png","damaged_obvious_001100.png","dataset_images/damaged_obvious/damaged_obvious_001100.png","cb2f9ebc85c6faf33d360948632e1c08e48de9453f6fb26876834836202d5f3a","1682","1299","indoor_scene","RGB","existing_damage","train","real_damaged","托马斯·查尔德中国摄影集（Lothar Lehmann 藏）","","","","dust","1","texture_catalog_match_v1+source_attribute_v1","dust","{""crack"": 0.0362, ""dust"": 0.1017, ""fold"": 0.1149, ""missing_region"": 0.0875, ""mold"": 0.0918, ""scratch"": 0.0825, ""stain"": 0.1022, ""tear"": 0.117}","{""dust"": [""079.jpg"", ""220.jpg"", ""019.jpg""]}","0","0","0","1","0","0","0","0","0","0","0","0","0","0","cb2f9ebc85c6faf33d360948632e1c08e48de9453f6fb26876834836202d5f3a","2786070","png"
"1693","damaged_obvious_001101","damaged_obvious","1101","image-032","1823.png","damaged_obvious_001101.png","dataset_images/damaged_obvious/damaged_obvious_001101.png","ce640deca4054d1bc2d8b5e39e3f68c4eb653b8d5a8de75f4ef07dbfd62b2c1f","1231","977","outdoor_scene","RGB","existing_damage","train","real_damaged","托马斯·查尔德中国摄影集（Lothar Lehmann 藏）","","","","noise","1","texture_catalog_match_v1+source_attribute_v1","","{""crack"": 0.0058, ""dust"": 0.0097, ""fold"": 0.0394, ""missing_region"": 0.0441, ""mold"": 0.0861, ""scratch"": 0.0199, ""stain"": 0.0951, ""tear"": 0.1502}","{}","0","0","0","0","0","0","0","0","0","0","0","1","0","0","ce640deca4054d1bc2d8b5e39e3f68c4eb653b8d5a8de75f4ef07dbfd62b2c1f","1887876","png"
"1697","damaged_obvious_001102","damaged_obvious","1102","image-036","1827.png","damaged_obvious_001102.png","dataset_images/damaged_obvious/damaged_obvious_001102.png","9493f2c2c0410b1ff06ee0398976546b0debd659e8839eb58c487dd6272ea679","1217","987","group_portrait","RGB","existing_damage","validation","real_damaged","托马斯·查尔德中国摄影集（Lothar Lehmann 藏）","","","","noise","1","texture_catalog_match_v1+source_attribute_v1","","{""crack"": 0.0032, ""dust"": 0.0116, ""fold"": 0.0269, ""missing_region"": 0.0338, ""mold"": 0.0403, ""scratch"": 0.0164, ""stain"": 0.0583, ""tear"": 0.0467}","{}","0","0","0","0","0","0","0","0","0","0","0","1","0","0","9493f2c2c0410b1ff06ee0398976546b0debd659e8839eb58c487dd6272ea679","1731633","png"
"1701","damaged_obvious_001103","damaged_obvious","1103","image-040","1831.png","damaged_obvious_001103.png","dataset_images/damaged_obvious/damaged_obvious_001103.png","89aa78f65351bb777db8d87ff5213f8bd394438f22ae14d7e531ca163fc6104c","1232","998","group_portrait","RGB","existing_damage","train","real_damaged","托马斯·查尔德中国摄影集（Lothar Lehmann 藏）","","","","noise","1","texture_catalog_match_v1+source_attribute_v1","","{""crack"": 0.0034, ""dust"": 0.0085, ""fold"": 0.0331, ""missing_region"": 0.0235, ""mold"": 0.0306, ""scratch"": 0.012, ""stain"": 0.0454, ""tear"": 0.0522}","{}","0","0","0","0","0","0","0","0","0","0","0","1","0","0","89aa78f65351bb777db8d87ff5213f8bd394438f22ae14d7e531ca163fc6104c","1735027","png"
"1703","damaged_obvious_001104","damaged_obvious","1104","image-042","1833.png","damaged_obvious_001104.png","dataset_images/damaged_obvious/damaged_obvious_001104.png","0d1731d0aa217ad887f99c6ad3e0d985f6c54dbede05129a1d837ea9f5347497","1270","1024","group_portrait","RGB","existing_damage","train","real_damaged","托马斯·查尔德中国摄影集（Lothar Lehmann 藏）","","","","fold|stain","2","texture_catalog_match_v1+source_attribute_v1","fold|stain","{""crack"": 0.0088, ""dust"": 0.0349, ""fold"": 0.1778, ""missing_region"": 0.0559, ""mold"": 0.1598, ""scratch"": 0.0372, ""stain"": 0.1939, ""tear"": 0.1047}","{""fold"": [""123.jpg"", ""032.jpg"", ""126.jpg""], ""stain"": [""134.jpg"", ""096.jpg"", ""063.jpg""]}","0","0","1","0","1","0","0","0","0","0","0","0","0","0","0d1731d0aa217ad887f99c6ad3e0d985f6c54dbede05129a1d837ea9f5347497","2671260","png"
"1706","damaged_obvious_001105","damaged_obvious","1105","image-045","1836.png","damaged_obvious_001105.png","dataset_images/damaged_obvious/damaged_obvious_001105.png","771624feb7bcbd43519adefdb2677579c43c8d32af51da6c059bba2d651b3258","1689","1305","group_portrait","RGB","existing_damage","train","real_damaged","托马斯·查尔德中国摄影集（Lothar Lehmann 藏）","","","","noise","1","texture_catalog_match_v1+source_attribute_v1","","{""crack"": 0.0033, ""dust"": 0.0093, ""fold"": 0.0191, ""missing_region"": 0.0177, ""mold"": 0.0271, ""scratch"": 0.0091, ""stain"": 0.0334, ""tear"": 0.0364}","{}","0","0","0","0","0","0","0","0","0","0","0","1","0","0","771624feb7bcbd43519adefdb2677579c43c8d32af51da6c059bba2d651b3258","2949889","png"
"1710","damaged_obvious_001106","damaged_obvious","1106","image-049","1840.png","damaged_obvious_001106.png","dataset_images/damaged_obvious/damaged_obvious_001106.png","282b908bc08ea1456d8060e22e99540b02c4855de64cada14a1a904dbeb17ac4","981","1190","single_portrait","RGB","existing_damage","train","real_damaged","托马斯·查尔德中国摄影集（Lothar Lehmann 藏）","","","","uneven_exposure","1","texture_catalog_match_v1+source_attribute_v1","","{""crack"": 0.0099, ""dust"": 0.0304, ""fold"": 0.064, ""missing_region"": 0.0521, ""mold"": 0.0716, ""scratch"": 0.0228, ""stain"": 0.0787, ""tear"": 0.054}","{}","0","0","0","0","0","0","0","0","0","0","0","0","0","1","282b908bc08ea1456d8060e22e99540b02c4855de64cada14a1a904dbeb17ac4","1331234","png"
"1712","damaged_obvious_001107","damaged_obvious","1107","image-051","1842.png","damaged_obvious_001107.png","dataset_images/damaged_obvious/damaged_obvious_001107.png","4228db8c5f851e2b837132fd8f235336047c3dac2814fcfd5df477a1a01d3535","1533","1215","outdoor_scene","RGB","existing_damage","train","real_damaged","托马斯·查尔德中国摄影集（Lothar Lehmann 藏）","","","","stain","1","texture_catalog_match_v1+source_attribute_v1","stain","{""crack"": 0.0183, ""dust"": 0.0354, ""fold"": 0.0944, ""missing_region"": 0.0632, ""mold"": 0.1073, ""scratch"": 0.0237, ""stain"": 0.2004, ""tear"": 0.1748}","{""stain"": [""229.jpg"", ""096.jpg"", ""134.jpg""]}","0","0","0","0","1","0","0","0","0","0","0","0","0","0","4228db8c5f851e2b837132fd8f235336047c3dac2814fcfd5df477a1a01d3535","2145811","png"
"1714","damaged_obvious_001108","damaged_obvious","1108","image-053","1844.png","damaged_obvious_001108.png","dataset_images/damaged_obvious/damaged_obvious_001108.png","ab0e4091dfa8acbbc365a65be0b5569053a98a479c4ab22a3c7331aceadd84f2","1522","1075","outdoor_scene","RGB","existing_damage","train","real_damaged","托马斯·查尔德中国摄影集（Lothar Lehmann 藏）","","","","fold","1","texture_catalog_match_v1+source_attribute_v1","fold","{""crack"": 0.0103, ""dust"": 0.0447, ""fold"": 0.2263, ""missing_region"": 0.0558, ""mold"": 0.1165, ""scratch"": 0.0414, ""stain"": 0.11, ""tear"": 0.1108}","{""fold"": [""123.jpg"", ""175.jpg"", ""032.jpg""]}","0","0","1","0","0","0","0","0","0","0","0","0","0","0","ab0e4091dfa8acbbc365a65be0b5569053a98a479c4ab22a3c7331aceadd84f2","2653691","png"
"1719","damaged_obvious_001109","damaged_obvious","1109","image-058","1849.png","damaged_obvious_001109.png","dataset_images/damaged_obvious/damaged_obvious_001109.png","54604f78fdc6b4b9e0a1a17fd06402b58c644edde98beafe7d3e9de885884d15","1406","1120","outdoor_scene","RGB","existing_damage","test","real_damaged","托马斯·查尔德中国摄影集（Lothar Lehmann 藏）","","","","blur","1","texture_catalog_match_v1+source_attribute_v1","","{""crack"": 0.0267, ""dust"": 0.0348, ""fold"": 0.0761, ""missing_region"": 0.0301, ""mold"": 0.07, ""scratch"": 0.0316, ""stain"": 0.08, ""tear"": 0.1256}","{}","0","0","0","0","0","0","0","0","0","0","1","0","0","0","54604f78fdc6b4b9e0a1a17fd06402b58c644edde98beafe7d3e9de885884d15","1797092","png"
"1722","damaged_obvious_001110","damaged_obvious","1110","image-061","1852.png","damaged_obvious_001110.png","dataset_images/damaged_obvious/damaged_obvious_001110.png","cd60e7bf68c1a134a88cb15a0ccb32796a13bbf5c91391629ad2c7180fd77225","1636","1298","architecture","RGB","existing_damage","train","real_damaged","托马斯·查尔德中国摄影集（Lothar Lehmann 藏）","","","","blur","1","texture_catalog_match_v1+source_attribute_v1","","{""crack"": 0.0288, ""dust"": 0.0293, ""fold"": 0.0518, ""missing_region"": 0.0286, ""mold"": 0.0642, ""scratch"": 0.0301, ""stain"": 0.0641, ""tear"": 0.0792}","{}","0","0","0","0","0","0","0","0","0","0","1","0","0","0","cd60e7bf68c1a134a88cb15a0ccb32796a13bbf5c91391629ad2c7180fd77225","2110381","png"
"1729","damaged_obvious_001111","damaged_obvious","1111","image-068","1859.png","damaged_obvious_001111.png","dataset_images/damaged_obvious/damaged_obvious_001111.png","ab0ce92eb1fa993c560af43eee632ce62fff281d5564ec01e14d7f9921b0ba76","1582","1187","outdoor_scene","RGB","existing_damage","train","real_damaged","托马斯·查尔德中国摄影集（Lothar Lehmann 藏）","","","","fold|uneven_exposure","2","texture_catalog_match_v1+source_attribute_v1","fold","{""crack"": 0.0234, ""dust"": 0.0414, ""fold"": 0.2218, ""missing_region"": 0.0661, ""mold"": 0.1216, ""scratch"": 0.0362, ""stain"": 0.1726, ""tear"": 0.1279}","{""fold"": [""032.jpg"", ""126.jpg"", ""176.jpg""]}","0","0","1","0","0","0","0","0","0","0","0","0","0","1","ab0ce92eb1fa993c560af43eee632ce62fff281d5564ec01e14d7f9921b0ba76","2666216","png"
"1733","damaged_obvious_001112","damaged_obvious","1112","image-072","1863.png","damaged_obvious_001112.png","dataset_images/damaged_obvious/damaged_obvious_001112.png","ed8b29a48c9c279bbc879f0e67c3eb016fea3cd6af71a45bb7d599153a29e040","1376","1118","outdoor_scene","RGB","existing_damage","train","real_damaged","托马斯·查尔德中国摄影集（Lothar Lehmann 藏）","","","","fold|stain","2","texture_catalog_match_v1+source_attribute_v1","fold|stain","{""crack"": 0.0147, ""dust"": 0.0432, ""fold"": 0.1882, ""missing_region"": 0.0591, ""mold"": 0.1129, ""scratch"": 0.0311, ""stain"": 0.2151, ""tear"": 0.0928}","{""fold"": [""089.jpg"", ""032.jpg"", ""176.jpg""], ""stain"": [""134.jpg"", ""229.jpg"", ""063.jpg""]}","0","0","1","0","1","0","0","0","0","0","0","0","0","0","ed8b29a48c9c279bbc879f0e67c3eb016fea3cd6af71a45bb7d599153a29e040","2429556","png"
"1734","damaged_obvious_001113","damaged_obvious","1113","image-073","1864.png","damaged_obvious_001113.png","dataset_images/damaged_obvious/damaged_obvious_001113.png","d9418f791f15702525b7ac47bf14893ccfe49bf1cadbb288f8a63f64b6b89afd","1682","1249","outdoor_scene","RGB","existing_damage","train","real_damaged","托马斯·查尔德中国摄影集（Lothar Lehmann 藏）","","","","stain","1","texture_catalog_match_v1+source_attribute_v1","stain","{""crack"": 0.0187, ""dust"": 0.0415, ""fold"": 0.1404, ""missing_region"": 0.0631, ""mold"": 0.0896, ""scratch"": 0.0333, ""stain"": 0.1795, ""tear"": 0.0795}","{""stain"": [""134.jpg"", ""063.jpg"", ""229.jpg""]}","0","0","0","0","1","0","0","0","0","0","0","0","0","0","d9418f791f15702525b7ac47bf14893ccfe49bf1cadbb288f8a63f64b6b89afd","3292818","png"
"1737","damaged_obvious_001114","damaged_obvious","1114","image-076","1867.png","damaged_obvious_001114.png","dataset_images/damaged_obvious/damaged_obvious_001114.png","4d1640f6ed67881c58b2a1703e38c7b40815a4469a1646dfffbe49b2e35ad2fd","1554","1292","outdoor_scene","RGB","existing_damage","train","real_damaged","托马斯·查尔德中国摄影集（Lothar Lehmann 藏）","","","","blur","1","texture_catalog_match_v1+source_attribute_v1","","{""crack"": 0.027, ""dust"": 0.0304, ""fold"": 0.0606, ""missing_region"": 0.0275, ""mold"": 0.039, ""scratch"": 0.0282, ""stain"": 0.0546, ""tear"": 0.0873}","{}","0","0","0","0","0","0","0","0","0","0","1","0","0","0","4d1640f6ed67881c58b2a1703e38c7b40815a4469a1646dfffbe49b2e35ad2fd","2047329","png"
"1738","damaged_obvious_001115","damaged_obvious","1115","image-077","1868.png","damaged_obvious_001115.png","dataset_images/damaged_obvious/damaged_obvious_001115.png","d00b132c37dec1b91b46f487a0b0e6a6eaf1fc7a48c99046cb6f3a004a37ad61","1624","1243","outdoor_scene","RGB","existing_damage","train","real_damaged","托马斯·查尔德中国摄影集（Lothar Lehmann 藏）","","","","fold|stain","2","texture_catalog_match_v1+source_attribute_v1","fold|stain","{""crack"": 0.0303, ""dust"": 0.0373, ""fold"": 0.157, ""missing_region"": 0.0529, ""mold"": 0.1307, ""scratch"": 0.0372, ""stain"": 0.1944, ""tear"": 0.0972}","{""fold"": [""105.jpg"", ""126.jpg"", ""059.jpg""], ""stain"": [""134.jpg"", ""063.jpg"", ""125.jpg""]}","0","0","1","0","1","0","0","0","0","0","0","0","0","0","d00b132c37dec1b91b46f487a0b0e6a6eaf1fc7a48c99046cb6f3a004a37ad61","2728075","png"
"1739","damaged_obvious_001116","damaged_obvious","1116","image-078","1869.png","damaged_obvious_001116.png","dataset_images/damaged_obvious/damaged_obvious_001116.png","bb27cfef87d73bbd3e131238ab7b8e5998a89d7377b9aa03f2911a2c11d0e25f","1320","1008","outdoor_scene","RGB","existing_damage","test","real_damaged","托马斯·查尔德中国摄影集（Lothar Lehmann 藏）","","","","tear","1","texture_catalog_match_v1+source_attribute_v1","tear","{""crack"": 0.0309, ""dust"": 0.031, ""fold"": 0.1092, ""missing_region"": 0.0536, ""mold"": 0.0792, ""scratch"": 0.0312, ""stain"": 0.0722, ""tear"": 0.2065}","{""tear"": [""191.jpg"", ""128.jpg"", ""158.jpg""]}","0","0","0","0","0","0","1","0","0","0","0","0","0","0","bb27cfef87d73bbd3e131238ab7b8e5998a89d7377b9aa03f2911a2c11d0e25f","1731117","png"
"1741","damaged_obvious_001117","damaged_obvious","1117","image-080","1871.png","damaged_obvious_001117.png","dataset_images/damaged_obvious/damaged_obvious_001117.png","ecd6bc1ae884bc015971168eb023b200386640136bfa257233099f46ec5e457c","1640","1322","outdoor_scene","RGB","existing_damage","train","real_damaged","托马斯·查尔德中国摄影集（Lothar Lehmann 藏）","","","","fold","1","texture_catalog_match_v1+source_attribute_v1","fold","{""crack"": 0.0256, ""dust"": 0.0278, ""fold"": 0.1415, ""missing_region"": 0.0581, ""mold"": 0.1232, ""scratch"": 0.0267, ""stain"": 0.163, ""tear"": 0.1}","{""fold"": [""032.jpg"", ""173.jpg"", ""126.jpg""]}","0","0","1","0","0","0","0","0","0","0","0","0","0","0","ecd6bc1ae884bc015971168eb023b200386640136bfa257233099f46ec5e457c","2854916","png"
"1742","damaged_obvious_001118","damaged_obvious","1118","image-081","1872.png","damaged_obvious_001118.png","dataset_images/damaged_obvious/damaged_obvious_001118.png","f2a91b6f0b4700159b65190658ddb16cdaf9a3aa07115de17bdc95a826fb7685","1549","1273","group_portrait","RGB","existing_damage","train","real_damaged","托马斯·查尔德中国摄影集（Lothar Lehmann 藏）","","","","blur","1","texture_catalog_match_v1+source_attribute_v1","","{""crack"": 0.0281, ""dust"": 0.036, ""fold"": 0.0754, ""missing_region"": 0.0472, ""mold"": 0.1106, ""scratch"": 0.0376, ""stain"": 0.1412, ""tear"": 0.1258}","{}","0","0","0","0","0","0","0","0","0","0","1","0","0","0","f2a91b6f0b4700159b65190658ddb16cdaf9a3aa07115de17bdc95a826fb7685","2197840","png"
"1746","damaged_obvious_001119","damaged_obvious","1119","image-085","1876.png","damaged_obvious_001119.png","dataset_images/damaged_obvious/damaged_obvious_001119.png","0f3676c4c51ed4b70323cc8c718539c663becae0379fe9e532909914c3b86e24","1476","1166","outdoor_scene","RGB","existing_damage","validation","real_damaged","托马斯·查尔德中国摄影集（Lothar Lehmann 藏）","","","","fold","1","texture_catalog_match_v1+source_attribute_v1","fold","{""crack"": 0.0217, ""dust"": 0.0349, ""fold"": 0.1587, ""missing_region"": 0.0661, ""mold"": 0.1452, ""scratch"": 0.0355, ""stain"": 0.1418, ""tear"": 0.1064}","{""fold"": [""126.jpg"", ""175.jpg"", ""032.jpg""]}","0","0","1","0","0","0","0","0","0","0","0","0","0","0","0f3676c4c51ed4b70323cc8c718539c663becae0379fe9e532909914c3b86e24","1810511","png"
"1748","damaged_obvious_001120","damaged_obvious","1120","image-087","1878.png","damaged_obvious_001120.png","dataset_images/damaged_obvious/damaged_obvious_001120.png","18224b745e83c993b89224be4b501967190331fbf8677427dae6ee2754c183ac","1436","1142","outdoor_scene","RGB","existing_damage","validation","real_damaged","托马斯·查尔德中国摄影集（Lothar Lehmann 藏）","","","","fold","1","texture_catalog_match_v1+source_attribute_v1","fold","{""crack"": 0.0306, ""dust"": 0.0388, ""fold"": 0.1918, ""missing_region"": 0.0657, ""mold"": 0.1068, ""scratch"": 0.0373, ""stain"": 0.1514, ""tear"": 0.1165}","{""fold"": [""126.jpg"", ""032.jpg"", ""175.jpg""]}","0","0","1","0","0","0","0","0","0","0","0","0","0","0","18224b745e83c993b89224be4b501967190331fbf8677427dae6ee2754c183ac","1896188","png"
"1750","damaged_obvious_001121","damaged_obvious","1121","image-089","1880.png","damaged_obvious_001121.png","dataset_images/damaged_obvious/damaged_obvious_001121.png","b648132c7d62840daad9ccda9db80ece794870c56d45ef078e295e3094b8dad6","1471","1160","architecture","RGB","existing_damage","train","real_damaged","托马斯·查尔德中国摄影集（Lothar Lehmann 藏）","","","","mold","1","texture_catalog_match_v1+source_attribute_v1","mold","{""crack"": 0.0198, ""dust"": 0.0277, ""fold"": 0.1134, ""missing_region"": 0.0631, ""mold"": 0.1909, ""scratch"": 0.0283, ""stain"": 0.1124, ""tear"": 0.1461}","{""mold"": [""182.jpg"", ""008.jpg"", ""234.jpg""]}","0","0","0","0","0","1","0","0","0","0","0","0","0","0","b648132c7d62840daad9ccda9db80ece794870c56d45ef078e295e3094b8dad6","2639160","png"
"1751","damaged_obvious_001122","damaged_obvious","1122","image-090","1881.png","damaged_obvious_001122.png","dataset_images/damaged_obvious/damaged_obvious_001122.png","4987a93b2927f15c7516e41dcb2854ca484f8134e2e76aba84e994f57c3f4e46","1425","1003","group_portrait","RGB","existing_damage","train","real_damaged","托马斯·查尔德中国摄影集（Lothar Lehmann 藏）","","","","noise","1","texture_catalog_match_v1+source_attribute_v1","","{""crack"": 0.0039, ""dust"": 0.0118, ""fold"": 0.0615, ""missing_region"": 0.0399, ""mold"": 0.0411, ""scratch"": 0.0194, ""stain"": 0.0775, ""tear"": 0.0534}","{}","0","0","0","0","0","0","0","0","0","0","0","1","0","0","4987a93b2927f15c7516e41dcb2854ca484f8134e2e76aba84e994f57c3f4e46","2253127","png"
"1752","damaged_obvious_001123","damaged_obvious","1123","image-091","1882.png","damaged_obvious_001123.png","dataset_images/damaged_obvious/damaged_obvious_001123.png","28fc1f6ee9c727c33b97757e07a11d942962892b7196cdf2dd06f475353f25a6","1521","1151","outdoor_scene","RGB","existing_damage","train","real_damaged","托马斯·查尔德中国摄影集（Lothar Lehmann 藏）","","","","blur","1","texture_catalog_match_v1+source_attribute_v1","","{""crack"": 0.026, ""dust"": 0.0294, ""fold"": 0.0685, ""missing_region"": 0.0263, ""mold"": 0.067, ""scratch"": 0.0291, ""stain"": 0.075, ""tear"": 0.1306}","{}","0","0","0","0","0","0","0","0","0","0","1","0","0","0","28fc1f6ee9c727c33b97757e07a11d942962892b7196cdf2dd06f475353f25a6","1637085","png"
"1760","damaged_obvious_001124","damaged_obvious","1124","image-099","1890.png","damaged_obvious_001124.png","dataset_images/damaged_obvious/damaged_obvious_001124.png","61bafb091d87c4a57925b0dbc37a6cb30593b5a40b4912c4b3f3ada73e1857e1","1329","986","architecture","RGB","existing_damage","train","real_damaged","托马斯·查尔德中国摄影集（Lothar Lehmann 藏）","","","","mold|missing_region","2","texture_catalog_match_v1+source_attribute_v1","missing_region|mold","{""crack"": 0.017, ""dust"": 0.0333, ""fold"": 0.0705, ""missing_region"": 0.1195, ""mold"": 0.1819, ""scratch"": 0.0326, ""stain"": 0.1145, ""tear"": 0.1195}","{""missing_region"": [""051.jpg"", ""170.jpg"", ""201.jpg""], ""mold"": [""182.jpg"", ""008.jpg"", ""062.jpg""]}","0","0","0","0","0","1","0","1","0","0","0","0","0","0","61bafb091d87c4a57925b0dbc37a6cb30593b5a40b4912c4b3f3ada73e1857e1","2157779","png"
"1772","damaged_obvious_001125","damaged_obvious","1125","image-111","1902.png","damaged_obvious_001125.png","dataset_images/damaged_obvious/damaged_obvious_001125.png","3435b2d6dd3d13730e41fe700c72084101b8869a96d11a0dee1546455ffa37a6","1149","1519","architecture","RGB","existing_damage","train","real_damaged","托马斯·查尔德中国摄影集（Lothar Lehmann 藏）","","","","fold","1","texture_catalog_match_v1+source_attribute_v1","fold","{""crack"": 0.0206, ""dust"": 0.0366, ""fold"": 0.1437, ""missing_region"": 0.0633, ""mold"": 0.1143, ""scratch"": 0.0404, ""stain"": 0.1139, ""tear"": 0.1161}","{""fold"": [""123.jpg"", ""126.jpg"", ""032.jpg""]}","0","0","1","0","0","0","0","0","0","0","0","0","0","0","3435b2d6dd3d13730e41fe700c72084101b8869a96d11a0dee1546455ffa37a6","2148939","png"
"1774","damaged_obvious_001126","damaged_obvious","1126","image-113","1904.png","damaged_obvious_001126.png","dataset_images/damaged_obvious/damaged_obvious_001126.png","3fff7f109e0a920e557665ee1b4dc724717007fe0b478ec33ad544317cf6aee9","1431","1161","architecture","RGB","existing_damage","train","real_damaged","托马斯·查尔德中国摄影集（Lothar Lehmann 藏）","","","","uneven_exposure","1","texture_catalog_match_v1+source_attribute_v1","","{""crack"": 0.0233, ""dust"": 0.0301, ""fold"": 0.1085, ""missing_region"": 0.0521, ""mold"": 0.1222, ""scratch"": 0.0302, ""stain"": 0.0947, ""tear"": 0.1019}","{}","0","0","0","0","0","0","0","0","0","0","0","0","0","1","3fff7f109e0a920e557665ee1b4dc724717007fe0b478ec33ad544317cf6aee9","2837645","png"
"1778","damaged_obvious_001127","damaged_obvious","1127","image-117","1908.png","damaged_obvious_001127.png","dataset_images/damaged_obvious/damaged_obvious_001127.png","1f8e7b0855b65dacf94f694ed71856e043819284526dc70ee9cce62518fe4f6c","1487","1159","architecture","RGB","existing_damage","train","real_damaged","托马斯·查尔德中国摄影集（Lothar Lehmann 藏）","","","","fold","1","texture_catalog_match_v1+source_attribute_v1","fold","{""crack"": 0.021, ""dust"": 0.0351, ""fold"": 0.1526, ""missing_region"": 0.0587, ""mold"": 0.1389, ""scratch"": 0.034, ""stain"": 0.1179, ""tear"": 0.1095}","{""fold"": [""248.jpg"", ""123.jpg"", ""089.jpg""]}","0","0","1","0","0","0","0","0","0","0","0","0","0","0","1f8e7b0855b65dacf94f694ed71856e043819284526dc70ee9cce62518fe4f6c","2077091","png"
"1782","damaged_obvious_001128","damaged_obvious","1128","image-121","1912.png","damaged_obvious_001128.png","dataset_images/damaged_obvious/damaged_obvious_001128.png","3df2b703a23f9dbcea187c16c3c2e8bc0b7219110d18dc51de9fb22688d0f7f3","1485","1118","outdoor_scene","RGB","existing_damage","train","real_damaged","托马斯·查尔德中国摄影集（Lothar Lehmann 藏）","","","","fold|stain","2","texture_catalog_match_v1+source_attribute_v1","fold|stain","{""crack"": 0.0124, ""dust"": 0.0458, ""fold"": 0.1965, ""missing_region"": 0.0898, ""mold"": 0.1389, ""scratch"": 0.0326, ""stain"": 0.1914, ""tear"": 0.0898}","{""fold"": [""123.jpg"", ""175.jpg"", ""032.jpg""], ""stain"": [""134.jpg"", ""096.jpg"", ""063.jpg""]}","0","0","1","0","1","0","0","0","0","0","0","0","0","0","3df2b703a23f9dbcea187c16c3c2e8bc0b7219110d18dc51de9fb22688d0f7f3","2553716","png"
"1784","damaged_obvious_001129","damaged_obvious","1129","image-123","1914.png","damaged_obvious_001129.png","dataset_images/damaged_obvious/damaged_obvious_001129.png","c0c4e601baa08e070c6bfa4a991bfacffbd6e8846fb2a6635dcda72822773dfc","1529","1158","architecture","RGB","existing_damage","validation","real_damaged","托马斯·查尔德中国摄影集（Lothar Lehmann 藏）","","","","uneven_exposure","1","texture_catalog_match_v1+source_attribute_v1","","{""crack"": 0.0267, ""dust"": 0.0293, ""fold"": 0.0561, ""missing_region"": 0.0389, ""mold"": 0.0721, ""scratch"": 0.0288, ""stain"": 0.0761, ""tear"": 0.0894}","{}","0","0","0","0","0","0","0","0","0","0","0","0","0","1","c0c4e601baa08e070c6bfa4a991bfacffbd6e8846fb2a6635dcda72822773dfc","2138344","png"
"1786","damaged_obvious_001130","damaged_obvious","1130","image-125","1916.png","damaged_obvious_001130.png","dataset_images/damaged_obvious/damaged_obvious_001130.png","b2ffa5cdc1dc58044a9123f6769f6e905a558a07ac92aeb73da5de72e8515e4c","1498","1162","architecture","RGB","existing_damage","train","real_damaged","托马斯·查尔德中国摄影集（Lothar Lehmann 藏）","","","","uneven_exposure","1","texture_catalog_match_v1+source_attribute_v1","","{""crack"": 0.0203, ""dust"": 0.0204, ""fold"": 0.0421, ""missing_region"": 0.0449, ""mold"": 0.0768, ""scratch"": 0.0252, ""stain"": 0.0534, ""tear"": 0.0906}","{}","0","0","0","0","0","0","0","0","0","0","0","0","0","1","b2ffa5cdc1dc58044a9123f6769f6e905a558a07ac92aeb73da5de72e8515e4c","2505224","png"
"1787","damaged_obvious_001131","damaged_obvious","1131","image-126","1917.png","damaged_obvious_001131.png","dataset_images/damaged_obvious/damaged_obvious_001131.png","71fc685bc07a8c5da60b5898c66da53562009ce314af320e0c50343f6bf7954d","1152","1473","architecture","RGB","existing_damage","train","real_damaged","托马斯·查尔德中国摄影集（Lothar Lehmann 藏）","","","","uneven_exposure","1","texture_catalog_match_v1+source_attribute_v1","","{""crack"": 0.0244, ""dust"": 0.033, ""fold"": 0.1122, ""missing_region"": 0.0443, ""mold"": 0.0823, ""scratch"": 0.0338, ""stain"": 0.1084, ""tear"": 0.1481}","{}","0","0","0","0","0","0","0","0","0","0","0","0","0","1","71fc685bc07a8c5da60b5898c66da53562009ce314af320e0c50343f6bf7954d","2363304","png"
"1790","damaged_obvious_001132","damaged_obvious","1132","image-129","1920.png","damaged_obvious_001132.png","dataset_images/damaged_obvious/damaged_obvious_001132.png","0328bed8e37c191907e44acc32375494af5430a0faeb44f884ebb3024f6f8901","1523","1170","architecture","RGB","existing_damage","train","real_damaged","托马斯·查尔德中国摄影集（Lothar Lehmann 藏）","","","","stain","1","texture_catalog_match_v1+source_attribute_v1","stain","{""crack"": 0.018, ""dust"": 0.0381, ""fold"": 0.1374, ""missing_region"": 0.0772, ""mold"": 0.1531, ""scratch"": 0.0356, ""stain"": 0.2298, ""tear"": 0.0953}","{""stain"": [""134.jpg"", ""229.jpg"", ""096.jpg""]}","0","0","0","0","1","0","0","0","0","0","0","0","0","0","0328bed8e37c191907e44acc32375494af5430a0faeb44f884ebb3024f6f8901","2239870","png"
"1791","damaged_obvious_001133","damaged_obvious","1133","image-130","1921.png","damaged_obvious_001133.png","dataset_images/damaged_obvious/damaged_obvious_001133.png","62d656dd098df17d6213f3dbe69e083c5f28f33b66651204ed057a9adb680641","1507","1188","architecture","RGB","existing_damage","train","real_damaged","托马斯·查尔德中国摄影集（Lothar Lehmann 藏）","","","","mold","1","texture_catalog_match_v1+source_attribute_v1","mold","{""crack"": 0.0228, ""dust"": 0.0341, ""fold"": 0.1077, ""missing_region"": 0.0752, ""mold"": 0.192, ""scratch"": 0.0291, ""stain"": 0.1321, ""tear"": 0.0907}","{""mold"": [""182.jpg"", ""008.jpg"", ""121.jpg""]}","0","0","0","0","0","1","0","0","0","0","0","0","0","0","62d656dd098df17d6213f3dbe69e083c5f28f33b66651204ed057a9adb680641","2984174","png"
"1794","damaged_obvious_001134","damaged_obvious","1134","image-133","1924.png","damaged_obvious_001134.png","dataset_images/damaged_obvious/damaged_obvious_001134.png","54d3ae704131b80e4b08ec0a519a7b0a6da561879ce9f0e00532acc0c24c8bfb","1523","1156","architecture","RGB","existing_damage","train","real_damaged","托马斯·查尔德中国摄影集（Lothar Lehmann 藏）","","","","stain","1","texture_catalog_match_v1+source_attribute_v1","stain","{""crack"": 0.02, ""dust"": 0.0307, ""fold"": 0.1378, ""missing_region"": 0.0692, ""mold"": 0.0998, ""scratch"": 0.0338, ""stain"": 0.2013, ""tear"": 0.1263}","{""stain"": [""134.jpg"", ""229.jpg"", ""074.jpg""]}","0","0","0","0","1","0","0","0","0","0","0","0","0","0","54d3ae704131b80e4b08ec0a519a7b0a6da561879ce9f0e00532acc0c24c8bfb","2059396","png"
"1795","damaged_obvious_001135","damaged_obvious","1135","image-134","1925.png","damaged_obvious_001135.png","dataset_images/damaged_obvious/damaged_obvious_001135.png","c554c200dc03d190445a8998ba6066698a328f47d7e7de5e44a5a2f9a6456384","1166","1480","architecture","RGB","existing_damage","train","real_damaged","托马斯·查尔德中国摄影集（Lothar Lehmann 藏）","","","","noise","1","texture_catalog_match_v1+source_attribute_v1","","{""crack"": 0.0101, ""dust"": 0.0223, ""fold"": 0.0456, ""missing_region"": 0.0575, ""mold"": 0.0676, ""scratch"": 0.0234, ""stain"": 0.097, ""tear"": 0.0699}","{}","0","0","0","0","0","0","0","0","0","0","0","1","0","0","c554c200dc03d190445a8998ba6066698a328f47d7e7de5e44a5a2f9a6456384","3303647","png"
"1796","damaged_obvious_001136","damaged_obvious","1136","image-135","1926.png","damaged_obvious_001136.png","dataset_images/damaged_obvious/damaged_obvious_001136.png","b326f58a99c91b1918f56447504a1671687c2d94d9df3fcbcca8951ac14897fa","1526","1079","other","RGB","existing_damage","test","real_damaged","托马斯·查尔德中国摄影集（Lothar Lehmann 藏）","","","","noise","1","texture_catalog_match_v1+source_attribute_v1","","{""crack"": 0.005, ""dust"": 0.0219, ""fold"": 0.0646, ""missing_region"": 0.063, ""mold"": 0.0985, ""scratch"": 0.0309, ""stain"": 0.103, ""tear"": 0.084}","{}","0","0","0","0","0","0","0","0","0","0","0","1","0","0","b326f58a99c91b1918f56447504a1671687c2d94d9df3fcbcca8951ac14897fa","3062271","png"
"1797","damaged_obvious_001137","damaged_obvious","1137","image-136","1927.png","damaged_obvious_001137.png","dataset_images/damaged_obvious/damaged_obvious_001137.png","5aed63da987c234fe423f2a85e24afe8ae5479e534b3c264200f474e9e374ad6","1168","1482","architecture","RGB","existing_damage","train","real_damaged","托马斯·查尔德中国摄影集（Lothar Lehmann 藏）","","","","fold","1","texture_catalog_match_v1+source_attribute_v1","fold","{""crack"": 0.0097, ""dust"": 0.0449, ""fold"": 0.259, ""missing_region"": 0.102, ""mold"": 0.1339, ""scratch"": 0.0377, ""stain"": 0.1763, ""tear"": 0.1106}","{""fold"": [""123.jpg"", ""032.jpg"", ""126.jpg""]}","0","0","1","0","0","0","0","0","0","0","0","0","0","0","5aed63da987c234fe423f2a85e24afe8ae5479e534b3c264200f474e9e374ad6","3162205","png"
"1819","damaged_obvious_001138","damaged_obvious","1138","image-159","1949.png","damaged_obvious_001138.png","dataset_images/damaged_obvious/damaged_obvious_001138.png","5dcb7a543a9b9911cb943a72ca20f653014c4e8ebdc2740f6d0ccad35838bdc1","1514","1150","outdoor_scene","RGB","existing_damage","train","real_damaged","托马斯·查尔德中国摄影集（Lothar Lehmann 藏）","","","","fold","1","texture_catalog_match_v1+source_attribute_v1","fold","{""crack"": 0.0131, ""dust"": 0.0319, ""fold"": 0.1631, ""missing_region"": 0.0734, ""mold"": 0.1299, ""scratch"": 0.0391, ""stain"": 0.1012, ""tear"": 0.1165}","{""fold"": [""123.jpg"", ""248.jpg"", ""032.jpg""]}","0","0","1","0","0","0","0","0","0","0","0","0","0","0","5dcb7a543a9b9911cb943a72ca20f653014c4e8ebdc2740f6d0ccad35838bdc1","1822030","png"
"1824","damaged_obvious_001139","damaged_obvious","1139","image-164","1954.png","damaged_obvious_001139.png","dataset_images/damaged_obvious/damaged_obvious_001139.png","8d72d9786b35dc0de0d3aeddd245c9cf8fc5a932b7b35083480ca1f8a851164b","1453","1157","outdoor_scene","RGB","existing_damage","validation","real_damaged","托马斯·查尔德中国摄影集（Lothar Lehmann 藏）","","","","fold","1","texture_catalog_match_v1+source_attribute_v1","fold","{""crack"": 0.0262, ""dust"": 0.0393, ""fold"": 0.1814, ""missing_region"": 0.0917, ""mold"": 0.1549, ""scratch"": 0.0351, ""stain"": 0.133, ""tear"": 0.0917}","{""fold"": [""032.jpg"", ""126.jpg"", ""089.jpg""]}","0","0","1","0","0","0","0","0","0","0","0","0","0","0","8d72d9786b35dc0de0d3aeddd245c9cf8fc5a932b7b35083480ca1f8a851164b","2013651","png"
"1828","damaged_obvious_001140","damaged_obvious","1140","image-168","1958.png","damaged_obvious_001140.png","dataset_images/damaged_obvious/damaged_obvious_001140.png","026963cbe533cf0ff476ffb49bca188959e6f0a619d876ecdd0d63b4bb2d49b2","1479","1146","outdoor_scene","RGB","existing_damage","train","real_damaged","托马斯·查尔德中国摄影集（Lothar Lehmann 藏）","","","","blur","1","texture_catalog_match_v1+source_attribute_v1","","{""crack"": 0.0246, ""dust"": 0.0392, ""fold"": 0.1069, ""missing_region"": 0.0368, ""mold"": 0.0938, ""scratch"": 0.0371, ""stain"": 0.1069, ""tear"": 0.1253}","{}","0","0","0","0","0","0","0","0","0","0","1","0","0","0","026963cbe533cf0ff476ffb49bca188959e6f0a619d876ecdd0d63b4bb2d49b2","1664176","png"
"1829","damaged_obvious_001141","damaged_obvious","1141","image-169","1959.png","damaged_obvious_001141.png","dataset_images/damaged_obvious/damaged_obvious_001141.png","6f31ddc8538ba2622fd9dfda93ce30910a2c475f6ae599d2de66229b907133a9","1479","1168","architecture","RGB","existing_damage","test","real_damaged","托马斯·查尔德中国摄影集（Lothar Lehmann 藏）","","","","fold","1","texture_catalog_match_v1+source_attribute_v1","fold","{""crack"": 0.023, ""dust"": 0.0361, ""fold"": 0.1668, ""missing_region"": 0.0578, ""mold"": 0.1368, ""scratch"": 0.0347, ""stain"": 0.1324, ""tear"": 0.1047}","{""fold"": [""123.jpg"", ""126.jpg"", ""248.jpg""]}","0","0","1","0","0","0","0","0","0","0","0","0","0","0","6f31ddc8538ba2622fd9dfda93ce30910a2c475f6ae599d2de66229b907133a9","2002148","png"
"1831","damaged_obvious_001142","damaged_obvious","1142","image-171","1961.png","damaged_obvious_001142.png","dataset_images/damaged_obvious/damaged_obvious_001142.png","e8abe51bf1c0f47f024f7908e31e23ef1d226f8a3ac2bb8ad3f319cd405441ce","1150","1422","group_portrait","RGB","existing_damage","train","real_damaged","托马斯·查尔德中国摄影集（Lothar Lehmann 藏）","","","","blur","1","texture_catalog_match_v1+source_attribute_v1","","{""crack"": 0.0259, ""dust"": 0.0361, ""fold"": 0.0789, ""missing_region"": 0.0395, ""mold"": 0.0839, ""scratch"": 0.031, ""stain"": 0.1019, ""tear"": 0.1318}","{}","0","0","0","0","0","0","0","0","0","0","1","0","0","0","e8abe51bf1c0f47f024f7908e31e23ef1d226f8a3ac2bb8ad3f319cd405441ce","1594926","png"
"1832","damaged_obvious_001143","damaged_obvious","1143","image-172","1962.png","damaged_obvious_001143.png","dataset_images/damaged_obvious/damaged_obvious_001143.png","8cd705bbb4b9ec0047ce509b6e737e86d5050f5f6079f0f7d480818074303537","1060","1284","group_portrait","RGB","existing_damage","train","real_damaged","托马斯·查尔德中国摄影集（Lothar Lehmann 藏）","","","","fold","1","texture_catalog_match_v1+source_attribute_v1","fold","{""crack"": 0.0284, ""dust"": 0.0349, ""fold"": 0.1565, ""missing_region"": 0.0447, ""mold"": 0.0805, ""scratch"": 0.0332, ""stain"": 0.1047, ""tear"": 0.129}","{""fold"": [""175.jpg"", ""032.jpg"", ""126.jpg""]}","0","0","1","0","0","0","0","0","0","0","0","0","0","0","8cd705bbb4b9ec0047ce509b6e737e86d5050f5f6079f0f7d480818074303537","1441106","png"
"1834","damaged_obvious_001144","damaged_obvious","1144","image-174","1964.png","damaged_obvious_001144.png","dataset_images/damaged_obvious/damaged_obvious_001144.png","82c76e7c2f7765d97156f701514613e3b83d55ac104d9cc76dd2a62896e86383","1467","1037","architecture","RGB","existing_damage","test","real_damaged","托马斯·查尔德中国摄影集（Lothar Lehmann 藏）","","","","color_cast|blur","2","texture_catalog_match_v1+source_attribute_v1","","{""crack"": 0.0303, ""dust"": 0.0421, ""fold"": 0.1121, ""missing_region"": 0.045, ""mold"": 0.1131, ""scratch"": 0.0373, ""stain"": 0.1425, ""tear"": 0.1425}","{}","0","0","0","0","0","0","0","0","0","1","1","0","0","0","82c76e7c2f7765d97156f701514613e3b83d55ac104d9cc76dd2a62896e86383","1556903","png"
"1837","damaged_obvious_001145","damaged_obvious","1145","image-177","1967.png","damaged_obvious_001145.png","dataset_images/damaged_obvious/damaged_obvious_001145.png","e7f85db381e4ad1729fcd9394d2249ae8c243cd7352bdee4f962d352c963fd38","1513","1196","group_portrait","RGB","existing_damage","train","real_damaged","托马斯·查尔德中国摄影集（Lothar Lehmann 藏）","","","","color_cast","1","texture_catalog_match_v1+source_attribute_v1","","{""crack"": 0.0292, ""dust"": 0.039, ""fold"": 0.0901, ""missing_region"": 0.0523, ""mold"": 0.0799, ""scratch"": 0.0336, ""stain"": 0.1154, ""tear"": 0.1069}","{}","0","0","0","0","0","0","0","0","0","1","0","0","0","0","e7f85db381e4ad1729fcd9394d2249ae8c243cd7352bdee4f962d352c963fd38","2192031","png"
"1838","damaged_obvious_001146","damaged_obvious","1146","image-178","1968.png","damaged_obvious_001146.png","dataset_images/damaged_obvious/damaged_obvious_001146.png","e4dfb7725f1e6abed01ca87698a4a8ea61ac192c6394dbd36c0e48eb641e5eeb","1491","1153","architecture","RGB","existing_damage","train","real_damaged","托马斯·查尔德中国摄影集（Lothar Lehmann 藏）","","","","stain","1","texture_catalog_match_v1+source_attribute_v1","stain","{""crack"": 0.0295, ""dust"": 0.0418, ""fold"": 0.1239, ""missing_region"": 0.0546, ""mold"": 0.1356, ""scratch"": 0.0417, ""stain"": 0.2262, ""tear"": 0.1651}","{""stain"": [""134.jpg"", ""098.jpg"", ""229.jpg""]}","0","0","0","0","1","0","0","0","0","0","0","0","0","0","e4dfb7725f1e6abed01ca87698a4a8ea61ac192c6394dbd36c0e48eb641e5eeb","1885271","png"
"1844","damaged_obvious_001147","damaged_obvious","1147","image-184","1974.png","damaged_obvious_001147.png","dataset_images/damaged_obvious/damaged_obvious_001147.png","48f2d487144b4fbd20e91eb9ce185f12d4c842a27bafd37f0e5cc31ea9c0e72b","1483","1186","architecture","RGB","existing_damage","train","real_damaged","托马斯·查尔德中国摄影集（Lothar Lehmann 藏）","","","","uneven_exposure","1","texture_catalog_match_v1+source_attribute_v1","","{""crack"": 0.0229, ""dust"": 0.0221, ""fold"": 0.0648, ""missing_region"": 0.0411, ""mold"": 0.1017, ""scratch"": 0.0216, ""stain"": 0.0907, ""tear"": 0.072}","{}","0","0","0","0","0","0","0","0","0","0","0","0","0","1","48f2d487144b4fbd20e91eb9ce185f12d4c842a27bafd37f0e5cc31ea9c0e72b","2234037","png"
"1845","damaged_obvious_001148","damaged_obvious","1148","image-185","1975.png","damaged_obvious_001148.png","dataset_images/damaged_obvious/damaged_obvious_001148.png","792fa5a6a8e72a0f350dbc27e46bc103f16b78b564f4356410deec2cb62cc831","1493","1156","outdoor_scene","RGB","existing_damage","train","real_damaged","托马斯·查尔德中国摄影集（Lothar Lehmann 藏）","","","","blur","1","texture_catalog_match_v1+source_attribute_v1","","{""crack"": 0.0231, ""dust"": 0.0334, ""fold"": 0.091, ""missing_region"": 0.0462, ""mold"": 0.0992, ""scratch"": 0.0304, ""stain"": 0.1387, ""tear"": 0.1464}","{}","0","0","0","0","0","0","0","0","0","0","1","0","0","0","792fa5a6a8e72a0f350dbc27e46bc103f16b78b564f4356410deec2cb62cc831","1787216","png"
"1851","damaged_obvious_001149","damaged_obvious","1149","image-191","1981.png","damaged_obvious_001149.png","dataset_images/damaged_obvious/damaged_obvious_001149.png","644e01e1395e9732e793cea5f06172d67c0e3cbdbcc431c7ee409ff903bd5238","1494","1113","outdoor_scene","RGB","existing_damage","train","real_damaged","托马斯·查尔德中国摄影集（Lothar Lehmann 藏）","","","","blur","1","texture_catalog_match_v1+source_attribute_v1","","{""crack"": 0.0303, ""dust"": 0.0343, ""fold"": 0.0597, ""missing_region"": 0.0313, ""mold"": 0.0732, ""scratch"": 0.0309, ""stain"": 0.0828, ""tear"": 0.0865}","{}","0","0","0","0","0","0","0","0","0","0","1","0","0","0","644e01e1395e9732e793cea5f06172d67c0e3cbdbcc431c7ee409ff903bd5238","1482029","png"
"1852","damaged_obvious_001150","damaged_obvious","1150","image-192","1982.png","damaged_obvious_001150.png","dataset_images/damaged_obvious/damaged_obvious_001150.png","9769cd2c7a088849a5a0764ae78f155f1732ff3a325bf677c5db58a6519b1e1a","1317","981","group_portrait","RGB","existing_damage","train","real_damaged","托马斯·查尔德中国摄影集（Lothar Lehmann 藏）","","","","stain","1","texture_catalog_match_v1+source_attribute_v1","stain","{""crack"": 0.0209, ""dust"": 0.04, ""fold"": 0.1328, ""missing_region"": 0.0579, ""mold"": 0.1335, ""scratch"": 0.0361, ""stain"": 0.2121, ""tear"": 0.1018}","{""stain"": [""063.jpg"", ""134.jpg"", ""229.jpg""]}","0","0","0","0","1","0","0","0","0","0","0","0","0","0","9769cd2c7a088849a5a0764ae78f155f1732ff3a325bf677c5db58a6519b1e1a","1178546","png"
"1854","damaged_obvious_001151","damaged_obvious","1151","image-194","1984.png","damaged_obvious_001151.png","dataset_images/damaged_obvious/damaged_obvious_001151.png","0e8349fdb92bd7e6487ef5ac3e325d49da6276d8d4f246b62f9e70b481f64326","1538","1165","architecture","RGB","existing_damage","train","real_damaged","托马斯·查尔德中国摄影集（Lothar Lehmann 藏）","","","","fold","1","texture_catalog_match_v1+source_attribute_v1","fold","{""crack"": 0.0179, ""dust"": 0.0427, ""fold"": 0.2035, ""missing_region"": 0.0655, ""mold"": 0.1245, ""scratch"": 0.043, ""stain"": 0.1278, ""tear"": 0.1135}","{""fold"": [""175.jpg"", ""126.jpg"", ""032.jpg""]}","0","0","1","0","0","0","0","0","0","0","0","0","0","0","0e8349fdb92bd7e6487ef5ac3e325d49da6276d8d4f246b62f9e70b481f64326","2342036","png"
"1857","damaged_obvious_001152","damaged_obvious","1152","image-197","1987.png","damaged_obvious_001152.png","dataset_images/damaged_obvious/damaged_obvious_001152.png","364848f505179a7e3f26a887e8369d5b81b584d618790b8a4de36b5d9df8d37e","1517","1070","architecture","RGB","existing_damage","train","real_damaged","托马斯·查尔德中国摄影集（Lothar Lehmann 藏）","","","","stain","1","texture_catalog_match_v1+source_attribute_v1","stain","{""crack"": 0.032, ""dust"": 0.0325, ""fold"": 0.1091, ""missing_region"": 0.069, ""mold"": 0.125, ""scratch"": 0.0316, ""stain"": 0.2025, ""tear"": 0.1474}","{""stain"": [""074.jpg"", ""125.jpg"", ""134.jpg""]}","0","0","0","0","1","0","0","0","0","0","0","0","0","0","364848f505179a7e3f26a887e8369d5b81b584d618790b8a4de36b5d9df8d37e","2302528","png"
"1864","damaged_obvious_001153","damaged_obvious","1153","image-204","1994.png","damaged_obvious_001153.png","dataset_images/damaged_obvious/damaged_obvious_001153.png","9e8d60cdf9930065930177b4fbfc0de3c3170f4a65769d0a8dbea9e3ea3d3bf1","1454","1181","outdoor_scene","RGB","existing_damage","train","real_damaged","托马斯·查尔德中国摄影集（Lothar Lehmann 藏）","","","","fold|stain","2","texture_catalog_match_v1+source_attribute_v1","fold|stain","{""crack"": 0.0193, ""dust"": 0.0427, ""fold"": 0.2479, ""missing_region"": 0.0662, ""mold"": 0.1552, ""scratch"": 0.0367, ""stain"": 0.2166, ""tear"": 0.1115}","{""fold"": [""123.jpg"", ""032.jpg"", ""126.jpg""], ""stain"": [""074.jpg"", ""134.jpg"", ""063.jpg""]}","0","0","1","0","1","0","0","0","0","0","0","0","0","0","9e8d60cdf9930065930177b4fbfc0de3c3170f4a65769d0a8dbea9e3ea3d3bf1","2064545","png"
"1866","damaged_obvious_001154","damaged_obvious","1154","image-206","1996.png","damaged_obvious_001154.png","dataset_images/damaged_obvious/damaged_obvious_001154.png","bd3b3594a0486be6a8e7a365bc70786c897eb4b6fd58577c53d2086422289657","1484","1173","outdoor_scene","RGB","existing_damage","train","real_damaged","托马斯·查尔德中国摄影集（Lothar Lehmann 藏）","","","","fold|stain","2","texture_catalog_match_v1+source_attribute_v1","fold|stain","{""crack"": 0.03, ""dust"": 0.0394, ""fold"": 0.1647, ""missing_region"": 0.0547, ""mold"": 0.1562, ""scratch"": 0.0338, ""stain"": 0.2084, ""tear"": 0.1027}","{""fold"": [""126.jpg"", ""123.jpg"", ""032.jpg""], ""stain"": [""134.jpg"", ""063.jpg"", ""096.jpg""]}","0","0","1","0","1","0","0","0","0","0","0","0","0","0","bd3b3594a0486be6a8e7a365bc70786c897eb4b6fd58577c53d2086422289657","2138259","png"
"1870","damaged_obvious_001155","damaged_obvious","1155","image-210","2000.png","damaged_obvious_001155.png","dataset_images/damaged_obvious/damaged_obvious_001155.png","91885d7a383da41e927c80a1185cad3013211a29fa3aec7efdcb8874e2db9d1a","1504","1232","outdoor_scene","RGB","existing_damage","train","real_damaged","托马斯·查尔德中国摄影集（Lothar Lehmann 藏）","","","","stain","1","texture_catalog_match_v1+source_attribute_v1","stain","{""crack"": 0.0245, ""dust"": 0.0432, ""fold"": 0.1258, ""missing_region"": 0.0548, ""mold"": 0.1116, ""scratch"": 0.0447, ""stain"": 0.1796, ""tear"": 0.1653}","{""stain"": [""134.jpg"", ""063.jpg"", ""074.jpg""]}","0","0","0","0","1","0","0","0","0","0","0","0","0","0","91885d7a383da41e927c80a1185cad3013211a29fa3aec7efdcb8874e2db9d1a","2375258","png"
"1871","damaged_obvious_001156","damaged_obvious","1156","image-211","2001.png","damaged_obvious_001156.png","dataset_images/damaged_obvious/damaged_obvious_001156.png","15a213b1ab22b6cc5c07c972b8cdf73f8e6aeb3c2de9369af55301bb17e7ebd4","1592","1159","outdoor_scene","RGB","existing_damage","validation","real_damaged","托马斯·查尔德中国摄影集（Lothar Lehmann 藏）","","","","blur","1","texture_catalog_match_v1+source_attribute_v1","","{""crack"": 0.0294, ""dust"": 0.0411, ""fold"": 0.0686, ""missing_region"": 0.0534, ""mold"": 0.0767, ""scratch"": 0.035, ""stain"": 0.0977, ""tear"": 0.1302}","{}","0","0","0","0","0","0","0","0","0","0","1","0","0","0","15a213b1ab22b6cc5c07c972b8cdf73f8e6aeb3c2de9369af55301bb17e7ebd4","1990270","png"
"1873","damaged_obvious_001157","damaged_obvious","1157","image-213","2003.png","damaged_obvious_001157.png","dataset_images/damaged_obvious/damaged_obvious_001157.png","8ec0c738a05bd139cf427bacb39ed2e6d10411dab34ec540684c7576c608577b","1233","1594","architecture","RGB","existing_damage","test","real_damaged","托马斯·查尔德中国摄影集（Lothar Lehmann 藏）","","","","blur","1","texture_catalog_match_v1+source_attribute_v1","","{""crack"": 0.0264, ""dust"": 0.0291, ""fold"": 0.0625, ""missing_region"": 0.0312, ""mold"": 0.0507, ""scratch"": 0.0268, ""stain"": 0.0558, ""tear"": 0.1557}","{}","0","0","0","0","0","0","0","0","0","0","1","0","0","0","8ec0c738a05bd139cf427bacb39ed2e6d10411dab34ec540684c7576c608577b","2441490","png"
"1874","damaged_obvious_001158","damaged_obvious","1158","image-214","2004.png","damaged_obvious_001158.png","dataset_images/damaged_obvious/damaged_obvious_001158.png","26310dfaabf59deaa8e65936051c1f68b1ee9494efd37aea88ec96b40c6de7d1","1488","1205","outdoor_scene","RGB","existing_damage","train","real_damaged","托马斯·查尔德中国摄影集（Lothar Lehmann 藏）","","","","fold","1","texture_catalog_match_v1+source_attribute_v1","fold","{""crack"": 0.026, ""dust"": 0.0418, ""fold"": 0.1449, ""missing_region"": 0.0447, ""mold"": 0.1184, ""scratch"": 0.0374, ""stain"": 0.1534, ""tear"": 0.1213}","{""fold"": [""126.jpg"", ""248.jpg"", ""032.jpg""]}","0","0","1","0","0","0","0","0","0","0","0","0","0","0","26310dfaabf59deaa8e65936051c1f68b1ee9494efd37aea88ec96b40c6de7d1","2447489","png"
"1876","damaged_obvious_001159","damaged_obvious","1159","image-216","2006.png","damaged_obvious_001159.png","dataset_images/damaged_obvious/damaged_obvious_001159.png","05c51a1b6f719ca9ed159cf9f3dbd0cf93c423e00f6f9a2a7f3276c74d226538","1405","1140","outdoor_scene","RGB","existing_damage","train","real_damaged","托马斯·查尔德中国摄影集（Lothar Lehmann 藏）","","","","fold","1","texture_catalog_match_v1+source_attribute_v1","fold","{""crack"": 0.029, ""dust"": 0.0459, ""fold"": 0.1416, ""missing_region"": 0.0473, ""mold"": 0.1517, ""scratch"": 0.0376, ""stain"": 0.1679, ""tear"": 0.1133}","{""fold"": [""032.jpg"", ""126.jpg"", ""175.jpg""]}","0","0","1","0","0","0","0","0","0","0","0","0","0","0","05c51a1b6f719ca9ed159cf9f3dbd0cf93c423e00f6f9a2a7f3276c74d226538","1710833","png"
"1877","damaged_obvious_001160","damaged_obvious","1160","image-217","2007.png","damaged_obvious_001160.png","dataset_images/damaged_obvious/damaged_obvious_001160.png","4a7f24913a278afbdb798d07046eb68ef25025546d6c950e36efe2951aeb6b80","1506","1147","outdoor_scene","RGB","existing_damage","train","real_damaged","托马斯·查尔德中国摄影集（Lothar Lehmann 藏）","","","","stain","1","texture_catalog_match_v1+source_attribute_v1","stain","{""crack"": 0.0233, ""dust"": 0.0441, ""fold"": 0.1264, ""missing_region"": 0.0803, ""mold"": 0.1481, ""scratch"": 0.037, ""stain"": 0.1931, ""tear"": 0.116}","{""stain"": [""074.jpg"", ""134.jpg"", ""063.jpg""]}","0","0","0","0","1","0","0","0","0","0","0","0","0","0","4a7f24913a278afbdb798d07046eb68ef25025546d6c950e36efe2951aeb6b80","2561000","png"
"1880","damaged_obvious_001161","damaged_obvious","1161","image-220","2010.png","damaged_obvious_001161.png","dataset_images/damaged_obvious/damaged_obvious_001161.png","9d40e0b1ad9a5419e7d5a83122a2ddf755dba72bb869cac699ca33d9964e11f4","1177","1442","architecture","RGB","existing_damage","train","real_damaged","托马斯·查尔德中国摄影集（Lothar Lehmann 藏）","","","","blur","1","texture_catalog_match_v1+source_attribute_v1","","{""crack"": 0.0233, ""dust"": 0.0249, ""fold"": 0.045, ""missing_region"": 0.026, ""mold"": 0.0412, ""scratch"": 0.0236, ""stain"": 0.0423, ""tear"": 0.0887}","{}","0","0","0","0","0","0","0","0","0","0","1","0","0","0","9d40e0b1ad9a5419e7d5a83122a2ddf755dba72bb869cac699ca33d9964e11f4","1963160","png"
"1885","damaged_obvious_001162","damaged_obvious","1162","image-225","2015.png","damaged_obvious_001162.png","dataset_images/damaged_obvious/damaged_obvious_001162.png","ff5a069393d4b981370cb9d8c305bc20e4d60a5e2cbab0443910210b94c0e0b6","1413","1162","architecture","RGB","existing_damage","train","real_damaged","托马斯·查尔德中国摄影集（Lothar Lehmann 藏）","","","","fold","1","texture_catalog_match_v1+source_attribute_v1","fold","{""crack"": 0.0142, ""dust"": 0.0288, ""fold"": 0.1652, ""missing_region"": 0.077, ""mold"": 0.1345, ""scratch"": 0.0372, ""stain"": 0.1277, ""tear"": 0.126}","{""fold"": [""123.jpg"", ""248.jpg"", ""242.jpg""]}","0","0","1","0","0","0","0","0","0","0","0","0","0","0","ff5a069393d4b981370cb9d8c305bc20e4d60a5e2cbab0443910210b94c0e0b6","2317005","png"
"1887","damaged_obvious_001163","damaged_obvious","1163","image-227","2017.png","damaged_obvious_001163.png","dataset_images/damaged_obvious/damaged_obvious_001163.png","b50a7ed450035e1ab54deb0b3c0171810f978eab1a3c1e3aee057b3bada067d2","1480","1121","outdoor_scene","RGB","existing_damage","train","real_damaged","托马斯·查尔德中国摄影集（Lothar Lehmann 藏）","","","","fading|blur","2","texture_catalog_match_v1+source_attribute_v1","","{""crack"": 0.0311, ""dust"": 0.0329, ""fold"": 0.0711, ""missing_region"": 0.0409, ""mold"": 0.0729, ""scratch"": 0.0324, ""stain"": 0.0823, ""tear"": 0.1074}","{}","0","0","0","0","0","0","0","0","1","0","1","0","0","0","b50a7ed450035e1ab54deb0b3c0171810f978eab1a3c1e3aee057b3bada067d2","2010704","png"
"1902","damaged_obvious_001164","damaged_obvious","1164","image-242","2032.png","damaged_obvious_001164.png","dataset_images/damaged_obvious/damaged_obvious_001164.png","69a26ab3872f5007c287fcda17bff6d41b611694a55932fe0237f0be4e5853be","1241","965","outdoor_scene","RGB","existing_damage","train","real_damaged","托马斯·查尔德中国摄影集（Lothar Lehmann 藏）","","","","fold","1","texture_catalog_match_v1+source_attribute_v1","fold","{""crack"": 0.0176, ""dust"": 0.0367, ""fold"": 0.1535, ""missing_region"": 0.0566, ""mold"": 0.1214, ""scratch"": 0.0379, ""stain"": 0.1248, ""tear"": 0.0901}","{""fold"": [""123.jpg"", ""032.jpg"", ""126.jpg""]}","0","0","1","0","0","0","0","0","0","0","0","0","0","0","69a26ab3872f5007c287fcda17bff6d41b611694a55932fe0237f0be4e5853be","1589327","png"
"1910","damaged_obvious_001165","damaged_obvious","1165","image-250","2040.png","damaged_obvious_001165.png","dataset_images/damaged_obvious/damaged_obvious_001165.png","dbbf52b9413b8630607f5c00577e901fce1aebe374e4311e6eff115c60878013","1627","1168","outdoor_scene","RGB","existing_damage","train","real_damaged","托马斯·查尔德中国摄影集（Lothar Lehmann 藏）","","","","blur","1","texture_catalog_match_v1+source_attribute_v1","","{""crack"": 0.0235, ""dust"": 0.0345, ""fold"": 0.0806, ""missing_region"": 0.0408, ""mold"": 0.0833, ""scratch"": 0.0253, ""stain"": 0.0879, ""tear"": 0.1089}","{}","0","0","0","0","0","0","0","0","0","0","1","0","0","0","dbbf52b9413b8630607f5c00577e901fce1aebe374e4311e6eff115c60878013","2182147","png"
"1913","damaged_obvious_001166","damaged_obvious","1166","image-253","2043.png","damaged_obvious_001166.png","dataset_images/damaged_obvious/damaged_obvious_001166.png","5b27867a7fc5144253fed9dea1b244e262fe6ae52326a9230e631fc1302eeaad","1650","1360","architecture","RGB","existing_damage","train","real_damaged","托马斯·查尔德中国摄影集（Lothar Lehmann 藏）","","","","fading|blur","2","texture_catalog_match_v1+source_attribute_v1","","{""crack"": 0.0344, ""dust"": 0.0341, ""fold"": 0.0802, ""missing_region"": 0.0312, ""mold"": 0.0634, ""scratch"": 0.0331, ""stain"": 0.0748, ""tear"": 0.0929}","{}","0","0","0","0","0","0","0","0","1","0","1","0","0","0","5b27867a7fc5144253fed9dea1b244e262fe6ae52326a9230e631fc1302eeaad","2779512","png"
"1914","damaged_obvious_001167","damaged_obvious","1167","image-254","2044.png","damaged_obvious_001167.png","dataset_images/damaged_obvious/damaged_obvious_001167.png","2fb98fcac3be94f5b83b0a759a1d0e14b2e802b3303a0d760156e92f26c969ff","1278","988","architecture","RGB","existing_damage","train","real_damaged","托马斯·查尔德中国摄影集（Lothar Lehmann 藏）","","","","fading|blur","2","texture_catalog_match_v1+source_attribute_v1","","{""crack"": 0.0309, ""dust"": 0.0328, ""fold"": 0.0633, ""missing_region"": 0.0309, ""mold"": 0.052, ""scratch"": 0.0348, ""stain"": 0.0731, ""tear"": 0.0872}","{}","0","0","0","0","0","0","0","0","1","0","1","0","0","0","2fb98fcac3be94f5b83b0a759a1d0e14b2e802b3303a0d760156e92f26c969ff","1572477","png"
"1915","damaged_obvious_001168","damaged_obvious","1168","image-255","2045.png","damaged_obvious_001168.png","dataset_images/damaged_obvious/damaged_obvious_001168.png","b86e2f0d351caee7c3dc9f9464d44bc89fc6c89bc41968d72fcd533946ef2c88","1495","1170","architecture","RGB","existing_damage","train","real_damaged","托马斯·查尔德中国摄影集（Lothar Lehmann 藏）","","","","blur","1","texture_catalog_match_v1+source_attribute_v1","","{""crack"": 0.0313, ""dust"": 0.0376, ""fold"": 0.1135, ""missing_region"": 0.0471, ""mold"": 0.0824, ""scratch"": 0.0332, ""stain"": 0.1308, ""tear"": 0.1066}","{}","0","0","0","0","0","0","0","0","0","0","1","0","0","0","b86e2f0d351caee7c3dc9f9464d44bc89fc6c89bc41968d72fcd533946ef2c88","2367524","png"
"1916","damaged_obvious_001169","damaged_obvious","1169","image-256","2046.png","damaged_obvious_001169.png","dataset_images/damaged_obvious/damaged_obvious_001169.png","ad647d3e8957855ed225cadc4c133f65099302b1c5a498c2ef0eaa52777091f6","1463","1110","architecture","RGB","existing_damage","train","real_damaged","托马斯·查尔德中国摄影集（Lothar Lehmann 藏）","","","","fold","1","texture_catalog_match_v1+source_attribute_v1","fold","{""crack"": 0.0272, ""dust"": 0.0357, ""fold"": 0.1741, ""missing_region"": 0.0744, ""mold"": 0.1122, ""scratch"": 0.0337, ""stain"": 0.1419, ""tear"": 0.0953}","{""fold"": [""032.jpg"", ""089.jpg"", ""123.jpg""]}","0","0","1","0","0","0","0","0","0","0","0","0","0","0","ad647d3e8957855ed225cadc4c133f65099302b1c5a498c2ef0eaa52777091f6","2227321","png"
"1920","damaged_obvious_001170","damaged_obvious","1170","image-260","2050.png","damaged_obvious_001170.png","dataset_images/damaged_obvious/damaged_obvious_001170.png","c0c45daa8405893d0e36881bb0dcce58ecdda1f0442df201b5d2dac639c5402d","1485","1110","outdoor_scene","RGB","existing_damage","train","real_damaged","托马斯·查尔德中国摄影集（Lothar Lehmann 藏）","","","","uneven_exposure","1","texture_catalog_match_v1+source_attribute_v1","","{""crack"": 0.0173, ""dust"": 0.0256, ""fold"": 0.0586, ""missing_region"": 0.0355, ""mold"": 0.0655, ""scratch"": 0.0199, ""stain"": 0.0895, ""tear"": 0.0948}","{}","0","0","0","0","0","0","0","0","0","0","0","0","0","1","c0c45daa8405893d0e36881bb0dcce58ecdda1f0442df201b5d2dac639c5402d","1859979","png"
"1922","damaged_obvious_001171","damaged_obvious","1171","image-262","2052.png","damaged_obvious_001171.png","dataset_images/damaged_obvious/damaged_obvious_001171.png","803e50f1eab8f2f4256098dcdd2dbfe04d01be189fb504a5b649c1d01dd5a7ac","1436","1087","outdoor_scene","RGB","existing_damage","train","real_damaged","托马斯·查尔德中国摄影集（Lothar Lehmann 藏）","","","","fold|uneven_exposure","2","texture_catalog_match_v1+source_attribute_v1","fold","{""crack"": 0.0134, ""dust"": 0.043, ""fold"": 0.1661, ""missing_region"": 0.0612, ""mold"": 0.1437, ""scratch"": 0.0347, ""stain"": 0.171, ""tear"": 0.0871}","{""fold"": [""123.jpg"", ""032.jpg"", ""126.jpg""]}","0","0","1","0","0","0","0","0","0","0","0","0","0","1","803e50f1eab8f2f4256098dcdd2dbfe04d01be189fb504a5b649c1d01dd5a7ac","2066971","png"
"1926","damaged_obvious_001172","damaged_obvious","1172","image-266","2056.png","damaged_obvious_001172.png","dataset_images/damaged_obvious/damaged_obvious_001172.png","11c69557e79fb925ab4d0b262745654e4a66e242814af83848ea3e45740cb315","1293","960","group_portrait","RGB","existing_damage","train","real_damaged","托马斯·查尔德中国摄影集（Lothar Lehmann 藏）","","","","blur","1","texture_catalog_match_v1+source_attribute_v1","","{""crack"": 0.0284, ""dust"": 0.0367, ""fold"": 0.0814, ""missing_region"": 0.0474, ""mold"": 0.1036, ""scratch"": 0.0386, ""stain"": 0.1359, ""tear"": 0.0964}","{}","0","0","0","0","0","0","0","0","0","0","1","0","0","0","11c69557e79fb925ab4d0b262745654e4a66e242814af83848ea3e45740cb315","1103847","png"
"1927","damaged_obvious_001173","damaged_obvious","1173","image-267","2057.png","damaged_obvious_001173.png","dataset_images/damaged_obvious/damaged_obvious_001173.png","4505d12dceb8ba4805d9919cfa57eefb19e975b19b2cb964f241caef058b9f21","1063","1345","single_portrait","RGB","existing_damage","train","real_damaged","托马斯·查尔德中国摄影集（Lothar Lehmann 藏）","","","","stain","1","texture_catalog_match_v1+source_attribute_v1","stain","{""crack"": 0.0201, ""dust"": 0.0348, ""fold"": 0.1278, ""missing_region"": 0.0461, ""mold"": 0.0845, ""scratch"": 0.0344, ""stain"": 0.187, ""tear"": 0.0837}","{""stain"": [""134.jpg"", ""096.jpg"", ""063.jpg""]}","0","0","0","0","1","0","0","0","0","0","0","0","0","0","4505d12dceb8ba4805d9919cfa57eefb19e975b19b2cb964f241caef058b9f21","1351039","png"
"1928","damaged_obvious_001174","damaged_obvious","1174","image-268","2058.png","damaged_obvious_001174.png","dataset_images/damaged_obvious/damaged_obvious_001174.png","154a3e6b73f63ccdae3fc6bae8339292ca7cd19628104f5b652d11f9cb08f15d","1475","1143","architecture","RGB","existing_damage","train","real_damaged","托马斯·查尔德中国摄影集（Lothar Lehmann 藏）","","","","fold","1","texture_catalog_match_v1+source_attribute_v1","fold","{""crack"": 0.018, ""dust"": 0.0416, ""fold"": 0.1545, ""missing_region"": 0.0685, ""mold"": 0.1702, ""scratch"": 0.0364, ""stain"": 0.1679, ""tear"": 0.123}","{""fold"": [""175.jpg"", ""032.jpg"", ""126.jpg""]}","0","0","1","0","0","0","0","0","0","0","0","0","0","0","154a3e6b73f63ccdae3fc6bae8339292ca7cd19628104f5b652d11f9cb08f15d","2362760","png"
"1929","damaged_obvious_001175","damaged_obvious","1175","image-269","2059.png","damaged_obvious_001175.png","dataset_images/damaged_obvious/damaged_obvious_001175.png","9b6aa556852ae105c7022d36bf60324373554e59c13a41837672262b8f39a186","1475","1139","outdoor_scene","RGB","existing_damage","train","real_damaged","托马斯·查尔德中国摄影集（Lothar Lehmann 藏）","","","","tear","1","texture_catalog_match_v1+source_attribute_v1","tear","{""crack"": 0.017, ""dust"": 0.0403, ""fold"": 0.1383, ""missing_region"": 0.062, ""mold"": 0.1568, ""scratch"": 0.0353, ""stain"": 0.1443, ""tear"": 0.2074}","{""tear"": [""191.jpg"", ""236.jpg"", ""158.jpg""]}","0","0","0","0","0","0","1","0","0","0","0","0","0","0","9b6aa556852ae105c7022d36bf60324373554e59c13a41837672262b8f39a186","2392719","png"
"1931","damaged_obvious_001176","damaged_obvious","1176","image-271","2061.png","damaged_obvious_001176.png","dataset_images/damaged_obvious/damaged_obvious_001176.png","d1c989e914e49ef5675ac0f6331f1e017dd3f95fdb990afc2fcd6bac0d038e7d","1421","1119","outdoor_scene","RGB","existing_damage","train","real_damaged","托马斯·查尔德中国摄影集（Lothar Lehmann 藏）","","","","uneven_exposure","1","texture_catalog_match_v1+source_attribute_v1","","{""crack"": 0.0229, ""dust"": 0.039, ""fold"": 0.1202, ""missing_region"": 0.0444, ""mold"": 0.1185, ""scratch"": 0.0373, ""stain"": 0.1372, ""tear"": 0.1765}","{}","0","0","0","0","0","0","0","0","0","0","0","0","0","1","d1c989e914e49ef5675ac0f6331f1e017dd3f95fdb990afc2fcd6bac0d038e7d","2361843","png"
"1934","damaged_obvious_001177","damaged_obvious","1177","image-274","2064.png","damaged_obvious_001177.png","dataset_images/damaged_obvious/damaged_obvious_001177.png","ff7d92b86ac5ec52907c2076ca808a84390292d382bd001a540707879f521e3d","1081","1391","architecture","RGB","existing_damage","train","real_damaged","托马斯·查尔德中国摄影集（Lothar Lehmann 藏）","","","","fold|stain|mold","3","texture_catalog_match_v1+source_attribute_v1","fold|mold|stain","{""crack"": 0.0114, ""dust"": 0.0393, ""fold"": 0.1765, ""missing_region"": 0.0983, ""mold"": 0.2082, ""scratch"": 0.0328, ""stain"": 0.1896, ""tear"": 0.1416}","{""fold"": [""123.jpg"", ""032.jpg"", ""126.jpg""], ""mold"": [""182.jpg"", ""008.jpg"", ""023.jpg""], ""stain"": [""134.jpg"", ""096.jpg"", ""063.jpg""]}","0","0","1","0","1","1","0","0","0","0","0","0","0","0","ff7d92b86ac5ec52907c2076ca808a84390292d382bd001a540707879f521e3d","2485967","png"
"1935","damaged_obvious_001178","damaged_obvious","1178","image-275","2065.png","damaged_obvious_001178.png","dataset_images/damaged_obvious/damaged_obvious_001178.png","f7af2adf3403b31386b8c6913ae2b3c2f3fbe346baea6b79575e237a34fe2c12","1354","990","other","RGB","existing_damage","train","real_damaged","托马斯·查尔德中国摄影集（Lothar Lehmann 藏）","","","","fold","1","texture_catalog_match_v1+source_attribute_v1","fold","{""crack"": 0.0179, ""dust"": 0.0318, ""fold"": 0.1465, ""missing_region"": 0.0687, ""mold"": 0.1462, ""scratch"": 0.0334, ""stain"": 0.1404, ""tear"": 0.1063}","{""fold"": [""032.jpg"", ""126.jpg"", ""248.jpg""]}","0","0","1","0","0","0","0","0","0","0","0","0","0","0","f7af2adf3403b31386b8c6913ae2b3c2f3fbe346baea6b79575e237a34fe2c12","1733548","png"
"1944","damaged_obvious_001179","damaged_obvious","1179","image-284","2074.png","damaged_obvious_001179.png","dataset_images/damaged_obvious/damaged_obvious_001179.png","a8c0cf486ca47eba62a4959b821d5221a0a0d3c5d20d1f965095bc01879e3c84","3551","1392","outdoor_scene","RGB","existing_damage","test","real_damaged","托马斯·查尔德中国摄影集（Lothar Lehmann 藏）","","","","uneven_exposure","1","texture_catalog_match_v1+source_attribute_v1","","{""crack"": 0.011, ""dust"": 0.0315, ""fold"": 0.0996, ""missing_region"": 0.0469, ""mold"": 0.0629, ""scratch"": 0.0279, ""stain"": 0.0724, ""tear"": 0.0641}","{}","0","0","0","0","0","0","0","0","0","0","0","0","0","1","a8c0cf486ca47eba62a4959b821d5221a0a0d3c5d20d1f965095bc01879e3c84","3456318","png"
"1945","damaged_obvious_001180","damaged_obvious","1180","image-285","2075.png","damaged_obvious_001180.png","dataset_images/damaged_obvious/damaged_obvious_001180.png","e2effeae35fc2d1245372061b9a5e0b0918d4b21dac5722920ca350a2aa3624c","1745","1324","group_portrait","RGB","existing_damage","train","real_damaged","托马斯·查尔德中国摄影集（Lothar Lehmann 藏）","","","","tear","1","texture_catalog_match_v1+source_attribute_v1","tear","{""crack"": 0.0134, ""dust"": 0.0246, ""fold"": 0.0914, ""missing_region"": 0.0717, ""mold"": 0.082, ""scratch"": 0.024, ""stain"": 0.1022, ""tear"": 0.2065}","{""tear"": [""191.jpg"", ""051.jpg"", ""128.jpg""]}","0","0","0","0","0","0","1","0","0","0","0","0","0","0","e2effeae35fc2d1245372061b9a5e0b0918d4b21dac5722920ca350a2aa3624c","3639613","png"
"1946","damaged_obvious_001181","damaged_obvious","1181","image-286","2076.png","damaged_obvious_001181.png","dataset_images/damaged_obvious/damaged_obvious_001181.png","53933e4bcde1572bd0b76d36c96488fe15b5db7d6a17810e4cb3e741bc33c95a","1666","1310","group_portrait","RGB","existing_damage","validation","real_damaged","托马斯·查尔德中国摄影集（Lothar Lehmann 藏）","","","","uneven_exposure","1","texture_catalog_match_v1+source_attribute_v1","","{""crack"": 0.0508, ""dust"": 0.062, ""fold"": 0.0607, ""missing_region"": 0.0474, ""mold"": 0.0672, ""scratch"": 0.0539, ""stain"": 0.0845, ""tear"": 0.0746}","{}","0","0","0","0","0","0","0","0","0","0","0","0","0","1","53933e4bcde1572bd0b76d36c96488fe15b5db7d6a17810e4cb3e741bc33c95a","2739502","png"
"1949","damaged_obvious_001182","damaged_obvious","1182","image-289","2079.png","damaged_obvious_001182.png","dataset_images/damaged_obvious/damaged_obvious_001182.png","ec7425c184c60b0afd552d8f24ba99e43aeefaeddfbe4b2b70ecc7f203bb7497","1695","1307","outdoor_scene","RGB","existing_damage","train","real_damaged","托马斯·查尔德中国摄影集（Lothar Lehmann 藏）","","","","noise","1","texture_catalog_match_v1+source_attribute_v1","","{""crack"": 0.0147, ""dust"": 0.0226, ""fold"": 0.0301, ""missing_region"": 0.0246, ""mold"": 0.0509, ""scratch"": 0.0202, ""stain"": 0.0714, ""tear"": 0.0484}","{}","0","0","0","0","0","0","0","0","0","0","0","1","0","0","ec7425c184c60b0afd552d8f24ba99e43aeefaeddfbe4b2b70ecc7f203bb7497","2718882","png"
"1952","damaged_obvious_001183","damaged_obvious","1183","image-292","2082.png","damaged_obvious_001183.png","dataset_images/damaged_obvious/damaged_obvious_001183.png","4971b31772c67ab8751f8b7308c06e0151091d72147e6ec13c989c81271a9af7","1534","1178","outdoor_scene","RGB","existing_damage","train","real_damaged","托马斯·查尔德中国摄影集（Lothar Lehmann 藏）","","","","fold","1","texture_catalog_match_v1+source_attribute_v1","fold","{""crack"": 0.0287, ""dust"": 0.0334, ""fold"": 0.1746, ""missing_region"": 0.0582, ""mold"": 0.1258, ""scratch"": 0.0327, ""stain"": 0.148, ""tear"": 0.0775}","{""fold"": [""126.jpg"", ""248.jpg"", ""032.jpg""]}","0","0","1","0","0","0","0","0","0","0","0","0","0","0","4971b31772c67ab8751f8b7308c06e0151091d72147e6ec13c989c81271a9af7","2329309","png"
"1953","damaged_obvious_001184","damaged_obvious","1184","image-293","2083.png","damaged_obvious_001184.png","dataset_images/damaged_obvious/damaged_obvious_001184.png","c29a959b5cb8d32d551c518ea705435ace9db7c4f4596d86e174e4595e0ee31f","1490","1150","architecture","RGB","existing_damage","train","real_damaged","托马斯·查尔德中国摄影集（Lothar Lehmann 藏）","","","","fold","1","texture_catalog_match_v1+source_attribute_v1","fold","{""crack"": 0.0289, ""dust"": 0.0482, ""fold"": 0.1671, ""missing_region"": 0.0495, ""mold"": 0.0839, ""scratch"": 0.0375, ""stain"": 0.1099, ""tear"": 0.1146}","{""fold"": [""032.jpg"", ""126.jpg"", ""173.jpg""]}","0","0","1","0","0","0","0","0","0","0","0","0","0","0","c29a959b5cb8d32d551c518ea705435ace9db7c4f4596d86e174e4595e0ee31f","3196666","png"
"1958","damaged_obvious_001185","damaged_obvious","1185","image-298","2088.png","damaged_obvious_001185.png","dataset_images/damaged_obvious/damaged_obvious_001185.png","95ff9661fd8bca281d7c8f2f9bde07518bde1b9e903fb76297bfbb10364dd739","1033","1259","indoor_scene","RGB","existing_damage","train","real_damaged","托马斯·查尔德中国摄影集（Lothar Lehmann 藏）","","","","noise","1","texture_catalog_match_v1+source_attribute_v1","","{""crack"": 0.0136, ""dust"": 0.0188, ""fold"": 0.0367, ""missing_region"": 0.0202, ""mold"": 0.0284, ""scratch"": 0.0192, ""stain"": 0.073, ""tear"": 0.0864}","{}","0","0","0","0","0","0","0","0","0","0","0","1","0","0","95ff9661fd8bca281d7c8f2f9bde07518bde1b9e903fb76297bfbb10364dd739","1854581","png"
"1960","damaged_obvious_001186","damaged_obvious","1186","image-300","2090.png","damaged_obvious_001186.png","dataset_images/damaged_obvious/damaged_obvious_001186.png","6df85fba3bb6322d96e945f76e38f3f22415a75c8113c396e5b208f2f318f51c","1668","1232","outdoor_scene","RGB","existing_damage","train","real_damaged","托马斯·查尔德中国摄影集（Lothar Lehmann 藏）","","","","noise","1","texture_catalog_match_v1+source_attribute_v1","","{""crack"": 0.0081, ""dust"": 0.0393, ""fold"": 0.1241, ""missing_region"": 0.072, ""mold"": 0.117, ""scratch"": 0.0344, ""stain"": 0.1317, ""tear"": 0.1248}","{}","0","0","0","0","0","0","0","0","0","0","0","1","0","0","6df85fba3bb6322d96e945f76e38f3f22415a75c8113c396e5b208f2f318f51c","3278280","png"
"1961","damaged_obvious_001187","damaged_obvious","1187","image-301","2091.png","damaged_obvious_001187.png","dataset_images/damaged_obvious/damaged_obvious_001187.png","a09abef1a509660df0746e5e5ead24be24fcbed142304ce637ad6453172b965f","1780","1278","outdoor_scene","RGB","existing_damage","train","real_damaged","托马斯·查尔德中国摄影集（Lothar Lehmann 藏）","","","","stain","1","texture_catalog_match_v1+source_attribute_v1","stain","{""crack"": 0.0201, ""dust"": 0.0381, ""fold"": 0.1388, ""missing_region"": 0.0966, ""mold"": 0.1453, ""scratch"": 0.033, ""stain"": 0.188, ""tear"": 0.1161}","{""stain"": [""134.jpg"", ""063.jpg"", ""096.jpg""]}","0","0","0","0","1","0","0","0","0","0","0","0","0","0","a09abef1a509660df0746e5e5ead24be24fcbed142304ce637ad6453172b965f","2950693","png"
"1962","damaged_obvious_001188","damaged_obvious","1188","image-302","2092.png","damaged_obvious_001188.png","dataset_images/damaged_obvious/damaged_obvious_001188.png","9f740c53e54b088fe0a8060b71bae6209fff48736e7aac29669621b6c0c806db","1000","1327","outdoor_scene","RGB","existing_damage","train","real_damaged","托马斯·查尔德中国摄影集（Lothar Lehmann 藏）","","","","fold|tear","2","texture_catalog_match_v1+source_attribute_v1","fold|tear","{""crack"": 0.0144, ""dust"": 0.0308, ""fold"": 0.1466, ""missing_region"": 0.0708, ""mold"": 0.1412, ""scratch"": 0.0351, ""stain"": 0.1315, ""tear"": 0.1959}","{""fold"": [""123.jpg"", ""032.jpg"", ""126.jpg""], ""tear"": [""191.jpg"", ""051.jpg"", ""184.jpg""]}","0","0","1","0","0","0","1","0","0","0","0","0","0","0","9f740c53e54b088fe0a8060b71bae6209fff48736e7aac29669621b6c0c806db","2026060","png"
"1963","damaged_obvious_001189","damaged_obvious","1189","image-303","2093.png","damaged_obvious_001189.png","dataset_images/damaged_obvious/damaged_obvious_001189.png","95cc45997b05dbb7719994be7e528b5a7d4f53bc4ad0542393d63d37da6d7a4c","1633","1191","outdoor_scene","RGB","existing_damage","train","real_damaged","托马斯·查尔德中国摄影集（Lothar Lehmann 藏）","","","","fold|stain","2","texture_catalog_match_v1+source_attribute_v1","fold|stain","{""crack"": 0.0249, ""dust"": 0.0437, ""fold"": 0.1825, ""missing_region"": 0.0778, ""mold"": 0.1533, ""scratch"": 0.0408, ""stain"": 0.26, ""tear"": 0.1728}","{""fold"": [""126.jpg"", ""032.jpg"", ""175.jpg""], ""stain"": [""134.jpg"", ""074.jpg"", ""063.jpg""]}","0","0","1","0","1","0","0","0","0","0","0","0","0","0","95cc45997b05dbb7719994be7e528b5a7d4f53bc4ad0542393d63d37da6d7a4c","3092519","png"
"1964","damaged_obvious_001190","damaged_obvious","1190","image-304","2094.png","damaged_obvious_001190.png","dataset_images/damaged_obvious/damaged_obvious_001190.png","66da9a4f911c35b66a3839055d06738856a0b9f1afe93626b317aded6431c3e8","1354","1116","outdoor_scene","RGB","existing_damage","train","real_damaged","托马斯·查尔德中国摄影集（Lothar Lehmann 藏）","","","","fold|stain","2","texture_catalog_match_v1+source_attribute_v1","fold|stain","{""crack"": 0.0127, ""dust"": 0.048, ""fold"": 0.2394, ""missing_region"": 0.0696, ""mold"": 0.1348, ""scratch"": 0.0342, ""stain"": 0.2152, ""tear"": 0.1007}","{""fold"": [""032.jpg"", ""089.jpg"", ""176.jpg""], ""stain"": [""134.jpg"", ""229.jpg"", ""063.jpg""]}","0","0","1","0","1","0","0","0","0","0","0","0","0","0","66da9a4f911c35b66a3839055d06738856a0b9f1afe93626b317aded6431c3e8","2603281","png"
"1968","damaged_obvious_001191","damaged_obvious","1191","image-308","2098.png","damaged_obvious_001191.png","dataset_images/damaged_obvious/damaged_obvious_001191.png","ef598d807beb356d4db6a66a4f3cdf360c2ab8e8a1effeccab71508bd9c69301","1488","1050","architecture","RGB","existing_damage","train","real_damaged","托马斯·查尔德中国摄影集（Lothar Lehmann 藏）","","","","noise","1","texture_catalog_match_v1+source_attribute_v1","","{""crack"": 0.0113, ""dust"": 0.0144, ""fold"": 0.0269, ""missing_region"": 0.029, ""mold"": 0.0436, ""scratch"": 0.0138, ""stain"": 0.0677, ""tear"": 0.0562}","{}","0","0","0","0","0","0","0","0","0","0","0","1","0","0","ef598d807beb356d4db6a66a4f3cdf360c2ab8e8a1effeccab71508bd9c69301","2089235","png"
"1971","damaged_obvious_001192","damaged_obvious","1192","image-311","2101.png","damaged_obvious_001192.png","dataset_images/damaged_obvious/damaged_obvious_001192.png","ca6f6b93851f4bfc7c141fd6e7e3c0d16aa4e4044973e9bc05164a2293f5a334","1764","1320","outdoor_scene","RGB","existing_damage","validation","real_damaged","托马斯·查尔德中国摄影集（Lothar Lehmann 藏）","","","","noise","1","texture_catalog_match_v1+source_attribute_v1","","{""crack"": 0.0042, ""dust"": 0.0237, ""fold"": 0.0708, ""missing_region"": 0.0573, ""mold"": 0.1164, ""scratch"": 0.032, ""stain"": 0.1093, ""tear"": 0.1116}","{}","0","0","0","0","0","0","0","0","0","0","0","1","0","0","ca6f6b93851f4bfc7c141fd6e7e3c0d16aa4e4044973e9bc05164a2293f5a334","3555101","png"
"1972","damaged_obvious_001193","damaged_obvious","1193","image-312","2102.png","damaged_obvious_001193.png","dataset_images/damaged_obvious/damaged_obvious_001193.png","bc9f7d9e32b5b7cc5e4e1b1d783527d4b026d0d11f57d30ac8e838d65083022c","1362","1106","outdoor_scene","RGB","existing_damage","train","real_damaged","托马斯·查尔德中国摄影集（Lothar Lehmann 藏）","","","","noise","1","texture_catalog_match_v1+source_attribute_v1","","{""crack"": 0.0024, ""dust"": 0.0201, ""fold"": 0.0497, ""missing_region"": 0.0636, ""mold"": 0.0652, ""scratch"": 0.0206, ""stain"": 0.1075, ""tear"": 0.1047}","{}","0","0","0","0","0","0","0","0","0","0","0","1","0","0","bc9f7d9e32b5b7cc5e4e1b1d783527d4b026d0d11f57d30ac8e838d65083022c","3074175","png"
"1975","damaged_obvious_001194","damaged_obvious","1194","image-315","2105.png","damaged_obvious_001194.png","dataset_images/damaged_obvious/damaged_obvious_001194.png","1617024c5ede4c385a6c5963fa931f26ed486d02d28fd6e7166d35b02de8b8ed","1714","1229","architecture","RGB","existing_damage","train","real_damaged","托马斯·查尔德中国摄影集（Lothar Lehmann 藏）","","","","scratch|crack|fold|dust|stain|mold|tear|missing_region","8","texture_catalog_match_v1+source_attribute_v1","crack|dust|fold|missing_region|mold|scratch|stain|tear","{""crack"": 0.2037, ""dust"": 0.2161, ""fold"": 0.2265, ""missing_region"": 0.1978, ""mold"": 0.2623, ""scratch"": 0.2499, ""stain"": 0.2509, ""tear"": 0.2159}","{""crack"": [""135.jpg"", ""116.jpg"", ""109.jpg""], ""dust"": [""086.jpg"", ""214.jpg"", ""050.jpg""], ""fold"": [""032.jpg"", ""176.jpg"", ""036.jpg""], ""missing_region"": [""201.jpg"", ""170.jpg"", ""051.jpg""], ""mold"": [""103.jpg"", ""234.jpg"", ""097.jpg""], ""scratch"": [""127.jpg"", ""031.jpg"", ""122.jpg""], ""stain"": [""148.jpg"", ""205.jpg"", ""104.jpg""], ""tear"": [""158.jpg"", ""236.jpg"", ""056.jpg""]}","1","1","1","1","1","1","1","1","0","0","0","0","0","0","1617024c5ede4c385a6c5963fa931f26ed486d02d28fd6e7166d35b02de8b8ed","3725908","png"
"1977","damaged_obvious_001195","damaged_obvious","1195","image-317","2107.png","damaged_obvious_001195.png","dataset_images/damaged_obvious/damaged_obvious_001195.png","0a6afed82579a56490d164c060e76bb53ccaef228ba486a0f34c710e39fd48c4","1615","1151","outdoor_scene","RGB","existing_damage","train","real_damaged","托马斯·查尔德中国摄影集（Lothar Lehmann 藏）","","","","fold|stain","2","texture_catalog_match_v1+source_attribute_v1","fold|stain","{""crack"": 0.026, ""dust"": 0.0524, ""fold"": 0.2675, ""missing_region"": 0.0693, ""mold"": 0.1422, ""scratch"": 0.0428, ""stain"": 0.2558, ""tear"": 0.1124}","{""fold"": [""126.jpg"", ""105.jpg"", ""131.jpg""], ""stain"": [""134.jpg"", ""063.jpg"", ""098.jpg""]}","0","0","1","0","1","0","0","0","0","0","0","0","0","0","0a6afed82579a56490d164c060e76bb53ccaef228ba486a0f34c710e39fd48c4","2703837","png"
"1978","damaged_obvious_001196","damaged_obvious","1196","image-318","2108.png","damaged_obvious_001196.png","dataset_images/damaged_obvious/damaged_obvious_001196.png","b226fcb81f6ee46c65f09cfd2e72539316bfb5a89f85c04346c3843e3dbe5598","1279","968","architecture","RGB","existing_damage","test","real_damaged","托马斯·查尔德中国摄影集（Lothar Lehmann 藏）","","","","fold","1","texture_catalog_match_v1+source_attribute_v1","fold","{""crack"": 0.0215, ""dust"": 0.0311, ""fold"": 0.1422, ""missing_region"": 0.0516, ""mold"": 0.085, ""scratch"": 0.032, ""stain"": 0.1367, ""tear"": 0.1223}","{""fold"": [""248.jpg"", ""126.jpg"", ""242.jpg""]}","0","0","1","0","0","0","0","0","0","0","0","0","0","0","b226fcb81f6ee46c65f09cfd2e72539316bfb5a89f85c04346c3843e3dbe5598","1386447","png"
"1979","damaged_obvious_001197","damaged_obvious","1197","image-319","2109.png","damaged_obvious_001197.png","dataset_images/damaged_obvious/damaged_obvious_001197.png","1797b003090cb2e2c8c79b8c33f33aa1a4fbd7e75fe9b862b1930c16490da218","1797","1305","outdoor_scene","RGB","existing_damage","train","real_damaged","托马斯·查尔德中国摄影集（Lothar Lehmann 藏）","","","","fold|uneven_exposure","2","texture_catalog_match_v1+source_attribute_v1","fold","{""crack"": 0.0289, ""dust"": 0.0396, ""fold"": 0.1468, ""missing_region"": 0.0448, ""mold"": 0.1333, ""scratch"": 0.0298, ""stain"": 0.1559, ""tear"": 0.0995}","{""fold"": [""126.jpg"", ""105.jpg"", ""059.jpg""]}","0","0","1","0","0","0","0","0","0","0","0","0","0","1","1797b003090cb2e2c8c79b8c33f33aa1a4fbd7e75fe9b862b1930c16490da218","2961068","png"
"1985","damaged_obvious_001198","damaged_obvious","1198","image-325","2115.png","damaged_obvious_001198.png","dataset_images/damaged_obvious/damaged_obvious_001198.png","b5ec0ca3a2e5081044b44e9e2eaa11da3878ef76030b603334c9dd7747f90c18","3333","1089","outdoor_scene","RGB","existing_damage","train","real_damaged","托马斯·查尔德中国摄影集（Lothar Lehmann 藏）","","","","missing_region","1","texture_catalog_match_v1+source_attribute_v1","missing_region","{""crack"": 0.0263, ""dust"": 0.0262, ""fold"": 0.0582, ""missing_region"": 0.1119, ""mold"": 0.1173, ""scratch"": 0.0282, ""stain"": 0.1556, ""tear"": 0.1119}","{""missing_region"": [""051.jpg"", ""170.jpg"", ""201.jpg""]}","0","0","0","0","0","0","0","1","0","0","0","0","0","0","b5ec0ca3a2e5081044b44e9e2eaa11da3878ef76030b603334c9dd7747f90c18","2829890","png"
"1987","damaged_obvious_001199","damaged_obvious","1199","image-327","2117.png","damaged_obvious_001199.png","dataset_images/damaged_obvious/damaged_obvious_001199.png","90972f513136fbd65c386719f6a8b2830323a6c2263e6ff921820893175da912","1778","1301","group_portrait","RGB","existing_damage","train","real_damaged","托马斯·查尔德中国摄影集（Lothar Lehmann 藏）","","","","stain","1","texture_catalog_match_v1+source_attribute_v1","stain","{""crack"": 0.0283, ""dust"": 0.029, ""fold"": 0.1211, ""missing_region"": 0.0862, ""mold"": 0.1313, ""scratch"": 0.0304, ""stain"": 0.1852, ""tear"": 0.1256}","{""stain"": [""134.jpg"", ""125.jpg"", ""063.jpg""]}","0","0","0","0","1","0","0","0","0","0","0","0","0","0","90972f513136fbd65c386719f6a8b2830323a6c2263e6ff921820893175da912","2909578","png"
"1988","damaged_obvious_001200","damaged_obvious","1200","image-328","2118.png","damaged_obvious_001200.png","dataset_images/damaged_obvious/damaged_obvious_001200.png","560688672f691d8b4bb814074a3f9a6854f9482613e098cd746629b35bca9900","1473","1055","group_portrait","RGB","existing_damage","train","real_damaged","托马斯·查尔德中国摄影集（Lothar Lehmann 藏）","","","","fold","1","texture_catalog_match_v1+source_attribute_v1","fold","{""crack"": 0.0136, ""dust"": 0.0399, ""fold"": 0.1586, ""missing_region"": 0.0697, ""mold"": 0.0955, ""scratch"": 0.0293, ""stain"": 0.1574, ""tear"": 0.1052}","{""fold"": [""032.jpg"", ""089.jpg"", ""175.jpg""]}","0","0","1","0","0","0","0","0","0","0","0","0","0","0","560688672f691d8b4bb814074a3f9a6854f9482613e098cd746629b35bca9900","1869276","png"
"1991","damaged_obvious_001201","damaged_obvious","1201","image-331","2121.png","damaged_obvious_001201.png","dataset_images/damaged_obvious/damaged_obvious_001201.png","095a211b5493a6c488747bdecaae1425f9b4bb7cc8092b82f57f0188a00e6a3a","1424","1108","architecture","RGB","existing_damage","validation","real_damaged","托马斯·查尔德中国摄影集（Lothar Lehmann 藏）","","","","fold","1","texture_catalog_match_v1+source_attribute_v1","fold","{""crack"": 0.0171, ""dust"": 0.0375, ""fold"": 0.2161, ""missing_region"": 0.0547, ""mold"": 0.1525, ""scratch"": 0.0366, ""stain"": 0.1591, ""tear"": 0.1237}","{""fold"": [""175.jpg"", ""126.jpg"", ""123.jpg""]}","0","0","1","0","0","0","0","0","0","0","0","0","0","0","095a211b5493a6c488747bdecaae1425f9b4bb7cc8092b82f57f0188a00e6a3a","1993410","png"
"1992","damaged_obvious_001202","damaged_obvious","1202","image-332","2122.png","damaged_obvious_001202.png","dataset_images/damaged_obvious/damaged_obvious_001202.png","e5c9b480a1bc94b6c9d1009338aaf4164c8a556fcc796117f7f1109344f4cc77","1529","1186","outdoor_scene","RGB","existing_damage","train","real_damaged","托马斯·查尔德中国摄影集（Lothar Lehmann 藏）","","","","noise","1","texture_catalog_match_v1+source_attribute_v1","","{""crack"": 0.0025, ""dust"": 0.014, ""fold"": 0.0321, ""missing_region"": 0.0435, ""mold"": 0.0763, ""scratch"": 0.0233, ""stain"": 0.1126, ""tear"": 0.0721}","{}","0","0","0","0","0","0","0","0","0","0","0","1","0","0","e5c9b480a1bc94b6c9d1009338aaf4164c8a556fcc796117f7f1109344f4cc77","3803410","png"
"1993","damaged_obvious_001203","damaged_obvious","1203","image-333","2123.png","damaged_obvious_001203.png","dataset_images/damaged_obvious/damaged_obvious_001203.png","6668b4d3d7ee9389ae588dd3ef62885173f6737d617451850ec843d7573deed2","1778","1318","architecture","RGB","existing_damage","train","real_damaged","托马斯·查尔德中国摄影集（Lothar Lehmann 藏）","","","","mold","1","texture_catalog_match_v1+source_attribute_v1","mold","{""crack"": 0.017, ""dust"": 0.0261, ""fold"": 0.0831, ""missing_region"": 0.0855, ""mold"": 0.1786, ""scratch"": 0.044, ""stain"": 0.1004, ""tear"": 0.1007}","{""mold"": [""182.jpg"", ""008.jpg"", ""121.jpg""]}","0","0","0","0","0","1","0","0","0","0","0","0","0","0","6668b4d3d7ee9389ae588dd3ef62885173f6737d617451850ec843d7573deed2","3077892","png"
"1995","damaged_obvious_001204","damaged_obvious","1204","image-335","2125.png","damaged_obvious_001204.png","dataset_images/damaged_obvious/damaged_obvious_001204.png","1a4544dae0b779bd3428d3d94dcaba5680312e405bbf025d072f801a8dec97fa","1806","1318","architecture","RGB","existing_damage","train","real_damaged","托马斯·查尔德中国摄影集（Lothar Lehmann 藏）","","","","noise","1","texture_catalog_match_v1+source_attribute_v1","","{""crack"": 0.0008, ""dust"": 0.0044, ""fold"": 0.0187, ""missing_region"": 0.0239, ""mold"": 0.027, ""scratch"": 0.0116, ""stain"": 0.0715, ""tear"": 0.0625}","{}","0","0","0","0","0","0","0","0","0","0","0","1","0","0","1a4544dae0b779bd3428d3d94dcaba5680312e405bbf025d072f801a8dec97fa","2050563","png"
"2000","damaged_obvious_001205","damaged_obvious","1205","image-340","2130.png","damaged_obvious_001205.png","dataset_images/damaged_obvious/damaged_obvious_001205.png","86aee6ff9414ec37a5fee8c590a7fa3d17438248f9dfe2d265f8a7db2aa8fd2b","1797","1351","architecture","RGB","existing_damage","validation","real_damaged","托马斯·查尔德中国摄影集（Lothar Lehmann 藏）","","","","fold|stain","2","texture_catalog_match_v1+source_attribute_v1","fold|stain","{""crack"": 0.0229, ""dust"": 0.0406, ""fold"": 0.1502, ""missing_region"": 0.0512, ""mold"": 0.1371, ""scratch"": 0.0352, ""stain"": 0.1831, ""tear"": 0.1612}","{""fold"": [""032.jpg"", ""126.jpg"", ""175.jpg""], ""stain"": [""134.jpg"", ""074.jpg"", ""063.jpg""]}","0","0","1","0","1","0","0","0","0","0","0","0","0","0","86aee6ff9414ec37a5fee8c590a7fa3d17438248f9dfe2d265f8a7db2aa8fd2b","3196400","png"
"2005","damaged_obvious_001206","damaged_obvious","1206","image-345","2135.png","damaged_obvious_001206.png","dataset_images/damaged_obvious/damaged_obvious_001206.png","21f6924a465377f6c37bd66a100c62febbbc281070464bab25e9e6576f2bc147","1670","1338","outdoor_scene","RGB","existing_damage","train","real_damaged","托马斯·查尔德中国摄影集（Lothar Lehmann 藏）","","","","fold","1","texture_catalog_match_v1+source_attribute_v1","fold","{""crack"": 0.0238, ""dust"": 0.0392, ""fold"": 0.1587, ""missing_region"": 0.0795, ""mold"": 0.1241, ""scratch"": 0.0326, ""stain"": 0.1131, ""tear"": 0.105}","{""fold"": [""032.jpg"", ""089.jpg"", ""175.jpg""]}","0","0","1","0","0","0","0","0","0","0","0","0","0","0","21f6924a465377f6c37bd66a100c62febbbc281070464bab25e9e6576f2bc147","2659870","png"
"2007","damaged_obvious_001207","damaged_obvious","1207","image-347","2137.png","damaged_obvious_001207.png","dataset_images/damaged_obvious/damaged_obvious_001207.png","a9ee2cd14250f9d2ec2717354726f9a03ec25995692c4b3ae75b42715f13d29d","1211","987","outdoor_scene","RGB","existing_damage","train","real_damaged","托马斯·查尔德中国摄影集（Lothar Lehmann 藏）","","","","noise","1","texture_catalog_match_v1+source_attribute_v1","","{""crack"": 0.0045, ""dust"": 0.0149, ""fold"": 0.0255, ""missing_region"": 0.0662, ""mold"": 0.0669, ""scratch"": 0.0229, ""stain"": 0.1185, ""tear"": 0.1334}","{}","0","0","0","0","0","0","0","0","0","0","0","1","0","0","a9ee2cd14250f9d2ec2717354726f9a03ec25995692c4b3ae75b42715f13d29d","1950964","png"
"2009","damaged_obvious_001208","damaged_obvious","1208","image-349","2139.png","damaged_obvious_001208.png","dataset_images/damaged_obvious/damaged_obvious_001208.png","cffc07c109521318126d9df19f258f9f24643223c46ad611e66d230e38b1c258","1392","1150","architecture","RGB","existing_damage","train","real_damaged","托马斯·查尔德中国摄影集（Lothar Lehmann 藏）","","","","noise","1","texture_catalog_match_v1+source_attribute_v1","","{""crack"": 0.0011, ""dust"": 0.0067, ""fold"": 0.0121, ""missing_region"": 0.0265, ""mold"": 0.0337, ""scratch"": 0.0096, ""stain"": 0.0599, ""tear"": 0.0459}","{}","0","0","0","0","0","0","0","0","0","0","0","1","0","0","cffc07c109521318126d9df19f258f9f24643223c46ad611e66d230e38b1c258","2098488","png"
"2013","damaged_obvious_001209","damaged_obvious","1209","image-353","2143.png","damaged_obvious_001209.png","dataset_images/damaged_obvious/damaged_obvious_001209.png","46c4753d470af93fbf27b61eab1eb5f6f4f72dfd6534ad78c83971b7f9aa29ea","1478","1188","group_portrait","RGB","existing_damage","train","real_damaged","托马斯·查尔德中国摄影集（Lothar Lehmann 藏）","","","","noise","1","texture_catalog_match_v1+source_attribute_v1","","{""crack"": 0.0087, ""dust"": 0.01, ""fold"": 0.0195, ""missing_region"": 0.0214, ""mold"": 0.0263, ""scratch"": 0.0132, ""stain"": 0.0967, ""tear"": 0.0454}","{}","0","0","0","0","0","0","0","0","0","0","0","1","0","0","46c4753d470af93fbf27b61eab1eb5f6f4f72dfd6534ad78c83971b7f9aa29ea","2301036","png"
"2015","damaged_obvious_001210","damaged_obvious","1210","image-355","2145.png","damaged_obvious_001210.png","dataset_images/damaged_obvious/damaged_obvious_001210.png","1a20c2f8c87af1cea57bcd9f6716b83ae4c3e9c7e4f4649febf6c526c702c0d8","1389","1118","group_portrait","RGB","existing_damage","train","real_damaged","托马斯·查尔德中国摄影集（Lothar Lehmann 藏）","","","","stain","1","texture_catalog_match_v1+source_attribute_v1","stain","{""crack"": 0.0267, ""dust"": 0.0403, ""fold"": 0.125, ""missing_region"": 0.0695, ""mold"": 0.129, ""scratch"": 0.0338, ""stain"": 0.2036, ""tear"": 0.1035}","{""stain"": [""134.jpg"", ""063.jpg"", ""137.jpg""]}","0","0","0","0","1","0","0","0","0","0","0","0","0","0","1a20c2f8c87af1cea57bcd9f6716b83ae4c3e9c7e4f4649febf6c526c702c0d8","1702869","png"
"2017","damaged_obvious_001211","damaged_obvious","1211","image-357","2147.png","damaged_obvious_001211.png","dataset_images/damaged_obvious/damaged_obvious_001211.png","fce7eadea895f3f0220828d396a41aa4b90aca3771c9fff597c1eb60dc3e27ad","1413","1008","outdoor_scene","RGB","existing_damage","train","real_damaged","托马斯·查尔德中国摄影集（Lothar Lehmann 藏）","","","","noise","1","texture_catalog_match_v1+source_attribute_v1","","{""crack"": 0.027, ""dust"": 0.0313, ""fold"": 0.0758, ""missing_region"": 0.029, ""mold"": 0.0484, ""scratch"": 0.0274, ""stain"": 0.0591, ""tear"": 0.079}","{}","0","0","0","0","0","0","0","0","0","0","0","1","0","0","fce7eadea895f3f0220828d396a41aa4b90aca3771c9fff597c1eb60dc3e27ad","1770683","png"
"2020","damaged_obvious_001212","damaged_obvious","1212","image-360","2150.png","damaged_obvious_001212.png","dataset_images/damaged_obvious/damaged_obvious_001212.png","b08ae9ecc9335443a46b6fca37eb8a9d3e7b181ae1e0af543584dbf98317339c","1437","1113","group_portrait","RGB","existing_damage","train","real_damaged","托马斯·查尔德中国摄影集（Lothar Lehmann 藏）","","","","noise|uneven_exposure","2","texture_catalog_match_v1+source_attribute_v1","","{""crack"": 0.0246, ""dust"": 0.0372, ""fold"": 0.0947, ""missing_region"": 0.0347, ""mold"": 0.0757, ""scratch"": 0.0353, ""stain"": 0.0956, ""tear"": 0.069}","{}","0","0","0","0","0","0","0","0","0","0","0","1","0","1","b08ae9ecc9335443a46b6fca37eb8a9d3e7b181ae1e0af543584dbf98317339c","2128910","png"
"2022","damaged_obvious_001213","damaged_obvious","1213","image-362","2152.png","damaged_obvious_001213.png","dataset_images/damaged_obvious/damaged_obvious_001213.png","a9d474b4eb5d44367d6bd1daa3c7a0a2ca6f3c42f7d2a4ba24811dd38d02890b","1363","994","architecture","RGB","existing_damage","train","real_damaged","托马斯·查尔德中国摄影集（Lothar Lehmann 藏）","","","","noise","1","texture_catalog_match_v1+source_attribute_v1","","{""crack"": 0.0024, ""dust"": 0.016, ""fold"": 0.0196, ""missing_region"": 0.0265, ""mold"": 0.0365, ""scratch"": 0.02, ""stain"": 0.0657, ""tear"": 0.0944}","{}","0","0","0","0","0","0","0","0","0","0","0","1","0","0","a9d474b4eb5d44367d6bd1daa3c7a0a2ca6f3c42f7d2a4ba24811dd38d02890b","2304653","png"
"2025","damaged_obvious_001214","damaged_obvious","1214","image-365","2155.png","damaged_obvious_001214.png","dataset_images/damaged_obvious/damaged_obvious_001214.png","fe561c933122ad56b7b83e3bcd784b626780c6a21f9cc42c2361084ba7e882af","1577","1311","outdoor_scene","RGB","existing_damage","train","real_damaged","托马斯·查尔德中国摄影集（Lothar Lehmann 藏）","","","","fold|uneven_exposure","2","texture_catalog_match_v1+source_attribute_v1","fold","{""crack"": 0.0268, ""dust"": 0.0482, ""fold"": 0.2574, ""missing_region"": 0.1005, ""mold"": 0.111, ""scratch"": 0.04, ""stain"": 0.1603, ""tear"": 0.1331}","{""fold"": [""105.jpg"", ""131.jpg"", ""032.jpg""]}","0","0","1","0","0","0","0","0","0","0","0","0","0","1","fe561c933122ad56b7b83e3bcd784b626780c6a21f9cc42c2361084ba7e882af","3216411","png"
"2028","damaged_obvious_001215","damaged_obvious","1215","image-368","2158.png","damaged_obvious_001215.png","dataset_images/damaged_obvious/damaged_obvious_001215.png","78043b2e0cfd38d2c750bcbc2c66d97bcd2f2805918ef52c12f52ad71a7445b6","1318","982","outdoor_scene","RGB","existing_damage","train","real_damaged","托马斯·查尔德中国摄影集（Lothar Lehmann 藏）","","","","noise","1","texture_catalog_match_v1+source_attribute_v1","","{""crack"": 0.0057, ""dust"": 0.0107, ""fold"": 0.0317, ""missing_region"": 0.0452, ""mold"": 0.0675, ""scratch"": 0.0151, ""stain"": 0.122, ""tear"": 0.077}","{}","0","0","0","0","0","0","0","0","0","0","0","1","0","0","78043b2e0cfd38d2c750bcbc2c66d97bcd2f2805918ef52c12f52ad71a7445b6","2511484","png"
"2029","damaged_obvious_001216","damaged_obvious","1216","image-369","2159.png","damaged_obvious_001216.png","dataset_images/damaged_obvious/damaged_obvious_001216.png","efed072f94c5712bc48d172bd28f1728a04d940fc8619bf17c58f29c86903bae","1462","1197","architecture","RGB","existing_damage","train","real_damaged","托马斯·查尔德中国摄影集（Lothar Lehmann 藏）","","","","fold|stain|mold","3","texture_catalog_match_v1+source_attribute_v1","fold|mold|stain","{""crack"": 0.0298, ""dust"": 0.045, ""fold"": 0.1926, ""missing_region"": 0.0836, ""mold"": 0.1754, ""scratch"": 0.0358, ""stain"": 0.2589, ""tear"": 0.1435}","{""fold"": [""032.jpg"", ""105.jpg"", ""126.jpg""], ""mold"": [""008.jpg"", ""182.jpg"", ""023.jpg""], ""stain"": [""134.jpg"", ""063.jpg"", ""229.jpg""]}","0","0","1","0","1","1","0","0","0","0","0","0","0","0","efed072f94c5712bc48d172bd28f1728a04d940fc8619bf17c58f29c86903bae","2321336","png"
"2030","damaged_obvious_001217","damaged_obvious","1217","image-370","2160.png","damaged_obvious_001217.png","dataset_images/damaged_obvious/damaged_obvious_001217.png","61b3439b0dc7294bfd2d0373b7a01b637abf0e0212b4019013f590d86d7c8b72","1262","1537","architecture","RGB","existing_damage","train","real_damaged","托马斯·查尔德中国摄影集（Lothar Lehmann 藏）","","","","noise","1","texture_catalog_match_v1+source_attribute_v1","","{""crack"": 0.0099, ""dust"": 0.0318, ""fold"": 0.0801, ""missing_region"": 0.0601, ""mold"": 0.0775, ""scratch"": 0.0286, ""stain"": 0.0804, ""tear"": 0.0926}","{}","0","0","0","0","0","0","0","0","0","0","0","1","0","0","61b3439b0dc7294bfd2d0373b7a01b637abf0e0212b4019013f590d86d7c8b72","3144394","png"
"2031","damaged_obvious_001218","damaged_obvious","1218","image-371","2161.png","damaged_obvious_001218.png","dataset_images/damaged_obvious/damaged_obvious_001218.png","0fa9ededcc4101068e0f9e9ea0d4f4d0bf9320593a255af1d468fe902cc93cb1","1408","1164","other","RGB","existing_damage","train","real_damaged","托马斯·查尔德中国摄影集（Lothar Lehmann 藏）","","","","noise","1","texture_catalog_match_v1+source_attribute_v1","","{""crack"": 0.0057, ""dust"": 0.0261, ""fold"": 0.058, ""missing_region"": 0.0595, ""mold"": 0.056, ""scratch"": 0.0211, ""stain"": 0.1269, ""tear"": 0.0816}","{}","0","0","0","0","0","0","0","0","0","0","0","1","0","0","0fa9ededcc4101068e0f9e9ea0d4f4d0bf9320593a255af1d468fe902cc93cb1","2160885","png"
"2036","damaged_obvious_001219","damaged_obvious","1219","image-376","2166.png","damaged_obvious_001219.png","dataset_images/damaged_obvious/damaged_obvious_001219.png","7fe3152d6ce3dacc9b5a7b2a669a4394f0dc4078e1d86c3e070fa1c08407cc99","1627","1340","architecture","RGB","existing_damage","train","real_damaged","托马斯·查尔德中国摄影集（Lothar Lehmann 藏）","","","","uneven_exposure","1","texture_catalog_match_v1+source_attribute_v1","","{""crack"": 0.0139, ""dust"": 0.0328, ""fold"": 0.0982, ""missing_region"": 0.0585, ""mold"": 0.1228, ""scratch"": 0.0329, ""stain"": 0.1147, ""tear"": 0.1124}","{}","0","0","0","0","0","0","0","0","0","0","0","0","0","1","7fe3152d6ce3dacc9b5a7b2a669a4394f0dc4078e1d86c3e070fa1c08407cc99","2973376","png"
"2043","damaged_obvious_001220","damaged_obvious","1220","image-383","2173.png","damaged_obvious_001220.png","dataset_images/damaged_obvious/damaged_obvious_001220.png","03f3b1e6b38ab5819f51ebbe2fbea28f3d1338835e0301286bbd42d7d4625822","1330","1029","architecture","RGB","existing_damage","test","real_damaged","托马斯·查尔德中国摄影集（Lothar Lehmann 藏）","","","","noise","1","texture_catalog_match_v1+source_attribute_v1","","{""crack"": 0.0165, ""dust"": 0.0226, ""fold"": 0.0518, ""missing_region"": 0.0224, ""mold"": 0.0429, ""scratch"": 0.0311, ""stain"": 0.0492, ""tear"": 0.0807}","{}","0","0","0","0","0","0","0","0","0","0","0","1","0","0","03f3b1e6b38ab5819f51ebbe2fbea28f3d1338835e0301286bbd42d7d4625822","1882385","png"
"2044","damaged_obvious_001221","damaged_obvious","1221","image-384","2174.png","damaged_obvious_001221.png","dataset_images/damaged_obvious/damaged_obvious_001221.png","8afd1f765b9aaaefc884353b25df8819e182b22906a73e2f00f784c77e27a24e","1676","1184","architecture","RGB","existing_damage","train","real_damaged","托马斯·查尔德中国摄影集（Lothar Lehmann 藏）","","","","noise","1","texture_catalog_match_v1+source_attribute_v1","","{""crack"": 0.0111, ""dust"": 0.0172, ""fold"": 0.0267, ""missing_region"": 0.0466, ""mold"": 0.0321, ""scratch"": 0.0157, ""stain"": 0.075, ""tear"": 0.0556}","{}","0","0","0","0","0","0","0","0","0","0","0","1","0","0","8afd1f765b9aaaefc884353b25df8819e182b22906a73e2f00f784c77e27a24e","3109278","png"
"2054","damaged_obvious_001222","damaged_obvious","1222","image-394","2184.png","damaged_obvious_001222.png","dataset_images/damaged_obvious/damaged_obvious_001222.png","55490a7c2397a26e08d8924104d19041c7a2f903cc6d51f9a62a49f7556e4f96","1797","1298","architecture","RGB","existing_damage","test","real_damaged","托马斯·查尔德中国摄影集（Lothar Lehmann 藏）","","","","noise","1","texture_catalog_match_v1+source_attribute_v1","","{""crack"": 0.0204, ""dust"": 0.0282, ""fold"": 0.0701, ""missing_region"": 0.06, ""mold"": 0.0792, ""scratch"": 0.0241, ""stain"": 0.0922, ""tear"": 0.1354}","{}","0","0","0","0","0","0","0","0","0","0","0","1","0","0","55490a7c2397a26e08d8924104d19041c7a2f903cc6d51f9a62a49f7556e4f96","3524945","png"
"2063","damaged_obvious_001223","damaged_obvious","1223","image-403","2193.png","damaged_obvious_001223.png","dataset_images/damaged_obvious/damaged_obvious_001223.png","e0f828b3c1d34d6fcafcb084c0eb820bc7c9f0f6537abb0df190c42e2fe4c82a","1362","1037","outdoor_scene","RGB","existing_damage","train","real_damaged","托马斯·查尔德中国摄影集（Lothar Lehmann 藏）","","","","fold|stain","2","texture_catalog_match_v1+source_attribute_v1","fold|stain","{""crack"": 0.0236, ""dust"": 0.0457, ""fold"": 0.3054, ""missing_region"": 0.091, ""mold"": 0.1478, ""scratch"": 0.0351, ""stain"": 0.19, ""tear"": 0.1489}","{""fold"": [""175.jpg"", ""032.jpg"", ""126.jpg""], ""stain"": [""134.jpg"", ""063.jpg"", ""096.jpg""]}","0","0","1","0","1","0","0","0","0","0","0","0","0","0","e0f828b3c1d34d6fcafcb084c0eb820bc7c9f0f6537abb0df190c42e2fe4c82a","1891445","png"
"2065","damaged_obvious_001224","damaged_obvious","1224","image-405","2195.png","damaged_obvious_001224.png","dataset_images/damaged_obvious/damaged_obvious_001224.png","7fd7a784c4dbdff606b1aaf7c1223e453a5598eacb41d8009c4da6b9ec195ebd","1193","963","architecture","RGB","existing_damage","train","real_damaged","托马斯·查尔德中国摄影集（Lothar Lehmann 藏）","","","","noise","1","texture_catalog_match_v1+source_attribute_v1","","{""crack"": 0.0036, ""dust"": 0.0132, ""fold"": 0.0516, ""missing_region"": 0.0539, ""mold"": 0.11, ""scratch"": 0.0332, ""stain"": 0.0668, ""tear"": 0.0753}","{}","0","0","0","0","0","0","0","0","0","0","0","1","0","0","7fd7a784c4dbdff606b1aaf7c1223e453a5598eacb41d8009c4da6b9ec195ebd","2067471","png"
"2067","damaged_obvious_001225","damaged_obvious","1225","image-407","2197.png","damaged_obvious_001225.png","dataset_images/damaged_obvious/damaged_obvious_001225.png","7369b4abbd544d060a7b19595131fa1aff6d927fd25f22e7a1b426f583ccf7e0","1308","966","architecture","RGB","existing_damage","train","real_damaged","托马斯·查尔德中国摄影集（Lothar Lehmann 藏）","","","","uneven_exposure","1","texture_catalog_match_v1+source_attribute_v1","","{""crack"": 0.0305, ""dust"": 0.0323, ""fold"": 0.0688, ""missing_region"": 0.07, ""mold"": 0.1328, ""scratch"": 0.0318, ""stain"": 0.1003, ""tear"": 0.0955}","{}","0","0","0","0","0","0","0","0","0","0","0","0","0","1","7369b4abbd544d060a7b19595131fa1aff6d927fd25f22e7a1b426f583ccf7e0","1711981","png"
"2069","damaged_obvious_001226","damaged_obvious","1226","image-409","2199.png","damaged_obvious_001226.png","dataset_images/damaged_obvious/damaged_obvious_001226.png","e625328d4297ed49f20b65a0ca4ddc52846844261344e0eeb12f4b57a23fe1c6","1545","1283","indoor_scene","RGB","existing_damage","train","real_damaged","托马斯·查尔德中国摄影集（Lothar Lehmann 藏）","","","","noise","1","texture_catalog_match_v1+source_attribute_v1","","{""crack"": 0.0026, ""dust"": 0.0084, ""fold"": 0.0209, ""missing_region"": 0.0323, ""mold"": 0.0326, ""scratch"": 0.0191, ""stain"": 0.0328, ""tear"": 0.0323}","{}","0","0","0","0","0","0","0","0","0","0","0","1","0","0","e625328d4297ed49f20b65a0ca4ddc52846844261344e0eeb12f4b57a23fe1c6","2603370","png"
"2070","damaged_obvious_001227","damaged_obvious","1227","image-410","2200.png","damaged_obvious_001227.png","dataset_images/damaged_obvious/damaged_obvious_001227.png","96ad2fc31dbca3d2f25d16f70d3f6ac43137131034b770fd098137f10b28c3a1","1784","1324","architecture","RGB","existing_damage","train","real_damaged","托马斯·查尔德中国摄影集（Lothar Lehmann 藏）","","","","fold","1","texture_catalog_match_v1+source_attribute_v1","fold","{""crack"": 0.0189, ""dust"": 0.0324, ""fold"": 0.1433, ""missing_region"": 0.0737, ""mold"": 0.1143, ""scratch"": 0.0332, ""stain"": 0.1532, ""tear"": 0.0881}","{""fold"": [""175.jpg"", ""032.jpg"", ""126.jpg""]}","0","0","1","0","0","0","0","0","0","0","0","0","0","0","96ad2fc31dbca3d2f25d16f70d3f6ac43137131034b770fd098137f10b28c3a1","3202829","png"
"2076","damaged_obvious_001228","damaged_obvious","1228","image-416","2206.png","damaged_obvious_001228.png","dataset_images/damaged_obvious/damaged_obvious_001228.png","0880f3fb8116918d1c78cc0274d8e4bfd003d2c025277811927f04fbdae0ba92","1799","1416","outdoor_scene","RGB","existing_damage","train","real_damaged","托马斯·查尔德中国摄影集（Lothar Lehmann 藏）","","","","fold|stain","2","texture_catalog_match_v1+source_attribute_v1","fold|stain","{""crack"": 0.0162, ""dust"": 0.0409, ""fold"": 0.1724, ""missing_region"": 0.0483, ""mold"": 0.1195, ""scratch"": 0.0319, ""stain"": 0.1869, ""tear"": 0.1675}","{""fold"": [""032.jpg"", ""175.jpg"", ""126.jpg""], ""stain"": [""134.jpg"", ""063.jpg"", ""074.jpg""]}","0","0","1","0","1","0","0","0","0","0","0","0","0","0","0880f3fb8116918d1c78cc0274d8e4bfd003d2c025277811927f04fbdae0ba92","3096685","png"
"2078","damaged_obvious_001229","damaged_obvious","1229","image-418","2208.png","damaged_obvious_001229.png","dataset_images/damaged_obvious/damaged_obvious_001229.png","776f612b76e94bd95b577a5af81034bc9613ded40162413f004b9e339c1ee678","1282","964","other","RGB","existing_damage","train","real_damaged","托马斯·查尔德中国摄影集（Lothar Lehmann 藏）","","","","noise","1","texture_catalog_match_v1+source_attribute_v1","","{""crack"": 0.0006, ""dust"": 0.0032, ""fold"": 0.014, ""missing_region"": 0.0302, ""mold"": 0.0311, ""scratch"": 0.0068, ""stain"": 0.0507, ""tear"": 0.1068}","{}","0","0","0","0","0","0","0","0","0","0","0","1","0","0","776f612b76e94bd95b577a5af81034bc9613ded40162413f004b9e339c1ee678","1679762","png"
"2079","damaged_obvious_001230","damaged_obvious","1230","image-419","2209.png","damaged_obvious_001230.png","dataset_images/damaged_obvious/damaged_obvious_001230.png","be03e4ac4a958c038b98c4c0dd1d9d176323d7a6bc65e300ebc1d0c5813de648","1209","993","outdoor_scene","RGB","existing_damage","test","real_damaged","托马斯·查尔德中国摄影集（Lothar Lehmann 藏）","","","","noise","1","texture_catalog_match_v1+source_attribute_v1","","{""crack"": 0.0135, ""dust"": 0.0405, ""fold"": 0.0944, ""missing_region"": 0.0419, ""mold"": 0.0756, ""scratch"": 0.0286, ""stain"": 0.1061, ""tear"": 0.0718}","{}","0","0","0","0","0","0","0","0","0","0","0","1","0","0","be03e4ac4a958c038b98c4c0dd1d9d176323d7a6bc65e300ebc1d0c5813de648","1662877","png"
"2081","damaged_obvious_001231","damaged_obvious","1231","image-421","2211.png","damaged_obvious_001231.png","dataset_images/damaged_obvious/damaged_obvious_001231.png","4ea6e4b2a285e2eab913676d023e4f1e09b92b56300a7487f7d1e48052417095","1286","987","outdoor_scene","RGB","existing_damage","train","real_damaged","托马斯·查尔德中国摄影集（Lothar Lehmann 藏）","","","","fold|stain","2","texture_catalog_match_v1+source_attribute_v1","fold|stain","{""crack"": 0.0269, ""dust"": 0.0407, ""fold"": 0.1489, ""missing_region"": 0.0496, ""mold"": 0.1706, ""scratch"": 0.032, ""stain"": 0.2014, ""tear"": 0.1046}","{""fold"": [""032.jpg"", ""176.jpg"", ""126.jpg""], ""stain"": [""074.jpg"", ""134.jpg"", ""063.jpg""]}","0","0","1","0","1","0","0","0","0","0","0","0","0","0","4ea6e4b2a285e2eab913676d023e4f1e09b92b56300a7487f7d1e48052417095","1320656","png"
"2082","damaged_obvious_001232","damaged_obvious","1232","image-422","2212.png","damaged_obvious_001232.png","dataset_images/damaged_obvious/damaged_obvious_001232.png","5a015b62c523affddc5d7616a9e81b1c1448d20186bb29ad6589cb2d923855ea","1767","1314","outdoor_scene","RGB","existing_damage","test","real_damaged","托马斯·查尔德中国摄影集（Lothar Lehmann 藏）","","","","fold","1","texture_catalog_match_v1+source_attribute_v1","fold","{""crack"": 0.0254, ""dust"": 0.0297, ""fold"": 0.1489, ""missing_region"": 0.0783, ""mold"": 0.1044, ""scratch"": 0.0404, ""stain"": 0.1336, ""tear"": 0.0923}","{""fold"": [""105.jpg"", ""123.jpg"", ""059.jpg""]}","0","0","1","0","0","0","0","0","0","0","0","0","0","0","5a015b62c523affddc5d7616a9e81b1c1448d20186bb29ad6589cb2d923855ea","2562580","png"
"2085","damaged_obvious_001233","damaged_obvious","1233","image-425","2215.png","damaged_obvious_001233.png","dataset_images/damaged_obvious/damaged_obvious_001233.png","8e07b78e0d2ebf637c102f28b914e41679a4241551ec0c3083da8748413b18cb","1040","1305","indoor_scene","RGB","existing_damage","validation","real_damaged","托马斯·查尔德中国摄影集（Lothar Lehmann 藏）","","","","uneven_exposure","1","texture_catalog_match_v1+source_attribute_v1","","{""crack"": 0.0211, ""dust"": 0.0357, ""fold"": 0.0735, ""missing_region"": 0.0948, ""mold"": 0.0733, ""scratch"": 0.0307, ""stain"": 0.0724, ""tear"": 0.1453}","{}","0","0","0","0","0","0","0","0","0","0","0","0","0","1","8e07b78e0d2ebf637c102f28b914e41679a4241551ec0c3083da8748413b18cb","1705575","png"
"2089","damaged_obvious_001234","damaged_obvious","1234","image-429","2219.png","damaged_obvious_001234.png","dataset_images/damaged_obvious/damaged_obvious_001234.png","2ea4e69f4b4de0cdeae13802437f6334ea045fe02f9f5eb16b509383804067bd","1662","1292","outdoor_scene","RGB","existing_damage","train","real_damaged","托马斯·查尔德中国摄影集（Lothar Lehmann 藏）","","","","stain|mold","2","texture_catalog_match_v1+source_attribute_v1","mold|stain","{""crack"": 0.0257, ""dust"": 0.0431, ""fold"": 0.1348, ""missing_region"": 0.0527, ""mold"": 0.1947, ""scratch"": 0.0365, ""stain"": 0.2342, ""tear"": 0.1475}","{""mold"": [""008.jpg"", ""182.jpg"", ""121.jpg""], ""stain"": [""074.jpg"", ""134.jpg"", ""063.jpg""]}","0","0","0","0","1","1","0","0","0","0","0","0","0","0","2ea4e69f4b4de0cdeae13802437f6334ea045fe02f9f5eb16b509383804067bd","2278728","png"
"2090","damaged_obvious_001235","damaged_obvious","1235","image-430","2220.png","damaged_obvious_001235.png","dataset_images/damaged_obvious/damaged_obvious_001235.png","f3f2a4804ffc776d1919c75971f311d00834ce05d4c52881d55d72a30816fa45","1815","1359","outdoor_scene","RGB","existing_damage","train","real_damaged","托马斯·查尔德中国摄影集（Lothar Lehmann 藏）","","","","blur","1","texture_catalog_match_v1+source_attribute_v1","","{""crack"": 0.0255, ""dust"": 0.0301, ""fold"": 0.037, ""missing_region"": 0.0284, ""mold"": 0.0282, ""scratch"": 0.0284, ""stain"": 0.0366, ""tear"": 0.0528}","{}","0","0","0","0","0","0","0","0","0","0","1","0","0","0","f3f2a4804ffc776d1919c75971f311d00834ce05d4c52881d55d72a30816fa45","2118725","png"
"2092","damaged_obvious_001236","damaged_obvious","1236","image-432","2222.png","damaged_obvious_001236.png","dataset_images/damaged_obvious/damaged_obvious_001236.png","ec43e1c0b751586084ea56a9ff79f7e16ac2d8a7e5c0fd10e7a006dd1ae2a9c0","1774","1317","outdoor_scene","RGB","existing_damage","train","real_damaged","托马斯·查尔德中国摄影集（Lothar Lehmann 藏）","","","","blur","1","texture_catalog_match_v1+source_attribute_v1","","{""crack"": 0.0261, ""dust"": 0.0273, ""fold"": 0.0541, ""missing_region"": 0.03, ""mold"": 0.0528, ""scratch"": 0.0267, ""stain"": 0.0662, ""tear"": 0.0647}","{}","0","0","0","0","0","0","0","0","0","0","1","0","0","0","ec43e1c0b751586084ea56a9ff79f7e16ac2d8a7e5c0fd10e7a006dd1ae2a9c0","2127117","png"
"2094","damaged_obvious_001237","damaged_obvious","1237","image-434","2224.png","damaged_obvious_001237.png","dataset_images/damaged_obvious/damaged_obvious_001237.png","03282d1f964f97664b68591a835207adaf6c2740b376454b76248271f0f0b623","1406","1137","outdoor_scene","RGB","existing_damage","train","real_damaged","托马斯·查尔德中国摄影集（Lothar Lehmann 藏）","","","","fold|tear","2","texture_catalog_match_v1+source_attribute_v1","fold|tear","{""crack"": 0.029, ""dust"": 0.0406, ""fold"": 0.1762, ""missing_region"": 0.068, ""mold"": 0.1492, ""scratch"": 0.0337, ""stain"": 0.1761, ""tear"": 0.2069}","{""fold"": [""126.jpg"", ""032.jpg"", ""059.jpg""], ""tear"": [""191.jpg"", ""128.jpg"", ""051.jpg""]}","0","0","1","0","0","0","1","0","0","0","0","0","0","0","03282d1f964f97664b68591a835207adaf6c2740b376454b76248271f0f0b623","1974058","png"
"2097","damaged_obvious_001238","damaged_obvious","1238","image-437","2227.png","damaged_obvious_001238.png","dataset_images/damaged_obvious/damaged_obvious_001238.png","810a61879d4e894001e853b15d14521ec085056bf400c0ef1e38d7eb5ef9785b","1595","1258","other","RGB","existing_damage","validation","real_damaged","托马斯·查尔德中国摄影集（Lothar Lehmann 藏）","","","","noise","1","texture_catalog_match_v1+source_attribute_v1","","{""crack"": 0.0123, ""dust"": 0.0254, ""fold"": 0.0307, ""missing_region"": 0.0663, ""mold"": 0.0801, ""scratch"": 0.0382, ""stain"": 0.0907, ""tear"": 0.0804}","{}","0","0","0","0","0","0","0","0","0","0","0","1","0","0","810a61879d4e894001e853b15d14521ec085056bf400c0ef1e38d7eb5ef9785b","2656732","png"
"2101","damaged_obvious_001239","damaged_obvious","1239","image-441","2231.png","damaged_obvious_001239.png","dataset_images/damaged_obvious/damaged_obvious_001239.png","6e35d743fa1ec53bbf321f0e5c9c5479a455ed808326eb60e0d86fec78207a21","1487","1212","group_portrait","RGB","existing_damage","train","real_damaged","托马斯·查尔德中国摄影集（Lothar Lehmann 藏）","","","","noise","1","texture_catalog_match_v1+source_attribute_v1","","{""crack"": 0.0066, ""dust"": 0.0169, ""fold"": 0.0342, ""missing_region"": 0.0447, ""mold"": 0.0597, ""scratch"": 0.0207, ""stain"": 0.0637, ""tear"": 0.0622}","{}","0","0","0","0","0","0","0","0","0","0","0","1","0","0","6e35d743fa1ec53bbf321f0e5c9c5479a455ed808326eb60e0d86fec78207a21","2612981","png"
